Predicted_Threat,Predicted_Damage
2,0.7412163615226746
2,0.49887487292289734
3,0.9892856478691101
1,0.5061895251274109
4,0.9859896898269653
5,0.9910334944725037
2,0.7412357926368713
2,0.49888312816619873
3,0.9893107414245605
1,0.506166934967041
4,0.986155092716217
5,0.9911301136016846
2,0.7412723898887634
2,0.49889060854911804
3,0.9893319606781006
1,0.5061280727386475
4,0.9863226413726807
5,0.991232693195343
2,0.7412904500961304
2,0.4988997280597687
3,0.9893562197685242
1,0.5061125755310059
4,0.9864804148674011
5,0.9913253784179688
2,0.7413444519042969
2,0.49890732765197754
3,0.9893808364868164
1,0.5060754418373108
4,0.9866392016410828
5,0.9914106130599976
2,0.7413617968559265
2,0.4989161789417267
3,0.9894030094146729
1,0.5060479044914246
4,0.9867929220199585
5,0.9914914965629578
2,0.7413907647132874
2,0.498923659324646
3,0.9894346594810486
1,0.5060232281684875
4,0.9869500994682312
5,0.9915749430656433
2,0.7414350509643555
2,0.49893274903297424
3,0.989459753036499
1,0.5059837698936462
4,0.9871011972427368
5,0.9916591048240662
2,0.7414737939834595
2,0.49894022941589355
3,0.9894846081733704
1,0.505957305431366
4,0.9872496724128723
5,0.9917377829551697
2,0.7414966821670532
2,0.49894845485687256
3,0.9895126223564148
1,0.5059252381324768
4,0.9873961806297302
5,0.9918171763420105
2,0.7415251731872559
2,0.49895748496055603
3,0.9895436763763428
1,0.5059128403663635
4,0.9875462651252747
5,0.9918973445892334
2,0.74156254529953
2,0.49896496534347534
3,0.9895692467689514
1,0.5058943629264832
4,0.9876922965049744
5,0.9919806718826294
2,0.7415960431098938
2,0.4989747703075409
3,0.9895987510681152
1,0.5058385729789734
4,0.987831175327301
5,0.9920634627342224
2,0.7416462302207947
2,0.4989824891090393
3,0.9896336793899536
1,0.5058056116104126
4,0.9879723191261292
5,0.9921457171440125
2,0.7416781187057495
2,0.4989919662475586
3,0.9896696209907532
1,0.5057908296585083
4,0.9881119728088379
5,0.9922301173210144
2,0.7417179942131042
2,0.498999685049057
3,0.9896977543830872
1,0.5057584643363953
4,0.9882523417472839
5,0.9923139214515686
2,0.7417461276054382
2,0.49900901317596436
3,0.9897303581237793
1,0.5057300329208374
4,0.9883865714073181
5,0.9924002885818481
2,0.7417779564857483
2,0.49901703000068665
3,0.9897668957710266
1,0.5057080984115601
4,0.9885177612304688
5,0.992496132850647
2,0.7418383359909058
2,0.499025821685791
3,0.9898013472557068
1,0.5056652426719666
4,0.9886428713798523
5,0.9925897121429443
2,0.7418718338012695
2,0.49903497099876404
3,0.9898430705070496
1,0.505618155002594
4,0.9887751340866089
5,0.9926826357841492
2,0.7419196963310242
2,0.49904510378837585
3,0.9898837208747864
1,0.5056039690971375
4,0.9889006614685059
5,0.99277663230896
2,0.7419434189796448
2,0.49905478954315186
3,0.9899207353591919
1,0.5055704116821289
4,0.9890256524085999
5,0.992867112159729
2,0.7419942617416382
2,0.49906525015830994
3,0.9899678230285645
1,0.5055480599403381
4,0.9891491532325745
5,0.9929617047309875
2,0.7420293688774109
2,0.4990755021572113
3,0.9900088310241699
1,0.5055081844329834
4,0.9892621636390686
5,0.9930534958839417
2,0.7420870065689087
2,0.49908530712127686
3,0.9900540113449097
1,0.5054588913917542
4,0.9893634915351868
5,0.9931423664093018
2,0.7421268224716187
2,0.4990940988063812
3,0.9901014566421509
1,0.5054351687431335
4,0.989463210105896
5,0.9932297468185425
2,0.7421755194664001
2,0.49910444021224976
3,0.9901506900787354
1,0.505389392375946
4,0.989563524723053
5,0.9933168888092041
2,0.7422037124633789
2,0.4991157352924347
3,0.990202784538269
1,0.5053730010986328
4,0.9896609783172607
5,0.9934038519859314
2,0.7422763705253601
2,0.4991258680820465
3,0.9902642965316772
1,0.5053417682647705
4,0.9897589683532715
5,0.9934892654418945
2,0.7422963380813599
2,0.49913662672042847
3,0.9903130531311035
1,0.5053425431251526
4,0.9898205995559692
5,0.9935738444328308
2,0.7423585653305054
2,0.49914613366127014
3,0.9903781414031982
1,0.505268394947052
4,0.9898238778114319
5,0.9936509728431702
2,0.7423933148384094
2,0.4991567134857178
3,0.9904318451881409
1,0.5052623152732849
4,0.9898195862770081
5,0.9937306642532349
2,0.7424495220184326
2,0.49916693568229675
3,0.9905012845993042
1,0.5051944255828857
4,0.9898221492767334
5,0.9938045740127563
2,0.7425039410591125
2,0.4991764426231384
3,0.9905701875686646
1,0.5051952600479126
4,0.989822268486023
5,0.9938785433769226
2,0.7425680756568909
2,0.4991875886917114
3,0.990629255771637
1,0.5051493048667908
4,0.9898203611373901
5,0.9939495325088501
2,0.7426150441169739
2,0.4991982877254486
3,0.9907070398330688
1,0.5051088929176331
4,0.9898209571838379
5,0.994020402431488
2,0.7426928877830505
2,0.49920839071273804
3,0.9907746911048889
1,0.505052387714386
4,0.9898215532302856
5,0.9940904974937439
2,0.7427271008491516
2,0.4992183744907379
3,0.9908637404441833
1,0.5050386190414429
4,0.989822506904602
5,0.9941575527191162
2,0.7428154349327087
2,0.4992291331291199
3,0.99094557762146
1,0.5050079226493835
4,0.9898210763931274
5,0.9942242503166199
2,0.7428769469261169
2,0.4992409646511078
3,0.9910398125648499
1,0.5049558877944946
4,0.9898235201835632
5,0.99428790807724
2,0.7429400086402893
2,0.49925023317337036
3,0.9910376071929932
1,0.5049390196800232
4,0.9898216724395752
5,0.9943501353263855
2,0.7430193424224854
2,0.4992618262767792
3,0.991044282913208
1,0.5048873424530029
4,0.989822506904602
5,0.9944097399711609
2,0.7430839538574219
2,0.4992717504501343
3,0.9910367727279663
1,0.5048436522483826
4,0.9898236393928528
5,0.9944698810577393
2,0.7431322932243347
2,0.49928155541419983
3,0.9910435676574707
1,0.5048161149024963
4,0.989819347858429
5,0.9945279955863953
2,0.7432292699813843
2,0.49929171800613403
3,0.9910440444946289
1,0.5047851800918579
4,0.9898216724395752
5,0.9945801496505737
2,0.7433089017868042
2,0.4993009865283966
3,0.9910433292388916
1,0.5047507286071777
4,0.9898204803466797
5,0.9946382641792297
2,0.7433840036392212
2,0.49931132793426514
3,0.9910440444946289
1,0.5047237277030945
4,0.9898213148117065
5,0.9946978092193604
2,0.7434407472610474
2,0.4993215501308441
3,0.9910404086112976
1,0.5046584010124207
4,0.9898234009742737
5,0.9947256445884705
2,0.743521511554718
2,0.4993303418159485
3,0.9910402894020081
1,0.5045997500419617
4,0.9898204803466797
5,0.9947256445884705
2,0.7436323165893555
2,0.4993397295475006
3,0.9910333752632141
1,0.5045716166496277
4,0.9898221492767334
5,0.9947252869606018
2,0.7436772584915161
2,0.4993487596511841
3,0.9910358190536499
1,0.5045382380485535
4,0.989823043346405
5,0.9947255253791809
2,0.7437960505485535
2,0.49935805797576904
3,0.9910334944725037
1,0.5044878125190735
4,0.9898207187652588
5,0.9947256445884705
2,0.743851363658905
2,0.4993668496608734
3,0.9910348057746887
1,0.5044609308242798
4,0.9898251891136169
5,0.9947249293327332
2,0.7439690828323364
2,0.4993763566017151
3,0.9910387396812439
1,0.5044238567352295
4,0.9898210763931274
5,0.9947255253791809
2,0.7440354824066162
2,0.49938568472862244
3,0.9910339713096619
1,0.5043432712554932
4,0.9898238778114319
5,0.9947262406349182
2,0.7441649436950684
2,0.4993950426578522
3,0.9910423755645752
1,0.5043121576309204
4,0.9898216724395752
5,0.9947248101234436
2,0.7442634701728821
2,0.4994044303894043
3,0.9910362958908081
1,0.5042948722839355
4,0.9898202419281006
5,0.9947262406349182
2,0.7443493008613586
2,0.4994133412837982
3,0.9910434484481812
1,0.5042315721511841
4,0.9898215532302856
5,0.9947264790534973
2,0.744472861289978
2,0.4994233250617981
3,0.991037130355835
1,0.504204511642456
4,0.9898203611373901
5,0.9947260022163391
2,0.7445530295372009
2,0.49943238496780396
3,0.9910387396812439
1,0.5041520595550537
4,0.9898199439048767
5,0.9947250485420227
2,0.7446658611297607
2,0.4994420111179352
3,0.9910354614257812
1,0.5041249394416809
4,0.9898231625556946
5,0.994724452495575
2,0.7447707653045654
2,0.49945104122161865
3,0.9910462498664856
1,0.5040607452392578
4,0.989823043346405
5,0.9947248101234436
2,0.7449133396148682
2,0.49946045875549316
3,0.9910383224487305
1,0.5039983987808228
4,0.9898238778114319
5,0.99472576379776
2,0.7450358867645264
2,0.49947085976600647
3,0.9910373687744141
1,0.5039700865745544
4,0.9898226261138916
5,0.994724690914154
2,0.7451882362365723
2,0.49948030710220337
3,0.9910378456115723
1,0.5039013028144836
4,0.9898214340209961
5,0.9947261214256287
2,0.7452676892280579
2,0.4994887709617615
3,0.9910349249839783
1,0.5038666725158691
4,0.9898228645324707
5,0.9947254061698914
2,0.745442271232605
2,0.49949899315834045
3,0.9910446405410767
1,0.5038513541221619
4,0.9898209571838379
5,0.9947251677513123
2,0.7455694675445557
2,0.4995081424713135
3,0.991041362285614
1,0.5037989616394043
4,0.9898223876953125
5,0.99472576379776
2,0.7457509636878967
2,0.4995182752609253
3,0.9910399317741394
1,0.5037579536437988
4,0.9898215532302856
5,0.9947252869606018
2,0.7458855509757996
2,0.4995281994342804
3,0.9910372495651245
1,0.5036696791648865
4,0.9898213148117065
5,0.99472576379776
2,0.7460473775863647
2,0.4995376467704773
3,0.991038978099823
1,0.5036554336547852
4,0.9898205995559692
5,0.9947252869606018
2,0.7462118864059448
2,0.49954646825790405
3,0.9910392165184021
1,0.5035809874534607
4,0.989820122718811
5,0.994724452495575
2,0.7461907863616943
2,0.4995563328266144
3,0.9910359382629395
1,0.503523588180542
4,0.9898223876953125
5,0.9947265982627869
2,0.7461806535720825
2,0.4995662271976471
3,0.991042971611023
1,0.5034710764884949
4,0.989822506904602
5,0.9947252869606018
2,0.746195375919342
2,0.4995763301849365
3,0.9910392165184021
1,0.5034180283546448
4,0.9898227453231812
5,0.994723916053772
2,0.7461909055709839
2,0.4995861053466797
3,0.9910344481468201
1,0.5033695101737976
4,0.9898219108581543
5,0.9947265982627869
2,0.7462039589881897
2,0.4995952546596527
3,0.9910392165184021
1,0.5033303499221802
4,0.9898189902305603
5,0.994723916053772
2,0.7462012767791748
2,0.49960455298423767
3,0.9910383224487305
1,0.5032668113708496
4,0.9898229837417603
5,0.9947254061698914
2,0.7462190985679626
2,0.4996153712272644
3,0.9910336136817932
1,0.5032110810279846
4,0.9898214340209961
5,0.9947239756584167
2,0.7461797595024109
2,0.49962398409843445
3,0.9910476803779602
1,0.503166675567627
4,0.989822268486023
5,0.9947264790534973
2,0.7462202310562134
2,0.49963417649269104
3,0.991038978099823
1,0.5031177997589111
4,0.989823043346405
5,0.9947262406349182
2,0.7462207078933716
2,0.4996437132358551
3,0.9910454154014587
1,0.5030888319015503
4,0.9898223876953125
5,0.9947265982627869
2,0.7462140917778015
2,0.499653697013855
3,0.9910382032394409
1,0.5030374526977539
4,0.9898221492767334
5,0.9947263598442078
2,0.7462215423583984
2,0.4996633529663086
3,0.9910404086112976
1,0.5029228329658508
4,0.989823043346405
5,0.9947239756584167
2,0.7461792826652527
2,0.49967291951179504
3,0.9910438060760498
1,0.5028867125511169
4,0.989825963973999
5,0.9947249293327332
2,0.7462146282196045
2,0.49968233704566956
3,0.9910286068916321
1,0.5028261542320251
4,0.9898227453231812
5,0.9947254061698914
2,0.7461817264556885
2,0.49969297647476196
3,0.9910330176353455
1,0.5027902722358704
4,0.9898200631141663
5,0.9947252869606018
2,0.7462076544761658
2,0.4997017979621887
3,0.9910395741462708
1,0.5026869177818298
4,0.989821195602417
5,0.9947248101234436
2,0.7462111711502075
2,0.49971193075180054
3,0.9910382032394409
1,0.5026305317878723
4,0.989822506904602
5,0.9947256445884705
2,0.7461997866630554
2,0.4997221529483795
3,0.991036057472229
1,0.5026037096977234
4,0.989822268486023
5,0.9947250485420227
2,0.7462071776390076
2,0.49973180890083313
3,0.9910374879837036
1,0.5025621652603149
4,0.9898234009742737
5,0.9947252869606018
2,0.7462191581726074
2,0.49974173307418823
3,0.991034209728241
1,0.5024810433387756
4,0.9898226261138916
5,0.9947269558906555
2,0.7462261915206909
2,0.4997507333755493
3,0.9910416007041931
1,0.5024107694625854
4,0.989820122718811
5,0.994724690914154
2,0.7462106347084045
2,0.49975961446762085
3,0.9910416007041931
1,0.5024008750915527
4,0.9898204803466797
5,0.9947243332862854
2,0.7462118864059448
2,0.49976813793182373
3,0.9910382032394409
1,0.5023189783096313
4,0.9898219108581543
5,0.9947252869606018
2,0.746222198009491
2,0.4997754395008087
3,0.9910388588905334
1,0.5022159218788147
4,0.989824116230011
5,0.9947245717048645
2,0.7462009787559509
2,0.49978384375572205
3,0.9910479187965393
1,0.5022067427635193
4,0.9898208379745483
5,0.9947262406349182
2,0.7462191581726074
2,0.4997920095920563
3,0.9910370111465454
1,0.5021443367004395
4,0.9898219108581543
5,0.9947256445884705
2,0.7461845874786377
2,0.49980053305625916
3,0.9910401701927185
1,0.5020835995674133
4,0.9898204803466797
5,0.99472576379776
2,0.7462025880813599
2,0.4998089671134949
3,0.991037130355835
1,0.5020096898078918
4,0.989822506904602
5,0.994724690914154
2,0.7462248802185059
2,0.4998170733451843
3,0.9910353422164917
1,0.5019249320030212
4,0.989820122718811
5,0.9947267174720764
2,0.7461948394775391
2,0.499824583530426
3,0.99103844165802
1,0.5018629431724548
4,0.989822268486023
5,0.9947263598442078
2,0.746173620223999
2,0.4998341202735901
3,0.9910441637039185
1,0.5017986297607422
4,0.9898226261138916
5,0.9947256445884705
2,0.7462273836135864
2,0.4998396635055542
3,0.9910473227500916
1,0.5017426609992981
4,0.9898213148117065
5,0.9947239756584167
2,0.7461866736412048
2,0.49984580278396606
3,0.9910416007041931
1,0.501666784286499
4,0.9898210763931274
5,0.994726836681366
2,0.7462171912193298
2,0.49985238909721375
3,0.9910395741462708
1,0.5015789866447449
4,0.9898208379745483
5,0.9947252869606018
2,0.7461906671524048
2,0.49985817074775696
3,0.9910416007041931
1,0.5015261173248291
4,0.9898245930671692
5,0.9947250485420227
2,0.7462203502655029
2,0.49986532330513
3,0.9910324215888977
1,0.5014472603797913
4,0.9898239970207214
5,0.994724452495575
2,0.7461724281311035
2,0.4998713433742523
3,0.9910332560539246
1,0.5013657808303833
4,0.9898204803466797
5,0.9947261214256287
2,0.7461990118026733
2,0.49987712502479553
3,0.9910387396812439
1,0.5013022422790527
4,0.9898208379745483
5,0.9947260022163391
2,0.7462132573127747
2,0.4998832046985626
3,0.9910345673561096
1,0.5012310147285461
4,0.9898207187652588
5,0.9947260022163391
2,0.7462035417556763
2,0.4998895823955536
3,0.9910440444946289
1,0.501155436038971
4,0.9898238778114319
5,0.994724452495575
2,0.7461842894554138
2,0.4998967945575714
3,0.9910406470298767
1,0.5010826587677002
4,0.9898228645324707
5,0.994723916053772
2,0.7462345957756042
2,0.49990370869636536
3,0.9910346865653992
1,0.5010178685188293
4,0.9898216724395752
5,0.9947255253791809
2,0.7461732625961304
2,0.49990347027778625
3,0.9910421371459961
1,0.500906765460968
4,0.9898213148117065
5,0.9947264790534973
2,0.7462226748466492
2,0.4999038875102997
3,0.9910430908203125
1,0.5008252263069153
4,0.9898199439048767
5,0.9947270750999451
2,0.7462074756622314
2,0.49990329146385193
3,0.991042971611023
1,0.5007829666137695
4,0.9898229837417603
5,0.9947251677513123
2,0.7462383508682251
2,0.49990347027778625
3,0.9910447597503662
1,0.5007031559944153
4,0.9898214340209961
5,0.9947276711463928
2,0.7462067008018494
2,0.4999036490917206
3,0.9910430908203125
1,0.5006546378135681
4,0.9898210763931274
5,0.994724452495575
2,0.7461909055709839
2,0.4999031126499176
3,0.9910382032394409
1,0.5005910396575928
4,0.9898219108581543
5,0.9947248101234436
2,0.7462124228477478
2,0.4999029338359833
3,0.9910462498664856
1,0.5005095601081848
4,0.9898214340209961
5,0.9947258830070496
2,0.7462257146835327
2,0.49990370869636536
3,0.9910358190536499
1,0.500453531742096
4,0.9898248314857483
5,0.9947249293327332
2,0.7462061047554016
2,0.49990347027778625
3,0.9910355806350708
1,0.5003926157951355
4,0.9898232817649841
5,0.9947249293327332
2,0.7461919784545898
2,0.49990370869636536
3,0.9910428524017334
1,0.500285804271698
4,0.9898221492767334
5,0.9947250485420227
2,0.7462208271026611
2,0.4999035894870758
3,0.9910362958908081
1,0.5002205967903137
4,0.9898247122764587
5,0.9947260022163391
2,0.7462003231048584
2,0.49990376830101013
3,0.9910314083099365
1,0.5001771450042725
4,0.9898205995559692
5,0.9947248101234436
2,0.7461944222450256
2,0.49990370869636536
3,0.9910398125648499
1,0.5000864863395691
4,0.9898221492767334
5,0.9947245717048645
2,0.7462007999420166
2,0.4999034106731415
3,0.9910317659378052
1,0.5000150203704834
4,0.9898200631141663
5,0.9947234392166138
2,0.7462118864059448
2,0.49990376830101013
3,0.9910435676574707
1,0.4999370574951172
4,0.9898199439048767
5,0.9947267174720764
2,0.7461878061294556
2,0.4999033510684967
3,0.991037130355835
1,0.4998752176761627
4,0.9898229837417603
5,0.9947254061698914
2,0.7461729645729065
2,0.4999035894870758
3,0.9910382032394409
1,0.4997655153274536
4,0.9898235201835632
5,0.9947261214256287
2,0.746220052242279
2,0.4999031722545624
3,0.9910412430763245
1,0.4996986389160156
4,0.9898207187652588
5,0.9947249293327332
2,0.7461866736412048
2,0.4999028742313385
3,0.991037130355835
1,0.4996212124824524
4,0.9898214340209961
5,0.9947256445884705
2,0.7462074756622314
2,0.4999034106731415
3,0.9910338521003723
1,0.4995630085468292
4,0.9898217916488647
5,0.9947251677513123
2,0.7461997866630554
2,0.49990323185920715
3,0.9910420179367065
1,0.49946245551109314
4,0.9898226261138916
5,0.9947256445884705
2,0.7461885213851929
2,0.49990323185920715
3,0.9910395741462708
1,0.4993848502635956
4,0.989822506904602
5,0.9947265982627869
2,0.7461991310119629
2,0.49990352988243103
3,0.9910439252853394
1,0.4993017017841339
4,0.989823043346405
5,0.9947250485420227
2,0.7462142705917358
2,0.49990400671958923
3,0.9910339713096619
1,0.49924999475479126
4,0.9898243546485901
5,0.9947262406349182
2,0.7462034225463867
2,0.49990323185920715
3,0.9910373687744141
1,0.49914565682411194
4,0.989822506904602
5,0.9947250485420227
2,0.7462171912193298
2,0.4999036490917206
3,0.9910414814949036
1,0.49906620383262634
4,0.989822268486023
5,0.9947236776351929
2,0.746200680732727
2,0.4999031126499176
3,0.9910407662391663
1,0.4990110397338867
4,0.9898219108581543
5,0.9947252869606018
2,0.7462183833122253
2,0.49990329146385193
3,0.9910332560539246
1,0.4988923966884613
4,0.9898234009742737
5,0.9947255253791809
2,0.7462059259414673
2,0.4999033510684967
3,0.991038978099823
1,0.49884533882141113
4,0.9898237586021423
5,0.9947255253791809
2,0.7462230324745178
2,0.4999031126499176
3,0.9910345673561096
1,0.49883678555488586
4,0.989823043346405
5,0.9947249293327332
2,0.7461747527122498
2,0.4999035894870758
3,0.9910365343093872
1,0.49882984161376953
4,0.9898214340209961
5,0.9947258830070496
2,0.7462149858474731
2,0.49990329146385193
3,0.9910455346107483
1,0.49883517622947693
4,0.9898234009742737
5,0.9947240948677063
2,0.7462223768234253
2,0.49990323185920715
3,0.9910325407981873
1,0.49882858991622925
4,0.9898208379745483
5,0.9947250485420227
2,0.7462062835693359
2,0.4999033510684967
3,0.9910359382629395
1,0.49882492423057556
4,0.9898229837417603
5,0.9947240948677063
2,0.7461987137794495
2,0.49990370869636536
3,0.9910376071929932
1,0.49882224202156067
4,0.9898231625556946
5,0.9947252869606018
2,0.7462088465690613
2,0.4999035894870758
3,0.9910352826118469
1,0.4988398253917694
4,0.9898232817649841
5,0.9947242140769958
2,0.7462056279182434
2,0.49990370869636536
3,0.9910350441932678
1,0.49886685609817505
4,0.9898221492767334
5,0.9947251677513123
2,0.7462137341499329
2,0.49990370869636536
3,0.9910362958908081
1,0.4988100826740265
4,0.9898205995559692
5,0.99472576379776
2,0.7462072968482971
2,0.4999031126499176
3,0.9910387396812439
1,0.49882829189300537
4,0.9898242354393005
5,0.9947260022163391
2,0.7462172508239746
2,0.49990400671958923
3,0.9910377264022827
1,0.49881061911582947
4,0.9898232817649841
5,0.9947260022163391
2,0.7462131977081299
2,0.4999031126499176
3,0.9910458922386169
1,0.4988284111022949
4,0.9898209571838379
5,0.994724452495575
2,0.7461974024772644
2,0.4999033510684967
3,0.9910406470298767
1,0.4988274574279785
4,0.9898203611373901
5,0.9947265982627869
2,0.7461989521980286
2,0.4999033510684967
3,0.9910414814949036
1,0.4988449811935425
4,0.9898205995559692
5,0.9947249293327332
2,0.7462285161018372
2,0.49990370869636536
3,0.9910365343093872
1,0.4988170266151428
4,0.9898228645324707
5,0.994724690914154
2,0.7462207674980164
2,0.49990323185920715
3,0.9910396933555603
1,0.4988411068916321
4,0.9898217916488647
5,0.9947251677513123
2,0.7461726069450378
2,0.49990394711494446
3,0.9910388588905334
1,0.49880677461624146
4,0.9898239970207214
5,0.9947267174720764
2,0.7461927533149719
2,0.49990352988243103
3,0.9910411238670349
1,0.4988449811935425
4,0.9898217916488647
5,0.9947248101234436
2,0.7461914420127869
2,0.49990376830101013
3,0.991042971611023
1,0.4988272488117218
4,0.9898247122764587
5,0.9947261214256287
2,0.7462170124053955
2,0.49990352988243103
3,0.9910380840301514
1,0.49883174896240234
4,0.9898208379745483
5,0.9947251677513123
2,0.7462015748023987
2,0.4999031722545624
3,0.9910420179367065
1,0.49882060289382935
4,0.9898197054862976
5,0.9947235584259033
2,0.7461892366409302
2,0.49990394711494446
3,0.9910394549369812
1,0.4988406300544739
4,0.9898189902305603
5,0.994724452495575
2,0.7461851835250854
2,0.49990352988243103
3,0.9910412430763245
1,0.498850017786026
4,0.9898220300674438
5,0.9947263598442078
2,0.7462281584739685
2,0.4999035894870758
3,0.9910436868667603
1,0.49882006645202637
4,0.9898231625556946
5,0.9947248101234436
2,0.7462109327316284
2,0.4999031126499176
3,0.9910308122634888
1,0.49881336092948914
4,0.9898221492767334
5,0.9947251677513123
2,0.7462071776390076
2,0.49990370869636536
3,0.9910414814949036
1,0.49884679913520813
4,0.9898237586021423
5,0.9947248101234436
2,0.7462180256843567
2,0.4999031722545624
3,0.9910433292388916
1,0.4988270103931427
4,0.9898219108581543
5,0.9947258830070496
2,0.7461935877799988
2,0.4999026954174042
3,0.9910416007041931
1,0.4988449215888977
4,0.9898234009742737
5,0.9947249293327332
2,0.7462217211723328
2,0.49990347027778625
3,0.991043210029602
1,0.49883410334587097
4,0.989821195602417
5,0.994724452495575
2,0.7462014555931091
2,0.4999031126499176
3,0.9910462498664856
1,0.4988228380680084
4,0.9898238778114319
5,0.9947255253791809
2,0.7462186217308044
2,0.49990347027778625
3,0.9910346865653992
1,0.4988243877887726
4,0.989823043346405
5,0.9947254061698914
2,0.7462019324302673
2,0.49990370869636536
3,0.9910372495651245
1,0.4988366663455963
4,0.989822506904602
5,0.9947254061698914
2,0.746211588382721
2,0.49990323185920715
3,0.9910473227500916
1,0.49884122610092163
4,0.9898203611373901
5,0.9947252869606018
2,0.7462217807769775
2,0.49990347027778625
3,0.9910318851470947
1,0.4988410472869873
4,0.989822268486023
5,0.9947254061698914
2,0.7461925148963928
2,0.49990323185920715
3,0.9910460114479065
1,0.49883684515953064
4,0.9898236393928528
5,0.9947263598442078
2,0.7462345957756042
2,0.4999034106731415
3,0.9910374879837036
1,0.4988406300544739
4,0.9898232817649841
5,0.9947252869606018
2,0.7462354898452759
2,0.4999035894870758
3,0.9910410046577454
1,0.49880683422088623
4,0.9898231625556946
5,0.9947270750999451
2,0.7462103962898254
2,0.499904066324234
3,0.9910406470298767
1,0.4988134801387787
4,0.989824116230011
5,0.9947239756584167
2,0.7462003231048584
2,0.49990329146385193
3,0.991047203540802
1,0.49886438250541687
4,0.9898214340209961
5,0.9947267174720764
2,0.7462477684020996
2,0.4999035894870758
3,0.9910382032394409
1,0.4988345205783844
4,0.9898205995559692
5,0.9947260022163391
2,0.7461939454078674
2,0.4999038279056549
3,0.9910411238670349
1,0.49884799122810364
4,0.9898223876953125
5,0.9947229623794556
2,0.7462074160575867
2,0.4999028742313385
3,0.9910434484481812
1,0.49885204434394836
4,0.989822506904602
5,0.9947260022163391
2,0.7462090849876404
2,0.4999035894870758
3,0.9910365343093872
1,0.49883684515953064
4,0.9898210763931274
5,0.9947252869606018
2,0.7462376356124878
2,0.4999035894870758
3,0.9910418391227722
1,0.49883031845092773
4,0.9898219108581543
5,0.9947242140769958
2,0.7462213039398193
2,0.4999035894870758
3,0.9910390973091125
1,0.4988281726837158
4,0.9898210763931274
5,0.9947242140769958
2,0.7462306022644043
2,0.4999033510684967
3,0.9910356998443604
1,0.4988488256931305
4,0.989822506904602
5,0.9947254061698914
2,0.7462071180343628
2,0.49990323185920715
3,0.9910339713096619
1,0.4988534450531006
4,0.9898219108581543
5,0.9947249293327332
2,0.7462278008460999
2,0.49990299344062805
3,0.9910401701927185
1,0.49880242347717285
4,0.9898231625556946
5,0.9947250485420227
2,0.7462123036384583
2,0.49990299344062805
3,0.9910364151000977
1,0.4988306760787964
4,0.989824116230011
5,0.9947250485420227
2,0.746196985244751
2,0.4999038279056549
3,0.9910401701927185
1,0.49883246421813965
4,0.9898221492767334
5,0.9947237968444824
2,0.7461995482444763
2,0.49990275502204895
3,0.9910451173782349
1,0.498839408159256
4,0.989822268486023
5,0.9947239756584167
2,0.7461768984794617
2,0.49990352988243103
3,0.991036057472229
1,0.4988134801387787
4,0.9898226261138916
5,0.9947254061698914
2,0.74615877866745
2,0.49990347027778625
3,0.9910404086112976
1,0.4988138973712921
4,0.9898235201835632
5,0.9947264790534973
2,0.7462100386619568
2,0.49990352988243103
3,0.991046130657196
1,0.4988303780555725
4,0.9898214340209961
5,0.9947255253791809
2,0.7462108135223389
2,0.49990323185920715
3,0.9910475611686707
1,0.4988442659378052
4,0.989821195602417
5,0.9947255253791809
2,0.7462174296379089
2,0.4999035894870758
3,0.9910411238670349
1,0.49880707263946533
4,0.9898228645324707
5,0.9947249293327332
2,0.7461869120597839
2,0.49990347027778625
3,0.9910401701927185
1,0.49881234765052795
4,0.989823043346405
5,0.9947264790534973
2,0.7462199330329895
2,0.49990299344062805
3,0.9910433292388916
1,0.4988275170326233
4,0.9898232817649841
5,0.9947263598442078
2,0.7462170720100403
2,0.499904066324234
3,0.9910404086112976
1,0.49881917238235474
4,0.9898220300674438
5,0.9947263598442078
2,0.7462100982666016
2,0.49990352988243103
3,0.9910336136817932
1,0.49881964921951294
4,0.989821195602417
5,0.9947248101234436
2,0.7462161183357239
2,0.49990370869636536
3,0.9910411238670349
1,0.4988061189651489
4,0.9898244738578796
5,0.9947256445884705
2,0.7462126612663269
2,0.49990347027778625
3,0.9910412430763245
1,0.49882829189300537
4,0.9898253083229065
5,0.9947251677513123
2,0.7462053894996643
2,0.49990347027778625
3,0.991037130355835
1,0.4988090693950653
4,0.9898249506950378
5,0.9947261214256287
2,0.7462257146835327
2,0.4999031126499176
3,0.9910362958908081
1,0.4988693594932556
4,0.9898205995559692
5,0.994723916053772
2,0.7462390065193176
2,0.4999038279056549
3,0.991037130355835
1,0.49883025884628296
4,0.9898200631141663
5,0.994724690914154
2,0.7461895942687988
2,0.49990370869636536
3,0.9910373687744141
1,0.498843789100647
4,0.9898236393928528
5,0.9947250485420227
2,0.7462284564971924
2,0.4999033510684967
3,0.9910416007041931
1,0.4988233149051666
4,0.9898244738578796
5,0.9947260022163391
2,0.7462019920349121
2,0.49990347027778625
3,0.9910417199134827
1,0.49887803196907043
4,0.9898229837417603
5,0.9947262406349182
2,0.7462108135223389
2,0.49990347027778625
3,0.9910344481468201
1,0.49882757663726807
4,0.9898221492767334
5,0.9947260022163391
2,0.74619460105896
2,0.4999031722545624
3,0.9910424947738647
1,0.4988241493701935
4,0.9898220300674438
5,0.9947262406349182
2,0.7461990118026733
2,0.49990323185920715
3,0.9910449981689453
1,0.4988415241241455
4,0.9898213148117065
5,0.9947255253791809
2,0.7462107539176941
2,0.49990347027778625
3,0.9910408854484558
1,0.4988415837287903
4,0.9898220300674438
5,0.9947248101234436
2,0.746182918548584
2,0.4999036490917206
3,0.9910366535186768
1,0.4988493025302887
4,0.989821195602417
5,0.9947254061698914
2,0.7461822628974915
2,0.49990376830101013
3,0.9910379648208618
1,0.4988306760787964
4,0.9898236393928528
5,0.9947254061698914
2,0.7462231516838074
2,0.49990299344062805
3,0.9910348057746887
1,0.49882128834724426
4,0.9898226261138916
5,0.9947252869606018
2,0.7462064623832703
2,0.4999038279056549
3,0.9910402894020081
1,0.49883803725242615
4,0.9898239970207214
5,0.994724452495575
2,0.7461757659912109
2,0.4999031126499176
3,0.9910421371459961
1,0.4988206624984741
4,0.9898223876953125
5,0.994723916053772
2,0.7461919784545898
2,0.49990370869636536
3,0.9910355806350708
1,0.4988354742527008
4,0.9898199439048767
5,0.9947251677513123
2,0.7461977005004883
2,0.49990299344062805
3,0.9910370111465454
1,0.4988262951374054
4,0.9898219108581543
5,0.99472576379776
2,0.7462235689163208
2,0.49990347027778625
3,0.9910451173782349
1,0.49881917238235474
4,0.989822268486023
5,0.99472576379776
2,0.7462138533592224
2,0.49990347027778625
3,0.9910426139831543
1,0.49886342883110046
4,0.9898210763931274
5,0.9947275519371033
2,0.7461744546890259
2,0.4999034106731415
3,0.9910385608673096
1,0.4988483488559723
4,0.989824116230011
5,0.9947262406349182
2,0.7461942434310913
2,0.49990323185920715
3,0.9910364151000977
1,0.4988214075565338
4,0.9898232817649841
5,0.9947250485420227
2,0.7461952567100525
2,0.4999033510684967
3,0.9910380840301514
1,0.4988116919994354
4,0.9898223876953125
5,0.994724452495575
2,0.7462120056152344
2,0.4999034106731415
3,0.9910408854484558
1,0.4988248646259308
4,0.9898232817649841
5,0.9947274327278137
2,0.7461954355239868
2,0.4999036490917206
3,0.9910520911216736
1,0.4988306760787964
4,0.9898215532302856
5,0.9947239756584167
2,0.7461966276168823
2,0.49990347027778625
3,0.9910378456115723
1,0.49884894490242004
4,0.9898209571838379
5,0.9947252869606018
2,0.7462289929389954
2,0.4999043643474579
3,0.9910362958908081
1,0.4988301396369934
4,0.9898219108581543
5,0.9947251677513123
2,0.746185839176178
2,0.49990347027778625
3,0.9910315275192261
1,0.4988369643688202
4,0.9898226261138916
5,0.9947255253791809
2,0.7462020516395569
2,0.49990329146385193
3,0.9910396933555603
1,0.4988449215888977
4,0.989821195602417
5,0.9947265982627869
2,0.7461875081062317
2,0.49990347027778625
3,0.9910376071929932
1,0.4988403916358948
4,0.989824116230011
5,0.9947254061698914
2,0.7462018132209778
2,0.49990370869636536
3,0.9910418391227722
1,0.4988584518432617
4,0.9898198246955872
5,0.9947242140769958
2,0.7461989521980286
2,0.49990347027778625
3,0.9910454154014587
1,0.4988507330417633
4,0.989824116230011
5,0.9947256445884705
2,0.7462290525436401
2,0.49990370869636536
3,0.9910372495651245
1,0.49883317947387695
4,0.9898217916488647
5,0.9947245717048645
2,0.7462069392204285
2,0.4999035894870758
3,0.9910377264022827
1,0.49883174896240234
4,0.9898235201835632
5,0.9947258830070496
2,0.7462027072906494
2,0.4999035894870758
3,0.9910379648208618
1,0.498806357383728
4,0.9898205995559692
5,0.9947258830070496
2,0.7461980581283569
2,0.4999035894870758
3,0.9910394549369812
1,0.4988112151622772
4,0.9898214340209961
5,0.9947235584259033
2,0.7461883425712585
2,0.49990323185920715
3,0.9910407662391663
1,0.4988080859184265
4,0.9898204803466797
5,0.9947260022163391
2,0.7462162375450134
2,0.4999031126499176
3,0.9910374879837036
1,0.49884679913520813
4,0.989820122718811
5,0.9947254061698914
2,0.7462140917778015
2,0.4999031126499176
3,0.9910348057746887
1,0.4988536834716797
4,0.9898234009742737
5,0.9947261214256287
2,0.7462015748023987
2,0.49990370869636536
3,0.9910395741462708
1,0.49885720014572144
4,0.9898228645324707
5,0.994724452495575
2,0.7462016344070435
2,0.49990370869636536
3,0.9910455346107483
1,0.4988586902618408
4,0.989824116230011
5,0.9947256445884705
2,0.7461804151535034
2,0.499904066324234
3,0.9910408854484558
1,0.4988134801387787
4,0.9898221492767334
5,0.9947235584259033
2,0.746197521686554
2,0.4999035894870758
3,0.9910408854484558
1,0.4988436698913574
4,0.9898226261138916
5,0.994724690914154
2,0.7462286353111267
2,0.4999038279056549
3,0.9910393357276917
1,0.4988350570201874
4,0.9898232817649841
5,0.994726836681366
2,0.746212899684906
2,0.49990376830101013
3,0.9910422563552856
1,0.49880996346473694
4,0.9898215532302856
5,0.9947248101234436
2,0.746197521686554
2,0.4999029338359833
3,0.9910408854484558
1,0.4988493025302887
4,0.9898227453231812
5,0.99472576379776
2,0.7462177276611328
2,0.49990347027778625
3,0.991043210029602
1,0.49884283542633057
4,0.9898228645324707
5,0.9947243332862854
2,0.7462056279182434
2,0.49990394711494446
3,0.9910387396812439
1,0.49883756041526794
4,0.989822268486023
5,0.9947261214256287
2,0.7462164163589478
2,0.49990329146385193
3,0.9910434484481812
1,0.4988260567188263
4,0.9898217916488647
5,0.9947252869606018
2,0.7461934685707092
2,0.4999035894870758
3,0.991033136844635
1,0.4988130033016205
4,0.9898227453231812
5,0.9947245717048645
2,0.7462132573127747
2,0.49990323185920715
3,0.9910390973091125
1,0.49883928894996643
4,0.9898220300674438
5,0.9947264790534973
2,0.7461903095245361
2,0.49990418553352356
3,0.9910438060760498
1,0.49882012605667114
4,0.9898257851600647
5,0.9947258830070496
2,0.7462360858917236
2,0.49990370869636536
3,0.9910355806350708
1,0.4988532066345215
4,0.9898231625556946
5,0.9947248101234436
2,0.7461836934089661
2,0.4999034106731415
3,0.9910387396812439
1,0.4988210201263428
4,0.9898214340209961
5,0.9947255253791809
2,0.7461980581283569
2,0.4999034106731415
3,0.9910351634025574
1,0.49884533882141113
4,0.9898205995559692
5,0.9947248101234436
2,0.7462080121040344
2,0.4999038279056549
3,0.9910467267036438
1,0.4988301992416382
4,0.9898216724395752
5,0.9947261214256287
2,0.7462185025215149
2,0.4999035894870758
3,0.9910440444946289
1,0.4988190531730652
4,0.9898219108581543
5,0.9947260022163391
2,0.7461996674537659
2,0.4999034106731415
3,0.9910426139831543
1,0.4988114535808563
4,0.9898217916488647
5,0.9947256445884705
2,0.7462087869644165
2,0.49990347027778625
3,0.9910370111465454
1,0.4988348186016083
4,0.9898220300674438
5,0.9947260022163391
2,0.746182918548584
2,0.4999035894870758
3,0.9910366535186768
1,0.4988429546356201
4,0.9898229837417603
5,0.9947255253791809
2,0.746206521987915
2,0.4999031722545624
3,0.9910412430763245
1,0.49882474541664124
4,0.9898205995559692
5,0.9947254061698914
2,0.7462307810783386
2,0.49990299344062805
3,0.9910388588905334
1,0.49882104992866516
4,0.9898232817649841
5,0.9947254061698914
2,0.7462226748466492
2,0.4999038875102997
3,0.9910406470298767
1,0.49881869554519653
4,0.9898227453231812
5,0.9947245717048645
2,0.7461875081062317
2,0.49990376830101013
3,0.991040050983429
1,0.4988316297531128
4,0.9898194670677185
5,0.9947256445884705
2,0.74620121717453
2,0.49990370869636536
3,0.991033136844635
1,0.4988459348678589
4,0.9898236393928528
5,0.994724452495575
2,0.7461991310119629
2,0.49990394711494446
3,0.9910424947738647
1,0.49880778789520264
4,0.9898237586021423
5,0.9947239756584167
2,0.7462013363838196
2,0.4999035894870758
3,0.9910410046577454
1,0.4988207221031189
4,0.9898237586021423
5,0.9947275519371033
2,0.746196985244751
2,0.49990329146385193
3,0.9910377264022827
1,0.4988100230693817
4,0.9898229837417603
5,0.9947250485420227
2,0.7462395429611206
2,0.4999038875102997
3,0.9910447597503662
1,0.49884894490242004
4,0.9898223876953125
5,0.9947261214256287
2,0.7462086081504822
2,0.4999033510684967
3,0.991032063961029
1,0.4988406300544739
4,0.9898238778114319
5,0.9947249293327332
2,0.7462150454521179
2,0.49990370869636536
3,0.9910439252853394
1,0.49885234236717224
4,0.9898228645324707
5,0.9947249293327332
2,0.746170699596405
2,0.4999034106731415
3,0.991038978099823
1,0.4988458752632141
4,0.9898204803466797
5,0.9947248101234436
2,0.7461909055709839
2,0.49990299344062805
3,0.9910485744476318
1,0.4988383948802948
4,0.9898203611373901
5,0.9947255253791809
2,0.7462284564971924
2,0.4999033510684967
3,0.9910396933555603
1,0.49882036447525024
4,0.9898207187652588
5,0.9947243332862854
2,0.7462032437324524
2,0.49990352988243103
3,0.9910422563552856
1,0.498832106590271
4,0.9898226261138916
5,0.9947249293327332
2,0.7461957931518555
2,0.4999034106731415
3,0.9910423755645752
1,0.4988420605659485
4,0.9898243546485901
5,0.9947256445884705
2,0.7462053894996643
2,0.49990347027778625
3,0.9910386204719543
1,0.4988225996494293
4,0.9898202419281006
5,0.9947265982627869
2,0.7461872100830078
2,0.4999036490917206
3,0.9910463690757751
1,0.4988130033016205
4,0.9898221492767334
5,0.9947263598442078
2,0.7462212443351746
2,0.4999038279056549
3,0.9910377264022827
1,0.4988308548927307
4,0.9898217916488647
5,0.9947256445884705
2,0.7462177276611328
2,0.49990347027778625
3,0.9910380840301514
1,0.49886828660964966
4,0.9898223876953125
5,0.9947264790534973
2,0.7462174296379089
2,0.4999038279056549
3,0.9910380840301514
1,0.49882960319519043
4,0.9898216724395752
5,0.9947237968444824
2,0.7462111711502075
2,0.4999035894870758
3,0.9910420179367065
1,0.4988378584384918
4,0.9898216724395752
5,0.9947240948677063
2,0.7461830973625183
2,0.49990370869636536
3,0.9910382032394409
1,0.4988541603088379
4,0.9898219108581543
5,0.9947256445884705
2,0.746239185333252
2,0.4999031126499176
3,0.9910434484481812
1,0.4988386929035187
4,0.9898207187652588
5,0.994724452495575
2,0.7461956739425659
2,0.4999031126499176
3,0.9910488128662109
1,0.4988148808479309
4,0.9898221492767334
5,0.994726836681366
2,0.7461943030357361
2,0.49990323185920715
3,0.9910411238670349
1,0.4988204836845398
4,0.9898217916488647
5,0.9947254061698914
2,0.7462141513824463
2,0.49990347027778625
3,0.9910361766815186
1,0.49882522225379944
4,0.9898220300674438
5,0.9947240948677063
2,0.7462254762649536
2,0.4999030530452728
3,0.9910366535186768
1,0.4988042712211609
4,0.9898216724395752
5,0.9947260022163391
2,0.7462239861488342
2,0.4999030530452728
3,0.9910435676574707
1,0.4988255798816681
4,0.9898236393928528
5,0.9947251677513123
2,0.746168315410614
2,0.4999038279056549
3,0.9910418391227722
1,0.4988246262073517
4,0.9898243546485901
5,0.9947245717048645
2,0.7461963295936584
2,0.4999038279056549
3,0.9910417199134827
1,0.49881619215011597
4,0.9898204803466797
5,0.9947255253791809
2,0.7461893558502197
2,0.49990347027778625
3,0.99103844165802
1,0.4988776743412018
4,0.9898235201835632
5,0.9947235584259033
2,0.7462093830108643
2,0.4999033510684967
3,0.9910359382629395
1,0.4988532066345215
4,0.9898215532302856
5,0.9947250485420227
2,0.7461901307106018
2,0.4999029338359833
3,0.9910446405410767
1,0.4988177418708801
4,0.989821195602417
5,0.994724452495575
2,0.74623703956604
2,0.4999036490917206
3,0.9910327792167664
1,0.49885156750679016
4,0.9898236393928528
5,0.9947240948677063
2,0.7461849451065063
2,0.49990347027778625
3,0.991040050983429
1,0.4988447427749634
4,0.9898214340209961
5,0.9947261214256287
2,0.7462002635002136
2,0.49990323185920715
3,0.9910361766815186
1,0.4988406300544739
4,0.9898219108581543
5,0.9947262406349182
2,0.7462237477302551
2,0.49990352988243103
3,0.9910378456115723
1,0.4988502562046051
4,0.9898227453231812
5,0.9947250485420227
2,0.7461901307106018
2,0.4999033510684967
3,0.9910387396812439
1,0.4988707900047302
4,0.9898216724395752
5,0.9947254061698914
2,0.7461966872215271
2,0.4999035894870758
3,0.9910448789596558
1,0.49885666370391846
4,0.9898221492767334
5,0.9947250485420227
2,0.7462047934532166
2,0.4999038875102997
3,0.9910284876823425
1,0.4988349974155426
4,0.9898232817649841
5,0.9947239756584167
2,0.7461920976638794
2,0.49990299344062805
3,0.9910430908203125
1,0.49883055686950684
4,0.9898223876953125
5,0.9947249293327332
2,0.7461979389190674
2,0.4999033510684967
3,0.9910451173782349
1,0.49883726239204407
4,0.9898228645324707
5,0.9947262406349182
2,0.7461935877799988
2,0.499904066324234
3,0.9910354614257812
1,0.49885523319244385
4,0.9898237586021423
5,0.994724452495575
2,0.7462007999420166
2,0.4999031126499176
3,0.9910356998443604
1,0.49882587790489197
4,0.9898215532302856
5,0.9947256445884705
2,0.7461796402931213
2,0.4999033510684967
3,0.9910396933555603
1,0.4988127648830414
4,0.989822506904602
5,0.9947252869606018
2,0.7461831569671631
2,0.499904066324234
3,0.9910372495651245
1,0.4988658130168915
4,0.9898234009742737
5,0.9947258830070496
2,0.7462108731269836
2,0.49990329146385193
3,0.9910464882850647
1,0.4988064169883728
4,0.9898217916488647
5,0.994724690914154
2,0.7462258338928223
2,0.49990347027778625
3,0.9910420179367065
1,0.4988130033016205
4,0.9898221492767334
5,0.994724690914154
2,0.7462368607521057
2,0.499904066324234
3,0.9910340905189514
1,0.49881798028945923
4,0.989823043346405
5,0.9947264790534973
2,0.7462217211723328
2,0.49990370869636536
3,0.9910366535186768
1,0.4988398253917694
4,0.9898198246955872
5,0.9947251677513123
2,0.7462025880813599
2,0.4999038279056549
3,0.9910396933555603
1,0.4988362491130829
4,0.9898228645324707
5,0.994723916053772
2,0.7461987137794495
2,0.4999043047428131
3,0.9910365343093872
1,0.4988318085670471
4,0.9898226261138916
5,0.9947256445884705
2,0.7462186217308044
2,0.49990352988243103
3,0.9910436868667603
1,0.49882379174232483
4,0.9898231625556946
5,0.9947236776351929
2,0.7462270259857178
2,0.49990299344062805
3,0.9910435676574707
1,0.4988339841365814
4,0.9898186326026917
5,0.9947258830070496
2,0.7462060451507568
2,0.49990299344062805
3,0.9910385608673096
1,0.49883031845092773
4,0.9898232817649841
5,0.9947249293327332
2,0.7461875081062317
2,0.4999034106731415
3,0.991040050983429
1,0.4988466799259186
4,0.9898195862770081
5,0.9947269558906555
2,0.7462269067764282
2,0.4999035894870758
3,0.9910427331924438
1,0.4988466799259186
4,0.989825427532196
5,0.9947263598442078
2,0.7462222576141357
2,0.49990352988243103
3,0.9910387396812439
1,0.49883684515953064
4,0.989822506904602
5,0.9947245717048645
2,0.7462257146835327
2,0.4999035894870758
3,0.9910358190536499
1,0.49883827567100525
4,0.9898234009742737
5,0.99472576379776
2,0.7462076544761658
2,0.4999031722545624
3,0.9910305738449097
1,0.4988020956516266
4,0.9898231625556946
5,0.9947260022163391
2,0.7461835741996765
2,0.49990370869636536
3,0.9910365343093872
1,0.49885880947113037
4,0.989820122718811
5,0.9947252869606018
2,0.7461918592453003
2,0.49990347027778625
3,0.9910344481468201
1,0.4988443851470947
4,0.9898223876953125
5,0.9947264790534973
2,0.7461958527565002
2,0.4999031126499176
3,0.9910456538200378
1,0.49883517622947693
4,0.9898214340209961
5,0.9947264790534973
2,0.7462235689163208
2,0.4999035894870758
3,0.9910336136817932
1,0.49882805347442627
4,0.9898215532302856
5,0.9947245717048645
2,0.7461715936660767
2,0.4999038279056549
3,0.9910396933555603
1,0.4988509714603424
4,0.9898237586021423
5,0.9947269558906555
2,0.746222198009491
2,0.4999038875102997
3,0.9910378456115723
1,0.49884870648384094
4,0.9898229837417603
5,0.9947251677513123
2,0.7462124228477478
2,0.4999031126499176
3,0.9910358190536499
1,0.49882474541664124
4,0.9898237586021423
5,0.9947251677513123
2,0.7462232708930969
2,0.4999035894870758
3,0.9910401701927185
1,0.49884989857673645
4,0.9898234009742737
5,0.99472576379776
2,0.7462252974510193
2,0.49990347027778625
3,0.9910447597503662
1,0.4988308548927307
4,0.9898213148117065
5,0.9947237968444824
2,0.7461919188499451
2,0.4999031126499176
3,0.9910406470298767
1,0.49883487820625305
4,0.9898214340209961
5,0.9947223663330078
2,0.7462266683578491
2,0.49990376830101013
3,0.9910376071929932
1,0.49880778789520264
4,0.9898217916488647
5,0.9947249293327332
2,0.7462111115455627
2,0.49990418553352356
3,0.9910394549369812
1,0.49882739782333374
4,0.9898221492767334
5,0.9947262406349182
2,0.7461997270584106
2,0.4999035894870758
3,0.9910408854484558
1,0.4988497197628021
4,0.9898208379745483
5,0.9947262406349182
2,0.746189296245575
2,0.49990376830101013
3,0.9910418391227722
1,0.4988154172897339
4,0.9898207187652588
5,0.9947248101234436
2,0.7462085485458374
2,0.49990347027778625
3,0.9910439252853394
1,0.4988357722759247
4,0.9898223876953125
5,0.9947260022163391
2,0.7461939454078674
2,0.4999033510684967
3,0.9910418391227722
1,0.49882078170776367
4,0.9898232817649841
5,0.9947258830070496
2,0.7461847066879272
2,0.49990347027778625
3,0.9910396933555603
1,0.4988325834274292
4,0.9898231625556946
5,0.9947249293327332
2,0.7462311387062073
2,0.49990299344062805
3,0.9910401701927185
1,0.49884769320487976
4,0.9898245930671692
5,0.9947261214256287
2,0.7461971640586853
2,0.49990323185920715
3,0.9910411238670349
1,0.49881511926651
4,0.9898227453231812
5,0.9947237968444824
2,0.7462041974067688
2,0.4999038279056549
3,0.9910385608673096
1,0.4988165497779846
4,0.9898191094398499
5,0.9947256445884705
2,0.7462145090103149
2,0.4999026358127594
3,0.9910396933555603
1,0.49886876344680786
4,0.9898232817649841
5,0.9947249293327332
2,0.7462103962898254
2,0.4999033510684967
3,0.9910394549369812
1,0.4988398253917694
4,0.9898217916488647
5,0.9947264790534973
2,0.7461994290351868
2,0.4999038279056549
3,0.991041362285614
1,0.4988226592540741
4,0.9898217916488647
5,0.9947256445884705
2,0.7462183833122253
2,0.49990376830101013
3,0.991038978099823
1,0.4988337457180023
4,0.9898243546485901
5,0.9947255253791809
2,0.7462223768234253
2,0.4999038279056549
3,0.9910430908203125
1,0.4988594949245453
4,0.9898216724395752
5,0.9947262406349182
2,0.7461990118026733
2,0.49990370869636536
3,0.991037130355835
1,0.49884122610092163
4,0.9898205995559692
5,0.9947252869606018
2,0.7462158203125
2,0.4999035894870758
3,0.9910370111465454
1,0.4988415837287903
4,0.9898217916488647
5,0.994723916053772
2,0.746164083480835
2,0.49990347027778625
3,0.991041898727417
1,0.49884817004203796
4,0.9898242354393005
5,0.9947251677513123
2,0.7462173104286194
2,0.4999033510684967
3,0.9910343289375305
1,0.49884235858917236
4,0.9898227453231812
5,0.9947262406349182
2,0.746202826499939
2,0.4999031126499176
3,0.9910473227500916
1,0.49885180592536926
4,0.9898219108581543
5,0.9947252869606018
2,0.7462231516838074
2,0.4999038279056549
3,0.9910452961921692
1,0.4988594055175781
4,0.9898234009742737
5,0.99472576379776
2,0.7462120056152344
2,0.4999036490917206
3,0.9910405278205872
1,0.4988313913345337
4,0.9898219108581543
5,0.9947261214256287
2,0.7462465763092041
2,0.4999034106731415
3,0.9910404086112976
1,0.4988546371459961
4,0.989821195602417
5,0.994724690914154
2,0.7462089657783508
2,0.49990370869636536
3,0.9910417199134827
1,0.4988255798816681
4,0.9898226261138916
5,0.9947248101234436
2,0.746198296546936
2,0.49990352988243103
3,0.9910408854484558
1,0.49881601333618164
4,0.9898229837417603
5,0.9947261214256287
2,0.7462264895439148
2,0.49990418553352356
3,0.9910434484481812
1,0.4988466799259186
4,0.9898189902305603
5,0.9947251677513123
2,0.7462050914764404
2,0.4999038279056549
3,0.9910380840301514
1,0.49884504079818726
4,0.9898189902305603
5,0.9947252869606018
2,0.7462077140808105
2,0.4999028742313385
3,0.991038978099823
1,0.49883317947387695
4,0.9898227453231812
5,0.9947236776351929
2,0.7462090849876404
2,0.4999038279056549
3,0.9910368919372559
1,0.49880173802375793
4,0.9898221492767334
5,0.994726836681366
2,0.7462202310562134
2,0.49990323185920715
3,0.9910464882850647
1,0.49883541464805603
4,0.989821195602417
5,0.9947232007980347
2,0.7462013959884644
2,0.49990370869636536
3,0.991038978099823
1,0.49885061383247375
4,0.9898203611373901
5,0.994724690914154
2,0.7461938261985779
2,0.49990370869636536
3,0.9910435676574707
1,0.49882522225379944
4,0.9898228645324707
5,0.9947258830070496
2,0.7461899518966675
2,0.49990376830101013
3,0.9910422563552856
1,0.4988165497779846
4,0.9898214340209961
5,0.9947243332862854
2,0.7462083697319031
2,0.4999031126499176
3,0.9910460114479065
1,0.4988230764865875
4,0.9898217916488647
5,0.9947251677513123
2,0.74615877866745
2,0.4999036490917206
3,0.9910346865653992
1,0.4988655745983124
4,0.9898195862770081
5,0.9947250485420227
2,0.746197521686554
2,0.4999035894870758
3,0.9910510778427124
1,0.49885013699531555
4,0.989824116230011
5,0.9947261214256287
2,0.7462018132209778
2,0.4999038875102997
3,0.9910474419593811
1,0.49884000420570374
4,0.9898244738578796
5,0.9947258830070496
2,0.7462038993835449
2,0.4999038279056549
3,0.9910393357276917
1,0.4988313913345337
4,0.9898223876953125
5,0.9947249293327332
2,0.7462348341941833
2,0.4999038279056549
3,0.9910428524017334
1,0.49885785579681396
4,0.9898213148117065
5,0.9947263598442078
2,0.7462158799171448
2,0.4999038279056549
3,0.9910424947738647
1,0.49884337186813354
4,0.9898220300674438
5,0.9947248101234436
2,0.7461965084075928
2,0.49990370869636536
3,0.9910435676574707
1,0.4988485872745514
4,0.9898198246955872
5,0.9947264790534973
2,0.7461907267570496
2,0.49990323185920715
3,0.9910394549369812
1,0.4988155961036682
4,0.9898223876953125
5,0.9947251677513123
2,0.7461791038513184
2,0.4999026358127594
3,0.9910390973091125
1,0.4988325834274292
4,0.9898197054862976
5,0.9947248101234436
2,0.7462071180343628
2,0.49990347027778625
3,0.9910445213317871
1,0.4988558292388916
4,0.9898242354393005
5,0.9947255253791809
2,0.7462173104286194
2,0.49990323185920715
3,0.9910383224487305
1,0.49883803725242615
4,0.9898221492767334
5,0.9947256445884705
2,0.7462176084518433
2,0.499904066324234
3,0.991046130657196
1,0.4988081455230713
4,0.9898210763931274
5,0.9947235584259033
2,0.7462112903594971
2,0.49990370869636536
3,0.9910427331924438
1,0.49882829189300537
4,0.9898244738578796
5,0.9947242140769958
2,0.7462096810340881
2,0.4999033510684967
3,0.9910333752632141
1,0.4988357722759247
4,0.9898221492767334
5,0.9947250485420227
2,0.7462019324302673
2,0.4999034106731415
3,0.9910446405410767
1,0.4988057613372803
4,0.9898231625556946
5,0.9947250485420227
2,0.7462416291236877
2,0.4999031126499176
3,0.9910383224487305
1,0.4988495409488678
4,0.9898219108581543
5,0.9947254061698914
2,0.7462152242660522
2,0.49990323185920715
3,0.991043210029602
1,0.49884283542633057
4,0.9898223876953125
5,0.994724690914154
2,0.7462050914764404
2,0.49990418553352356
3,0.9910339713096619
1,0.4988374412059784
4,0.989822268486023
5,0.9947250485420227
2,0.7462194561958313
2,0.4999028146266937
3,0.9910456538200378
1,0.4988415837287903
4,0.9898221492767334
5,0.9947243332862854
2,0.7461895942687988
2,0.4999031126499176
3,0.9910310506820679
1,0.49884822964668274
4,0.9898200631141663
5,0.9947250485420227
2,0.7462280988693237
2,0.49990323185920715
3,0.9910388588905334
1,0.4988275170326233
4,0.9898208379745483
5,0.9947240948677063
2,0.7462007403373718
2,0.49990251660346985
3,0.9910367727279663
1,0.4988411068916321
4,0.9898203611373901
5,0.9947249293327332
2,0.7462039589881897
2,0.49990352988243103
3,0.9910398125648499
1,0.4988385736942291
4,0.9898243546485901
5,0.9947258830070496
2,0.7462140917778015
2,0.49990352988243103
3,0.9910365343093872
1,0.49884966015815735
4,0.9898231625556946
5,0.9947248101234436
2,0.7462065815925598
2,0.4999038279056549
3,0.9910470843315125
1,0.4988405108451843
4,0.989820122718811
5,0.99472576379776
2,0.7461686134338379
2,0.49990329146385193
3,0.9910377264022827
1,0.498843252658844
4,0.9898208379745483
5,0.9947255253791809
2,0.7462159395217896
2,0.4999036490917206
3,0.9910410046577454
1,0.4988332986831665
4,0.9898219108581543
5,0.9947249293327332
2,0.7461879849433899
2,0.49990323185920715
3,0.9910468459129333
1,0.4988291263580322
4,0.9898195862770081
5,0.99472576379776
2,0.7461889386177063
2,0.4999034106731415
3,0.9910407662391663
1,0.49883756041526794
4,0.9898216724395752
5,0.9947242140769958
2,0.7461790442466736
2,0.49990352988243103
3,0.9910393357276917
1,0.49882587790489197
4,0.989823043346405
5,0.99472576379776
2,0.7462041974067688
2,0.4999035894870758
3,0.9910467267036438
1,0.498822957277298
4,0.9898209571838379
5,0.9947258830070496
2,0.746218204498291
2,0.49990370869636536
3,0.9910379648208618
1,0.49886491894721985
4,0.9898217916488647
5,0.9947261214256287
2,0.7461916208267212
2,0.4999035894870758
3,0.9910395741462708
1,0.49884241819381714
4,0.9898215532302856
5,0.9947243332862854
2,0.7462152242660522
2,0.49990323185920715
3,0.9910392165184021
1,0.4988536834716797
4,0.9898231625556946
5,0.9947264790534973
2,0.7462281584739685
2,0.4999031126499176
3,0.9910315275192261
1,0.4988228380680084
4,0.9898242354393005
5,0.9947260022163391
2,0.746222198009491
2,0.4999038279056549
3,0.9910372495651245
1,0.49885642528533936
4,0.9898245930671692
5,0.9947249293327332
2,0.7461780309677124
2,0.4999038279056549
3,0.9910327792167664
1,0.49887073040008545
4,0.9898207187652588
5,0.9947258830070496
2,0.7462220191955566
2,0.49990323185920715
3,0.991043210029602
1,0.4988380968570709
4,0.989821195602417
5,0.9947265982627869
2,0.7462000250816345
2,0.4999028742313385
3,0.9910385608673096
1,0.49885258078575134
4,0.9898231625556946
5,0.9947250485420227
2,0.7461857199668884
2,0.49990352988243103
3,0.991038978099823
1,0.4988240897655487
4,0.9898214340209961
5,0.9947243332862854
2,0.7461979389190674
2,0.499904066324234
3,0.9910376071929932
1,0.49884241819381714
4,0.9898238778114319
5,0.9947250485420227
2,0.7462052702903748
2,0.4999038279056549
3,0.9910364151000977
1,0.49886414408683777
4,0.9898217916488647
5,0.9947245717048645
2,0.7462251782417297
2,0.49990370869636536
3,0.9910314083099365
1,0.4988313317298889
4,0.989822506904602
5,0.9947242140769958
2,0.7462041974067688
2,0.4999036490917206
3,0.99103844165802
1,0.49883636832237244
4,0.9898243546485901
5,0.9947243332862854
2,0.7462267279624939
2,0.4999033510684967
3,0.9910399317741394
1,0.49884098768234253
4,0.9898215532302856
5,0.9947252869606018
2,0.7462154626846313
2,0.49990347027778625
3,0.9910309314727783
1,0.49883803725242615
4,0.9898210763931274
5,0.9947249293327332
2,0.7462059855461121
2,0.49990347027778625
3,0.9910414814949036
1,0.4988332986831665
4,0.989821195602417
5,0.9947258830070496
2,0.7461979985237122
2,0.4999031722545624
3,0.9910359382629395
1,0.49883756041526794
4,0.9898200631141663
5,0.99472576379776
2,0.7462007403373718
2,0.49990329146385193
3,0.9910436868667603
1,0.4988187551498413
4,0.9898238778114319
5,0.9947258830070496
2,0.746214747428894
2,0.49990347027778625
3,0.9910406470298767
1,0.4988473951816559
4,0.9898232817649841
5,0.994722843170166
2,0.7462062835693359
2,0.4999031126499176
3,0.9910439252853394
1,0.4988436698913574
4,0.9898226261138916
5,0.994724690914154
2,0.7461973428726196
2,0.4999038279056549
3,0.9910358190536499
1,0.498847633600235
4,0.9898238778114319
5,0.994724452495575
2,0.7462298274040222
2,0.49990299344062805
3,0.9910451173782349
1,0.4988251030445099
4,0.9898213148117065
5,0.9947256445884705
2,0.7462248206138611
2,0.4999031126499176
3,0.9910348057746887
1,0.49884033203125
4,0.9898221492767334
5,0.994724452495575
2,0.7462158799171448
2,0.4999028742313385
3,0.9910405278205872
1,0.49883994460105896
4,0.9898229837417603
5,0.9947239756584167
2,0.7462211847305298
2,0.49990370869636536
3,0.9910441637039185
1,0.49883851408958435
4,0.9898213148117065
5,0.9947250485420227
2,0.7462151050567627
2,0.4999035894870758
3,0.9910392165184021
1,0.4988413453102112
4,0.9898231625556946
5,0.9947235584259033
2,0.7462252974510193
2,0.4999033510684967
3,0.9910383224487305
1,0.49885979294776917
4,0.9898207187652588
5,0.9947250485420227
2,0.7462170124053955
2,0.4999030530452728
3,0.9910433292388916
1,0.49883192777633667
4,0.9898226261138916
5,0.9947250485420227
2,0.7462214231491089
2,0.4999034106731415
3,0.9910349249839783
1,0.498845636844635
4,0.9898231625556946
5,0.994724690914154
2,0.7462001442909241
2,0.4999030530452728
3,0.9910449981689453
1,0.4988471567630768
4,0.9898208379745483
5,0.9947251677513123
2,0.7462191581726074
2,0.4999033510684967
3,0.9910401701927185
1,0.49885281920433044
4,0.9898235201835632
5,0.9947260022163391
2,0.7461864948272705
2,0.4999031722545624
3,0.9910366535186768
1,0.49883589148521423
4,0.9898226261138916
5,0.9947243332862854
2,0.7462169528007507
2,0.4999031126499176
3,0.9910411238670349
1,0.4988444447517395
4,0.989820122718811
5,0.9947255253791809
2,0.7461856603622437
2,0.4999031126499176
3,0.991041362285614
1,0.4988316297531128
4,0.989822506904602
5,0.9947245717048645
2,0.7462049722671509
2,0.49990370869636536
3,0.9910398125648499
1,0.4988225996494293
4,0.9898207187652588
5,0.9947250485420227
2,0.7462183833122253
2,0.4999031126499176
3,0.9910337328910828
1,0.4988514482975006
4,0.9898203611373901
5,0.9947245717048645
2,0.7462126612663269
2,0.4999043643474579
3,0.9910332560539246
1,0.4988490045070648
4,0.9898208379745483
5,0.9947258830070496
2,0.7461872100830078
2,0.49990323185920715
3,0.9910368919372559
1,0.498825341463089
4,0.9898191094398499
5,0.994726836681366
2,0.746220052242279
2,0.4999028742313385
3,0.9910447597503662
1,0.4988327622413635
4,0.9898256659507751
5,0.9947249293327332
2,0.7461939454078674
2,0.4999033510684967
3,0.9910441637039185
1,0.49883246421813965
4,0.9898223876953125
5,0.994724452495575
2,0.7461938858032227
2,0.4999035894870758
3,0.9910473227500916
1,0.4988339841365814
4,0.9898231625556946
5,0.9947254061698914
2,0.746196985244751
2,0.4999035894870758
3,0.9910387396812439
1,0.4988483488559723
4,0.989820122718811
5,0.9947248101234436
2,0.7462173104286194
2,0.49990323185920715
3,0.9910327792167664
1,0.49883559346199036
4,0.9898209571838379
5,0.994724452495575
2,0.7461881041526794
2,0.49990370869636536
3,0.9910449981689453
1,0.49884456396102905
4,0.989822268486023
5,0.9947260022163391
2,0.7462072968482971
2,0.4999033510684967
3,0.9910407662391663
1,0.49884456396102905
4,0.9898229837417603
5,0.994724690914154
2,0.7462071776390076
2,0.499904066324234
3,0.9910423755645752
1,0.49883386492729187
4,0.9898227453231812
5,0.9947250485420227
2,0.7462171316146851
2,0.4999033510684967
3,0.9910370111465454
1,0.49884217977523804
4,0.9898214340209961
5,0.9947254061698914
2,0.7462120056152344
2,0.49990370869636536
3,0.991036057472229
1,0.49881553649902344
4,0.9898227453231812
5,0.9947262406349182
2,0.7462188601493835
2,0.49990347027778625
3,0.9910333752632141
1,0.49885180592536926
4,0.9898216724395752
5,0.994724690914154
2,0.7462360858917236
2,0.49990352988243103
3,0.99103844165802
1,0.4988195300102234
4,0.989822268486023
5,0.9947234392166138
2,0.7462020516395569
2,0.49990370869636536
3,0.9910353422164917
1,0.4988195300102234
4,0.989822506904602
5,0.9947261214256287
2,0.7461969256401062
2,0.4999035894870758
3,0.9910406470298767
1,0.4988434910774231
4,0.9898231625556946
5,0.9947237968444824
2,0.7461942434310913
2,0.4999034106731415
3,0.9910339713096619
1,0.49881523847579956
4,0.989823043346405
5,0.9947250485420227
2,0.7462055087089539
2,0.49990370869636536
3,0.9910401701927185
1,0.49880844354629517
4,0.9898204803466797
5,0.9947262406349182
2,0.7461914420127869
2,0.49990323185920715
3,0.9910368919372559
1,0.4988483488559723
4,0.989823043346405
5,0.9947237968444824
2,0.7462450861930847
2,0.4999033510684967
3,0.9910398125648499
1,0.4988285303115845
4,0.9898217916488647
5,0.9947250485420227
2,0.7462140917778015
2,0.4999031126499176
3,0.9910364151000977
1,0.4988350570201874
4,0.989820122718811
5,0.9947248101234436
2,0.7461857795715332
2,0.499904066324234
3,0.9910349249839783
1,0.4988422989845276
4,0.9898232817649841
5,0.9947269558906555
2,0.7462130188941956
2,0.49990227818489075
3,0.9910495281219482
1,0.4988025426864624
4,0.9898220300674438
5,0.9947248101234436
2,0.7461891770362854
2,0.4999035894870758
3,0.9910352826118469
1,0.49883922934532166
4,0.9898219108581543
5,0.9947264790534973
2,0.7461914420127869
2,0.49990394711494446
3,0.9910364151000977
1,0.4988288879394531
4,0.9898236393928528
5,0.9947250485420227
2,0.7462183833122253
2,0.49990275502204895
3,0.9910380840301514
1,0.49882012605667114
4,0.9898221492767334
5,0.994724690914154
2,0.7462313771247864
2,0.4999035894870758
3,0.9910441637039185
1,0.49885037541389465
4,0.9898202419281006
5,0.9947260022163391
2,0.7462189197540283
2,0.49990329146385193
3,0.9910336136817932
1,0.4988306760787964
4,0.9898220300674438
5,0.9947258830070496
2,0.7462030053138733
2,0.4999033510684967
3,0.991037130355835
1,0.4988200068473816
4,0.9898221492767334
5,0.99472576379776
2,0.7461889982223511
2,0.4999031126499176
3,0.9910408854484558
1,0.4988165497779846
4,0.9898257851600647
5,0.9947267174720764
2,0.7461804747581482
2,0.49990370869636536
3,0.9910355806350708
1,0.4988512098789215
4,0.9898223876953125
5,0.9947242140769958
2,0.7461943626403809
2,0.4999031126499176
3,0.9910468459129333
1,0.4988270699977875
4,0.989821195602417
5,0.9947250485420227
2,0.7462060451507568
2,0.49990347027778625
3,0.9910379648208618
1,0.49880242347717285
4,0.9898228645324707
5,0.9947245717048645
2,0.7462037801742554
2,0.4999038875102997
3,0.9910379648208618
1,0.4988427758216858
4,0.9898219108581543
5,0.9947262406349182
2,0.7462358474731445
2,0.4999031722545624
3,0.9910399317741394
1,0.4988463521003723
4,0.9898197054862976
5,0.9947263598442078
2,0.7462210655212402
2,0.4999030530452728
3,0.991038978099823
1,0.49880707263946533
4,0.9898219108581543
5,0.9947256445884705
2,0.7462304830551147
2,0.49990323185920715
3,0.9910348057746887
1,0.4988360106945038
4,0.989823043346405
5,0.9947245717048645
2,0.7462287545204163
2,0.4999033510684967
3,0.9910374879837036
1,0.4988411068916321
4,0.9898214340209961
5,0.9947233200073242
2,0.746186375617981
2,0.49990352988243103
3,0.9910440444946289
1,0.4988255798816681
4,0.9898228645324707
5,0.9947248101234436
2,0.7462220788002014
2,0.49990329146385193
3,0.991047203540802
1,0.49886900186538696
4,0.9898217916488647
5,0.9947262406349182
2,0.7462114095687866
2,0.49990347027778625
3,0.9910383224487305
1,0.4988642632961273
4,0.9898239970207214
5,0.9947261214256287
2,0.7462462782859802
2,0.49990394711494446
3,0.991043210029602
1,0.4988235533237457
4,0.9898205995559692
5,0.99472576379776
2,0.7462009191513062
2,0.4999036490917206
3,0.9910404086112976
1,0.4988188147544861
4,0.9898213148117065
5,0.99472576379776
2,0.7462258338928223
2,0.4999038279056549
3,0.991040050983429
1,0.4988274574279785
4,0.9898209571838379
5,0.9947251677513123
2,0.7462312579154968
2,0.4999036490917206
3,0.9910373687744141
1,0.49882587790489197
4,0.989822268486023
5,0.9947249293327332
2,0.7461908459663391
2,0.4999034106731415
3,0.9910362958908081
1,0.4988444447517395
4,0.9898215532302856
5,0.9947252869606018
2,0.7462115287780762
2,0.49990352988243103
3,0.9910434484481812
1,0.49882805347442627
4,0.9898231625556946
5,0.99472576379776
2,0.7461845278739929
2,0.49990323185920715
3,0.9910392165184021
1,0.49883151054382324
4,0.9898223876953125
5,0.9947267174720764
2,0.7462305426597595
2,0.49990299344062805
3,0.991040050983429
1,0.49882984161376953
4,0.9898208379745483
5,0.994726836681366
2,0.7461912631988525
2,0.4999033510684967
3,0.9910430908203125
1,0.4988079071044922
4,0.9898192286491394
5,0.9947234392166138
2,0.7462342381477356
2,0.4999029338359833
3,0.9910458922386169
1,0.4988442659378052
4,0.9898204803466797
5,0.9947240948677063
2,0.7461954355239868
2,0.4999033510684967
3,0.9910364151000977
1,0.49881893396377563
4,0.989822506904602
5,0.9947236776351929
2,0.7462049722671509
2,0.4999033510684967
3,0.9910393357276917
1,0.4988749921321869
4,0.9898242354393005
5,0.9947250485420227
2,0.7462049722671509
2,0.49990418553352356
3,0.9910405278205872
1,0.4988265335559845
4,0.9898229837417603
5,0.9947261214256287
2,0.7461869120597839
2,0.49990352988243103
3,0.9910458922386169
1,0.498806357383728
4,0.9898220300674438
5,0.9947274327278137
2,0.7462021112442017
2,0.49990347027778625
3,0.9910385608673096
1,0.49883294105529785
4,0.9898204803466797
5,0.9947264790534973
2,0.7461974024772644
2,0.499904066324234
3,0.9910399317741394
1,0.4988352954387665
4,0.9898217916488647
5,0.9947260022163391
2,0.7461981773376465
2,0.4999033510684967
3,0.9910386204719543
1,0.49881619215011597
4,0.989822268486023
5,0.99472576379776
2,0.7461668848991394
2,0.4999035894870758
3,0.9910370111465454
1,0.4988170266151428
4,0.9898207187652588
5,0.99472576379776
2,0.7462149262428284
2,0.4999031126499176
3,0.9910462498664856
1,0.4988349378108978
4,0.9898228645324707
5,0.99472576379776
2,0.7462120056152344
2,0.4999038279056549
3,0.9910352826118469
1,0.4988020956516266
4,0.9898229837417603
5,0.9947261214256287
2,0.7461869120597839
2,0.4999038279056549
3,0.9910433292388916
1,0.49881571531295776
4,0.9898215532302856
5,0.9947245717048645
2,0.7461715936660767
2,0.49990329146385193
3,0.9910339713096619
1,0.49883174896240234
4,0.9898208379745483
5,0.9947270750999451
2,0.7462102174758911
2,0.4999030530452728
3,0.991037130355835
1,0.49886733293533325
4,0.9898223876953125
5,0.9947271943092346
2,0.7461949586868286
2,0.4999031126499176
3,0.9910392165184021
1,0.4988362491130829
4,0.9898207187652588
5,0.9947251677513123
2,0.746214747428894
2,0.49990370869636536
3,0.9910379648208618
1,0.4988328814506531
4,0.9898243546485901
5,0.9947263598442078
2,0.7461981177330017
2,0.4999031126499176
3,0.9910392165184021
1,0.4988437294960022
4,0.989823043346405
5,0.994724690914154
2,0.7461784482002258
2,0.49990394711494446
3,0.991037130355835
1,0.49884870648384094
4,0.9898200631141663
5,0.9947261214256287
2,0.7461928725242615
2,0.4999026358127594
3,0.991040050983429
1,0.49880290031433105
4,0.9898205995559692
5,0.9947254061698914
2,0.7462000846862793
2,0.4999031722545624
3,0.9910355806350708
1,0.4988299608230591
4,0.9898245930671692
5,0.9947252869606018
2,0.7461948990821838
2,0.4999038279056549
3,0.9910449981689453
1,0.49882787466049194
4,0.989822506904602
5,0.9947256445884705
2,0.7462394833564758
2,0.49990370869636536
3,0.9910481572151184
1,0.49882641434669495
4,0.989823043346405
5,0.9947260022163391
2,0.7462194561958313
2,0.4999035894870758
3,0.9910460114479065
1,0.4988180994987488
4,0.9898249506950378
5,0.9947249293327332
2,0.7462323904037476
2,0.49990323185920715
3,0.9910473227500916
1,0.49883246421813965
4,0.989822506904602
5,0.9947252869606018
2,0.746224582195282
2,0.49990323185920715
3,0.9910368919372559
1,0.49884313344955444
4,0.9898219108581543
5,0.9947249293327332
2,0.7462126016616821
2,0.49990418553352356
3,0.9910398125648499
1,0.4988323450088501
4,0.9898216724395752
5,0.9947277903556824
2,0.7462078332901001
2,0.49990352988243103
3,0.9910395741462708
1,0.49883151054382324
4,0.9898229837417603
5,0.9947242140769958
2,0.7462184429168701
2,0.49990299344062805
3,0.9910427331924438
1,0.49885156750679016
4,0.9898200631141663
5,0.9947248101234436
2,0.7462277412414551
2,0.4999038279056549
3,0.9910379648208618
1,0.49880409240722656
4,0.9898228645324707
5,0.9947267174720764
2,0.7461895942687988
2,0.4999036490917206
3,0.9910399317741394
1,0.49882689118385315
4,0.9898229837417603
5,0.9947260022163391
2,0.7462214231491089
2,0.4999031126499176
3,0.9910406470298767
1,0.49885061383247375
4,0.9898214340209961
5,0.9947256445884705
2,0.74619460105896
2,0.4999030530452728
3,0.9910339713096619
1,0.4988195300102234
4,0.9898235201835632
5,0.994723916053772
2,0.74615079164505
2,0.49990323185920715
3,0.9910366535186768
1,0.49880707263946533
4,0.9898210763931274
5,0.99472576379776
2,0.7462108731269836
2,0.49990323185920715
3,0.9910466074943542
1,0.4988257586956024
4,0.9898229837417603
5,0.9947271943092346
2,0.7462121248245239
2,0.4999031126499176
3,0.9910402894020081
1,0.49883583188056946
4,0.9898237586021423
5,0.9947260022163391
2,0.7462313175201416
2,0.49990370869636536
3,0.9910430908203125
1,0.49885115027427673
4,0.9898209571838379
5,0.9947249293327332
2,0.7462085485458374
2,0.49990299344062805
3,0.9910449981689453
1,0.49885785579681396
4,0.9898220300674438
5,0.9947245717048645
2,0.74619460105896
2,0.4999036490917206
3,0.9910383224487305
1,0.49884504079818726
4,0.9898226261138916
5,0.9947261214256287
2,0.7461925148963928
2,0.4999038279056549
3,0.9910368919372559
1,0.498828649520874
4,0.9898235201835632
5,0.9947258830070496
2,0.7462134957313538
2,0.49990299344062805
3,0.9910423755645752
1,0.49885132908821106
4,0.9898202419281006
5,0.9947251677513123
2,0.7461998462677002
2,0.49990323185920715
3,0.99104905128479
1,0.4988272488117218
4,0.9898227453231812
5,0.9947245717048645
2,0.7462278604507446
2,0.49990323185920715
3,0.9910382032394409
1,0.49885037541389465
4,0.989821195602417
5,0.994723916053772
2,0.7462052702903748
2,0.49990370869636536
3,0.9910323023796082
1,0.49882498383522034
4,0.9898223876953125
5,0.9947252869606018
2,0.7462289929389954
2,0.4999038279056549
3,0.9910373687744141
1,0.4988374412059784
4,0.9898223876953125
5,0.9947258830070496
2,0.7461986541748047
2,0.4999035894870758
3,0.9910458922386169
1,0.49883317947387695
4,0.9898232817649841
5,0.9947267174720764
2,0.7462237477302551
2,0.49990323185920715
3,0.9910439252853394
1,0.4988348186016083
4,0.9898220300674438
5,0.9947251677513123
2,0.7462190985679626
2,0.4999038279056549
3,0.9910317659378052
1,0.4988137185573578
4,0.9898227453231812
5,0.9947270750999451
2,0.7462152242660522
2,0.49990347027778625
3,0.9910410046577454
1,0.49882593750953674
4,0.9898227453231812
5,0.99472576379776
2,0.7462368607521057
2,0.4999035894870758
3,0.9910377264022827
1,0.4988239109516144
4,0.9898251891136169
5,0.9947245717048645
2,0.7462199330329895
2,0.49990323185920715
3,0.9910422563552856
1,0.4988195300102234
4,0.9898205995559692
5,0.9947251677513123
2,0.7461744546890259
2,0.4999036490917206
3,0.9910420179367065
1,0.4988347589969635
4,0.9898192286491394
5,0.9947255253791809
2,0.7462161183357239
2,0.4999038875102997
3,0.991044282913208
1,0.49885308742523193
4,0.989821195602417
5,0.994726836681366
2,0.7462109327316284
2,0.49990418553352356
3,0.9910359382629395
1,0.4988020956516266
4,0.9898228645324707
5,0.9947254061698914
2,0.7461860775947571
2,0.4999029338359833
3,0.9910372495651245
1,0.4988411068916321
4,0.9898236393928528
5,0.9947254061698914
2,0.7462061047554016
2,0.4999031722545624
3,0.9910399317741394
1,0.49883270263671875
4,0.9898221492767334
5,0.9947254061698914
2,0.7462176084518433
2,0.49990394711494446
3,0.991037130355835
1,0.4988235533237457
4,0.9898238778114319
5,0.9947261214256287
2,0.7462143301963806
2,0.49990347027778625
3,0.9910418391227722
1,0.4988347589969635
4,0.9898235201835632
5,0.994724690914154
2,0.7462319135665894
2,0.49990370869636536
3,0.9910435676574707
1,0.49881547689437866
4,0.989822268486023
5,0.9947240948677063
2,0.7462130784988403
2,0.4999036490917206
3,0.991040050983429
1,0.4988376200199127
4,0.989822268486023
5,0.9947249293327332
2,0.7461932301521301
2,0.4999038279056549
3,0.9910446405410767
1,0.49882230162620544
4,0.9898217916488647
5,0.9947260022163391
2,0.7462171316146851
2,0.4999031722545624
3,0.9910399317741394
1,0.4988563060760498
4,0.989822268486023
5,0.9947263598442078
2,0.7461897134780884
2,0.4999035894870758
3,0.9910379648208618
1,0.4988406300544739
4,0.9898210763931274
5,0.99472576379776
2,0.7462157011032104
2,0.49990347027778625
3,0.9910387396812439
1,0.4988285303115845
4,0.9898213148117065
5,0.9947236776351929
2,0.746203601360321
2,0.4999035894870758
3,0.9910370111465454
1,0.49883684515953064
4,0.9898217916488647
5,0.9947256445884705
2,0.7462223768234253
2,0.4999028742313385
3,0.991034209728241
1,0.49882325530052185
4,0.9898243546485901
5,0.9947249293327332
2,0.7462111115455627
2,0.49990323185920715
3,0.9910356998443604
1,0.4988510310649872
4,0.9898243546485901
5,0.9947245717048645
2,0.7461890578269958
2,0.49990347027778625
3,0.9910364151000977
1,0.4988400936126709
4,0.9898226261138916
5,0.9947263598442078
2,0.7461821436882019
2,0.49990323185920715
3,0.9910418391227722
1,0.49884408712387085
4,0.9898234009742737
5,0.99472576379776
2,0.7461965084075928
2,0.4999034106731415
3,0.9910376071929932
1,0.498820960521698
4,0.9898220300674438
5,0.99472576379776
2,0.7461910247802734
2,0.49990329146385193
3,0.9910388588905334
1,0.49880528450012207
4,0.9898266792297363
5,0.9947264790534973
2,0.7462177276611328
2,0.49990323185920715
3,0.9910393357276917
1,0.49882474541664124
4,0.9898234009742737
5,0.9947239756584167
2,0.7462087869644165
2,0.4999035894870758
3,0.9910402894020081
1,0.49885857105255127
4,0.9898227453231812
5,0.9947258830070496
2,0.7462137341499329
2,0.4999028742313385
3,0.9910393357276917
1,0.4988514482975006
4,0.9898204803466797
5,0.9947261214256287
2,0.7462180256843567
2,0.4999031126499176
3,0.9910370111465454
1,0.49883773922920227
4,0.9898227453231812
5,0.9947248101234436
2,0.7461967468261719
2,0.49990376830101013
3,0.9910378456115723
1,0.49882006645202637
4,0.989822268486023
5,0.9947242140769958
2,0.74622642993927
2,0.4999033510684967
3,0.9910488128662109
1,0.49883317947387695
4,0.9898208379745483
5,0.9947245717048645
2,0.7462180256843567
2,0.49990323185920715
3,0.991037130355835
1,0.49886032938957214
4,0.9898210763931274
5,0.9947254061698914
2,0.7462056279182434
2,0.49990347027778625
3,0.9910475611686707
1,0.4988251030445099
4,0.9898204803466797
5,0.9947249293327332
2,0.7461889982223511
2,0.49990352988243103
3,0.9910398125648499
1,0.4988255798816681
4,0.9898235201835632
5,0.9947249293327332
2,0.746208667755127
2,0.49990323185920715
3,0.9910404086112976
1,0.4988241493701935
4,0.9898202419281006
5,0.9947239756584167
2,0.7462097406387329
2,0.4999028742313385
3,0.9910436868667603
1,0.49883928894996643
4,0.9898219108581543
5,0.9947245717048645
2,0.7462174296379089
2,0.4999033510684967
3,0.9910382032394409
1,0.49882593750953674
4,0.9898210763931274
5,0.9947239756584167
2,0.746196985244751
2,0.4999036490917206
3,0.9910446405410767
1,0.4988310933113098
4,0.9898226261138916
5,0.9947243332862854
2,0.7461892366409302
2,0.4999035894870758
3,0.9910445213317871
1,0.4988398253917694
4,0.9898227453231812
5,0.9947248101234436
2,0.7462254762649536
2,0.49990299344062805
3,0.9910401701927185
1,0.49885880947113037
4,0.9898236393928528
5,0.9947248101234436
2,0.7462003231048584
2,0.4999033510684967
3,0.9910337328910828
1,0.4988642632961273
4,0.9898213148117065
5,0.9947265982627869
2,0.7462083697319031
2,0.49990347027778625
3,0.9910438060760498
1,0.49884527921676636
4,0.9898202419281006
5,0.9947249293327332
2,0.7462306618690491
2,0.4999031722545624
3,0.9910394549369812
1,0.4988241493701935
4,0.9898203611373901
5,0.9947265982627869
2,0.7461839318275452
2,0.4999026954174042
3,0.9910411238670349
1,0.49885234236717224
4,0.9898231625556946
5,0.9947242140769958
2,0.746185839176178
2,0.4999035894870758
3,0.9910386204719543
1,0.4988264739513397
4,0.9898238778114319
5,0.9947250485420227
2,0.7461920380592346
2,0.4999036490917206
3,0.9910362958908081
1,0.4988458752632141
4,0.989822506904602
5,0.9947254061698914
2,0.7462112307548523
2,0.49990347027778625
3,0.9910445213317871
1,0.49887803196907043
4,0.9898220300674438
5,0.9947236776351929
2,0.7462076544761658
2,0.49990347027778625
3,0.9910379648208618
1,0.49881240725517273
4,0.9898227453231812
5,0.994724452495575
2,0.7461993098258972
2,0.49990347027778625
3,0.9910412430763245
1,0.49882012605667114
4,0.989822506904602
5,0.9947250485420227
2,0.746225893497467
2,0.4999035894870758
3,0.9910393357276917
1,0.49883684515953064
4,0.9898181557655334
5,0.994724690914154
2,0.7462276816368103
2,0.4999043047428131
3,0.9910314083099365
1,0.4988172650337219
4,0.9898231625556946
5,0.9947262406349182
2,0.7462112903594971
2,0.4999034106731415
3,0.9910451173782349
1,0.49885785579681396
4,0.9898229837417603
5,0.99472576379776
2,0.7462033629417419
2,0.49990347027778625
3,0.9910376071929932
1,0.49883386492729187
4,0.9898214340209961
5,0.9947254061698914
2,0.7462030053138733
2,0.49990329146385193
3,0.991041898727417
1,0.49886080622673035
4,0.9898247122764587
5,0.9947248101234436
2,0.7461772561073303
2,0.49990347027778625
3,0.9910414814949036
1,0.4988318085670471
4,0.9898208379745483
5,0.9947260022163391
2,0.7461991906166077
2,0.4999033510684967
3,0.9910427331924438
1,0.49883031845092773
4,0.9898216724395752
5,0.9947237968444824
2,0.7462043166160583
2,0.4999038279056549
3,0.9910396933555603
1,0.49886971712112427
4,0.989823043346405
5,0.9947250485420227
2,0.7461951375007629
2,0.49990370869636536
3,0.991038978099823
1,0.4988190531730652
4,0.989820122718811
5,0.994724690914154
2,0.7462196350097656
2,0.49990418553352356
3,0.991050124168396
1,0.49881529808044434
4,0.989822268486023
5,0.9947256445884705
2,0.7462154030799866
2,0.4999033510684967
3,0.9910356998443604
1,0.4988502562046051
4,0.9898226261138916
5,0.9947252869606018
2,0.7462224960327148
2,0.49990370869636536
3,0.9910349249839783
1,0.4988669753074646
4,0.9898214340209961
5,0.9947254061698914
2,0.7462095022201538
2,0.4999031126499176
3,0.9910373687744141
1,0.49886354804039
4,0.9898208379745483
5,0.9947252869606018
2,0.7462154626846313
2,0.49990347027778625
3,0.991042971611023
1,0.4988577961921692
4,0.9898210763931274
5,0.9947254061698914
2,0.7462021112442017
2,0.4999031722545624
3,0.9910355806350708
1,0.49884679913520813
4,0.9898210763931274
5,0.9947258830070496
2,0.7462113499641418
2,0.4999028742313385
3,0.991030216217041
1,0.49882271885871887
4,0.9898215532302856
5,0.994726836681366
2,0.7462021708488464
2,0.4999038279056549
3,0.9910365343093872
1,0.49881264567375183
4,0.9898243546485901
5,0.9947252869606018
2,0.746185302734375
2,0.49990323185920715
3,0.9910395741462708
1,0.49881431460380554
4,0.9898220300674438
5,0.9947240948677063
2,0.7462150454521179
2,0.4999033510684967
3,0.9910438060760498
1,0.4988691806793213
4,0.9898234009742737
5,0.9947250485420227
2,0.7461786866188049
2,0.4999033510684967
3,0.991032063961029
1,0.49885594844818115
4,0.9898226261138916
5,0.994726836681366
2,0.7461984753608704
2,0.4999034106731415
3,0.9910445213317871
1,0.498803973197937
4,0.9898238778114319
5,0.9947229623794556
2,0.7462185025215149
2,0.49990352988243103
3,0.9910417199134827
1,0.49880918860435486
4,0.9898219108581543
5,0.9947263598442078
2,0.746196985244751
2,0.4999033510684967
3,0.9910320043563843
1,0.4988403916358948
4,0.9898238778114319
5,0.99472576379776
2,0.7462191581726074
2,0.49990347027778625
3,0.9910434484481812
1,0.4988441467285156
4,0.9898213148117065
5,0.9947251677513123
2,0.7462210655212402
2,0.4999033510684967
3,0.9910423755645752
1,0.4988362491130829
4,0.9898220300674438
5,0.9947237968444824
2,0.7461892366409302
2,0.4999035894870758
3,0.9910383224487305
1,0.4988182783126831
4,0.9898207187652588
5,0.9947258830070496
2,0.7462131977081299
2,0.499904066324234
3,0.991041362285614
1,0.49885571002960205
4,0.9898219108581543
5,0.9947245717048645
2,0.7461891770362854
2,0.4999031126499176
3,0.9910365343093872
1,0.498850017786026
4,0.9898223876953125
5,0.994724452495575
2,0.7462022304534912
2,0.49990329146385193
3,0.991041898727417
1,0.49883025884628296
4,0.9898237586021423
5,0.9947258830070496
2,0.746195375919342
2,0.49990329146385193
3,0.9910386204719543
1,0.4988495409488678
4,0.9898243546485901
5,0.9947242140769958
2,0.7462129592895508
2,0.4999038279056549
3,0.991041362285614
1,0.49884241819381714
4,0.9898227453231812
5,0.9947245717048645
2,0.7461991310119629
2,0.49990329146385193
3,0.9910367727279663
1,0.4988514482975006
4,0.989824116230011
5,0.9947256445884705
2,0.7462106943130493
2,0.4999038875102997
3,0.9910337328910828
1,0.49881964921951294
4,0.989822268486023
5,0.9947264790534973
2,0.7462353706359863
2,0.4999033510684967
3,0.9910350441932678
1,0.4988437294960022
4,0.9898205995559692
5,0.9947255253791809
2,0.7462019324302673
2,0.49990352988243103
3,0.9910359382629395
1,0.4988189935684204
4,0.9898217916488647
5,0.9947255253791809
2,0.7462202310562134
2,0.4999031126499176
3,0.9910349249839783
1,0.49884727597236633
4,0.9898217916488647
5,0.9947249293327332
2,0.7462040185928345
2,0.49990370869636536
3,0.9910452961921692
1,0.49883198738098145
4,0.9898219108581543
5,0.9947232007980347
2,0.7462154626846313
2,0.49990299344062805
3,0.991031289100647
1,0.49883589148521423
4,0.9898227453231812
5,0.99472576379776
2,0.7462100982666016
2,0.49990323185920715
3,0.9910427331924438
1,0.4988148808479309
4,0.9898229837417603
5,0.9947255253791809
2,0.7461864352226257
2,0.49990299344062805
3,0.9910348057746887
1,0.49881625175476074
4,0.9898220300674438
5,0.9947243332862854
2,0.7461956143379211
2,0.49990347027778625
3,0.991044282913208
1,0.4988342821598053
4,0.989824116230011
5,0.9947255253791809
2,0.7461956739425659
2,0.49990352988243103
3,0.991038978099823
1,0.4988322854042053
4,0.9898219108581543
5,0.9947256445884705
2,0.7462290525436401
2,0.4999028742313385
3,0.9910410046577454
1,0.4988327622413635
4,0.9898216724395752
5,0.99472576379776
2,0.7461938858032227
2,0.4999034106731415
3,0.9910402894020081
1,0.4988345205783844
4,0.9898200631141663
5,0.9947255253791809
2,0.7461989521980286
2,0.499904066324234
3,0.9910424947738647
1,0.4988727271556854
4,0.9898220300674438
5,0.9947239756584167
2,0.7462015748023987
2,0.49990370869636536
3,0.9910344481468201
1,0.4988233745098114
4,0.9898215532302856
5,0.9947261214256287
2,0.7461957931518555
2,0.49990347027778625
3,0.9910398125648499
1,0.49880826473236084
4,0.9898226261138916
5,0.9947245717048645
2,0.7461855411529541
2,0.49990329146385193
3,0.9910390973091125
1,0.49884629249572754
4,0.9898232817649841
5,0.9947251677513123
2,0.746221661567688
2,0.4999029338359833
3,0.9910361766815186
1,0.49881893396377563
4,0.9898213148117065
5,0.9947250485420227
2,0.7462085485458374
2,0.499904066324234
3,0.9910394549369812
1,0.49882733821868896
4,0.9898214340209961
5,0.9947240948677063
2,0.7462300062179565
2,0.499904066324234
3,0.9910399317741394
1,0.49885180592536926
4,0.9898228645324707
5,0.9947234392166138
2,0.7462022304534912
2,0.49990347027778625
3,0.9910402894020081
1,0.4988388121128082
4,0.9898235201835632
5,0.9947248101234436
2,0.74620121717453
2,0.4999033510684967
3,0.9910377264022827
1,0.4988258183002472
4,0.9898228645324707
5,0.9947254061698914
2,0.7462400197982788
2,0.49990370869636536
3,0.9910414814949036
1,0.49883198738098145
4,0.9898177981376648
5,0.9947255253791809
2,0.746207058429718
2,0.4999035894870758
3,0.9910422563552856
1,0.49883797764778137
4,0.9898227453231812
5,0.9947255253791809
2,0.7462040185928345
2,0.4999043047428131
3,0.9910383224487305
1,0.4988510310649872
4,0.9898227453231812
5,0.9947250485420227
2,0.7462056279182434
2,0.49990323185920715
3,0.991032063961029
1,0.49884599447250366
4,0.9898250699043274
5,0.99472576379776
2,0.7462073564529419
2,0.49990347027778625
3,0.9910439252853394
1,0.49882641434669495
4,0.989823043346405
5,0.9947262406349182
2,0.7462173104286194
2,0.4999028742313385
3,0.9910368919372559
1,0.49883684515953064
4,0.9898221492767334
5,0.9947242140769958
2,0.746188759803772
2,0.4999034106731415
3,0.9910422563552856
1,0.4988190531730652
4,0.9898220300674438
5,0.9947252869606018
2,0.7462280988693237
2,0.49990323185920715
3,0.9910365343093872
1,0.49883386492729187
4,0.9898207187652588
5,0.9947254061698914
2,0.7462306022644043
2,0.49990347027778625
3,0.9910406470298767
1,0.4988402724266052
4,0.9898220300674438
5,0.9947264790534973
2,0.7462095618247986
2,0.49990352988243103
3,0.9910446405410767
1,0.4988255798816681
4,0.9898197054862976
5,0.9947258830070496
2,0.7462158203125
2,0.4999031722545624
3,0.9910434484481812
1,0.49885672330856323
4,0.9898200631141663
5,0.9947256445884705
2,0.7462019324302673
2,0.4999033510684967
3,0.9910385608673096
1,0.49886032938957214
4,0.9898242354393005
5,0.9947262406349182
2,0.7462124228477478
2,0.4999038875102997
3,0.9910338521003723
1,0.49885618686676025
4,0.9898216724395752
5,0.994724690914154
2,0.7461860775947571
2,0.4999038279056549
3,0.9910436868667603
1,0.49882805347442627
4,0.9898229837417603
5,0.9947235584259033
2,0.7461931109428406
2,0.49990370869636536
3,0.9910352826118469
1,0.4988188147544861
4,0.9898236393928528
5,0.9947264790534973
2,0.7462008595466614
2,0.49990329146385193
3,0.9910346865653992
1,0.4988180994987488
4,0.989823043346405
5,0.9947240948677063
2,0.7462479472160339
2,0.49990347027778625
3,0.9910451173782349
1,0.49883654713630676
4,0.9898213148117065
5,0.994724690914154
2,0.7461902499198914
2,0.4999031126499176
3,0.9910344481468201
1,0.4988725483417511
4,0.9898213148117065
5,0.9947243332862854
2,0.7461854219436646
2,0.4999035894870758
3,0.9910365343093872
1,0.49883079528808594
4,0.9898223876953125
5,0.9947262406349182
2,0.7461966276168823
2,0.49990323185920715
3,0.9910414814949036
1,0.49883079528808594
4,0.9898214340209961
5,0.994726836681366
2,0.746222198009491
2,0.4999033510684967
3,0.9910405278205872
1,0.4988318085670471
4,0.9898216724395752
5,0.9947237968444824
2,0.7462045550346375
2,0.4999035894870758
3,0.9910336136817932
1,0.498836487531662
4,0.9898195862770081
5,0.9947260022163391
2,0.7462189197540283
2,0.4999028742313385
3,0.9910420179367065
1,0.49885839223861694
4,0.9898215532302856
5,0.994724452495575
2,0.7462031841278076
2,0.49990352988243103
3,0.9910427331924438
1,0.49880972504615784
4,0.9898235201835632
5,0.994723916053772
2,0.7462174296379089
2,0.4999033510684967
3,0.9910439252853394
1,0.49881869554519653
4,0.9898221492767334
5,0.994726836681366
2,0.746218740940094
2,0.49990299344062805
3,0.9910433292388916
1,0.49884098768234253
4,0.9898220300674438
5,0.9947250485420227
2,0.7462161183357239
2,0.4999033510684967
3,0.991036057472229
1,0.4988132417201996
4,0.9898231625556946
5,0.9947256445884705
2,0.7462405562400818
2,0.49990299344062805
3,0.9910466074943542
1,0.49885427951812744
4,0.9898209571838379
5,0.9947242140769958
2,0.746211588382721
2,0.49990370869636536
3,0.9910379648208618
1,0.49885350465774536
4,0.9898209571838379
5,0.9947256445884705
2,0.7461825013160706
2,0.49990376830101013
3,0.9910330176353455
1,0.4988645017147064
4,0.9898191094398499
5,0.9947242140769958
2,0.7461981177330017
2,0.49990352988243103
3,0.9910383224487305
1,0.49882030487060547
4,0.9898217916488647
5,0.9947237968444824
2,0.7462090253829956
2,0.4999033510684967
3,0.9910378456115723
1,0.49883827567100525
4,0.9898223876953125
5,0.9947249293327332
2,0.7462120056152344
2,0.4999036490917206
3,0.9910427331924438
1,0.49884647130966187
4,0.9898215532302856
5,0.9947249293327332
2,0.7462356686592102
2,0.49990347027778625
3,0.9910310506820679
1,0.4988442063331604
4,0.9898213148117065
5,0.9947260022163391
2,0.7462022304534912
2,0.49990347027778625
3,0.9910366535186768
1,0.4988235533237457
4,0.9898200631141663
5,0.9947258830070496
2,0.7461966276168823
2,0.4999038279056549
3,0.9910387396812439
1,0.49882972240448
4,0.9898209571838379
5,0.99472576379776
2,0.7461971640586853
2,0.4999034106731415
3,0.9910355806350708
1,0.49884775280952454
4,0.9898209571838379
5,0.9947254061698914
2,0.7462055683135986
2,0.4999035894870758
3,0.9910348057746887
1,0.49885037541389465
4,0.9898207187652588
5,0.9947243332862854
2,0.7462047338485718
2,0.49990394711494446
3,0.9910385608673096
1,0.49880242347717285
4,0.9898208379745483
5,0.994724452495575
2,0.7462016940116882
2,0.49990347027778625
3,0.9910358190536499
1,0.49883517622947693
4,0.9898234009742737
5,0.9947250485420227
2,0.7462129592895508
2,0.4999031126499176
3,0.9910362958908081
1,0.4988270699977875
4,0.989822506904602
5,0.9947249293327332
2,0.7462196350097656
2,0.49990347027778625
3,0.9910495281219482
1,0.49882739782333374
4,0.9898234009742737
5,0.9947233200073242
2,0.7462170124053955
2,0.49990400671958923
3,0.9910380840301514
1,0.49882301688194275
4,0.9898210763931274
5,0.9947249293327332
2,0.7461987137794495
2,0.49990370869636536
3,0.9910378456115723
1,0.4988412857055664
4,0.9898216724395752
5,0.9947251677513123
2,0.7462083101272583
2,0.499904066324234
3,0.991037130355835
1,0.49885421991348267
4,0.9898204803466797
5,0.9947249293327332
2,0.7462126612663269
2,0.4999031722545624
3,0.99103844165802
1,0.49883827567100525
4,0.9898204803466797
5,0.9947242140769958
2,0.7462354302406311
2,0.4999031722545624
3,0.9910382032394409
1,0.49881964921951294
4,0.9898234009742737
5,0.9947265982627869
2,0.7462165951728821
2,0.4999038279056549
3,0.9910296201705933
1,0.4988466799259186
4,0.9898213148117065
5,0.9947258830070496
2,0.7461903691291809
2,0.49990376830101013
3,0.991041362285614
1,0.49883246421813965
4,0.9898242354393005
5,0.9947250485420227
2,0.7461764216423035
2,0.49990299344062805
3,0.9910359382629395
1,0.49882978200912476
4,0.9898226261138916
5,0.9947260022163391
2,0.7462040185928345
2,0.4999035894870758
3,0.9910399317741394
1,0.49885275959968567
4,0.989821195602417
5,0.9947240948677063
2,0.7462015151977539
2,0.4999035894870758
3,0.9910412430763245
1,0.4988497793674469
4,0.989820122718811
5,0.9947260022163391
2,0.7462041974067688
2,0.49990347027778625
3,0.9910422563552856
1,0.4988349974155426
4,0.9898234009742737
5,0.9947248101234436
2,0.7462209463119507
2,0.49990352988243103
3,0.9910420179367065
1,0.49885204434394836
4,0.9898215532302856
5,0.9947242140769958
2,0.7462074756622314
2,0.4999033510684967
3,0.9910414814949036
1,0.4988555312156677
4,0.9898207187652588
5,0.9947245717048645
2,0.7462214231491089
2,0.4999035894870758
3,0.9910392165184021
1,0.4988204836845398
4,0.9898226261138916
5,0.99472576379776
2,0.7462075352668762
2,0.49990376830101013
3,0.9910411238670349
1,0.4988288879394531
4,0.989822268486023
5,0.9947263598442078
2,0.7461914420127869
2,0.49990394711494446
3,0.9910373687744141
1,0.49884092807769775
4,0.9898234009742737
5,0.9947277903556824
2,0.7462193369865417
2,0.4999035894870758
3,0.9910438060760498
1,0.4988592863082886
4,0.989822268486023
5,0.9947232007980347
2,0.7461820244789124
2,0.4999031126499176
3,0.9910395741462708
1,0.4988430142402649
4,0.9898243546485901
5,0.9947264790534973
2,0.7461654543876648
2,0.49990370869636536
3,0.9910411238670349
1,0.4988586902618408
4,0.9898239970207214
5,0.994724452495575
2,0.7462206482887268
2,0.49990329146385193
3,0.9910340905189514
1,0.49884673953056335
4,0.9898216724395752
5,0.99472576379776
2,0.7462043166160583
2,0.49990394711494446
3,0.9910420179367065
1,0.498825341463089
4,0.989823043346405
5,0.9947255253791809
2,0.7461928129196167
2,0.4999038279056549
3,0.9910390973091125
1,0.4988270103931427
4,0.9898229837417603
5,0.9947258830070496
2,0.7461720705032349
2,0.49990329146385193
3,0.9910434484481812
1,0.49884679913520813
4,0.989822506904602
5,0.9947245717048645
2,0.7462205290794373
2,0.49990323185920715
3,0.9910387396812439
1,0.49883079528808594
4,0.9898228645324707
5,0.9947254061698914
2,0.7462202310562134
2,0.49990329146385193
3,0.9910318851470947
1,0.4988195300102234
4,0.9898235201835632
5,0.9947258830070496
2,0.7461898326873779
2,0.4999028742313385
3,0.9910396933555603
1,0.4988768398761749
4,0.9898207187652588
5,0.9947254061698914
2,0.7462095022201538
2,0.4999031126499176
3,0.9910370111465454
1,0.4988192915916443
4,0.989822506904602
5,0.9947236776351929
2,0.7461960315704346
2,0.4999031722545624
3,0.9910451769828796
1,0.4988539218902588
4,0.9898215532302856
5,0.99472576379776
2,0.7462171912193298
2,0.49990347027778625
3,0.9910392165184021
1,0.4988299012184143
4,0.9898234009742737
5,0.9947254061698914
2,0.7462007999420166
2,0.49990323185920715
3,0.9910349249839783
1,0.4988306760787964
4,0.989823043346405
5,0.9947254061698914
2,0.7462080121040344
2,0.4999038279056549
3,0.9910380840301514
1,0.4988463521003723
4,0.9898216724395752
5,0.9947245717048645
2,0.7462129592895508
2,0.49990323185920715
3,0.9910377264022827
1,0.4988585114479065
4,0.9898215532302856
5,0.9947245717048645
2,0.7462143301963806
2,0.4999033510684967
3,0.9910407662391663
1,0.498871386051178
4,0.9898213148117065
5,0.994724690914154
2,0.7462113499641418
2,0.49990299344062805
3,0.9910362958908081
1,0.49883025884628296
4,0.9898213148117065
5,0.9947256445884705
2,0.7462120056152344
2,0.49990352988243103
3,0.9910423755645752
1,0.4988090693950653
4,0.989822268486023
5,0.9947255253791809
2,0.7462108731269836
2,0.4999038279056549
3,0.9910422563552856
1,0.4988608658313751
4,0.9898213148117065
5,0.9947261214256287
2,0.7462365031242371
2,0.4999038875102997
3,0.9910458922386169
1,0.49882224202156067
4,0.9898232817649841
5,0.994726836681366
2,0.7462351322174072
2,0.499904066324234
3,0.991044282913208
1,0.49884697794914246
4,0.9898226261138916
5,0.994724452495575
2,0.7462059855461121
2,0.49990323185920715
3,0.9910423755645752
1,0.4988180994987488
4,0.9898197054862976
5,0.994724690914154
2,0.7461920380592346
2,0.4999031722545624
3,0.9910368919372559
1,0.49881264567375183
4,0.9898208379745483
5,0.9947256445884705
2,0.7461784482002258
2,0.4999036490917206
3,0.9910405278205872
1,0.4988185167312622
4,0.9898210763931274
5,0.9947242140769958
2,0.7461960911750793
2,0.4999035894870758
3,0.9910370111465454
1,0.4988381564617157
4,0.9898208379745483
5,0.9947248101234436
2,0.7462192177772522
2,0.49990370869636536
3,0.9910435676574707
1,0.4988490045070648
4,0.9898215532302856
5,0.9947262406349182
2,0.7461950778961182
2,0.49990329146385193
3,0.9910356998443604
1,0.49882829189300537
4,0.989822506904602
5,0.994723916053772
2,0.7462179064750671
2,0.49990323185920715
3,0.9910407662391663
1,0.4988526403903961
4,0.9898202419281006
5,0.994722843170166
2,0.7462253570556641
2,0.499904066324234
3,0.9910393357276917
1,0.4988483488559723
4,0.9898235201835632
5,0.9947261214256287
2,0.7462440729141235
2,0.49990299344062805
3,0.9910451769828796
1,0.49883827567100525
4,0.9898227453231812
5,0.99472576379776
2,0.7462429404258728
2,0.4999028146266937
3,0.9910484552383423
1,0.49882060289382935
4,0.9898213148117065
5,0.9947258830070496
2,0.7462203502655029
2,0.49990352988243103
3,0.9910424947738647
1,0.4988328218460083
4,0.9898203611373901
5,0.9947245717048645
2,0.7462120056152344
2,0.4999030530452728
3,0.991038978099823
1,0.4988592863082886
4,0.9898188710212708
5,0.994723916053772
2,0.7462055683135986
2,0.4999036490917206
3,0.9910448789596558
1,0.4988167881965637
4,0.9898220300674438
5,0.9947262406349182
2,0.7461546063423157
2,0.4999031126499176
3,0.9910334944725037
1,0.4988480508327484
4,0.9898250699043274
5,0.9947261214256287
2,0.7462041974067688
2,0.4999034106731415
3,0.9910426139831543
1,0.4988512098789215
4,0.9898227453231812
5,0.99472576379776
2,0.7462097406387329
2,0.49990370869636536
3,0.9910378456115723
1,0.49882152676582336
4,0.9898199439048767
5,0.9947261214256287
2,0.7462347149848938
2,0.4999033510684967
3,0.9910395741462708
1,0.4988442659378052
4,0.9898221492767334
5,0.9947237968444824
2,0.7462083101272583
2,0.49990347027778625
3,0.9910402894020081
1,0.4988495409488678
4,0.9898209571838379
5,0.9947245717048645
2,0.7462254166603088
2,0.499904066324234
3,0.9910338521003723
1,0.49882972240448
4,0.9898229837417603
5,0.9947243332862854
2,0.7462201118469238
2,0.49990347027778625
3,0.9910337328910828
1,0.49883365631103516
4,0.989823043346405
5,0.9947270750999451
2,0.7462032437324524
2,0.49990352988243103
3,0.9910405278205872
1,0.49882036447525024
4,0.9898204803466797
5,0.9947240948677063
2,0.7461768984794617
2,0.49990347027778625
3,0.9910410046577454
1,0.4988233149051666
4,0.9898237586021423
5,0.9947254061698914
2,0.7462022304534912
2,0.4999038279056549
3,0.9910356998443604
1,0.498838871717453
4,0.9898223876953125
5,0.9947235584259033
2,0.746177077293396
2,0.49990370869636536
3,0.9910433292388916
1,0.4988459348678589
4,0.9898216724395752
5,0.9947243332862854
2,0.7461755275726318
2,0.4999033510684967
3,0.9910340905189514
1,0.4988299608230591
4,0.9898209571838379
5,0.9947249293327332
2,0.7462162375450134
2,0.4999038279056549
3,0.9910449981689453
1,0.49882060289382935
4,0.989822506904602
5,0.9947252869606018
2,0.7462090253829956
2,0.49990352988243103
3,0.991038978099823
1,0.4988264739513397
4,0.9898219108581543
5,0.9947245717048645
2,0.7461758255958557
2,0.4999036490917206
3,0.991040050983429
1,0.4988125264644623
4,0.9898217916488647
5,0.9947258830070496
2,0.7462072968482971
2,0.4999038279056549
3,0.9910365343093872
1,0.49881941080093384
4,0.9898216724395752
5,0.9947262406349182
2,0.7461702227592468
2,0.4999031126499176
3,0.9910377264022827
1,0.4988453984260559
4,0.989821195602417
5,0.9947264790534973
2,0.7462111115455627
2,0.49990442395210266
3,0.9910451173782349
1,0.49884504079818726
4,0.9898217916488647
5,0.994724452495575
2,0.7461966276168823
2,0.4999028742313385
3,0.9910370111465454
1,0.4988560676574707
4,0.9898216724395752
5,0.9947256445884705
2,0.7461899518966675
2,0.49990323185920715
3,0.9910455346107483
1,0.4988120496273041
4,0.9898245930671692
5,0.9947243332862854
2,0.7462167143821716
2,0.49990370869636536
3,0.9910412430763245
1,0.4988348186016083
4,0.989820122718811
5,0.9947227239608765
2,0.7462043166160583
2,0.49990347027778625
3,0.991041362285614
1,0.49882468581199646
4,0.9898220300674438
5,0.9947251677513123
2,0.7461947798728943
2,0.49990323185920715
3,0.991037130355835
1,0.4988461136817932
4,0.9898259043693542
5,0.9947252869606018
2,0.7462104558944702
2,0.49990347027778625
3,0.9910385608673096
1,0.4988018572330475
4,0.9898242354393005
5,0.9947248101234436
2,0.7461956143379211
2,0.49990370869636536
3,0.9910368919372559
1,0.49885380268096924
4,0.9898216724395752
5,0.9947264790534973
2,0.7461972236633301
2,0.49990442395210266
3,0.9910318851470947
1,0.4988057613372803
4,0.9898203611373901
5,0.9947249293327332
2,0.7461951375007629
2,0.4999031722545624
3,0.9910515546798706
1,0.4988430142402649
4,0.9898234009742737
5,0.9947256445884705
2,0.746198296546936
2,0.49990400671958923
3,0.9910344481468201
1,0.49882110953330994
4,0.9898204803466797
5,0.9947245717048645
2,0.7461997270584106
2,0.49990299344062805
3,0.9910416007041931
1,0.49883803725242615
4,0.9898209571838379
5,0.9947249293327332
2,0.7462061047554016
2,0.49990370869636536
3,0.991040050983429
1,0.4988235533237457
4,0.9898237586021423
5,0.9947251677513123
2,0.7462170124053955
2,0.4999026954174042
3,0.9910354614257812
1,0.4988391697406769
4,0.9898209571838379
5,0.9947252869606018
2,0.7462124228477478
2,0.4999035894870758
3,0.9910421371459961
1,0.49881720542907715
4,0.9898204803466797
5,0.99472576379776
2,0.7461934685707092
2,0.4999031722545624
3,0.991040050983429
1,0.49881798028945923
4,0.9898243546485901
5,0.9947255253791809
2,0.7462144494056702
2,0.4999028742313385
3,0.991041898727417
1,0.4988195300102234
4,0.9898234009742737
5,0.9947255253791809
2,0.7462009787559509
2,0.4999038875102997
3,0.991041898727417
1,0.49881988763809204
4,0.9898236393928528
5,0.994724690914154
2,0.7462064623832703
2,0.4999038279056549
3,0.9910372495651245
1,0.4988348186016083
4,0.9898245930671692
5,0.9947249293327332
2,0.7461860179901123
2,0.4999035894870758
3,0.9910385608673096
1,0.498852401971817
4,0.9898228645324707
5,0.9947262406349182
2,0.7461469769477844
2,0.4999033510684967
3,0.9910349249839783
1,0.49884918332099915
4,0.9898244738578796
5,0.9947249293327332
2,0.7461968064308167
2,0.4999036490917206
3,0.9910358190536499
1,0.4988384544849396
4,0.9898221492767334
5,0.9947251677513123
2,0.7462060451507568
2,0.49990394711494446
3,0.9910346865653992
1,0.49885180592536926
4,0.9898228645324707
5,0.9947264790534973
2,0.746194064617157
2,0.49990347027778625
3,0.9910445213317871
1,0.4988023638725281
4,0.9898229837417603
5,0.9947263598442078
2,0.7462242245674133
2,0.49990352988243103
3,0.9910344481468201
1,0.4988473951816559
4,0.9898208379745483
5,0.994724690914154
2,0.7462020516395569
2,0.4999034106731415
3,0.9910430908203125
1,0.49883684515953064
4,0.989822268486023
5,0.9947243332862854
2,0.7462399005889893
2,0.4999035894870758
3,0.991047203540802
1,0.49883851408958435
4,0.9898215532302856
5,0.994724452495575
2,0.7462085485458374
2,0.49990323185920715
3,0.9910439252853394
1,0.4988262355327606
4,0.9898244738578796
5,0.9947254061698914
2,0.7462179660797119
2,0.4999033510684967
3,0.9910392165184021
1,0.49883341789245605
4,0.9898232817649841
5,0.9947233200073242
2,0.7461963295936584
2,0.49990347027778625
3,0.9910399317741394
1,0.49883946776390076
4,0.9898219108581543
5,0.9947267174720764
2,0.7461983561515808
2,0.49990323185920715
3,0.9910417199134827
1,0.49886152148246765
4,0.9898239970207214
5,0.9947249293327332
2,0.7462061047554016
2,0.49990347027778625
3,0.991034209728241
1,0.49884432554244995
4,0.9898223876953125
5,0.9947270750999451
2,0.746173620223999
2,0.49990323185920715
3,0.9910426139831543
1,0.4988239109516144
4,0.9898229837417603
5,0.994724690914154
2,0.7462073564529419
2,0.49990352988243103
3,0.9910374879837036
1,0.4988204836845398
4,0.9898209571838379
5,0.9947233200073242
2,0.7462152242660522
2,0.49990323185920715
3,0.9910414814949036
1,0.49883565306663513
4,0.9898214340209961
5,0.994724690914154
2,0.7461646199226379
2,0.49990370869636536
3,0.9910336136817932
1,0.49884703755378723
4,0.989822506904602
5,0.994726836681366
2,0.746214747428894
2,0.49990370869636536
3,0.9910417199134827
1,0.49883607029914856
4,0.9898232817649841
5,0.9947252869606018
2,0.7462006211280823
2,0.49990418553352356
3,0.9910337328910828
1,0.49883517622947693
4,0.989822268486023
5,0.9947245717048645
2,0.7462085485458374
2,0.4999035894870758
3,0.9910439252853394
1,0.4988376796245575
4,0.9898213148117065
5,0.9947261214256287
2,0.7461851835250854
2,0.4999035894870758
3,0.9910467267036438
1,0.49882829189300537
4,0.989823043346405
5,0.9947258830070496
2,0.7462273240089417
2,0.4999036490917206
3,0.9910324215888977
1,0.4988148808479309
4,0.9898217916488647
5,0.99472576379776
2,0.7462010979652405
2,0.49990329146385193
3,0.9910469651222229
1,0.4988623559474945
4,0.9898239970207214
5,0.994724452495575
2,0.7462166547775269
2,0.4999031722545624
3,0.991044282913208
1,0.49881643056869507
4,0.9898215532302856
5,0.9947261214256287
2,0.7462071180343628
2,0.4999038279056549
3,0.991048276424408
1,0.49884456396102905
4,0.989822268486023
5,0.9947251677513123
2,0.7461875677108765
2,0.49990323185920715
3,0.9910411238670349
1,0.49882271885871887
4,0.9898228645324707
5,0.9947255253791809
2,0.7461888194084167
2,0.49990329146385193
3,0.9910462498664856
1,0.49885275959968567
4,0.9898209571838379
5,0.9947249293327332
2,0.7462227940559387
2,0.4999035894870758
3,0.991044282913208
1,0.4988434910774231
4,0.9898247122764587
5,0.9947251677513123
2,0.7462213635444641
2,0.4999035894870758
3,0.9910359382629395
1,0.49884480237960815
4,0.9898238778114319
5,0.9947254061698914
2,0.7462040185928345
2,0.49990347027778625
3,0.9910441637039185
1,0.49882546067237854
4,0.9898219108581543
5,0.9947261214256287
2,0.7462044358253479
2,0.49990323185920715
3,0.991038978099823
1,0.49884289503097534
4,0.9898213148117065
5,0.99472576379776
2,0.746224582195282
2,0.49990370869636536
3,0.9910368919372559
1,0.49884551763534546
4,0.9898231625556946
5,0.9947250485420227
2,0.7462035417556763
2,0.49990347027778625
3,0.9910395741462708
1,0.4988481104373932
4,0.9898216724395752
5,0.9947265982627869
2,0.7461949586868286
2,0.499904066324234
3,0.9910344481468201
1,0.4988303780555725
4,0.9898227453231812
5,0.9947261214256287
2,0.7462335228919983
2,0.4999035894870758
3,0.9910374879837036
1,0.4988352954387665
4,0.9898216724395752
5,0.9947248101234436
2,0.7462276816368103
2,0.49990299344062805
3,0.9910398125648499
1,0.4988204836845398
4,0.9898209571838379
5,0.9947249293327332
2,0.7461918592453003
2,0.49990275502204895
3,0.9910364151000977
1,0.49882128834724426
4,0.989823043346405
5,0.9947258830070496
2,0.7461761236190796
2,0.4999033510684967
3,0.991044282913208
1,0.4988153576850891
4,0.9898208379745483
5,0.9947260022163391
2,0.746206521987915
2,0.49990376830101013
3,0.9910404086112976
1,0.49882200360298157
4,0.9898239970207214
5,0.9947254061698914
2,0.7462434768676758
2,0.4999035894870758
3,0.9910405278205872
1,0.4988372027873993
4,0.9898227453231812
5,0.9947251677513123
2,0.7462000846862793
2,0.4999034106731415
3,0.991044282913208
1,0.49882206320762634
4,0.9898199439048767
5,0.994726836681366
2,0.7461815476417542
2,0.49990329146385193
3,0.9910356998443604
1,0.4988383948802948
4,0.9898229837417603
5,0.9947249293327332
2,0.7462223768234253
2,0.49990370869636536
3,0.9910379648208618
1,0.49883726239204407
4,0.989824116230011
5,0.994724452495575
2,0.746191143989563
2,0.49990370869636536
3,0.9910414814949036
1,0.4988228976726532
4,0.9898217916488647
5,0.994724690914154
2,0.7462190389633179
2,0.49990376830101013
3,0.9910416007041931
1,0.49882733821868896
4,0.9898208379745483
5,0.9947254061698914
2,0.7462111711502075
2,0.4999036490917206
3,0.9910383224487305
1,0.49880677461624146
4,0.9898220300674438
5,0.9947249293327332
2,0.7461925148963928
2,0.49990347027778625
3,0.9910412430763245
1,0.498815655708313
4,0.9898223876953125
5,0.9947264790534973
2,0.7462198734283447
2,0.4999030530452728
3,0.9910422563552856
1,0.4988349378108978
4,0.9898205995559692
5,0.9947232007980347
2,0.7462101578712463
2,0.4999035894870758
3,0.9910386204719543
1,0.49883607029914856
4,0.989823043346405
5,0.9947239756584167
2,0.7462133169174194
2,0.4999035894870758
3,0.9910385608673096
1,0.4988415241241455
4,0.9898220300674438
5,0.99472576379776
2,0.7462169528007507
2,0.49990442395210266
3,0.9910394549369812
1,0.4988420009613037
4,0.9898221492767334
5,0.9947250485420227
2,0.7462105751037598
2,0.49990329146385193
3,0.9910330176353455
1,0.49882984161376953
4,0.9898238778114319
5,0.9947255253791809
2,0.7462123036384583
2,0.49990347027778625
3,0.9910444021224976
1,0.49882444739341736
4,0.9898219108581543
5,0.9947251677513123
2,0.7462146878242493
2,0.4999035894870758
3,0.991041362285614
1,0.49884656071662903
4,0.9898226261138916
5,0.9947242140769958
2,0.7462348341941833
2,0.49990370869636536
3,0.9910325407981873
1,0.49882546067237854
4,0.9898223876953125
5,0.9947254061698914
2,0.7462203502655029
2,0.4999033510684967
3,0.9910401701927185
1,0.49884241819381714
4,0.9898204803466797
5,0.9947255253791809
2,0.7462001442909241
2,0.4999031126499176
3,0.9910427331924438
1,0.49884557723999023
4,0.9898209571838379
5,0.9947255253791809
2,0.7462271451950073
2,0.4999031126499176
3,0.9910388588905334
1,0.4988652169704437
4,0.9898217916488647
5,0.9947267174720764
2,0.7462477684020996
2,0.4999038279056549
3,0.9910370111465454
1,0.49883222579956055
4,0.9898221492767334
5,0.9947262406349182
2,0.7462001442909241
2,0.49990370869636536
3,0.9910392165184021
1,0.49885234236717224
4,0.9898231625556946
5,0.9947249293327332
2,0.7461974024772644
2,0.4999036490917206
3,0.9910440444946289
1,0.49884673953056335
4,0.9898232817649841
5,0.99472576379776
2,0.7462341785430908
2,0.49990323185920715
3,0.9910447597503662
1,0.4988287091255188
4,0.9898234009742737
5,0.9947233200073242
2,0.7462133169174194
2,0.49990299344062805
3,0.9910387396812439
1,0.49882450699806213
4,0.989822268486023
5,0.9947265982627869
2,0.7461984157562256
2,0.49990329146385193
3,0.9910353422164917
1,0.4988011419773102
4,0.9898237586021423
5,0.9947249293327332
2,0.7462120056152344
2,0.49990347027778625
3,0.9910380840301514
1,0.49883294105529785
4,0.9898236393928528
5,0.9947251677513123
2,0.7461877465248108
2,0.4999035894870758
3,0.9910463690757751
1,0.4988080859184265
4,0.9898238778114319
5,0.9947262406349182
2,0.746211588382721
2,0.4999036490917206
3,0.9910402894020081
1,0.49885594844818115
4,0.9898205995559692
5,0.9947252869606018
2,0.7461786866188049
2,0.49990370869636536
3,0.9910473227500916
1,0.49886709451675415
4,0.9898223876953125
5,0.9947237968444824
2,0.7462134957313538
2,0.4999025762081146
3,0.9910420179367065
1,0.4988401532173157
4,0.9898209571838379
5,0.9947248101234436
2,0.7462085485458374
2,0.49990370869636536
3,0.9910340905189514
1,0.49882474541664124
4,0.9898219108581543
5,0.994724690914154
2,0.7462211847305298
2,0.4999043047428131
3,0.9910416007041931
1,0.49886438250541687
4,0.9898257851600647
5,0.9947252869606018
2,0.7461972832679749
2,0.4999035894870758
3,0.9910401701927185
1,0.49885985255241394
4,0.9898232817649841
5,0.9947265982627869
2,0.7462084889411926
2,0.49990394711494446
3,0.9910359382629395
1,0.49883851408958435
4,0.9898208379745483
5,0.9947242140769958
2,0.7461948990821838
2,0.49990347027778625
3,0.9910469651222229
1,0.49882757663726807
4,0.9898215532302856
5,0.9947265982627869
2,0.7461671233177185
2,0.49990370869636536
3,0.9910344481468201
1,0.49885714054107666
4,0.9898245930671692
5,0.9947234392166138
2,0.7462183833122253
2,0.49990394711494446
3,0.9910325407981873
1,0.49883192777633667
4,0.9898226261138916
5,0.9947250485420227
2,0.7461988925933838
2,0.49990400671958923
3,0.9910392165184021
1,0.4988284111022949
4,0.9898199439048767
5,0.9947249293327332
2,0.7462258338928223
2,0.4999031126499176
3,0.9910368919372559
1,0.49880653619766235
4,0.9898219108581543
5,0.9947235584259033
2,0.7461864948272705
2,0.4999034106731415
3,0.9910424947738647
1,0.49884456396102905
4,0.9898195862770081
5,0.9947249293327332
2,0.7462060451507568
2,0.4999036490917206
3,0.9910457730293274
1,0.49881511926651
4,0.9898228645324707
5,0.9947254061698914
2,0.746212363243103
2,0.49990329146385193
3,0.9910406470298767
1,0.4988551139831543
4,0.989822268486023
5,0.9947248101234436
2,0.7462098002433777
2,0.4999038279056549
3,0.9910433292388916
1,0.49881511926651
4,0.9898219108581543
5,0.9947245717048645
2,0.7462249994277954
2,0.49990323185920715
3,0.9910361766815186
1,0.4988342225551605
4,0.9898232817649841
5,0.99472576379776
2,0.7462059855461121
2,0.49990323185920715
3,0.9910373687744141
1,0.49883607029914856
4,0.9898209571838379
5,0.9947255253791809
2,0.7462039589881897
2,0.49990347027778625
3,0.9910422563552856
1,0.49882960319519043
4,0.9898236393928528
5,0.9947252869606018
2,0.7461888194084167
2,0.4999034106731415
3,0.991044282913208
1,0.49885475635528564
4,0.9898210763931274
5,0.994724452495575
2,0.7461751103401184
2,0.4999033510684967
3,0.9910428524017334
1,0.498822957277298
4,0.9898247122764587
5,0.9947255253791809
2,0.7461939454078674
2,0.4999035894870758
3,0.9910378456115723
1,0.49883410334587097
4,0.9898226261138916
5,0.9947263598442078
2,0.7462045550346375
2,0.4999034106731415
3,0.9910480380058289
1,0.49884480237960815
4,0.9898217916488647
5,0.9947245717048645
2,0.7462050914764404
2,0.499904066324234
3,0.991051197052002
1,0.4988367259502411
4,0.9898207187652588
5,0.9947276711463928
2,0.7462166547775269
2,0.4999029338359833
3,0.9910430908203125
1,0.4988599717617035
4,0.9898207187652588
5,0.9947256445884705
2,0.7462161779403687
2,0.49990394711494446
3,0.9910398125648499
1,0.4988192915916443
4,0.9898242354393005
5,0.9947263598442078
2,0.7462048530578613
2,0.49990329146385193
3,0.9910365343093872
1,0.49883079528808594
4,0.9898221492767334
5,0.9947262406349182
2,0.7462146282196045
2,0.4999034106731415
3,0.9910379648208618
1,0.4988444447517395
4,0.9898204803466797
5,0.9947254061698914
2,0.7461875677108765
2,0.49990370869636536
3,0.9910395741462708
1,0.49886223673820496
4,0.9898217916488647
5,0.9947250485420227
2,0.7461990714073181
2,0.49990323185920715
3,0.9910456538200378
1,0.49880221486091614
4,0.9898223876953125
5,0.9947256445884705
2,0.7462114095687866
2,0.4999029338359833
3,0.9910433292388916
1,0.4988512098789215
4,0.9898239970207214
5,0.994726836681366
2,0.746209979057312
2,0.4999038279056549
3,0.9910368919372559
1,0.4988376796245575
4,0.9898228645324707
5,0.9947261214256287
2,0.7462242245674133
2,0.4999035894870758
3,0.9910383224487305
1,0.4988248646259308
4,0.9898242354393005
5,0.9947249293327332
2,0.7462235689163208
2,0.4999033510684967
3,0.9910348057746887
1,0.49882739782333374
4,0.9898208379745483
5,0.994724452495575
2,0.7461997270584106
2,0.4999041259288788
3,0.9910338521003723
1,0.4988238513469696
4,0.9898213148117065
5,0.9947248101234436
2,0.7462243437767029
2,0.4999029338359833
3,0.9910362958908081
1,0.4988664984703064
4,0.9898209571838379
5,0.9947256445884705
2,0.7462195754051208
2,0.4999033510684967
3,0.9910412430763245
1,0.4988058805465698
4,0.9898231625556946
5,0.9947245717048645
2,0.7462184429168701
2,0.499904066324234
3,0.9910387396812439
1,0.49880433082580566
4,0.9898248314857483
5,0.9947250485420227
2,0.7462214827537537
2,0.4999031722545624
3,0.9910407662391663
1,0.49883270263671875
4,0.989822268486023
5,0.9947260022163391
2,0.7462183833122253
2,0.4999033510684967
3,0.9910352826118469
1,0.4988376796245575
4,0.9898220300674438
5,0.9947262406349182
2,0.7461942434310913
2,0.4999028742313385
3,0.991044282913208
1,0.4988398253917694
4,0.9898234009742737
5,0.9947254061698914
2,0.7462337017059326
2,0.49990347027778625
3,0.9910339713096619
1,0.49885451793670654
4,0.9898238778114319
5,0.9947237968444824
2,0.7462085485458374
2,0.49990347027778625
3,0.9910420179367065
1,0.4988294839859009
4,0.9898244738578796
5,0.9947256445884705
2,0.7461787462234497
2,0.4999036490917206
3,0.9910393357276917
1,0.49885204434394836
4,0.9898223876953125
5,0.9947249293327332
2,0.7462154030799866
2,0.49990352988243103
3,0.9910474419593811
1,0.49883660674095154
4,0.9898227453231812
5,0.9947262406349182
2,0.7462142705917358
2,0.4999033510684967
3,0.9910326600074768
1,0.49884846806526184
4,0.9898251891136169
5,0.994724690914154
2,0.7461919784545898
2,0.49990329146385193
3,0.9910362958908081
1,0.49884557723999023
4,0.9898237586021423
5,0.9947263598442078
2,0.7462136149406433
2,0.4999036490917206
3,0.9910402894020081
1,0.4988543391227722
4,0.989822268486023
5,0.9947254061698914
2,0.7462234497070312
2,0.4999035894870758
3,0.9910496473312378
1,0.4988178610801697
4,0.9898215532302856
5,0.9947256445884705
2,0.7461849451065063
2,0.4999031722545624
3,0.9910447597503662
1,0.49884000420570374
4,0.9898213148117065
5,0.9947245717048645
2,0.7462126612663269
2,0.4999033510684967
3,0.9910388588905334
1,0.49881383776664734
4,0.9898221492767334
5,0.9947264790534973
2,0.7462359070777893
2,0.4999033510684967
3,0.9910374879837036
1,0.49884751439094543
4,0.9898232817649841
5,0.9947256445884705
2,0.7462218403816223
2,0.49990347027778625
3,0.9910367727279663
1,0.4988355338573456
4,0.9898229837417603
5,0.9947261214256287
2,0.7461985349655151
2,0.49990347027778625
3,0.9910373687744141
1,0.4988316297531128
4,0.989819347858429
5,0.9947249293327332
2,0.746167004108429
2,0.49990347027778625
3,0.9910370111465454
1,0.4988171458244324
4,0.9898229837417603
5,0.9947243332862854
2,0.7462568879127502
2,0.4999033510684967
3,0.9910436868667603
1,0.4988369047641754
4,0.9898229837417603
5,0.9947235584259033
2,0.7462006211280823
2,0.49990370869636536
3,0.9910387396812439
1,0.4988425374031067
4,0.9898219108581543
5,0.9947250485420227
2,0.7462218403816223
2,0.4999031722545624
3,0.9910424947738647
1,0.498850017786026
4,0.9898219108581543
5,0.9947251677513123
2,0.7462015748023987
2,0.4999033510684967
3,0.9910321831703186
1,0.49882516264915466
4,0.989824116230011
5,0.9947252869606018
2,0.7461793422698975
2,0.4999036490917206
3,0.991044282913208
1,0.49884623289108276
4,0.989823043346405
5,0.9947251677513123
2,0.7462035417556763
2,0.4999033510684967
3,0.9910380840301514
1,0.4988324046134949
4,0.9898189902305603
5,0.9947248101234436
2,0.7462109923362732
2,0.4999035894870758
3,0.9910346865653992
1,0.4988436698913574
4,0.9898210763931274
5,0.9947248101234436
2,0.7461979389190674
2,0.49990347027778625
3,0.9910359382629395
1,0.4988516867160797
4,0.9898203611373901
5,0.9947261214256287
2,0.7462212443351746
2,0.49990329146385193
3,0.9910354614257812
1,0.4988398253917694
4,0.9898209571838379
5,0.9947240948677063
2,0.7461896538734436
2,0.4999036490917206
3,0.9910359382629395
1,0.4988355338573456
4,0.9898208379745483
5,0.9947250485420227
2,0.7462126016616821
2,0.49990370869636536
3,0.9910422563552856
1,0.49882587790489197
4,0.9898214340209961
5,0.9947269558906555
2,0.7461934685707092
2,0.49990347027778625
3,0.9910367727279663
1,0.4988255202770233
4,0.9898204803466797
5,0.994726836681366
2,0.7462248802185059
2,0.4999038279056549
3,0.9910372495651245
1,0.4988272488117218
4,0.9898242354393005
5,0.9947242140769958
2,0.7461870312690735
2,0.49990299344062805
3,0.9910372495651245
1,0.4988497793674469
4,0.989823043346405
5,0.9947249293327332
2,0.7462192177772522
2,0.4999030530452728
3,0.9910411238670349
1,0.49885228276252747
4,0.9898214340209961
5,0.9947267174720764
2,0.7462132573127747
2,0.49990299344062805
3,0.9910373687744141
1,0.4988090693950653
4,0.989822268486023
5,0.9947249293327332
2,0.7461948990821838
2,0.49990370869636536
3,0.9910418391227722
1,0.4988016188144684
4,0.9898216724395752
5,0.9947256445884705
2,0.7462015151977539
2,0.49990370869636536
3,0.9910451173782349
1,0.4988076686859131
4,0.9898216724395752
5,0.9947240948677063
2,0.746191143989563
2,0.49990448355674744
3,0.9910386204719543
1,0.4988443851470947
4,0.9898220300674438
5,0.9947276711463928
2,0.7461878657341003
2,0.49990352988243103
3,0.9910377264022827
1,0.4988398253917694
4,0.9898221492767334
5,0.994724690914154
2,0.7462159991264343
2,0.49990323185920715
3,0.9910392165184021
1,0.4988650977611542
4,0.9898235201835632
5,0.994724690914154
2,0.7461867928504944
2,0.4999031722545624
3,0.9910418391227722
1,0.498811274766922
4,0.9898210763931274
5,0.9947248101234436
2,0.7461950182914734
2,0.4999031126499176
3,0.9910464882850647
1,0.4988415241241455
4,0.9898235201835632
5,0.994724452495575
2,0.7462106943130493
2,0.49990347027778625
3,0.9910406470298767
1,0.4988464117050171
4,0.9898229837417603
5,0.9947248101234436
2,0.7462092041969299
2,0.4999038279056549
3,0.9910426139831543
1,0.4988127648830414
4,0.9898214340209961
5,0.9947237968444824
2,0.746191143989563
2,0.4999033510684967
3,0.991036057472229
1,0.4988369643688202
4,0.9898208379745483
5,0.9947258830070496
2,0.7462257146835327
2,0.4999028742313385
3,0.9910422563552856
1,0.4988580346107483
4,0.9898236393928528
5,0.994726836681366
2,0.7462159991264343
2,0.49990299344062805
3,0.9910441637039185
1,0.4988473951816559
4,0.9898223876953125
5,0.994724690914154
2,0.7461951375007629
2,0.49990370869636536
3,0.9910421371459961
1,0.49884697794914246
4,0.989819347858429
5,0.994724690914154
2,0.7461954355239868
2,0.499904066324234
3,0.9910434484481812
1,0.49883103370666504
4,0.9898223876953125
5,0.9947248101234436
2,0.7462059855461121
2,0.49990370869636536
3,0.9910380840301514
1,0.4988740384578705
4,0.9898208379745483
5,0.9947262406349182
2,0.7462263703346252
2,0.4999029338359833
3,0.9910367727279663
1,0.49883726239204407
4,0.9898239970207214
5,0.9947254061698914
2,0.746209442615509
2,0.4999038279056549
3,0.9910460114479065
1,0.49882176518440247
4,0.9898221492767334
5,0.9947248101234436
2,0.7462096810340881
2,0.49990299344062805
3,0.9910378456115723
1,0.49884721636772156
4,0.9898221492767334
5,0.9947255253791809
2,0.7462056875228882
2,0.49990347027778625
3,0.9910356998443604
1,0.4988322854042053
4,0.9898221492767334
5,0.9947239756584167
2,0.7462007403373718
2,0.4999038279056549
3,0.9910427331924438
1,0.49884456396102905
4,0.9898198246955872
5,0.9947242140769958
2,0.746224582195282
2,0.4999038279056549
3,0.9910483956336975
1,0.4988233149051666
4,0.9898217916488647
5,0.9947251677513123
2,0.7462114691734314
2,0.4999035894870758
3,0.9910379648208618
1,0.4988604485988617
4,0.989824116230011
5,0.9947249293327332
2,0.7462166547775269
2,0.49990347027778625
3,0.9910387396812439
1,0.4988430142402649
4,0.9898242354393005
5,0.9947273135185242
2,0.7462356686592102
2,0.4999035894870758
3,0.9910358190536499
1,0.4988396465778351
4,0.9898209571838379
5,0.994724452495575
2,0.7462008595466614
2,0.49990323185920715
3,0.9910364151000977
1,0.49882641434669495
4,0.9898200631141663
5,0.994726836681366
2,0.7461890578269958
2,0.4999041259288788
3,0.9910411238670349
1,0.49880802631378174
4,0.9898183941841125
5,0.9947256445884705
2,0.7462024092674255
2,0.4999035894870758
3,0.9910333752632141
1,0.49880754947662354
4,0.9898244738578796
5,0.99472576379776
2,0.7462003231048584
2,0.4999031126499176
3,0.9910394549369812
1,0.49881061911582947
4,0.9898216724395752
5,0.9947261214256287
2,0.7462053894996643
2,0.49990347027778625
3,0.9910340905189514
1,0.49880096316337585
4,0.9898226261138916
5,0.9947242140769958
2,0.7461888194084167
2,0.49990347027778625
3,0.9910364151000977
1,0.4988178014755249
4,0.9898217916488647
5,0.9947240948677063
2,0.7462033033370972
2,0.49990299344062805
3,0.9910444021224976
1,0.49882978200912476
4,0.9898227453231812
5,0.9947251677513123
2,0.7461821436882019
2,0.49990329146385193
3,0.9910349249839783
1,0.4988352358341217
4,0.9898234009742737
5,0.9947264790534973
2,0.746196985244751
2,0.49990323185920715
3,0.9910401701927185
1,0.49885785579681396
4,0.9898186326026917
5,0.9947249293327332
2,0.7461947798728943
2,0.49990347027778625
3,0.991046130657196
1,0.4988478124141693
4,0.9898232817649841
5,0.9947263598442078
2,0.7462109327316284
2,0.4999035894870758
3,0.9910358190536499
1,0.498845636844635
4,0.9898213148117065
5,0.9947270750999451
2,0.7462310194969177
2,0.4999036490917206
3,0.9910476803779602
1,0.4988161325454712
4,0.989822506904602
5,0.9947245717048645
2,0.7462038993835449
2,0.49990347027778625
3,0.9910340905189514
1,0.4988442659378052
4,0.9898217916488647
5,0.9947264790534973
2,0.7461902499198914
2,0.49990347027778625
3,0.9910351634025574
1,0.4988369047641754
4,0.9898217916488647
5,0.9947245717048645
2,0.746197521686554
2,0.4999028146266937
3,0.9910376071929932
1,0.4988372027873993
4,0.9898219108581543
5,0.9947260022163391
2,0.7462195754051208
2,0.49990347027778625
3,0.9910423755645752
1,0.49881821870803833
4,0.989822506904602
5,0.9947249293327332
2,0.7462278604507446
2,0.4999033510684967
3,0.991034209728241
1,0.49883726239204407
4,0.9898215532302856
5,0.9947255253791809
2,0.7461895942687988
2,0.49990299344062805
3,0.991038978099823
1,0.4988020956516266
4,0.989822268486023
5,0.9947235584259033
2,0.7461919784545898
2,0.4999030530452728
3,0.9910426139831543
1,0.49884384870529175
4,0.9898215532302856
5,0.9947270750999451
2,0.7462199926376343
2,0.4999034106731415
3,0.9910412430763245
1,0.4988534450531006
4,0.9898247122764587
5,0.9947256445884705
2,0.7462043762207031
2,0.4999038279056549
3,0.9910396933555603
1,0.49884551763534546
4,0.9898216724395752
5,0.9947267174720764
2,0.7462000250816345
2,0.4999029338359833
3,0.991043210029602
1,0.49882829189300537
4,0.9898200631141663
5,0.9947245717048645
2,0.7461983561515808
2,0.49990400671958923
3,0.9910447597503662
1,0.49882182478904724
4,0.9898210763931274
5,0.9947249293327332
2,0.7462065815925598
2,0.49990323185920715
3,0.9910304546356201
1,0.49884679913520813
4,0.9898223876953125
5,0.9947249293327332
2,0.7462194561958313
2,0.4999033510684967
3,0.9910427331924438
1,0.49886032938957214
4,0.989824116230011
5,0.9947261214256287
2,0.7462073564529419
2,0.49990347027778625
3,0.9910411238670349
1,0.4988146722316742
4,0.9898226261138916
5,0.9947248101234436
2,0.7462109327316284
2,0.49990418553352356
3,0.9910438060760498
1,0.4988342225551605
4,0.989822268486023
5,0.9947271943092346
2,0.7461928725242615
2,0.49990323185920715
3,0.9910388588905334
1,0.4988230764865875
4,0.9898231625556946
5,0.9947260022163391
2,0.7462016940116882
2,0.49990352988243103
3,0.9910365343093872
1,0.49885690212249756
4,0.989820122718811
5,0.9947260022163391
2,0.746181070804596
2,0.49990275502204895
3,0.9910385608673096
1,0.4988270699977875
4,0.9898223876953125
5,0.9947248101234436
2,0.7461944818496704
2,0.49990370869636536
3,0.9910317659378052
1,0.49880990386009216
4,0.989824116230011
5,0.9947261214256287
2,0.7462218999862671
2,0.49990370869636536
3,0.9910399317741394
1,0.49883151054382324
4,0.9898235201835632
5,0.9947250485420227
2,0.7462298274040222
2,0.4999038279056549
3,0.9910373687744141
1,0.49883386492729187
4,0.989821195602417
5,0.99472576379776
2,0.7462273836135864
2,0.4999036490917206
3,0.9910395741462708
1,0.49883055686950684
4,0.989823043346405
5,0.9947264790534973
2,0.7462162375450134
2,0.4999030530452728
3,0.9910405278205872
1,0.4988516867160797
4,0.9898216724395752
5,0.9947252869606018
2,0.7462148070335388
2,0.4999038279056549
3,0.9910395741462708
1,0.49882379174232483
4,0.989823043346405
5,0.9947250485420227
2,0.746208906173706
2,0.4999031126499176
3,0.9910359382629395
1,0.49881449341773987
4,0.9898226261138916
5,0.9947263598442078
2,0.746206521987915
2,0.49990347027778625
3,0.9910361766815186
1,0.4988580346107483
4,0.989819347858429
5,0.9947252869606018
2,0.7462351322174072
2,0.4999035894870758
3,0.9910440444946289
1,0.4988301396369934
4,0.989824116230011
5,0.9947248101234436
2,0.7461817264556885
2,0.4999033510684967
3,0.9910405278205872
1,0.49884408712387085
4,0.9898227453231812
5,0.9947248101234436
2,0.7462179064750671
2,0.49990352988243103
3,0.991038978099823
1,0.4988630712032318
4,0.989821195602417
5,0.9947260022163391
2,0.7461820244789124
2,0.4999031722545624
3,0.991046130657196
1,0.49883875250816345
4,0.989824116230011
5,0.9947269558906555
2,0.7462032437324524
2,0.4999034106731415
3,0.9910460114479065
1,0.4988223612308502
4,0.9898200631141663
5,0.9947260022163391
2,0.7462120056152344
2,0.4999031126499176
3,0.9910438060760498
1,0.4988349974155426
4,0.9898229837417603
5,0.9947251677513123
2,0.7462104558944702
2,0.4999031722545624
3,0.9910393357276917
1,0.4988531470298767
4,0.9898207187652588
5,0.9947245717048645
2,0.7461942434310913
2,0.4999034106731415
3,0.9910444021224976
1,0.49881696701049805
4,0.9898220300674438
5,0.9947236776351929
2,0.7462141513824463
2,0.4999038875102997
3,0.9910393357276917
1,0.49884846806526184
4,0.9898198246955872
5,0.9947267174720764
2,0.746200442314148
2,0.4999038279056549
3,0.991043210029602
1,0.4988418221473694
4,0.989823043346405
5,0.9947249293327332
2,0.7461869120597839
2,0.4999028742313385
3,0.9910402894020081
1,0.49883410334587097
4,0.9898208379745483
5,0.994726836681366
2,0.7462267279624939
2,0.49990323185920715
3,0.9910414814949036
1,0.4988230764865875
4,0.9898219108581543
5,0.9947249293327332
2,0.7462261915206909
2,0.4999033510684967
3,0.9910441637039185
1,0.49885618686676025
4,0.989822268486023
5,0.9947249293327332
2,0.746225893497467
2,0.4999031126499176
3,0.991041898727417
1,0.4988373816013336
4,0.9898208379745483
5,0.9947254061698914
2,0.746222198009491
2,0.49990394711494446
3,0.9910449981689453
1,0.4988342225551605
4,0.9898217916488647
5,0.9947251677513123
2,0.7462372183799744
2,0.4999033510684967
3,0.9910326600074768
1,0.4988669753074646
4,0.9898210763931274
5,0.9947250485420227
2,0.7461888194084167
2,0.4999028742313385
3,0.9910408854484558
1,0.4988461136817932
4,0.9898213148117065
5,0.9947248101234436
2,0.7462123036384583
2,0.49990394711494446
3,0.9910395741462708
1,0.49882972240448
4,0.989821195602417
5,0.9947251677513123
2,0.7462009787559509
2,0.49990323185920715
3,0.9910376071929932
1,0.49883803725242615
4,0.9898219108581543
5,0.9947245717048645
2,0.7462153434753418
2,0.4999028742313385
3,0.9910474419593811
1,0.4988362491130829
4,0.989821195602417
5,0.994724690914154
2,0.7462190389633179
2,0.4999035894870758
3,0.9910383224487305
1,0.49887338280677795
4,0.9898219108581543
5,0.9947252869606018
2,0.7462438941001892
2,0.49990352988243103
3,0.991036057472229
1,0.49886104464530945
4,0.9898198246955872
5,0.9947243332862854
2,0.7462273836135864
2,0.49990347027778625
3,0.991048276424408
1,0.49883684515953064
4,0.9898219108581543
5,0.9947261214256287
2,0.7461926341056824
2,0.49990323185920715
3,0.9910458922386169
1,0.49885132908821106
4,0.9898242354393005
5,0.9947271943092346
2,0.7461992502212524
2,0.49990323185920715
3,0.9910496473312378
1,0.4988275170326233
4,0.989822268486023
5,0.9947245717048645
2,0.7461928129196167
2,0.49990323185920715
3,0.9910392165184021
1,0.49880844354629517
4,0.9898232817649841
5,0.9947265982627869
2,0.7461894154548645
2,0.49990323185920715
3,0.9910414814949036
1,0.49881869554519653
4,0.9898219108581543
5,0.9947262406349182
2,0.7462279200553894
2,0.49990323185920715
3,0.9910444021224976
1,0.49883222579956055
4,0.9898205995559692
5,0.9947236776351929
2,0.7461965084075928
2,0.49990299344062805
3,0.99103844165802
1,0.49883151054382324
4,0.989823043346405
5,0.9947249293327332
2,0.7462133169174194
2,0.4999035894870758
3,0.9910401701927185
1,0.4988403916358948
4,0.9898216724395752
5,0.9947255253791809
2,0.7462177276611328
2,0.4999036490917206
3,0.991040050983429
1,0.49883192777633667
4,0.9898216724395752
5,0.994724452495575
2,0.7462080121040344
2,0.49990370869636536
3,0.9910401701927185
1,0.4988168478012085
4,0.9898204803466797
5,0.9947249293327332
2,0.7462016940116882
2,0.4999036490917206
3,0.9910337328910828
1,0.49885109066963196
4,0.9898229837417603
5,0.9947250485420227
2,0.7462241053581238
2,0.49990370869636536
3,0.9910441637039185
1,0.49885037541389465
4,0.9898242354393005
5,0.994724690914154
2,0.7462355494499207
2,0.4999038279056549
3,0.99103844165802
1,0.4988572597503662
4,0.9898245930671692
5,0.9947252869606018
2,0.7461711764335632
2,0.49990299344062805
3,0.9910445213317871
1,0.49881601333618164
4,0.9898237586021423
5,0.9947252869606018
2,0.7461945414543152
2,0.4999031722545624
3,0.991038978099823
1,0.49881091713905334
4,0.9898219108581543
5,0.9947248101234436
2,0.7461993098258972
2,0.49990370869636536
3,0.9910390973091125
1,0.49884337186813354
4,0.9898250699043274
5,0.9947258830070496
2,0.7462083697319031
2,0.4999036490917206
3,0.9910414814949036
1,0.4988406300544739
4,0.9898223876953125
5,0.9947261214256287
