EnemyWeaponType,ID,TrueX,TrueY,MeasuredX,MeasuredY,Vx,Vy,Speed,Heading,TurnGain,MaxTurnRate,Time
Kalibr,1,0,50,2956.81,887.043,-0.518186,53.2032,3087,0.15,1.2,0.45,0
Kinzhal,2,120,0,-7081.11,10115.9,117.002,0.349535,12348,3.14,0.35,0.12,0
Geran2,3,-40,140,162.887,-87.7085,-39.7615,139.396,185,-0.4,2.8,1.1,0
Kalibr,1,3339.75,601.764,2956.81,887.043,3340.66,602.142,3087,0.166975,1.2,0.45,0.1
Kinzhal,2,-13055,1179.42,-7081.11,10115.9,-13054.2,1174.68,12348,3.128,0.35,0.12,0.1
Geran2,3,184.731,-85.2698,162.887,-87.7085,184.82,-86.5988,185,-0.426304,2.8,1.1,0.1
Kalibr,1,3313.59,738.181,2956.81,887.043,3312.31,737.839,3087,0.211975,1.2,0.45,0.2
Kinzhal,2,-13056.1,1031.25,-7081.11,10115.9,-13052.6,1029.72,12348,3.14,0.35,0.12,0.2
Geran2,3,192.111,-66.3161,162.887,-87.7085,193.517,-66.0254,185,-0.316304,2.8,1.1,0.2
Kalibr,1,3281.31,873.283,2956.81,887.043,3281.5,875.692,3087,0.256975,1.2,0.45,0.3
Kinzhal,2,-13055.4,883.078,-7081.11,10115.9,-13054.9,881.694,12348,3.152,0.35,0.12,0.3
Geran2,3,197.366,-46.6669,162.887,-87.7085,200.729,-48.0709,185,-0.206304,2.8,1.1,0.3
Kalibr,1,3243,1006.8,2956.81,887.043,3243.35,1007.35,3087,0.301975,1.2,0.45,0.4
Kinzhal,2,-13053,734.922,-7081.11,10115.9,-13054.7,737.294,12348,3.164,0.35,0.12,0.4
Geran2,3,200.431,-26.5595,162.887,-87.7085,203.065,-25.1974,185,-0.0963036,2.8,1.1,0.4
Kalibr,1,3198.71,1138.45,2956.81,887.043,3200.6,1140.11,3087,0.346975,1.2,0.45,0.5
Kinzhal,2,-13048.8,586.805,-7081.11,10115.9,-13050,587.223,12348,3.176,0.35,0.12,0.5
Geran2,3,201.271,-6.23709,162.887,-87.7085,202.992,-5.64825,185,0.0136964,2.8,1.1,0.5
Kalibr,1,3148.55,1267.98,2956.81,887.043,3147.62,1264.64,3087,0.391975,1.2,0.45,0.6
Kinzhal,2,-13042.8,438.75,-7081.11,10115.9,-13043.1,441.903,12348,3.188,0.35,0.12,0.6
Geran2,3,199.875,14.0547,162.887,-87.7085,198.292,12.21,185,0.123696,2.8,1.1,0.6
Kalibr,1,3092.61,1395.12,2956.81,887.043,3090.52,1394.24,3087,0.436975,1.2,0.45,0.7
Kinzhal,2,-13035.1,290.777,-7081.11,10115.9,-13033.1,290.712,12348,3.2,0.35,0.12,0.7
Geran2,3,196.26,34.0705,162.887,-87.7085,196.28,35.9101,185,0.233696,2.8,1.1,0.7
Kalibr,1,3031.01,1519.62,2956.81,887.043,3027.01,1519.98,3087,0.481975,1.2,0.45,0.8
Kinzhal,2,-13025.5,142.908,-7081.11,10115.9,-13025.5,143.566,12348,3.212,0.35,0.12,0.8
Geran2,3,190.469,53.5685,162.887,-87.7085,189.626,53.0866,185,0.343696,2.8,1.1,0.8
Kalibr,1,2963.88,1641.22,2956.81,887.043,2959.04,1641.25,3087,0.526975,1.2,0.45,0.9
Kinzhal,2,-13014.2,-4.83551,-7081.11,10115.9,-13013.3,-5.30707,12348,3.224,0.35,0.12,0.9
Geran2,3,182.573,72.313,162.887,-87.7085,177.842,76.2714,185,0.453696,2.8,1.1,0.9
Kalibr,1,2891.33,1759.68,2956.81,887.043,2892.87,1761.16,3087,0.571975,1.2,0.45,1
Kinzhal,2,-13001.1,-152.433,-7081.11,10115.9,-13001.3,-152.258,12348,3.236,0.35,0.12,1
Geran2,3,172.667,90.0773,162.887,-87.7085,173.327,91.9546,185,0.563696,2.8,1.1,1
Kalibr,1,2813.54,1874.75,2956.81,887.043,2815.34,1876.64,3087,0.616975,1.2,0.45,1.1
Kinzhal,2,-12986.3,-299.863,-7081.11,10115.9,-12987.8,-301.952,12348,3.248,0.35,0.12,1.1
Geran2,3,160.87,106.647,162.887,-87.7085,161.26,102.27,185,0.673696,2.8,1.1,1.1
Kalibr,1,2730.64,1986.21,2956.81,887.043,2732.88,1986.8,3087,0.661975,1.2,0.45,1.2
Kinzhal,2,-12969.7,-447.104,-7081.11,10115.9,-12967.4,-447.693,12348,3.26,0.35,0.12,1.2
Geran2,3,147.326,121.821,162.887,-87.7085,146.165,118.656,185,0.783696,2.8,1.1,1.2
Kalibr,1,2642.82,2093.82,2956.81,887.043,2638.85,2098.44,3087,0.706975,1.2,0.45,1.3
Kinzhal,2,-12951.3,-594.135,-7081.11,10115.9,-12953,-595.259,12348,3.272,0.35,0.12,1.3
Geran2,3,132.198,135.417,162.887,-87.7085,132.675,133.111,185,0.893696,2.8,1.1,1.3
Kalibr,1,2550.24,2197.38,2956.81,887.043,2549.96,2203.91,3087,0.751975,1.2,0.45,1.4
Kinzhal,2,-12931.1,-740.934,-7081.11,10115.9,-12929.2,-740.665,12348,3.284,0.35,0.12,1.4
Geran2,3,147.326,121.821,162.887,-87.7085,149.442,122.593,185,0.783696,2.8,1.1,1.4
Kalibr,1,2453.1,2296.67,2956.81,887.043,2452.23,2295.63,3087,0.796975,1.2,0.45,1.5
Kinzhal,2,-12909.2,-887.482,-7081.11,10115.9,-12910.6,-886.686,12348,3.296,0.35,0.12,1.5
Geran2,3,132.198,135.417,162.887,-87.7085,131.693,134.502,185,0.893696,2.8,1.1,1.5
Kalibr,1,2351.59,2391.48,2956.81,887.043,2350.49,2389.56,3087,0.841975,1.2,0.45,1.6
Kinzhal,2,-12885.5,-1033.76,-7081.11,10115.9,-12884.9,-1032.16,12348,3.308,0.35,0.12,1.6
Geran2,3,147.326,121.821,162.887,-87.7085,148.225,120.087,185,0.783696,2.8,1.1,1.6
Kalibr,1,2245.92,2481.64,2956.81,887.043,2242.93,2478.59,3087,0.886975,1.2,0.45,1.7
Kinzhal,2,-12860.1,-1179.73,-7081.11,10115.9,-12862.5,-1179.74,12348,3.32,0.35,0.12,1.7
Geran2,3,132.198,135.417,162.887,-87.7085,134.454,135.986,185,0.893696,2.8,1.1,1.7
Kalibr,1,2136.3,2566.95,2956.81,887.043,2137.37,2567.16,3087,0.931975,1.2,0.45,1.8
Kinzhal,2,-12832.9,-1325.4,-7081.11,10115.9,-12835.2,-1325.03,12348,3.332,0.35,0.12,1.8
Geran2,3,147.326,121.821,162.887,-87.7085,147.231,122.325,185,0.783696,2.8,1.1,1.8
Kalibr,1,2022.96,2647.24,2956.81,887.043,2023.36,2645.02,3087,0.976975,1.2,0.45,1.9
Kinzhal,2,-12804,-1470.73,-7081.11,10115.9,-12804.2,-1474.07,12348,3.344,0.35,0.12,1.9
Geran2,3,132.198,135.417,162.887,-87.7085,133.311,135.33,185,0.893696,2.8,1.1,1.9
Kalibr,1,1906.11,2722.35,2956.81,887.043,1905.6,2721.71,3087,1.02197,1.2,0.45,2
Kinzhal,2,-12773.4,-1615.7,-7081.11,10115.9,-12771.3,-1618.63,12348,3.356,0.35,0.12,2
Geran2,3,147.326,121.821,162.887,-87.7085,148.024,120.097,185,0.783696,2.8,1.1,2
Kalibr,1,1786.01,2792.13,2956.81,887.043,1788.43,2793.1,3087,1.06697,1.2,0.45,2.1
Kinzhal,2,-12741,-1760.29,-7081.11,10115.9,-12741.3,-1763.57,12348,3.368,0.35,0.12,2.1
Geran2,3,132.198,135.417,162.887,-87.7085,129.665,134.472,185,0.893696,2.8,1.1,2.1
Kalibr,1,1662.89,2856.43,2956.81,887.043,1660.69,2855.98,3087,1.11197,1.2,0.45,2.2
Kinzhal,2,-12706.8,-1904.48,-7081.11,10115.9,-12707.1,-1903.29,12348,3.38,0.35,0.12,2.2
Geran2,3,147.326,121.821,162.887,-87.7085,146.935,120.577,185,0.783696,2.8,1.1,2.2
Kalibr,1,1537,2915.13,2956.81,887.043,1535.82,2914.34,3087,1.15697,1.2,0.45,2.3
Kinzhal,2,-12671,-2048.25,-7081.11,10115.9,-12671.5,-2045.3,12348,3.392,0.35,0.12,2.3
Geran2,3,132.198,135.417,162.887,-87.7085,130.9,131.323,185,0.893696,2.8,1.1,2.3
Kalibr,1,1408.6,2968.11,2956.81,887.043,1406.26,2969.36,3087,1.20197,1.2,0.45,2.4
Kinzhal,2,-12633.4,-2191.58,-7081.11,10115.9,-12632.2,-2191.04,12348,3.404,0.35,0.12,2.4
Geran2,3,147.326,121.821,162.887,-87.7085,148.513,120.999,185,0.783696,2.8,1.1,2.4
Kalibr,1,1277.94,3015.26,2956.81,887.043,1279.31,3008.67,3087,1.24697,1.2,0.45,2.5
Kinzhal,2,-12594.1,-2334.45,-7081.11,10115.9,-12591.7,-2333.69,12348,3.416,0.35,0.12,2.5
Geran2,3,132.198,135.417,162.887,-87.7085,131.724,138.63,185,0.893696,2.8,1.1,2.5
Kalibr,1,1145.29,3056.49,2956.81,887.043,1145.57,3057.43,3087,1.29197,1.2,0.45,2.6
Kinzhal,2,-12553.1,-2476.84,-7081.11,10115.9,-12550.6,-2477.32,12348,3.428,0.35,0.12,2.6
Geran2,3,147.326,121.821,162.887,-87.7085,149.573,123.922,185,0.783696,2.8,1.1,2.6
Kalibr,1,1010.93,3091.7,2956.81,887.043,1010.01,3093.23,3087,1.33697,1.2,0.45,2.7
Kinzhal,2,-12510.4,-2618.73,-7081.11,10115.9,-12508.1,-2612.8,12348,3.44,0.35,0.12,2.7
Geran2,3,132.198,135.417,162.887,-87.7085,131.81,133.631,185,0.893696,2.8,1.1,2.7
Kalibr,1,875.116,3120.84,2956.81,887.043,877.127,3121.25,3087,1.38197,1.2,0.45,2.8
Kinzhal,2,-12466,-2760.09,-7081.11,10115.9,-12462.6,-2760.96,12348,3.452,0.35,0.12,2.8
Geran2,3,147.326,121.821,162.887,-87.7085,148.124,123.187,185,0.783696,2.8,1.1,2.8
Kalibr,1,738.13,3143.83,2956.81,887.043,739.401,3145.68,3087,1.42697,1.2,0.45,2.9
Kinzhal,2,-12419.9,-2900.91,-7081.11,10115.9,-12419.7,-2898.89,12348,3.464,0.35,0.12,2.9
Geran2,3,132.198,135.417,162.887,-87.7085,130.727,135.293,185,0.893696,2.8,1.1,2.9
Kalibr,1,600.248,3160.64,2956.81,887.043,600.057,3164.33,3087,1.47197,1.2,0.45,3
Kinzhal,2,-12372.1,-3041.17,-7081.11,10115.9,-12369.6,-3038.9,12348,3.476,0.35,0.12,3
Geran2,3,147.326,121.821,162.887,-87.7085,145.084,122.094,185,0.783696,2.8,1.1,3
Kalibr,1,461.749,3171.23,2956.81,887.043,462.258,3171.18,3087,1.51697,1.2,0.45,3.1
Kinzhal,2,-12322.6,-3180.84,-7081.11,10115.9,-12323.2,-3183.75,12348,3.488,0.35,0.12,3.1
Geran2,3,132.198,135.417,162.887,-87.7085,132.514,131.439,185,0.893696,2.8,1.1,3.1
Kalibr,1,322.914,3175.58,2956.81,887.043,322.597,3177.59,3087,1.56197,1.2,0.45,3.2
Kinzhal,2,-12271.5,-3319.91,-7081.11,10115.9,-12268.7,-3320.21,12348,3.5,0.35,0.12,3.2
Geran2,3,147.326,121.821,162.887,-87.7085,144.892,120.683,185,0.783696,2.8,1.1,3.2
Kalibr,1,184.024,3173.68,2956.81,887.043,186.753,3176.74,3087,1.60697,1.2,0.45,3.3
Kinzhal,2,-12218.7,-3458.36,-7081.11,10115.9,-12217.2,-3456.56,12348,3.512,0.35,0.12,3.3
Geran2,3,132.198,135.417,162.887,-87.7085,130.606,131.919,185,0.893696,2.8,1.1,3.3
Kalibr,1,45.3596,3165.54,2956.81,887.043,47.6566,3167.86,3087,1.65197,1.2,0.45,3.4
Kinzhal,2,-12164.2,-3596.16,-7081.11,10115.9,-12163.2,-3597.04,12348,3.524,0.35,0.12,3.4
Geran2,3,147.326,121.821,162.887,-87.7085,149.013,122.893,185,0.783696,2.8,1.1,3.4
Kalibr,1,-92.7976,3151.16,2956.81,887.043,-91.5137,3153.78,3087,1.69697,1.2,0.45,3.5
Kinzhal,2,-12108.1,-3733.3,-7081.11,10115.9,-12109.4,-3734.6,12348,3.536,0.35,0.12,3.5
Geran2,3,132.198,135.417,162.887,-87.7085,131.81,133.956,185,0.893696,2.8,1.1,3.5
Kalibr,1,-230.168,3130.59,2956.81,887.043,-233.124,3129.18,3087,1.74197,1.2,0.45,3.6
Kinzhal,2,-12050.3,-3869.76,-7081.11,10115.9,-12052.5,-3867.79,12348,3.548,0.35,0.12,3.6
Geran2,3,147.326,121.821,162.887,-87.7085,148.705,123.166,185,0.783696,2.8,1.1,3.6
Kalibr,1,-366.474,3103.85,2956.81,887.043,-369.784,3102.67,3087,1.78697,1.2,0.45,3.7
Kinzhal,2,-11990.9,-4005.51,-7081.11,10115.9,-11989.5,-4006.63,12348,3.56,0.35,0.12,3.7
Geran2,3,132.198,135.417,162.887,-87.7085,131.626,133.375,185,0.893696,2.8,1.1,3.7
Kalibr,1,-501.44,3071.01,2956.81,887.043,-503.824,3071.76,3087,1.83197,1.2,0.45,3.8
Kinzhal,2,-11929.9,-4140.54,-7081.11,10115.9,-11930.6,-4139.9,12348,3.572,0.35,0.12,3.8
Geran2,3,147.326,121.821,162.887,-87.7085,146.641,121.363,185,0.783696,2.8,1.1,3.8
Kalibr,1,-634.791,3032.14,2956.81,887.043,-633.599,3029.65,3087,1.87697,1.2,0.45,3.9
Kinzhal,2,-11867.3,-4274.83,-7081.11,10115.9,-11865.3,-4273.53,12348,3.584,0.35,0.12,3.9
Geran2,3,132.198,135.417,162.887,-87.7085,134.308,137.054,185,0.893696,2.8,1.1,3.9
Kalibr,1,-766.259,2987.3,2956.81,887.043,-763.991,2990.18,3087,1.92197,1.2,0.45,4
Kinzhal,2,-11803,-4408.36,-7081.11,10115.9,-11802.8,-4409.56,12348,3.596,0.35,0.12,4
Geran2,3,147.326,121.821,162.887,-87.7085,145.888,119.655,185,0.783696,2.8,1.1,4
Kalibr,1,-895.577,2936.59,2956.81,887.043,-896.936,2937.3,3087,1.96697,1.2,0.45,4.1
Kinzhal,2,-11737.2,-4541.1,-7081.11,10115.9,-11736.9,-4537.92,12348,3.608,0.35,0.12,4.1
Geran2,3,132.198,135.417,162.887,-87.7085,136.482,138.042,185,0.893696,2.8,1.1,4.1
Kalibr,1,-1022.48,2880.12,2956.81,887.043,-1020.04,2878.07,3087,2.01197,1.2,0.45,4.2
Kinzhal,2,-11669.8,-4673.05,-7081.11,10115.9,-11670.1,-4673.42,12348,3.62,0.35,0.12,4.2
Geran2,3,147.326,121.821,162.887,-87.7085,149.612,121.728,185,0.783696,2.8,1.1,4.2
Kalibr,1,-1146.72,2818,2956.81,887.043,-1146.24,2820.64,3087,2.05697,1.2,0.45,4.3
Kinzhal,2,-11600.8,-4804.18,-7081.11,10115.9,-11602.5,-4801.92,12348,3.632,0.35,0.12,4.3
Geran2,3,132.198,135.417,162.887,-87.7085,132.372,133.187,185,0.893696,2.8,1.1,4.3
Kalibr,1,-1268.04,2750.35,2956.81,887.043,-1266.46,2746.96,3087,2.10197,1.2,0.45,4.4
Kinzhal,2,-11530.2,-4934.47,-7081.11,10115.9,-11535.6,-4933.06,12348,3.644,0.35,0.12,4.4
Geran2,3,147.326,121.821,162.887,-87.7085,145.855,119.088,185,0.783696,2.8,1.1,4.4
Kalibr,1,-1386.19,2677.31,2956.81,887.043,-1388.32,2673.02,3087,2.14697,1.2,0.45,4.5
Kinzhal,2,-11458.1,-5063.9,-7081.11,10115.9,-11462.8,-5064.92,12348,3.656,0.35,0.12,4.5
Geran2,3,132.198,135.417,162.887,-87.7085,131.412,135.005,185,0.893696,2.8,1.1,4.5
Kalibr,1,-1500.93,2599.03,2956.81,887.043,-1503.64,2597.6,3087,2.19197,1.2,0.45,4.6
Kinzhal,2,-11384.4,-5192.46,-7081.11,10115.9,-11382,-5190.11,12348,3.668,0.35,0.12,4.6
Geran2,3,147.326,121.821,162.887,-87.7085,150.854,122.036,185,0.783696,2.8,1.1,4.6
Kalibr,1,-1612.04,2515.67,2956.81,887.043,-1611.74,2515.82,3087,2.23697,1.2,0.45,4.7
Kinzhal,2,-11309.2,-5320.13,-7081.11,10115.9,-11307.8,-5320.25,12348,3.68,0.35,0.12,4.7
Geran2,3,132.198,135.417,162.887,-87.7085,131.329,131.499,185,0.893696,2.8,1.1,4.7
Kalibr,1,-1719.29,2427.4,2956.81,887.043,-1715.07,2427.84,3087,2.28197,1.2,0.45,4.8
Kinzhal,2,-11232.4,-5446.88,-7081.11,10115.9,-11229.2,-5449.92,12348,3.692,0.35,0.12,4.8
Geran2,3,147.326,121.821,162.887,-87.7085,144.948,124.411,185,0.783696,2.8,1.1,4.8
Kalibr,1,-1822.45,2334.38,2956.81,887.043,-1819.51,2339.77,3087,2.32697,1.2,0.45,4.9
Kinzhal,2,-11154.2,-5572.71,-7081.11,10115.9,-11152.5,-5575.38,12348,3.704,0.35,0.12,4.9
Geran2,3,132.198,135.417,162.887,-87.7085,133.853,135.6,185,0.893696,2.8,1.1,4.9
Kalibr,1,-1921.33,2236.83,2956.81,887.043,-1920.05,2235.89,3087,2.37197,1.2,0.45,5
Kinzhal,2,-11074.4,-5697.58,-7081.11,10115.9,-11075.3,-5693.84,12348,3.716,0.35,0.12,5
Geran2,3,147.326,121.821,162.887,-87.7085,148.324,120.185,185,0.783696,2.8,1.1,5
Kalibr,1,-2015.72,2134.92,2956.81,887.043,-2016.78,2138.41,3087,2.41697,1.2,0.45,5.1
Kinzhal,2,-10993.2,-5821.5,-7081.11,10115.9,-10990.1,-5820.5,12348,3.728,0.35,0.12,5.1
Geran2,3,132.198,135.417,162.887,-87.7085,134.1,133.765,185,0.893696,2.8,1.1,5.1
Kalibr,1,-2105.43,2028.87,2956.81,887.043,-2107.1,2028.85,3087,2.46197,1.2,0.45,5.2
Kinzhal,2,-10910.4,-5944.42,-7081.11,10115.9,-10909,-5942.81,12348,3.74,0.35,0.12,5.2
Geran2,3,147.326,121.821,162.887,-87.7085,147.059,121.787,185,0.783696,2.8,1.1,5.2
Kalibr,1,-2190.28,1918.89,2956.81,887.043,-2189.15,1924.07,3087,2.50697,1.2,0.45,5.3
Kinzhal,2,-10826.2,-6066.35,-7081.11,10115.9,-10826.1,-6067.83,12348,3.752,0.35,0.12,5.3
Geran2,3,132.198,135.417,162.887,-87.7085,129.574,134.399,185,0.893696,2.8,1.1,5.3
Kalibr,1,-2270.09,1805.21,2956.81,887.043,-2267.01,1802.44,3087,2.55198,1.2,0.45,5.4
Kinzhal,2,-10740.5,-6187.25,-7081.11,10115.9,-10738,-6185.31,12348,3.764,0.35,0.12,5.4
Geran2,3,147.326,121.821,162.887,-87.7085,143.787,122.444,185,0.783696,2.8,1.1,5.4
Kalibr,1,-2344.71,1688.05,2956.81,887.043,-2345.64,1690.35,3087,2.59698,1.2,0.45,5.5
Kinzhal,2,-10653.4,-6307.12,-7081.11,10115.9,-10655.7,-6304.9,12348,3.776,0.35,0.12,5.5
Geran2,3,132.198,135.417,162.887,-87.7085,135.266,135.65,185,0.893696,2.8,1.1,5.5
Kalibr,1,-2413.98,1567.65,2956.81,887.043,-2415.89,1569.76,3087,2.64198,1.2,0.45,5.6
Kinzhal,2,-10564.9,-6425.94,-7081.11,10115.9,-10565,-6427.23,12348,3.788,0.35,0.12,5.6
Geran2,3,147.326,121.821,162.887,-87.7085,149.923,116.254,185,0.783696,2.8,1.1,5.6
Kalibr,1,-2477.77,1444.26,2956.81,887.043,-2480.1,1443.91,3087,2.68698,1.2,0.45,5.7
Kinzhal,2,-10474.9,-6543.68,-7081.11,10115.9,-10473.3,-6544.72,12348,3.8,0.35,0.12,5.7
Geran2,3,132.198,135.417,162.887,-87.7085,133.572,138.874,185,0.893696,2.8,1.1,5.7
Kalibr,1,-2535.94,1318.13,2956.81,887.043,-2538.23,1320.58,3087,2.73198,1.2,0.45,5.8
Kinzhal,2,-10383.6,-6660.34,-7081.11,10115.9,-10384,-6665.06,12348,3.812,0.35,0.12,5.8
Geran2,3,147.326,121.821,162.887,-87.7085,150.491,122.83,185,0.783696,2.8,1.1,5.8
Kalibr,1,-2588.38,1189.5,2956.81,887.043,-2587.59,1193.43,3087,2.77698,1.2,0.45,5.9
Kinzhal,2,-10290.8,-6775.89,-7081.11,10115.9,-10288.4,-6779.03,12348,3.824,0.35,0.12,5.9
Geran2,3,132.198,135.417,162.887,-87.7085,130.274,135.97,185,0.893696,2.8,1.1,5.9
Kalibr,1,-2634.98,1058.65,2956.81,887.043,-2633.79,1058.79,3087,2.82198,1.2,0.45,6
Kinzhal,2,-10196.7,-6890.32,-7081.11,10115.9,-10194.6,-6891.18,12348,3.836,0.35,0.12,6
Geran2,3,147.326,121.821,162.887,-87.7085,146.383,118.724,185,0.783696,2.8,1.1,6
Kalibr,1,-2675.65,925.832,2956.81,887.043,-2674.04,924.261,3087,2.86698,1.2,0.45,6.1
Kinzhal,2,-10101.2,-7003.61,-7081.11,10115.9,-10102.1,-6999.9,12348,3.84801,0.35,0.12,6.1
Geran2,3,132.198,135.417,162.887,-87.7085,133.899,132.987,185,0.893696,2.8,1.1,6.1
Kalibr,1,-2710.3,791.32,2956.81,887.043,-2710.77,790.692,3087,2.91198,1.2,0.45,6.2
Kinzhal,2,-10004.3,-7115.75,-7081.11,10115.9,-10004.1,-7117.73,12348,3.86001,0.35,0.12,6.2
Geran2,3,147.326,121.821,162.887,-87.7085,144.628,125.758,185,0.783696,2.8,1.1,6.2
Kalibr,1,-2738.86,655.385,2956.81,887.043,-2738.37,654.299,3087,2.95698,1.2,0.45,6.3
Kinzhal,2,-9906.13,-7226.71,-7081.11,10115.9,-9903.96,-7227.52,12348,3.87201,0.35,0.12,6.3
Geran2,3,132.198,135.417,162.887,-87.7085,135.342,135.35,185,0.893696,2.8,1.1,6.3
Kalibr,1,-2761.28,518.303,2956.81,887.043,-2758.77,516.996,3087,3.00198,1.2,0.45,6.4
Kinzhal,2,-9806.61,-7336.5,-7081.11,10115.9,-9803.27,-7336.5,12348,3.88401,0.35,0.12,6.4
Geran2,3,147.326,121.821,162.887,-87.7085,149.744,124.109,185,0.783696,2.8,1.1,6.4
Kalibr,1,-2777.51,380.351,2956.81,887.043,-2778.96,378.945,3087,3.04698,1.2,0.45,6.5
Kinzhal,2,-9705.78,-7445.07,-7081.11,10115.9,-9701.88,-7443.48,12348,3.89601,0.35,0.12,6.5
Geran2,3,132.198,135.417,162.887,-87.7085,129.15,138.182,185,0.893696,2.8,1.1,6.5
Kalibr,1,-2787.52,241.808,2956.81,887.043,-2788.96,240.324,3087,3.09198,1.2,0.45,6.6
Kinzhal,2,-9603.65,-7552.44,-7081.11,10115.9,-9605.67,-7551.51,12348,3.90801,0.35,0.12,6.6
Geran2,3,147.326,121.821,162.887,-87.7085,145.957,122.803,185,0.783696,2.8,1.1,6.6
Kalibr,1,-2791.29,102.956,2956.81,887.043,-2791.02,102.205,3087,3.13698,1.2,0.45,6.7
Kinzhal,2,-9500.24,-7658.56,-7081.11,10115.9,-9495.53,-7659.18,12348,3.92001,0.35,0.12,6.7
Geran2,3,132.198,135.417,162.887,-87.7085,135.348,136.745,185,0.893696,2.8,1.1,6.7
Kalibr,1,-2788.8,-35.9255,2956.81,887.043,-2790.15,-35.9358,3087,3.18198,1.2,0.45,6.8
Kinzhal,2,-9395.57,-7763.44,-7081.11,10115.9,-9393.76,-7768.95,12348,3.93201,0.35,0.12,6.8
Geran2,3,147.326,121.821,162.887,-87.7085,148.116,121.726,185,0.783696,2.8,1.1,6.8
Kalibr,1,-2780.07,-174.554,2956.81,887.043,-2784.11,-175.317,3087,3.22698,1.2,0.45,6.9
Kinzhal,2,-9289.65,-7867.06,-7081.11,10115.9,-9286.39,-7867.78,12348,3.94401,0.35,0.12,6.9
Geran2,3,132.198,135.417,162.887,-87.7085,131.146,134.474,185,0.893696,2.8,1.1,6.9
Kalibr,1,-2788.8,-35.9255,2956.81,887.043,-2787.66,-36.2561,3087,3.18198,1.2,0.45,7
Kinzhal,2,-9182.49,-7969.4,-7081.11,10115.9,-9184.95,-7969.21,12348,3.95601,0.35,0.12,7
Geran2,3,147.326,121.821,162.887,-87.7085,145.388,121.908,185,0.783696,2.8,1.1,7
Kalibr,1,-2780.07,-174.554,2956.81,887.043,-2780.88,-172.469,3087,3.22698,1.2,0.45,7.1
Kinzhal,2,-9074.11,-8070.44,-7081.11,10115.9,-9077.72,-8072.03,12348,3.96801,0.35,0.12,7.1
Geran2,3,132.198,135.417,162.887,-87.7085,133.401,138.762,185,0.893696,2.8,1.1,7.1
Kalibr,1,-2788.8,-35.9255,2956.81,887.043,-2788.08,-34.8904,3087,3.18198,1.2,0.45,7.2
Kinzhal,2,-8964.52,-8170.18,-7081.11,10115.9,-8963.51,-8168.48,12348,3.98001,0.35,0.12,7.2
Geran2,3,147.326,121.821,162.887,-87.7085,148.595,121.498,185,0.783696,2.8,1.1,7.2
Kalibr,1,-2780.07,-174.554,2956.81,887.043,-2783.34,-172.054,3087,3.22698,1.2,0.45,7.3
Kinzhal,2,-8853.75,-8268.59,-7081.11,10115.9,-8858.12,-8264.74,12348,3.99201,0.35,0.12,7.3
Geran2,3,132.198,135.417,162.887,-87.7085,129.328,134.33,185,0.893696,2.8,1.1,7.3
Kalibr,1,-2788.8,-35.9255,2956.81,887.043,-2789.1,-37.5191,3087,3.18198,1.2,0.45,7.4
Kinzhal,2,-8741.8,-8365.67,-7081.11,10115.9,-8745.48,-8366.15,12348,4.00401,0.35,0.12,7.4
Geran2,3,147.326,121.821,162.887,-87.7085,146.937,121.279,185,0.783696,2.8,1.1,7.4
Kalibr,1,-2780.07,-174.554,2956.81,887.043,-2779.82,-171.738,3087,3.22698,1.2,0.45,7.5
Kinzhal,2,-8628.7,-8461.39,-7081.11,10115.9,-8626.99,-8460.6,12348,4.01601,0.35,0.12,7.5
Geran2,3,132.198,135.417,162.887,-87.7085,133.826,133.445,185,0.893696,2.8,1.1,7.5
Kalibr,1,-2788.8,-35.9255,2956.81,887.043,-2790.22,-38.7912,3087,3.18198,1.2,0.45,7.6
Kinzhal,2,-8514.46,-8555.76,-7081.11,10115.9,-8514.61,-8557.41,12348,4.02801,0.35,0.12,7.6
Geran2,3,147.326,121.821,162.887,-87.7085,148.741,120.541,185,0.783696,2.8,1.1,7.6
Kalibr,1,-2780.07,-174.554,2956.81,887.043,-2780.39,-174.56,3087,3.22698,1.2,0.45,7.7
Kinzhal,2,-8399.09,-8648.74,-7081.11,10115.9,-8397.37,-8651.19,12348,4.04001,0.35,0.12,7.7
Geran2,3,132.198,135.417,162.887,-87.7085,129.617,134.8,185,0.893696,2.8,1.1,7.7
Kalibr,1,-2788.8,-35.9255,2956.81,887.043,-2788.06,-38.24,3087,3.18198,1.2,0.45,7.8
Kinzhal,2,-8282.61,-8740.34,-7081.11,10115.9,-8282.98,-8741.4,12348,4.05201,0.35,0.12,7.8
Geran2,3,147.326,121.821,162.887,-87.7085,147.5,118.077,185,0.783696,2.8,1.1,7.8
Kalibr,1,-2780.07,-174.554,2956.81,887.043,-2779.32,-173.823,3087,3.22698,1.2,0.45,7.9
Kinzhal,2,-8165.04,-8830.53,-7081.11,10115.9,-8166.86,-8828.12,12348,4.06401,0.35,0.12,7.9
Geran2,3,132.198,135.417,162.887,-87.7085,133.23,137.784,185,0.893696,2.8,1.1,7.9
Kalibr,1,-2788.8,-35.9255,2956.81,887.043,-2787.91,-37.0822,3087,3.18198,1.2,0.45,8
Kinzhal,2,-8046.4,-8919.3,-7081.11,10115.9,-8046.34,-8920.75,12348,4.07601,0.35,0.12,8
Geran2,3,147.326,121.821,162.887,-87.7085,149.467,123.892,185,0.783696,2.8,1.1,8
Kalibr,1,-2780.07,-174.554,2956.81,887.043,-2783.52,-174.632,3087,3.22698,1.2,0.45,8.1
Kinzhal,2,-7926.71,-9006.64,-7081.11,10115.9,-7928.4,-9003.71,12348,4.08801,0.35,0.12,8.1
Geran2,3,132.198,135.417,162.887,-87.7085,130.949,134.019,185,0.893696,2.8,1.1,8.1
Kalibr,1,-2788.8,-35.9255,2956.81,887.043,-2791.21,-40.9723,3087,3.18198,1.2,0.45,8.2
Kinzhal,2,-7805.97,-9092.54,-7081.11,10115.9,-7806.97,-9092.66,12348,4.10001,0.35,0.12,8.2
Geran2,3,147.326,121.821,162.887,-87.7085,146.315,121.872,185,0.783696,2.8,1.1,8.2
Kalibr,1,-2780.07,-174.554,2956.81,887.043,-2779,-171.595,3087,3.22698,1.2,0.45,8.3
Kinzhal,2,-7684.21,-9176.99,-7081.11,10115.9,-7685.26,-9175.01,12348,4.11201,0.35,0.12,8.3
Geran2,3,132.198,135.417,162.887,-87.7085,132.621,132.309,185,0.893696,2.8,1.1,8.3
Kalibr,1,-2788.8,-35.9255,2956.81,887.043,-2792.69,-38.7264,3087,3.18198,1.2,0.45,8.4
Kinzhal,2,-7561.45,-9259.97,-7081.11,10115.9,-7563.12,-9260.87,12348,4.12401,0.35,0.12,8.4
Geran2,3,147.326,121.821,162.887,-87.7085,148.838,121.709,185,0.783696,2.8,1.1,8.4
Kalibr,1,-2780.07,-174.554,2956.81,887.043,-2778.18,-173.411,3087,3.22698,1.2,0.45,8.5
Kinzhal,2,-7437.7,-9341.47,-7081.11,10115.9,-7433.06,-9338.82,12348,4.13601,0.35,0.12,8.5
Geran2,3,132.198,135.417,162.887,-87.7085,131.485,136.082,185,0.893696,2.8,1.1,8.5
Kalibr,1,-2788.8,-35.9255,2956.81,887.043,-2789.03,-36.5898,3087,3.18198,1.2,0.45,8.6
Kinzhal,2,-7312.98,-9421.48,-7081.11,10115.9,-7313.83,-9421.44,12348,4.14801,0.35,0.12,8.6
Geran2,3,147.326,121.821,162.887,-87.7085,149.565,122.207,185,0.783696,2.8,1.1,8.6
Kalibr,1,-2780.07,-174.554,2956.81,887.043,-2776,-174.16,3087,3.22698,1.2,0.45,8.7
Kinzhal,2,-7187.31,-9499.98,-7081.11,10115.9,-7185.53,-9497.86,12348,4.16001,0.35,0.12,8.7
Geran2,3,132.198,135.417,162.887,-87.7085,129.839,138.034,185,0.893696,2.8,1.1,8.7
Kalibr,1,-2788.8,-35.9255,2956.81,887.043,-2786.23,-39.5159,3087,3.18198,1.2,0.45,8.8
Kinzhal,2,-7060.71,-9576.97,-7081.11,10115.9,-7058.58,-9575.43,12348,4.17201,0.35,0.12,8.8
Geran2,3,147.326,121.821,162.887,-87.7085,146.495,122.241,185,0.783696,2.8,1.1,8.8
Kalibr,1,-2780.07,-174.554,2956.81,887.043,-2778.61,-174.246,3087,3.22698,1.2,0.45,8.9
Kinzhal,2,-6933.19,-9652.44,-7081.11,10115.9,-6933.43,-9650.97,12348,4.18401,0.35,0.12,8.9
Geran2,3,132.198,135.417,162.887,-87.7085,134.763,135.463,185,0.893696,2.8,1.1,8.9
Kalibr,1,-2788.8,-35.9255,2956.81,887.043,-2788.44,-34.4319,3087,3.18198,1.2,0.45,9
Kinzhal,2,-6804.77,-9726.37,-7081.11,10115.9,-6804.47,-9722.81,12348,4.19601,0.35,0.12,9
Geran2,3,147.326,121.821,162.887,-87.7085,144.83,121.753,185,0.783696,2.8,1.1,9
Kalibr,1,-2780.07,-174.554,2956.81,887.043,-2779.95,-173.795,3087,3.22698,1.2,0.45,9.1
Kinzhal,2,-6675.48,-9798.76,-7081.11,10115.9,-6675,-9802.26,12348,4.20801,0.35,0.12,9.1
Geran2,3,132.198,135.417,162.887,-87.7085,134.283,137.896,185,0.893696,2.8,1.1,9.1
Kalibr,1,-2788.8,-35.9255,2956.81,887.043,-2788.58,-37.7429,3087,3.18198,1.2,0.45,9.2
Kinzhal,2,-6545.33,-9869.59,-7081.11,10115.9,-6542.14,-9867.49,12348,4.22001,0.35,0.12,9.2
Geran2,3,147.326,121.821,162.887,-87.7085,152.886,121.442,185,0.783696,2.8,1.1,9.2
Kalibr,1,-2780.07,-174.554,2956.81,887.043,-2782.81,-170.403,3087,3.22698,1.2,0.45,9.3
Kinzhal,2,-6414.34,-9938.85,-7081.11,10115.9,-6414.32,-9941.25,12348,4.23201,0.35,0.12,9.3
Geran2,3,132.198,135.417,162.887,-87.7085,132.262,134.105,185,0.893696,2.8,1.1,9.3
Kalibr,1,-2788.8,-35.9255,2956.81,887.043,-2789.02,-36.0086,3087,3.18198,1.2,0.45,9.4
Kinzhal,2,-6282.52,-10006.5,-7081.11,10115.9,-6283.38,-10007.1,12348,4.24401,0.35,0.12,9.4
Geran2,3,147.326,121.821,162.887,-87.7085,149.217,117.552,185,0.783696,2.8,1.1,9.4
Kalibr,1,-2780.07,-174.554,2956.81,887.043,-2776.75,-171.646,3087,3.22698,1.2,0.45,9.5
Kinzhal,2,-6149.91,-10072.6,-7081.11,10115.9,-6155.07,-10067.5,12348,4.25601,0.35,0.12,9.5
Geran2,3,132.198,135.417,162.887,-87.7085,134.864,137.449,185,0.893696,2.8,1.1,9.5
Kalibr,1,-2788.8,-35.9255,2956.81,887.043,-2789.53,-41.055,3087,3.18198,1.2,0.45,9.6
Kinzhal,2,-6016.51,-10137.1,-7081.11,10115.9,-6012.81,-10137.5,12348,4.26801,0.35,0.12,9.6
Geran2,3,147.326,121.821,162.887,-87.7085,143.802,122.361,185,0.783696,2.8,1.1,9.6
Kalibr,1,-2780.07,-174.554,2956.81,887.043,-2783.13,-173.088,3087,3.22698,1.2,0.45,9.7
Kinzhal,2,-5882.34,-10200,-7081.11,10115.9,-5881.78,-10196.3,12348,4.28001,0.35,0.12,9.7
Geran2,3,132.198,135.417,162.887,-87.7085,135.667,132.338,185,0.893696,2.8,1.1,9.7
Kalibr,1,-2788.8,-35.9255,2956.81,887.043,-2786.88,-34.8404,3087,3.18198,1.2,0.45,9.8
Kinzhal,2,-5747.43,-10261.3,-7081.11,10115.9,-5750.55,-10261,12348,4.29201,0.35,0.12,9.8
Geran2,3,147.326,121.821,162.887,-87.7085,148.857,119.309,185,0.783696,2.8,1.1,9.8
Kalibr,1,-2780.07,-174.554,2956.81,887.043,-2778.69,-175.421,3087,3.22698,1.2,0.45,9.9
Kinzhal,2,-5611.8,-10321,-7081.11,10115.9,-5613.92,-10320.9,12348,4.30401,0.35,0.12,9.9
Geran2,3,132.198,135.417,162.887,-87.7085,135.557,134.031,185,0.893696,2.8,1.1,9.9
Kalibr,1,-2788.8,-35.9255,2956.81,887.043,-2790.69,-36.2319,3087,3.18198,1.2,0.45,10
Kinzhal,2,-5475.46,-10379,-7081.11,10115.9,-5476.12,-10378.6,12348,4.31601,0.35,0.12,10
Geran2,3,147.326,121.821,162.887,-87.7085,143.398,120.337,185,0.783696,2.8,1.1,10
Kalibr,1,-2780.07,-174.554,2956.81,887.043,-2778.03,-176.162,3087,3.22698,1.2,0.45,10.1
Kinzhal,2,-5338.43,-10435.4,-7081.11,10115.9,-5340.95,-10437.8,12348,4.32801,0.35,0.12,10.1
Geran2,3,132.198,135.417,162.887,-87.7085,132.408,134.141,185,0.893696,2.8,1.1,10.1
Kalibr,1,-2788.8,-35.9255,2956.81,887.043,-2791.68,-36.0677,3087,3.18198,1.2,0.45,10.2
Kinzhal,2,-5200.73,-10490.1,-7081.11,10115.9,-5200.78,-10487.9,12348,4.34001,0.35,0.12,10.2
Geran2,3,147.326,121.821,162.887,-87.7085,149.669,120.802,185,0.783696,2.8,1.1,10.2
Kalibr,1,-2780.07,-174.554,2956.81,887.043,-2780.65,-175.13,3087,3.22698,1.2,0.45,10.3
Kinzhal,2,-5062.39,-10543.2,-7081.11,10115.9,-5066.96,-10544.4,12348,4.35201,0.35,0.12,10.3
Geran2,3,132.198,135.417,162.887,-87.7085,131.813,137.361,185,0.893696,2.8,1.1,10.3
Kalibr,1,-2788.8,-35.9255,2956.81,887.043,-2785.26,-37.9823,3087,3.18198,1.2,0.45,10.4
Kinzhal,2,-4923.42,-10594.6,-7081.11,10115.9,-4924.17,-10595,12348,4.36401,0.35,0.12,10.4
Geran2,3,147.326,121.821,162.887,-87.7085,146.086,122.838,185,0.783696,2.8,1.1,10.4
Kalibr,1,-2780.07,-174.554,2956.81,887.043,-2780.98,-174.414,3087,3.22698,1.2,0.45,10.5
Kinzhal,2,-4783.85,-10644.4,-7081.11,10115.9,-4783.64,-10641.6,12348,4.37601,0.35,0.12,10.5
Geran2,3,132.198,135.417,162.887,-87.7085,131.35,136.792,185,0.893696,2.8,1.1,10.5
Kalibr,1,-2788.8,-35.9255,2956.81,887.043,-2788.32,-33.8814,3087,3.18198,1.2,0.45,10.6
Kinzhal,2,-4643.68,-10692.4,-7081.11,10115.9,-4641.26,-10693.3,12348,4.38801,0.35,0.12,10.6
Geran2,3,147.326,121.821,162.887,-87.7085,148.746,121.904,185,0.783696,2.8,1.1,10.6
Kalibr,1,-2780.07,-174.554,2956.81,887.043,-2776.63,-178.006,3087,3.22698,1.2,0.45,10.7
Kinzhal,2,-4502.96,-10738.8,-7081.11,10115.9,-4501.93,-10738.2,12348,4.40001,0.35,0.12,10.7
Geran2,3,132.198,135.417,162.887,-87.7085,130.081,134.313,185,0.893696,2.8,1.1,10.7
Kalibr,1,-2788.8,-35.9255,2956.81,887.043,-2787.06,-33.9896,3087,3.18198,1.2,0.45,10.8
Kinzhal,2,-4361.68,-10783.5,-7081.11,10115.9,-4360.36,-10782.8,12348,4.41201,0.35,0.12,10.8
Geran2,3,147.326,121.821,162.887,-87.7085,145.897,121.331,185,0.783696,2.8,1.1,10.8
Kalibr,1,-2780.07,-174.554,2956.81,887.043,-2780.65,-176.883,3087,3.22698,1.2,0.45,10.9
Kinzhal,2,-4219.88,-10826.5,-7081.11,10115.9,-4219.31,-10827.8,12348,4.42401,0.35,0.12,10.9
Geran2,3,132.198,135.417,162.887,-87.7085,134.825,135.942,185,0.893696,2.8,1.1,10.9
Kalibr,1,-2788.8,-35.9255,2956.81,887.043,-2788.17,-35.0388,3087,3.18198,1.2,0.45,11
Kinzhal,2,-4077.57,-10867.8,-7081.11,10115.9,-4075.98,-10867.3,12348,4.43601,0.35,0.12,11
Geran2,3,147.326,121.821,162.887,-87.7085,147.251,123.929,185,0.783696,2.8,1.1,11
Kalibr,1,-2780.07,-174.554,2956.81,887.043,-2780.62,-176.296,3087,3.22698,1.2,0.45,11.1
Kinzhal,2,-3934.78,-10907.4,-7081.11,10115.9,-3931.72,-10909.3,12348,4.44801,0.35,0.12,11.1
Geran2,3,132.198,135.417,162.887,-87.7085,132.053,133.104,185,0.893696,2.8,1.1,11.1
Kalibr,1,-2788.8,-35.9255,2956.81,887.043,-2790.78,-34.348,3087,3.18198,1.2,0.45,11.2
Kinzhal,2,-3791.52,-10945.2,-7081.11,10115.9,-3790.92,-10945.4,12348,4.46001,0.35,0.12,11.2
Geran2,3,147.326,121.821,162.887,-87.7085,150.261,123.907,185,0.783696,2.8,1.1,11.2
Kalibr,1,-2780.07,-174.554,2956.81,887.043,-2780.56,-173.096,3087,3.22698,1.2,0.45,11.3
Kinzhal,2,-3647.82,-10981.4,-7081.11,10115.9,-3647.13,-10980.5,12348,4.47201,0.35,0.12,11.3
Geran2,3,132.198,135.417,162.887,-87.7085,130.694,135.166,185,0.893696,2.8,1.1,11.3
Kalibr,1,-2788.8,-35.9255,2956.81,887.043,-2796.18,-36.5523,3087,3.18198,1.2,0.45,11.4
Kinzhal,2,-3503.69,-11015.8,-7081.11,10115.9,-3503.74,-11021.9,12348,4.48401,0.35,0.12,11.4
Geran2,3,147.326,121.821,162.887,-87.7085,147.666,122.01,185,0.783696,2.8,1.1,11.4
Kalibr,1,-2780.07,-174.554,2956.81,887.043,-2781.66,-175.45,3087,3.22698,1.2,0.45,11.5
Kinzhal,2,-3359.17,-11048.5,-7081.11,10115.9,-3359.32,-11047.7,12348,4.49601,0.35,0.12,11.5
Geran2,3,132.198,135.417,162.887,-87.7085,131.325,136.381,185,0.893696,2.8,1.1,11.5
Kalibr,1,-2788.8,-35.9255,2956.81,887.043,-2789.33,-36.5651,3087,3.18198,1.2,0.45,11.6
Kinzhal,2,-3214.26,-11079.4,-7081.11,10115.9,-3212.53,-11083.1,12348,4.50801,0.35,0.12,11.6
Geran2,3,147.326,121.821,162.887,-87.7085,151.432,118.958,185,0.783696,2.8,1.1,11.6
Kalibr,1,-2780.07,-174.554,2956.81,887.043,-2784.01,-176.558,3087,3.22698,1.2,0.45,11.7
Kinzhal,2,-3068.99,-11108.6,-7081.11,10115.9,-3066.18,-11111.9,12348,4.52001,0.35,0.12,11.7
Geran2,3,132.198,135.417,162.887,-87.7085,129.933,134.962,185,0.893696,2.8,1.1,11.7
Kalibr,1,-2788.8,-35.9255,2956.81,887.043,-2790.4,-32.6781,3087,3.18198,1.2,0.45,11.8
Kinzhal,2,-2923.38,-11136.1,-7081.11,10115.9,-2922.75,-11135.4,12348,4.53201,0.35,0.12,11.8
Geran2,3,147.326,121.821,162.887,-87.7085,146.27,124.284,185,0.783696,2.8,1.1,11.8
Kalibr,1,-2780.07,-174.554,2956.81,887.043,-2780.1,-175.099,3087,3.22698,1.2,0.45,11.9
Kinzhal,2,-2777.45,-11161.8,-7081.11,10115.9,-2774.69,-11159.2,12348,4.54401,0.35,0.12,11.9
Geran2,3,132.198,135.417,162.887,-87.7085,134.499,136.532,185,0.893696,2.8,1.1,11.9
Kalibr,1,-2788.8,-35.9255,2956.81,887.043,-2791.8,-38.5087,3087,3.18198,1.2,0.45,12
Kinzhal,2,-2631.22,-11185.7,-7081.11,10115.9,-2634.41,-11187.9,12348,4.55601,0.35,0.12,12
Geran2,3,147.326,121.821,162.887,-87.7085,145.708,122.703,185,0.783696,2.8,1.1,12
Kalibr,1,-2780.07,-174.554,2956.81,887.043,-2778.09,-177.028,3087,3.22698,1.2,0.45,12.1
Kinzhal,2,-2484.72,-11207.9,-7081.11,10115.9,-2485.59,-11206.3,12348,4.56801,0.35,0.12,12.1
Geran2,3,132.198,135.417,162.887,-87.7085,132.803,133.31,185,0.893696,2.8,1.1,12.1
Kalibr,1,-2788.8,-35.9255,2956.81,887.043,-2788.14,-40.6689,3087,3.18198,1.2,0.45,12.2
Kinzhal,2,-2337.96,-11228.4,-7081.11,10115.9,-2340.48,-11230,12348,4.58001,0.35,0.12,12.2
Geran2,3,147.326,121.821,162.887,-87.7085,148.983,120.783,185,0.783696,2.8,1.1,12.2
Kalibr,1,-2780.07,-174.554,2956.81,887.043,-2779.43,-176.343,3087,3.22698,1.2,0.45,12.3
Kinzhal,2,-2190.96,-11247.1,-7081.11,10115.9,-2191.08,-11248.3,12348,4.59201,0.35,0.12,12.3
Geran2,3,132.198,135.417,162.887,-87.7085,130.09,134.662,185,0.893696,2.8,1.1,12.3
Kalibr,1,-2788.8,-35.9255,2956.81,887.043,-2787.27,-33.5659,3087,3.18198,1.2,0.45,12.4
Kinzhal,2,-2043.76,-11264,-7081.11,10115.9,-2047.24,-11263,12348,4.60401,0.35,0.12,12.4
Geran2,3,147.326,121.821,162.887,-87.7085,143.845,120.183,185,0.783696,2.8,1.1,12.4
Kalibr,1,-2780.07,-174.554,2956.81,887.043,-2776.45,-174.313,3087,3.22698,1.2,0.45,12.5
Kinzhal,2,-1896.35,-11279.1,-7081.11,10115.9,-1897.28,-11277.9,12348,4.61601,0.35,0.12,12.5
Geran2,3,132.198,135.417,162.887,-87.7085,127.741,134.185,185,0.893696,2.8,1.1,12.5
Kalibr,1,-2788.8,-35.9255,2956.81,887.043,-2788.19,-38.6722,3087,3.18198,1.2,0.45,12.6
Kinzhal,2,-1748.78,-11292.5,-7081.11,10115.9,-1749.35,-11290.1,12348,4.62801,0.35,0.12,12.6
Geran2,3,147.326,121.821,162.887,-87.7085,146.33,123.456,185,0.783696,2.8,1.1,12.6
Kalibr,1,-2780.07,-174.554,2956.81,887.043,-2781.05,-176.742,3087,3.22698,1.2,0.45,12.7
Kinzhal,2,-1601.06,-11304.1,-7081.11,10115.9,-1600.78,-11302.7,12348,4.64001,0.35,0.12,12.7
Geran2,3,132.198,135.417,162.887,-87.7085,130.959,131.025,185,0.893696,2.8,1.1,12.7
Kalibr,1,-2788.8,-35.9255,2956.81,887.043,-2787.73,-35.6166,3087,3.18198,1.2,0.45,12.8
Kinzhal,2,-1453.21,-11313.9,-7081.11,10115.9,-1454.35,-11314.2,12348,4.65201,0.35,0.12,12.8
Geran2,3,147.326,121.821,162.887,-87.7085,151.585,119.373,185,0.783696,2.8,1.1,12.8
Kalibr,1,-2780.07,-174.554,2956.81,887.043,-2778.9,-173.754,3087,3.22698,1.2,0.45,12.9
Kinzhal,2,-1305.26,-11322,-7081.11,10115.9,-1303.31,-11321,12348,4.66401,0.35,0.12,12.9
Geran2,3,132.198,135.417,162.887,-87.7085,135.813,137.27,185,0.893696,2.8,1.1,12.9
Kalibr,1,-2788.8,-35.9255,2956.81,887.043,-2788.75,-34.9029,3087,3.18198,1.2,0.45,13
Kinzhal,2,-1157.21,-11328.2,-7081.11,10115.9,-1155.28,-11330.2,12348,4.67601,0.35,0.12,13
Geran2,3,147.326,121.821,162.887,-87.7085,149.642,122.443,185,0.783696,2.8,1.1,13
Kalibr,1,-2780.07,-174.554,2956.81,887.043,-2779.13,-172.582,3087,3.22698,1.2,0.45,13.1
Kinzhal,2,-1009.1,-11332.7,-7081.11,10115.9,-1007.45,-11330.1,12348,4.68801,0.35,0.12,13.1
Geran2,3,132.198,135.417,162.887,-87.7085,133.177,131.194,185,0.893696,2.8,1.1,13.1
Kalibr,1,-2788.8,-35.9255,2956.81,887.043,-2791.3,-33.5994,3087,3.18198,1.2,0.45,13.2
Kinzhal,2,-860.953,-11335.5,-7081.11,10115.9,-861.286,-11333.3,12348,4.70001,0.35,0.12,13.2
Geran2,3,147.326,121.821,162.887,-87.7085,146.889,122.638,185,0.783696,2.8,1.1,13.2
Kalibr,1,-2780.07,-174.554,2956.81,887.043,-2777.72,-175.141,3087,3.22698,1.2,0.45,13.3
Kinzhal,2,-712.78,-11336.4,-7081.11,10115.9,-712.955,-11335.9,12348,4.71201,0.35,0.12,13.3
Geran2,3,132.198,135.417,162.887,-87.7085,137.228,139.079,185,0.893696,2.8,1.1,13.3
Kalibr,1,-2788.8,-35.9255,2956.81,887.043,-2791.18,-34.4144,3087,3.18198,1.2,0.45,13.4
Kinzhal,2,-564.607,-11335.6,-7081.11,10115.9,-564.334,-11334.3,12348,4.72401,0.35,0.12,13.4
Geran2,3,147.326,121.821,162.887,-87.7085,146.61,120.763,185,0.783696,2.8,1.1,13.4
Kalibr,1,-2780.07,-174.554,2956.81,887.043,-2780.39,-174.15,3087,3.22698,1.2,0.45,13.5
Kinzhal,2,-416.453,-11333,-7081.11,10115.9,-415.826,-11333.6,12348,4.73601,0.35,0.12,13.5
Geran2,3,132.198,135.417,162.887,-87.7085,135.48,138.144,185,0.893696,2.8,1.1,13.5
Kalibr,1,-2788.8,-35.9255,2956.81,887.043,-2787.85,-34.0536,3087,3.18198,1.2,0.45,13.6
Kinzhal,2,-268.342,-11328.6,-7081.11,10115.9,-266.397,-11329.1,12348,4.74801,0.35,0.12,13.6
Geran2,3,147.326,121.821,162.887,-87.7085,145.787,122.491,185,0.783696,2.8,1.1,13.6
Kalibr,1,-2780.07,-174.554,2956.81,887.043,-2781.59,-170.257,3087,3.22698,1.2,0.45,13.7
Kinzhal,2,-120.294,-11322.4,-7081.11,10115.9,-121.214,-11322.3,12348,4.76001,0.35,0.12,13.7
Geran2,3,132.198,135.417,162.887,-87.7085,134.085,134.627,185,0.893696,2.8,1.1,13.7
Kalibr,1,-2788.8,-35.9255,2956.81,887.043,-2785.87,-38.274,3087,3.18198,1.2,0.45,13.8
Kinzhal,2,27.6688,-11314.5,-7081.11,10115.9,26.3447,-11314.2,12348,4.77201,0.35,0.12,13.8
Geran2,3,147.326,121.821,162.887,-87.7085,145.594,123.741,185,0.783696,2.8,1.1,13.8
Kalibr,1,-2780.07,-174.554,2956.81,887.043,-2782.62,-175.007,3087,3.22698,1.2,0.45,13.9
Kinzhal,2,175.526,-11304.8,-7081.11,10115.9,181.032,-11305.8,12348,4.78401,0.35,0.12,13.9
Geran2,3,132.198,135.417,162.887,-87.7085,131.891,137.269,185,0.893696,2.8,1.1,13.9
Kalibr,1,-2788.8,-35.9255,2956.81,887.043,-2790.8,-34.6531,3087,3.18198,1.2,0.45,14
Kinzhal,2,323.256,-11293.3,-7081.11,10115.9,319.726,-11293.5,12348,4.79601,0.35,0.12,14
Geran2,3,147.326,121.821,162.887,-87.7085,147.263,123.064,185,0.783696,2.8,1.1,14
Kalibr,1,-2780.07,-174.554,2956.81,887.043,-2780.83,-173.596,3087,3.22698,1.2,0.45,14.1
Kinzhal,2,470.837,-11280,-7081.11,10115.9,472.809,-11276.2,12348,4.80801,0.35,0.12,14.1
Geran2,3,132.198,135.417,162.887,-87.7085,132.213,138.046,185,0.893696,2.8,1.1,14.1
Kalibr,1,-2788.8,-35.9255,2956.81,887.043,-2788.66,-31.6104,3087,3.18198,1.2,0.45,14.2
Kinzhal,2,618.249,-11265,-7081.11,10115.9,616.184,-11264.8,12348,4.82001,0.35,0.12,14.2
Geran2,3,147.326,121.821,162.887,-87.7085,147.893,123.175,185,0.783696,2.8,1.1,14.2
Kalibr,1,-2780.07,-174.554,2956.81,887.043,-2781.59,-177.525,3087,3.22698,1.2,0.45,14.3
Kinzhal,2,765.47,-11248.2,-7081.11,10115.9,767.754,-11248.9,12348,4.83201,0.35,0.12,14.3
Geran2,3,132.198,135.417,162.887,-87.7085,131.194,134.732,185,0.893696,2.8,1.1,14.3
Kalibr,1,-2788.8,-35.9255,2956.81,887.043,-2787.1,-33.3079,3087,3.18198,1.2,0.45,14.4
Kinzhal,2,912.478,-11229.6,-7081.11,10115.9,913.365,-11230.4,12348,4.84401,0.35,0.12,14.4
Geran2,3,147.326,121.821,162.887,-87.7085,146.321,119.566,185,0.783696,2.8,1.1,14.4
Kalibr,1,-2780.07,-174.554,2956.81,887.043,-2778.63,-172.715,3087,3.22698,1.2,0.45,14.5
Kinzhal,2,1059.25,-11209.3,-7081.11,10115.9,1061,-11205.7,12348,4.85601,0.35,0.12,14.5
Geran2,3,132.198,135.417,162.887,-87.7085,130.218,134.558,185,0.893696,2.8,1.1,14.5
Kalibr,1,-2788.8,-35.9255,2956.81,887.043,-2790.48,-36.9819,3087,3.18198,1.2,0.45,14.6
Kinzhal,2,1205.77,-11187.2,-7081.11,10115.9,1207.16,-11189.4,12348,4.86801,0.35,0.12,14.6
Geran2,3,147.326,121.821,162.887,-87.7085,149.18,121.364,185,0.783696,2.8,1.1,14.6
Kalibr,1,-2780.07,-174.554,2956.81,887.043,-2783.72,-172.726,3087,3.22698,1.2,0.45,14.7
Kinzhal,2,1352.02,-11163.3,-7081.11,10115.9,1355.58,-11164.5,12348,4.88001,0.35,0.12,14.7
Geran2,3,132.198,135.417,162.887,-87.7085,133.106,136.457,185,0.893696,2.8,1.1,14.7
Kalibr,1,-2788.8,-35.9255,2956.81,887.043,-2789.74,-34.427,3087,3.18198,1.2,0.45,14.8
Kinzhal,2,1497.97,-11137.7,-7081.11,10115.9,1496.48,-11138.8,12348,4.89201,0.35,0.12,14.8
Geran2,3,147.326,121.821,162.887,-87.7085,145.755,121.945,185,0.783696,2.8,1.1,14.8
Kalibr,1,-2780.07,-174.554,2956.81,887.043,-2777.17,-175.352,3087,3.22698,1.2,0.45,14.9
Kinzhal,2,1643.6,-11110.4,-7081.11,10115.9,1642.94,-11113.2,12348,4.90401,0.35,0.12,14.9
Geran2,3,132.198,135.417,162.887,-87.7085,131.594,134.399,185,0.893696,2.8,1.1,14.9
Kalibr,1,-2788.8,-35.9255,2956.81,887.043,-2785.89,-36.1042,3087,3.18198,1.2,0.45,15
Kinzhal,2,1788.89,-11081.3,-7081.11,10115.9,1787.25,-11082.7,12348,4.91601,0.35,0.12,15
Geran2,3,147.326,121.821,162.887,-87.7085,145.715,118.886,185,0.783696,2.8,1.1,15
Kalibr,1,-2780.07,-174.554,2956.81,887.043,-2778.88,-171.842,3087,3.22698,1.2,0.45,15.1
Kinzhal,2,1933.82,-11050.5,-7081.11,10115.9,1930.07,-11048.5,12348,4.92801,0.35,0.12,15.1
Geran2,3,132.198,135.417,162.887,-87.7085,132.64,134.83,185,0.893696,2.8,1.1,15.1
Kalibr,1,-2788.8,-35.9255,2956.81,887.043,-2789.79,-35.2872,3087,3.18198,1.2,0.45,15.2
Kinzhal,2,2078.37,-11017.9,-7081.11,10115.9,2078.97,-11016.4,12348,4.94001,0.35,0.12,15.2
Geran2,3,147.326,121.821,162.887,-87.7085,144.964,118.726,185,0.783696,2.8,1.1,15.2
Kalibr,1,-2780.07,-174.554,2956.81,887.043,-2781.38,-176.764,3087,3.22698,1.2,0.45,15.3
Kinzhal,2,2222.53,-10983.6,-7081.11,10115.9,2221.54,-10981,12348,4.95201,0.35,0.12,15.3
Geran2,3,132.198,135.417,162.887,-87.7085,133.72,136.473,185,0.893696,2.8,1.1,15.3
Kalibr,1,-2788.8,-35.9255,2956.81,887.043,-2787.85,-36.2634,3087,3.18198,1.2,0.45,15.4
Kinzhal,2,2366.25,-10947.6,-7081.11,10115.9,2363.47,-10950.2,12348,4.96401,0.35,0.12,15.4
Geran2,3,147.326,121.821,162.887,-87.7085,147.597,120.237,185,0.783696,2.8,1.1,15.4
Kalibr,1,-2780.07,-174.554,2956.81,887.043,-2778.97,-173.671,3087,3.22698,1.2,0.45,15.5
Kinzhal,2,2509.54,-10909.8,-7081.11,10115.9,2512.24,-10909.9,12348,4.97601,0.35,0.12,15.5
Geran2,3,132.198,135.417,162.887,-87.7085,130.421,139.342,185,0.893696,2.8,1.1,15.5
Kalibr,1,-2788.8,-35.9255,2956.81,887.043,-2791.46,-38.524,3087,3.18198,1.2,0.45,15.6
Kinzhal,2,2652.36,-10870.3,-7081.11,10115.9,2653.2,-10870.8,12348,4.98801,0.35,0.12,15.6
Geran2,3,147.326,121.821,162.887,-87.7085,150.073,123.238,185,0.783696,2.8,1.1,15.6
Kalibr,1,-2780.07,-174.554,2956.81,887.043,-2779.18,-175.666,3087,3.22698,1.2,0.45,15.7
Kinzhal,2,2794.7,-10829.2,-7081.11,10115.9,2795.99,-10832,12348,5.00001,0.35,0.12,15.7
Geran2,3,132.198,135.417,162.887,-87.7085,131.323,137.09,185,0.893696,2.8,1.1,15.7
Kalibr,1,-2788.8,-35.9255,2956.81,887.043,-2790.72,-35.3688,3087,3.18198,1.2,0.45,15.8
Kinzhal,2,2936.54,-10786.3,-7081.11,10115.9,2934.63,-10786.9,12348,5.01201,0.35,0.12,15.8
Geran2,3,147.326,121.821,162.887,-87.7085,146.156,121.076,185,0.783696,2.8,1.1,15.8
Kalibr,1,-2780.07,-174.554,2956.81,887.043,-2778.78,-176.089,3087,3.22698,1.2,0.45,15.9
Kinzhal,2,3077.85,-10741.7,-7081.11,10115.9,3077.7,-10743.2,12348,5.02401,0.35,0.12,15.9
Geran2,3,132.198,135.417,162.887,-87.7085,133.419,133.409,185,0.893696,2.8,1.1,15.9
Kalibr,1,-2788.8,-35.9255,2956.81,887.043,-2789.27,-35.4915,3087,3.18198,1.2,0.45,16
Kinzhal,2,3218.61,-10695.4,-7081.11,10115.9,3217.39,-10694.1,12348,5.03601,0.35,0.12,16
Geran2,3,147.326,121.821,162.887,-87.7085,150.479,118.617,185,0.783696,2.8,1.1,16
Kalibr,1,-2780.07,-174.554,2956.81,887.043,-2780.97,-174.242,3087,3.22698,1.2,0.45,16.1
Kinzhal,2,3358.81,-10647.5,-7081.11,10115.9,3357.94,-10647.6,12348,5.04801,0.35,0.12,16.1
Geran2,3,132.198,135.417,162.887,-87.7085,132.973,137.081,185,0.893696,2.8,1.1,16.1
Kalibr,1,-2788.8,-35.9255,2956.81,887.043,-2789.8,-34.6526,3087,3.18198,1.2,0.45,16.2
Kinzhal,2,3498.42,-10597.8,-7081.11,10115.9,3499.75,-10594.6,12348,5.06001,0.35,0.12,16.2
Geran2,3,147.326,121.821,162.887,-87.7085,145.92,120.388,185,0.783696,2.8,1.1,16.2
Kalibr,1,-2780.07,-174.554,2956.81,887.043,-2778.7,-174.84,3087,3.22698,1.2,0.45,16.3
Kinzhal,2,3637.43,-10546.5,-7081.11,10115.9,3637.45,-10547.4,12348,5.07201,0.35,0.12,16.3
Geran2,3,132.198,135.417,162.887,-87.7085,134.178,134.737,185,0.893696,2.8,1.1,16.3
Kalibr,1,-2788.8,-35.9255,2956.81,887.043,-2787.85,-33.3653,3087,3.18198,1.2,0.45,16.4
Kinzhal,2,3775.81,-10493.5,-7081.11,10115.9,3778.03,-10496.5,12348,5.08401,0.35,0.12,16.4
Geran2,3,147.326,121.821,162.887,-87.7085,149.868,124.53,185,0.783696,2.8,1.1,16.4
Kalibr,1,-2780.07,-174.554,2956.81,887.043,-2778.38,-170.564,3087,3.22698,1.2,0.45,16.5
Kinzhal,2,3913.55,-10438.9,-7081.11,10115.9,3911.74,-10439.5,12348,5.09601,0.35,0.12,16.5
Geran2,3,132.198,135.417,162.887,-87.7085,129.984,135.106,185,0.893696,2.8,1.1,16.5
Kalibr,1,-2788.8,-35.9255,2956.81,887.043,-2786.52,-31.32,3087,3.18198,1.2,0.45,16.6
Kinzhal,2,4050.62,-10382.6,-7081.11,10115.9,4052.64,-10382.7,12348,5.10801,0.35,0.12,16.6
Geran2,3,147.326,121.821,162.887,-87.7085,146.881,120.467,185,0.783696,2.8,1.1,16.6
Kalibr,1,-2780.07,-174.554,2956.81,887.043,-2780.68,-175.752,3087,3.22698,1.2,0.45,16.7
Kinzhal,2,4187,-10324.7,-7081.11,10115.9,4188.06,-10323.6,12348,5.12001,0.35,0.12,16.7
Geran2,3,132.198,135.417,162.887,-87.7085,131.832,137.839,185,0.893696,2.8,1.1,16.7
Kalibr,1,-2788.8,-35.9255,2956.81,887.043,-2786.04,-33.9024,3087,3.18198,1.2,0.45,16.8
Kinzhal,2,4322.68,-10265.1,-7081.11,10115.9,4322.41,-10262.4,12348,5.13201,0.35,0.12,16.8
Geran2,3,147.326,121.821,162.887,-87.7085,146.514,119.293,185,0.783696,2.8,1.1,16.8
Kalibr,1,-2780.07,-174.554,2956.81,887.043,-2780.19,-173.028,3087,3.22698,1.2,0.45,16.9
Kinzhal,2,4457.64,-10203.9,-7081.11,10115.9,4458.32,-10208.6,12348,5.14401,0.35,0.12,16.9
Geran2,3,132.198,135.417,162.887,-87.7085,132.808,135.001,185,0.893696,2.8,1.1,16.9
Kalibr,1,-2788.8,-35.9255,2956.81,887.043,-2785,-36.7608,3087,3.18198,1.2,0.45,17
Kinzhal,2,4591.85,-10141.1,-7081.11,10115.9,4590.55,-10144.3,12348,5.15601,0.35,0.12,17
Geran2,3,147.326,121.821,162.887,-87.7085,145.43,120.612,185,0.783696,2.8,1.1,17
Kalibr,1,-2780.07,-174.554,2956.81,887.043,-2781.26,-172.9,3087,3.22698,1.2,0.45,17.1
Kinzhal,2,4725.3,-10076.7,-7081.11,10115.9,4723.96,-10073.6,12348,5.16801,0.35,0.12,17.1
Geran2,3,132.198,135.417,162.887,-87.7085,133.599,137.213,185,0.893696,2.8,1.1,17.1
Kalibr,1,-2788.8,-35.9255,2956.81,887.043,-2785.04,-33.7465,3087,3.18198,1.2,0.45,17.2
Kinzhal,2,4857.97,-10010.7,-7081.11,10115.9,4855.02,-10008.3,12348,5.18001,0.35,0.12,17.2
Geran2,3,147.326,121.821,162.887,-87.7085,145.527,115.324,185,0.783696,2.8,1.1,17.2
Kalibr,1,-2780.07,-174.554,2956.81,887.043,-2784.02,-173.91,3087,3.22698,1.2,0.45,17.3
Kinzhal,2,4989.83,-9943.16,-7081.11,10115.9,4986.57,-9946.07,12348,5.19201,0.35,0.12,17.3
Geran2,3,132.198,135.417,162.887,-87.7085,135.306,134.912,185,0.893696,2.8,1.1,17.3
Kalibr,1,-2788.8,-35.9255,2956.81,887.043,-2790.39,-33.3747,3087,3.18198,1.2,0.45,17.4
Kinzhal,2,5120.88,-9874,-7081.11,10115.9,5119.71,-9872.85,12348,5.20401,0.35,0.12,17.4
Geran2,3,147.326,121.821,162.887,-87.7085,149.255,126.358,185,0.783696,2.8,1.1,17.4
Kalibr,1,-2780.07,-174.554,2956.81,887.043,-2781.62,-175.842,3087,3.22698,1.2,0.45,17.5
Kinzhal,2,5251.08,-9803.27,-7081.11,10115.9,5252.06,-9797.88,12348,5.21601,0.35,0.12,17.5
Geran2,3,132.198,135.417,162.887,-87.7085,133.452,138.293,185,0.893696,2.8,1.1,17.5
Kalibr,1,-2788.8,-35.9255,2956.81,887.043,-2791.09,-35.5706,3087,3.18198,1.2,0.45,17.6
Kinzhal,2,5380.43,-9730.98,-7081.11,10115.9,5380.55,-9732.93,12348,5.22801,0.35,0.12,17.6
Geran2,3,147.326,121.821,162.887,-87.7085,148.195,118.741,185,0.783696,2.8,1.1,17.6
Kalibr,1,-2780.07,-174.554,2956.81,887.043,-2777.59,-176.86,3087,3.22698,1.2,0.45,17.7
Kinzhal,2,5508.9,-9657.15,-7081.11,10115.9,5508.18,-9655.54,12348,5.24001,0.35,0.12,17.7
Geran2,3,132.198,135.417,162.887,-87.7085,133.075,134.142,185,0.893696,2.8,1.1,17.7
Kalibr,1,-2788.8,-35.9255,2956.81,887.043,-2790.83,-32.5416,3087,3.18198,1.2,0.45,17.8
Kinzhal,2,5636.47,-9581.77,-7081.11,10115.9,5639.23,-9577.54,12348,5.25201,0.35,0.12,17.8
Geran2,3,147.326,121.821,162.887,-87.7085,152.174,121.572,185,0.783696,2.8,1.1,17.8
Kalibr,1,-2780.07,-174.554,2956.81,887.043,-2779.7,-173.171,3087,3.22698,1.2,0.45,17.9
Kinzhal,2,5763.14,-9504.88,-7081.11,10115.9,5760.08,-9502.53,12348,5.26401,0.35,0.12,17.9
Geran2,3,132.198,135.417,162.887,-87.7085,129.599,139.195,185,0.893696,2.8,1.1,17.9
Kalibr,1,-2788.8,-35.9255,2956.81,887.043,-2785.52,-34.9505,3087,3.18198,1.2,0.45,18
Kinzhal,2,5888.87,-9426.47,-7081.11,10115.9,5885.95,-9429.2,12348,5.27601,0.35,0.12,18
Geran2,3,147.326,121.821,162.887,-87.7085,145.855,121.381,185,0.783696,2.8,1.1,18
Kalibr,1,-2780.07,-174.554,2956.81,887.043,-2783.46,-171.116,3087,3.22698,1.2,0.45,18.1
Kinzhal,2,6013.65,-9346.55,-7081.11,10115.9,6012.99,-9348.01,12348,5.28801,0.35,0.12,18.1
Geran2,3,132.198,135.417,162.887,-87.7085,133.462,139.076,185,0.893696,2.8,1.1,18.1
Kalibr,1,-2788.8,-35.9255,2956.81,887.043,-2788.62,-33.7704,3087,3.18198,1.2,0.45,18.2
Kinzhal,2,6137.46,-9265.15,-7081.11,10115.9,6135.47,-9265.27,12348,5.30001,0.35,0.12,18.2
Geran2,3,147.326,121.821,162.887,-87.7085,147.367,122.233,185,0.783696,2.8,1.1,18.2
Kalibr,1,-2780.07,-174.554,2956.81,887.043,-2781.52,-173.782,3087,3.22698,1.2,0.45,18.3
Kinzhal,2,6260.28,-9182.26,-7081.11,10115.9,6258.87,-9182.34,12348,5.31202,0.35,0.12,18.3
Geran2,3,132.198,135.417,162.887,-87.7085,133.836,135.202,185,0.893696,2.8,1.1,18.3
Kalibr,1,-2788.8,-35.9255,2956.81,887.043,-2786.58,-36.3011,3087,3.18198,1.2,0.45,18.4
Kinzhal,2,6382.1,-9097.91,-7081.11,10115.9,6382.12,-9097.8,12348,5.32402,0.35,0.12,18.4
Geran2,3,147.326,121.821,162.887,-87.7085,148.443,119.716,185,0.783696,2.8,1.1,18.4
Kalibr,1,-2780.07,-174.554,2956.81,887.043,-2779.85,-174.482,3087,3.22698,1.2,0.45,18.5
Kinzhal,2,6502.91,-9012.1,-7081.11,10115.9,6500.47,-9012.4,12348,5.33602,0.35,0.12,18.5
Geran2,3,132.198,135.417,162.887,-87.7085,131.343,133.993,185,0.893696,2.8,1.1,18.5
Kalibr,1,-2788.8,-35.9255,2956.81,887.043,-2788.65,-35.197,3087,3.18198,1.2,0.45,18.6
Kinzhal,2,6622.67,-8924.85,-7081.11,10115.9,6619.09,-8925.4,12348,5.34802,0.35,0.12,18.6
Geran2,3,147.326,121.821,162.887,-87.7085,142.627,119.121,185,0.783696,2.8,1.1,18.6
Kalibr,1,-2780.07,-174.554,2956.81,887.043,-2780.66,-173.844,3087,3.22698,1.2,0.45,18.7
Kinzhal,2,6741.38,-8836.17,-7081.11,10115.9,6744.13,-8837.39,12348,5.36002,0.35,0.12,18.7
Geran2,3,132.198,135.417,162.887,-87.7085,133.309,137.438,185,0.893696,2.8,1.1,18.7
Kalibr,1,-2788.8,-35.9255,2956.81,887.043,-2786.91,-33.6338,3087,3.18198,1.2,0.45,18.8
Kinzhal,2,6859.01,-8746.06,-7081.11,10115.9,6857.19,-8747.09,12348,5.37202,0.35,0.12,18.8
Geran2,3,147.326,121.821,162.887,-87.7085,148.366,122.286,185,0.783696,2.8,1.1,18.8
Kalibr,1,-2780.07,-174.554,2956.81,887.043,-2780.92,-175.411,3087,3.22698,1.2,0.45,18.9
Kinzhal,2,6975.56,-8654.56,-7081.11,10115.9,6976.74,-8656.68,12348,5.38402,0.35,0.12,18.9
Geran2,3,132.198,135.417,162.887,-87.7085,132.606,139.491,185,0.893696,2.8,1.1,18.9
Kalibr,1,-2788.8,-35.9255,2956.81,887.043,-2789.55,-39.9033,3087,3.18198,1.2,0.45,19
Kinzhal,2,7091,-8561.66,-7081.11,10115.9,7089.74,-8562.21,12348,5.39602,0.35,0.12,19
Geran2,3,147.326,121.821,162.887,-87.7085,147.011,123.948,185,0.783696,2.8,1.1,19
Kalibr,1,-2780.07,-174.554,2956.81,887.043,-2779.26,-176.445,3087,3.22698,1.2,0.45,19.1
Kinzhal,2,7205.31,-8467.38,-7081.11,10115.9,7203.1,-8466.18,12348,5.40802,0.35,0.12,19.1
Geran2,3,132.198,135.417,162.887,-87.7085,133.959,131.419,185,0.893696,2.8,1.1,19.1
Kalibr,1,-2788.8,-35.9255,2956.81,887.043,-2788.61,-34.2204,3087,3.18198,1.2,0.45,19.2
Kinzhal,2,7091,-8561.66,-7081.11,10115.9,7090.89,-8564.26,12348,5.39602,0.35,0.12,19.2
Geran2,3,147.326,121.821,162.887,-87.7085,149.93,126.244,185,0.783696,2.8,1.1,19.2
Kalibr,1,-2780.07,-174.554,2956.81,887.043,-2776.81,-174.918,3087,3.22698,1.2,0.45,19.3
Kinzhal,2,7205.31,-8467.38,-7081.11,10115.9,7203.34,-8468.39,12348,5.40802,0.35,0.12,19.3
Geran2,3,132.198,135.417,162.887,-87.7085,127.451,135.932,185,0.893696,2.8,1.1,19.3
Kalibr,1,-2788.8,-35.9255,2956.81,887.043,-2786.85,-36.1522,3087,3.18198,1.2,0.45,19.4
Kinzhal,2,7091,-8561.66,-7081.11,10115.9,7090.05,-8560.35,12348,5.39602,0.35,0.12,19.4
Geran2,3,147.326,121.821,162.887,-87.7085,148.772,122.817,185,0.783696,2.8,1.1,19.4
Kalibr,1,-2780.07,-174.554,2956.81,887.043,-2776.69,-175.803,3087,3.22698,1.2,0.45,19.5
Kinzhal,2,7205.31,-8467.38,-7081.11,10115.9,7206.69,-8472.3,12348,5.40802,0.35,0.12,19.5
Geran2,3,132.198,135.417,162.887,-87.7085,130.411,135.529,185,0.893696,2.8,1.1,19.5
Kalibr,1,-2788.8,-35.9255,2956.81,887.043,-2786.08,-36.8548,3087,3.18198,1.2,0.45,19.6
Kinzhal,2,7091,-8561.66,-7081.11,10115.9,7089.21,-8563.85,12348,5.39602,0.35,0.12,19.6
Geran2,3,147.326,121.821,162.887,-87.7085,148.477,120.409,185,0.783696,2.8,1.1,19.6
Kalibr,1,-2780.07,-174.554,2956.81,887.043,-2777.04,-172.034,3087,3.22698,1.2,0.45,19.7
Kinzhal,2,7205.31,-8467.38,-7081.11,10115.9,7203.49,-8468.29,12348,5.40802,0.35,0.12,19.7
Geran2,3,132.198,135.417,162.887,-87.7085,131.821,132.76,185,0.893696,2.8,1.1,19.7
Kalibr,1,-2788.8,-35.9255,2956.81,887.043,-2791.28,-35.6817,3087,3.18198,1.2,0.45,19.8
Kinzhal,2,7091,-8561.66,-7081.11,10115.9,7090.68,-8560.2,12348,5.39602,0.35,0.12,19.8
Geran2,3,147.326,121.821,162.887,-87.7085,147.896,121.897,185,0.783696,2.8,1.1,19.8
Kalibr,1,-2780.07,-174.554,2956.81,887.043,-2780.88,-176.304,3087,3.22698,1.2,0.45,19.9
Kinzhal,2,7205.31,-8467.38,-7081.11,10115.9,7203.23,-8470.11,12348,5.40802,0.35,0.12,19.9
Geran2,3,132.198,135.417,162.887,-87.7085,131.225,133.574,185,0.893696,2.8,1.1,19.9
Kalibr,1,-2788.8,-35.9255,2956.81,887.043,-2785.77,-38.5067,3087,3.18198,1.2,0.45,20
Kinzhal,2,7091,-8561.66,-7081.11,10115.9,7090.08,-8561.46,12348,5.39602,0.35,0.12,20
Geran2,3,147.326,121.821,162.887,-87.7085,146.154,121.363,185,0.783696,2.8,1.1,20
Kalibr,1,-2780.07,-174.554,2956.81,887.043,-2781.3,-168.467,3087,3.22698,1.2,0.45,20.1
Kinzhal,2,7205.31,-8467.38,-7081.11,10115.9,7203.32,-8469.09,12348,5.40802,0.35,0.12,20.1
Geran2,3,132.198,135.417,162.887,-87.7085,136.08,133.932,185,0.893696,2.8,1.1,20.1
Kalibr,1,-2788.8,-35.9255,2956.81,887.043,-2788.28,-36.1319,3087,3.18198,1.2,0.45,20.2
Kinzhal,2,7091,-8561.66,-7081.11,10115.9,7088.97,-8562.57,12348,5.39602,0.35,0.12,20.2
Geran2,3,147.326,121.821,162.887,-87.7085,145.999,123.175,185,0.783696,2.8,1.1,20.2
Kalibr,1,-2780.07,-174.554,2956.81,887.043,-2780.61,-175.43,3087,3.22698,1.2,0.45,20.3
Kinzhal,2,7205.31,-8467.38,-7081.11,10115.9,7202.21,-8468.14,12348,5.40802,0.35,0.12,20.3
Geran2,3,132.198,135.417,162.887,-87.7085,132.992,131.91,185,0.893696,2.8,1.1,20.3
Kalibr,1,-2788.8,-35.9255,2956.81,887.043,-2787.51,-32.0946,3087,3.18198,1.2,0.45,20.4
Kinzhal,2,7091,-8561.66,-7081.11,10115.9,7091.72,-8561.2,12348,5.39602,0.35,0.12,20.4
Geran2,3,147.326,121.821,162.887,-87.7085,148.184,122.988,185,0.783696,2.8,1.1,20.4
Kalibr,1,-2780.07,-174.554,2956.81,887.043,-2781.53,-177.341,3087,3.22698,1.2,0.45,20.5
Kinzhal,2,7205.31,-8467.38,-7081.11,10115.9,7207.4,-8469.09,12348,5.40802,0.35,0.12,20.5
Geran2,3,132.198,135.417,162.887,-87.7085,136.025,133.488,185,0.893696,2.8,1.1,20.5
Kalibr,1,-2788.8,-35.9255,2956.81,887.043,-2790.69,-36.0976,3087,3.18198,1.2,0.45,20.6
Kinzhal,2,7091,-8561.66,-7081.11,10115.9,7091.56,-8562.15,12348,5.39602,0.35,0.12,20.6
Geran2,3,147.326,121.821,162.887,-87.7085,148.867,121.833,185,0.783696,2.8,1.1,20.6
Kalibr,1,-2780.07,-174.554,2956.81,887.043,-2780.68,-173.399,3087,3.22698,1.2,0.45,20.7
Kinzhal,2,7205.31,-8467.38,-7081.11,10115.9,7205.78,-8467.25,12348,5.40802,0.35,0.12,20.7
Geran2,3,132.198,135.417,162.887,-87.7085,134.72,135.753,185,0.893696,2.8,1.1,20.7
Kalibr,1,-2788.8,-35.9255,2956.81,887.043,-2793.45,-35.2377,3087,3.18198,1.2,0.45,20.8
Kinzhal,2,7091,-8561.66,-7081.11,10115.9,7091.99,-8564.45,12348,5.39602,0.35,0.12,20.8
Geran2,3,147.326,121.821,162.887,-87.7085,147.56,123.701,185,0.783696,2.8,1.1,20.8
Kalibr,1,-2780.07,-174.554,2956.81,887.043,-2779.98,-174.693,3087,3.22698,1.2,0.45,20.9
Kinzhal,2,7205.31,-8467.38,-7081.11,10115.9,7206.81,-8465.43,12348,5.40802,0.35,0.12,20.9
Geran2,3,132.198,135.417,162.887,-87.7085,132.194,131.893,185,0.893696,2.8,1.1,20.9
Kalibr,1,-2788.8,-35.9255,2956.81,887.043,-2786.6,-34.2669,3087,3.18198,1.2,0.45,21
Kinzhal,2,7091,-8561.66,-7081.11,10115.9,7091.28,-8560.98,12348,5.39602,0.35,0.12,21
Geran2,3,147.326,121.821,162.887,-87.7085,146.154,123.523,185,0.783696,2.8,1.1,21
Kalibr,1,-2780.07,-174.554,2956.81,887.043,-2778.31,-174.632,3087,3.22698,1.2,0.45,21.1
Kinzhal,2,7205.31,-8467.38,-7081.11,10115.9,7203.73,-8464.2,12348,5.40802,0.35,0.12,21.1
Geran2,3,132.198,135.417,162.887,-87.7085,132.677,132.541,185,0.893696,2.8,1.1,21.1
Kalibr,1,-2788.8,-35.9255,2956.81,887.043,-2791.58,-37.4164,3087,3.18198,1.2,0.45,21.2
Kinzhal,2,7091,-8561.66,-7081.11,10115.9,7089.8,-8560.27,12348,5.39602,0.35,0.12,21.2
Geran2,3,147.326,121.821,162.887,-87.7085,144.782,124.28,185,0.783696,2.8,1.1,21.2
Kalibr,1,-2780.07,-174.554,2956.81,887.043,-2785.52,-171.997,3087,3.22698,1.2,0.45,21.3
Kinzhal,2,7205.31,-8467.38,-7081.11,10115.9,7208.55,-8465.31,12348,5.40802,0.35,0.12,21.3
Geran2,3,132.198,135.417,162.887,-87.7085,133.697,131.017,185,0.893696,2.8,1.1,21.3
Kalibr,1,-2788.8,-35.9255,2956.81,887.043,-2787.49,-34.4385,3087,3.18198,1.2,0.45,21.4
Kinzhal,2,7091,-8561.66,-7081.11,10115.9,7086.52,-8563.9,12348,5.39602,0.35,0.12,21.4
Geran2,3,147.326,121.821,162.887,-87.7085,148.948,119.77,185,0.783696,2.8,1.1,21.4
Kalibr,1,-2780.07,-174.554,2956.81,887.043,-2778.8,-176.814,3087,3.22698,1.2,0.45,21.5
Kinzhal,2,7205.31,-8467.38,-7081.11,10115.9,7202.17,-8468.69,12348,5.40802,0.35,0.12,21.5
Geran2,3,132.198,135.417,162.887,-87.7085,129.607,133.37,185,0.893696,2.8,1.1,21.5
Kalibr,1,-2788.8,-35.9255,2956.81,887.043,-2788.33,-35.7285,3087,3.18198,1.2,0.45,21.6
Kinzhal,2,7091,-8561.66,-7081.11,10115.9,7091.48,-8561.32,12348,5.39602,0.35,0.12,21.6
Geran2,3,147.326,121.821,162.887,-87.7085,147.084,120.62,185,0.783696,2.8,1.1,21.6
Kalibr,1,-2780.07,-174.554,2956.81,887.043,-2779.2,-175.548,3087,3.22698,1.2,0.45,21.7
Kinzhal,2,7205.31,-8467.38,-7081.11,10115.9,7205.35,-8467.56,12348,5.40802,0.35,0.12,21.7
Geran2,3,132.198,135.417,162.887,-87.7085,130.645,135.581,185,0.893696,2.8,1.1,21.7
Kalibr,1,-2788.8,-35.9255,2956.81,887.043,-2792.98,-33.8984,3087,3.18198,1.2,0.45,21.8
Kinzhal,2,7091,-8561.66,-7081.11,10115.9,7086.15,-8562.48,12348,5.39602,0.35,0.12,21.8
Geran2,3,147.326,121.821,162.887,-87.7085,150.01,117.674,185,0.783696,2.8,1.1,21.8
Kalibr,1,-2780.07,-174.554,2956.81,887.043,-2779.78,-173.895,3087,3.22698,1.2,0.45,21.9
Kinzhal,2,7205.31,-8467.38,-7081.11,10115.9,7205.01,-8467.33,12348,5.40802,0.35,0.12,21.9
Geran2,3,132.198,135.417,162.887,-87.7085,130.642,132.415,185,0.893696,2.8,1.1,21.9
Kalibr,1,-2788.8,-35.9255,2956.81,887.043,-2787.95,-32.7491,3087,3.18198,1.2,0.45,22
Kinzhal,2,7091,-8561.66,-7081.11,10115.9,7087.64,-8560.87,12348,5.39602,0.35,0.12,22
Geran2,3,147.326,121.821,162.887,-87.7085,149.563,120.764,185,0.783696,2.8,1.1,22
Kalibr,1,-2780.07,-174.554,2956.81,887.043,-2781.68,-175.778,3087,3.22698,1.2,0.45,22.1
Kinzhal,2,7205.31,-8467.38,-7081.11,10115.9,7208.9,-8469.45,12348,5.40802,0.35,0.12,22.1
Geran2,3,132.198,135.417,162.887,-87.7085,130.626,135.526,185,0.893696,2.8,1.1,22.1
Kalibr,1,-2788.8,-35.9255,2956.81,887.043,-2793.38,-37.0613,3087,3.18198,1.2,0.45,22.2
Kinzhal,2,7091,-8561.66,-7081.11,10115.9,7090.96,-8563.54,12348,5.39602,0.35,0.12,22.2
Geran2,3,147.326,121.821,162.887,-87.7085,146.658,120.957,185,0.783696,2.8,1.1,22.2
Kalibr,1,-2780.07,-174.554,2956.81,887.043,-2784.02,-176.211,3087,3.22698,1.2,0.45,22.3
Kinzhal,2,7205.31,-8467.38,-7081.11,10115.9,7203.71,-8471.32,12348,5.40802,0.35,0.12,22.3
Geran2,3,132.198,135.417,162.887,-87.7085,133.527,131.97,185,0.893696,2.8,1.1,22.3
Kalibr,1,-2788.8,-35.9255,2956.81,887.043,-2791.07,-35.596,3087,3.18198,1.2,0.45,22.4
Kinzhal,2,7091,-8561.66,-7081.11,10115.9,7090.79,-8553.33,12348,5.39602,0.35,0.12,22.4
Geran2,3,147.326,121.821,162.887,-87.7085,146.555,122.245,185,0.783696,2.8,1.1,22.4
Kalibr,1,-2780.07,-174.554,2956.81,887.043,-2781.23,-175.551,3087,3.22698,1.2,0.45,22.5
Kinzhal,2,7205.31,-8467.38,-7081.11,10115.9,7202.25,-8470.19,12348,5.40802,0.35,0.12,22.5
Geran2,3,132.198,135.417,162.887,-87.7085,130.738,134.391,185,0.893696,2.8,1.1,22.5
Kalibr,1,-2788.8,-35.9255,2956.81,887.043,-2789.65,-34.7417,3087,3.18198,1.2,0.45,22.6
Kinzhal,2,7091,-8561.66,-7081.11,10115.9,7091.34,-8561.19,12348,5.39602,0.35,0.12,22.6
Geran2,3,147.326,121.821,162.887,-87.7085,148.137,118.305,185,0.783696,2.8,1.1,22.6
Kalibr,1,-2780.07,-174.554,2956.81,887.043,-2779.82,-170.933,3087,3.22698,1.2,0.45,22.7
Kinzhal,2,7205.31,-8467.38,-7081.11,10115.9,7200.92,-8467.78,12348,5.40802,0.35,0.12,22.7
Geran2,3,132.198,135.417,162.887,-87.7085,131.673,137.558,185,0.893696,2.8,1.1,22.7
Kalibr,1,-2788.8,-35.9255,2956.81,887.043,-2788.64,-34.8536,3087,3.18198,1.2,0.45,22.8
Kinzhal,2,7091,-8561.66,-7081.11,10115.9,7093.58,-8560.92,12348,5.39602,0.35,0.12,22.8
Geran2,3,147.326,121.821,162.887,-87.7085,146.281,121.611,185,0.783696,2.8,1.1,22.8
Kalibr,1,-2780.07,-174.554,2956.81,887.043,-2782.23,-174.29,3087,3.22698,1.2,0.45,22.9
Kinzhal,2,7205.31,-8467.38,-7081.11,10115.9,7206.2,-8467.24,12348,5.40802,0.35,0.12,22.9
Geran2,3,132.198,135.417,162.887,-87.7085,130.121,136.703,185,0.893696,2.8,1.1,22.9
Kalibr,1,-2788.8,-35.9255,2956.81,887.043,-2786.33,-35.4487,3087,3.18198,1.2,0.45,23
Kinzhal,2,7091,-8561.66,-7081.11,10115.9,7088.94,-8563.86,12348,5.39602,0.35,0.12,23
Geran2,3,147.326,121.821,162.887,-87.7085,143.778,123.598,185,0.783696,2.8,1.1,23
Kalibr,1,-2780.07,-174.554,2956.81,887.043,-2781.76,-174.467,3087,3.22698,1.2,0.45,23.1
Kinzhal,2,7205.31,-8467.38,-7081.11,10115.9,7206.49,-8465.39,12348,5.40802,0.35,0.12,23.1
Geran2,3,132.198,135.417,162.887,-87.7085,129.57,136.259,185,0.893696,2.8,1.1,23.1
Kalibr,1,-2788.8,-35.9255,2956.81,887.043,-2789.77,-36.7875,3087,3.18198,1.2,0.45,23.2
Kinzhal,2,7091,-8561.66,-7081.11,10115.9,7089.25,-8562.92,12348,5.39602,0.35,0.12,23.2
Geran2,3,147.326,121.821,162.887,-87.7085,148.06,122.4,185,0.783696,2.8,1.1,23.2
Kalibr,1,-2780.07,-174.554,2956.81,887.043,-2781.04,-175.86,3087,3.22698,1.2,0.45,23.3
Kinzhal,2,7205.31,-8467.38,-7081.11,10115.9,7205.52,-8464.17,12348,5.40802,0.35,0.12,23.3
Geran2,3,132.198,135.417,162.887,-87.7085,134.174,134.836,185,0.893696,2.8,1.1,23.3
Kalibr,1,-2788.8,-35.9255,2956.81,887.043,-2786.85,-39.3021,3087,3.18198,1.2,0.45,23.4
Kinzhal,2,7091,-8561.66,-7081.11,10115.9,7092.41,-8559.55,12348,5.39602,0.35,0.12,23.4
Geran2,3,147.326,121.821,162.887,-87.7085,148.112,123.922,185,0.783696,2.8,1.1,23.4
Kalibr,1,-2780.07,-174.554,2956.81,887.043,-2781.14,-171.778,3087,3.22698,1.2,0.45,23.5
Kinzhal,2,7205.31,-8467.38,-7081.11,10115.9,7202.01,-8463.86,12348,5.40802,0.35,0.12,23.5
Geran2,3,132.198,135.417,162.887,-87.7085,131.989,138.246,185,0.893696,2.8,1.1,23.5
Kalibr,1,-2788.8,-35.9255,2956.81,887.043,-2786.9,-34.7699,3087,3.18198,1.2,0.45,23.6
Kinzhal,2,7091,-8561.66,-7081.11,10115.9,7087.39,-8560.76,12348,5.39602,0.35,0.12,23.6
Geran2,3,147.326,121.821,162.887,-87.7085,145.846,126.833,185,0.783696,2.8,1.1,23.6
Kalibr,1,-2780.07,-174.554,2956.81,887.043,-2780.39,-172.745,3087,3.22698,1.2,0.45,23.7
Kinzhal,2,7205.31,-8467.38,-7081.11,10115.9,7204.81,-8470.74,12348,5.40802,0.35,0.12,23.7
Geran2,3,132.198,135.417,162.887,-87.7085,132.462,133.687,185,0.893696,2.8,1.1,23.7
Kalibr,1,-2788.8,-35.9255,2956.81,887.043,-2786.5,-33.4611,3087,3.18198,1.2,0.45,23.8
Kinzhal,2,7091,-8561.66,-7081.11,10115.9,7092.56,-8559.14,12348,5.39602,0.35,0.12,23.8
Geran2,3,147.326,121.821,162.887,-87.7085,145.906,123.443,185,0.783696,2.8,1.1,23.8
Kalibr,1,-2780.07,-174.554,2956.81,887.043,-2778.08,-176.339,3087,3.22698,1.2,0.45,23.9
Kinzhal,2,7205.31,-8467.38,-7081.11,10115.9,7204.82,-8471.12,12348,5.40802,0.35,0.12,23.9
Geran2,3,132.198,135.417,162.887,-87.7085,131.614,136.334,185,0.893696,2.8,1.1,23.9
Kalibr,1,-2788.8,-35.9255,2956.81,887.043,-2787.19,-33.7076,3087,3.18198,1.2,0.45,24
Kinzhal,2,7091,-8561.66,-7081.11,10115.9,7087,-8566.55,12348,5.39602,0.35,0.12,24
Geran2,3,147.326,121.821,162.887,-87.7085,147.39,118.882,185,0.783696,2.8,1.1,24
Kalibr,1,-2780.07,-174.554,2956.81,887.043,-2781.37,-177.53,3087,3.22698,1.2,0.45,24.1
Kinzhal,2,7205.31,-8467.38,-7081.11,10115.9,7206.77,-8465.92,12348,5.40802,0.35,0.12,24.1
Geran2,3,132.198,135.417,162.887,-87.7085,131.701,138.427,185,0.893696,2.8,1.1,24.1
Kalibr,1,-2788.8,-35.9255,2956.81,887.043,-2785.12,-38.1206,3087,3.18198,1.2,0.45,24.2
Kinzhal,2,7091,-8561.66,-7081.11,10115.9,7093.57,-8560.09,12348,5.39602,0.35,0.12,24.2
Geran2,3,147.326,121.821,162.887,-87.7085,146.255,123.37,185,0.783696,2.8,1.1,24.2
Kalibr,1,-2780.07,-174.554,2956.81,887.043,-2781.29,-173.492,3087,3.22698,1.2,0.45,24.3
Kinzhal,2,7205.31,-8467.38,-7081.11,10115.9,7205.84,-8468.08,12348,5.40802,0.35,0.12,24.3
Geran2,3,132.198,135.417,162.887,-87.7085,134.538,134.902,185,0.893696,2.8,1.1,24.3
Kalibr,1,-2788.8,-35.9255,2956.81,887.043,-2787.76,-35.613,3087,3.18198,1.2,0.45,24.4
Kinzhal,2,7091,-8561.66,-7081.11,10115.9,7092.26,-8561.86,12348,5.39602,0.35,0.12,24.4
Geran2,3,147.326,121.821,162.887,-87.7085,146.319,124.268,185,0.783696,2.8,1.1,24.4
Kalibr,1,-2780.07,-174.554,2956.81,887.043,-2778.7,-175.609,3087,3.22698,1.2,0.45,24.5
Kinzhal,2,7205.31,-8467.38,-7081.11,10115.9,7205.71,-8467.03,12348,5.40802,0.35,0.12,24.5
Geran2,3,132.198,135.417,162.887,-87.7085,135.52,135.576,185,0.893696,2.8,1.1,24.5
Kalibr,1,-2788.8,-35.9255,2956.81,887.043,-2789.7,-38.6014,3087,3.18198,1.2,0.45,24.6
Kinzhal,2,7091,-8561.66,-7081.11,10115.9,7090.42,-8563.29,12348,5.39602,0.35,0.12,24.6
Geran2,3,147.326,121.821,162.887,-87.7085,149.647,121.011,185,0.783696,2.8,1.1,24.6
Kalibr,1,-2780.07,-174.554,2956.81,887.043,-2780.73,-172.04,3087,3.22698,1.2,0.45,24.7
Kinzhal,2,7205.31,-8467.38,-7081.11,10115.9,7206.47,-8465.75,12348,5.40802,0.35,0.12,24.7
Geran2,3,132.198,135.417,162.887,-87.7085,127.559,133.151,185,0.893696,2.8,1.1,24.7
Kalibr,1,-2788.8,-35.9255,2956.81,887.043,-2785.43,-32.9023,3087,3.18198,1.2,0.45,24.8
Kinzhal,2,7091,-8561.66,-7081.11,10115.9,7089.11,-8561.02,12348,5.39602,0.35,0.12,24.8
Geran2,3,147.326,121.821,162.887,-87.7085,147.941,123.192,185,0.783696,2.8,1.1,24.8
Kalibr,1,-2780.07,-174.554,2956.81,887.043,-2782.36,-176.044,3087,3.22698,1.2,0.45,24.9
Kinzhal,2,7205.31,-8467.38,-7081.11,10115.9,7209.14,-8468.41,12348,5.40802,0.35,0.12,24.9
Geran2,3,132.198,135.417,162.887,-87.7085,130.898,134.531,185,0.893696,2.8,1.1,24.9
Kalibr,1,-2788.8,-35.9255,2956.81,887.043,-2787.25,-32.7224,3087,3.18198,1.2,0.45,25
Kinzhal,2,7091,-8561.66,-7081.11,10115.9,7090.04,-8561.23,12348,5.39602,0.35,0.12,25
Geran2,3,147.326,121.821,162.887,-87.7085,146.854,122.424,185,0.783696,2.8,1.1,25
Kalibr,1,-2780.07,-174.554,2956.81,887.043,-2778.66,-176.277,3087,3.22698,1.2,0.45,25.1
Kinzhal,2,7205.31,-8467.38,-7081.11,10115.9,7207.28,-8465.62,12348,5.40802,0.35,0.12,25.1
Geran2,3,132.198,135.417,162.887,-87.7085,131.034,134.171,185,0.893696,2.8,1.1,25.1
Kalibr,1,-2788.8,-35.9255,2956.81,887.043,-2790.31,-34.5261,3087,3.18198,1.2,0.45,25.2
Kinzhal,2,7091,-8561.66,-7081.11,10115.9,7087.78,-8562.78,12348,5.39602,0.35,0.12,25.2
Geran2,3,147.326,121.821,162.887,-87.7085,149.184,122.799,185,0.783696,2.8,1.1,25.2
Kalibr,1,-2780.07,-174.554,2956.81,887.043,-2779.79,-175.579,3087,3.22698,1.2,0.45,25.3
Kinzhal,2,7205.31,-8467.38,-7081.11,10115.9,7203.95,-8463.08,12348,5.40802,0.35,0.12,25.3
Geran2,3,132.198,135.417,162.887,-87.7085,132.841,134.301,185,0.893696,2.8,1.1,25.3
Kalibr,1,-2788.8,-35.9255,2956.81,887.043,-2788.9,-36.4766,3087,3.18198,1.2,0.45,25.4
Kinzhal,2,7091,-8561.66,-7081.11,10115.9,7089.11,-8561.48,12348,5.39602,0.35,0.12,25.4
Geran2,3,147.326,121.821,162.887,-87.7085,145.521,125.764,185,0.783696,2.8,1.1,25.4
Kalibr,1,-2780.07,-174.554,2956.81,887.043,-2777.82,-177.457,3087,3.22698,1.2,0.45,25.5
Kinzhal,2,7205.31,-8467.38,-7081.11,10115.9,7206.87,-8471.73,12348,5.40802,0.35,0.12,25.5
Geran2,3,132.198,135.417,162.887,-87.7085,132.099,135.48,185,0.893696,2.8,1.1,25.5
Kalibr,1,-2788.8,-35.9255,2956.81,887.043,-2789.06,-38.6157,3087,3.18198,1.2,0.45,25.6
Kinzhal,2,7091,-8561.66,-7081.11,10115.9,7090.07,-8559.72,12348,5.39602,0.35,0.12,25.6
Geran2,3,147.326,121.821,162.887,-87.7085,149.313,121.082,185,0.783696,2.8,1.1,25.6
Kalibr,1,-2780.07,-174.554,2956.81,887.043,-2781.46,-172.757,3087,3.22698,1.2,0.45,25.7
Kinzhal,2,7205.31,-8467.38,-7081.11,10115.9,7206.47,-8465.58,12348,5.40802,0.35,0.12,25.7
Geran2,3,132.198,135.417,162.887,-87.7085,129.709,134.735,185,0.893696,2.8,1.1,25.7
Kalibr,1,-2788.8,-35.9255,2956.81,887.043,-2785.95,-30.9125,3087,3.18198,1.2,0.45,25.8
Kinzhal,2,7091,-8561.66,-7081.11,10115.9,7093.61,-8563.39,12348,5.39602,0.35,0.12,25.8
Geran2,3,147.326,121.821,162.887,-87.7085,146.518,120.715,185,0.783696,2.8,1.1,25.8
Kalibr,1,-2780.07,-174.554,2956.81,887.043,-2779.04,-173.589,3087,3.22698,1.2,0.45,25.9
Kinzhal,2,7205.31,-8467.38,-7081.11,10115.9,7207.32,-8467.92,12348,5.40802,0.35,0.12,25.9
Geran2,3,132.198,135.417,162.887,-87.7085,131.27,135.623,185,0.893696,2.8,1.1,25.9
Kalibr,1,-2788.8,-35.9255,2956.81,887.043,-2788.96,-32.651,3087,3.18198,1.2,0.45,26
Kinzhal,2,7091,-8561.66,-7081.11,10115.9,7089.49,-8560.63,12348,5.39602,0.35,0.12,26
Geran2,3,147.326,121.821,162.887,-87.7085,146.597,123.277,185,0.783696,2.8,1.1,26
Kalibr,1,-2780.07,-174.554,2956.81,887.043,-2781.83,-173.662,3087,3.22698,1.2,0.45,26.1
Kinzhal,2,7205.31,-8467.38,-7081.11,10115.9,7206.35,-8467.92,12348,5.40802,0.35,0.12,26.1
Geran2,3,132.198,135.417,162.887,-87.7085,132.322,134.768,185,0.893696,2.8,1.1,26.1
Kalibr,1,-2788.8,-35.9255,2956.81,887.043,-2791.62,-35.2616,3087,3.18198,1.2,0.45,26.2
Kinzhal,2,7091,-8561.66,-7081.11,10115.9,7091.15,-8562.52,12348,5.39602,0.35,0.12,26.2
Geran2,3,147.326,121.821,162.887,-87.7085,145.322,122.644,185,0.783696,2.8,1.1,26.2
Kalibr,1,-2780.07,-174.554,2956.81,887.043,-2780.46,-175.42,3087,3.22698,1.2,0.45,26.3
Kinzhal,2,7205.31,-8467.38,-7081.11,10115.9,7201.5,-8465.23,12348,5.40802,0.35,0.12,26.3
Geran2,3,132.198,135.417,162.887,-87.7085,134.023,133.901,185,0.893696,2.8,1.1,26.3
Kalibr,1,-2788.8,-35.9255,2956.81,887.043,-2791.74,-37.8012,3087,3.18198,1.2,0.45,26.4
Kinzhal,2,7091,-8561.66,-7081.11,10115.9,7091.55,-8561.83,12348,5.39602,0.35,0.12,26.4
Geran2,3,147.326,121.821,162.887,-87.7085,150.303,123.661,185,0.783696,2.8,1.1,26.4
Kalibr,1,-2780.07,-174.554,2956.81,887.043,-2782.01,-175.412,3087,3.22698,1.2,0.45,26.5
Kinzhal,2,7205.31,-8467.38,-7081.11,10115.9,7210.81,-8466.04,12348,5.40802,0.35,0.12,26.5
Geran2,3,132.198,135.417,162.887,-87.7085,134.358,137.662,185,0.893696,2.8,1.1,26.5
Kalibr,1,-2788.8,-35.9255,2956.81,887.043,-2789.17,-33.188,3087,3.18198,1.2,0.45,26.6
Kinzhal,2,7091,-8561.66,-7081.11,10115.9,7089.56,-8560.65,12348,5.39602,0.35,0.12,26.6
Geran2,3,147.326,121.821,162.887,-87.7085,150.03,121.296,185,0.783696,2.8,1.1,26.6
Kalibr,1,-2780.07,-174.554,2956.81,887.043,-2779.86,-173.111,3087,3.22698,1.2,0.45,26.7
Kinzhal,2,7205.31,-8467.38,-7081.11,10115.9,7209.1,-8464.03,12348,5.40802,0.35,0.12,26.7
Geran2,3,132.198,135.417,162.887,-87.7085,132.254,133.413,185,0.893696,2.8,1.1,26.7
Kalibr,1,-2788.8,-35.9255,2956.81,887.043,-2791.2,-41.2079,3087,3.18198,1.2,0.45,26.8
Kinzhal,2,7091,-8561.66,-7081.11,10115.9,7095.53,-8559.26,12348,5.39602,0.35,0.12,26.8
Geran2,3,147.326,121.821,162.887,-87.7085,148.242,120.393,185,0.783696,2.8,1.1,26.8
Kalibr,1,-2780.07,-174.554,2956.81,887.043,-2784.32,-173.856,3087,3.22698,1.2,0.45,26.9
Kinzhal,2,7205.31,-8467.38,-7081.11,10115.9,7204.42,-8467.21,12348,5.40802,0.35,0.12,26.9
Geran2,3,132.198,135.417,162.887,-87.7085,132.591,136.041,185,0.893696,2.8,1.1,26.9
Kalibr,1,-2788.8,-35.9255,2956.81,887.043,-2794,-35.4697,3087,3.18198,1.2,0.45,27
Kinzhal,2,7091,-8561.66,-7081.11,10115.9,7088.52,-8561.93,12348,5.39602,0.35,0.12,27
Geran2,3,147.326,121.821,162.887,-87.7085,145.525,122.879,185,0.783696,2.8,1.1,27
Kalibr,1,-2780.07,-174.554,2956.81,887.043,-2778.59,-173.424,3087,3.22698,1.2,0.45,27.1
Kinzhal,2,7205.31,-8467.38,-7081.11,10115.9,7203.36,-8469.85,12348,5.40802,0.35,0.12,27.1
Geran2,3,132.198,135.417,162.887,-87.7085,134.194,136.344,185,0.893696,2.8,1.1,27.1
Kalibr,1,-2788.8,-35.9255,2956.81,887.043,-2791.95,-39.9917,3087,3.18198,1.2,0.45,27.2
Kinzhal,2,7091,-8561.66,-7081.11,10115.9,7089.66,-8561.87,12348,5.39602,0.35,0.12,27.2
Geran2,3,147.326,121.821,162.887,-87.7085,150.42,119.316,185,0.783696,2.8,1.1,27.2
Kalibr,1,-2780.07,-174.554,2956.81,887.043,-2783,-174.373,3087,3.22698,1.2,0.45,27.3
Kinzhal,2,7205.31,-8467.38,-7081.11,10115.9,7207.07,-8465.17,12348,5.40802,0.35,0.12,27.3
Geran2,3,132.198,135.417,162.887,-87.7085,127.626,135.875,185,0.893696,2.8,1.1,27.3
Kalibr,1,-2788.8,-35.9255,2956.81,887.043,-2790.93,-35.9124,3087,3.18198,1.2,0.45,27.4
Kinzhal,2,7091,-8561.66,-7081.11,10115.9,7093.54,-8562.34,12348,5.39602,0.35,0.12,27.4
Geran2,3,147.326,121.821,162.887,-87.7085,147.407,120.875,185,0.783696,2.8,1.1,27.4
Kalibr,1,-2780.07,-174.554,2956.81,887.043,-2779.39,-175.675,3087,3.22698,1.2,0.45,27.5
Kinzhal,2,7205.31,-8467.38,-7081.11,10115.9,7206.9,-8463.17,12348,5.40802,0.35,0.12,27.5
Geran2,3,132.198,135.417,162.887,-87.7085,135.948,135.612,185,0.893696,2.8,1.1,27.5
Kalibr,1,-2788.8,-35.9255,2956.81,887.043,-2785.2,-35.7281,3087,3.18198,1.2,0.45,27.6
Kinzhal,2,7091,-8561.66,-7081.11,10115.9,7090.71,-8560.57,12348,5.39602,0.35,0.12,27.6
Geran2,3,147.326,121.821,162.887,-87.7085,145.042,122.763,185,0.783696,2.8,1.1,27.6
Kalibr,1,-2780.07,-174.554,2956.81,887.043,-2783.94,-174.776,3087,3.22698,1.2,0.45,27.7
Kinzhal,2,7205.31,-8467.38,-7081.11,10115.9,7207.58,-8465.26,12348,5.40802,0.35,0.12,27.7
Geran2,3,132.198,135.417,162.887,-87.7085,132.131,137.809,185,0.893696,2.8,1.1,27.7
Kalibr,1,-2788.8,-35.9255,2956.81,887.043,-2789.85,-34.9437,3087,3.18198,1.2,0.45,27.8
Kinzhal,2,7091,-8561.66,-7081.11,10115.9,7087.92,-8562.24,12348,5.39602,0.35,0.12,27.8
Geran2,3,147.326,121.821,162.887,-87.7085,147.376,120.961,185,0.783696,2.8,1.1,27.8
Kalibr,1,-2780.07,-174.554,2956.81,887.043,-2780.8,-172.871,3087,3.22698,1.2,0.45,27.9
Kinzhal,2,7205.31,-8467.38,-7081.11,10115.9,7209.25,-8468.31,12348,5.40802,0.35,0.12,27.9
Geran2,3,132.198,135.417,162.887,-87.7085,132.969,132.927,185,0.893696,2.8,1.1,27.9
Kalibr,1,-2788.8,-35.9255,2956.81,887.043,-2786.63,-36.8918,3087,3.18198,1.2,0.45,28
Kinzhal,2,7091,-8561.66,-7081.11,10115.9,7089.78,-8561.87,12348,5.39602,0.35,0.12,28
Geran2,3,147.326,121.821,162.887,-87.7085,147.242,121.901,185,0.783696,2.8,1.1,28
Kalibr,1,-2780.07,-174.554,2956.81,887.043,-2781,-174.009,3087,3.22698,1.2,0.45,28.1
Kinzhal,2,7205.31,-8467.38,-7081.11,10115.9,7206.29,-8466.23,12348,5.40802,0.35,0.12,28.1
Geran2,3,132.198,135.417,162.887,-87.7085,131.773,135.51,185,0.893696,2.8,1.1,28.1
Kalibr,1,-2788.8,-35.9255,2956.81,887.043,-2784.52,-34.3307,3087,3.18198,1.2,0.45,28.2
Kinzhal,2,7091,-8561.66,-7081.11,10115.9,7087.43,-8560.13,12348,5.39602,0.35,0.12,28.2
Geran2,3,147.326,121.821,162.887,-87.7085,149.487,122.863,185,0.783696,2.8,1.1,28.2
Kalibr,1,-2780.07,-174.554,2956.81,887.043,-2778.27,-172.765,3087,3.22698,1.2,0.45,28.3
Kinzhal,2,7205.31,-8467.38,-7081.11,10115.9,7203.76,-8466.6,12348,5.40802,0.35,0.12,28.3
Geran2,3,132.198,135.417,162.887,-87.7085,130.598,137.63,185,0.893696,2.8,1.1,28.3
Kalibr,1,-2788.8,-35.9255,2956.81,887.043,-2786.84,-35.5708,3087,3.18198,1.2,0.45,28.4
Kinzhal,2,7091,-8561.66,-7081.11,10115.9,7092.03,-8564.22,12348,5.39602,0.35,0.12,28.4
Geran2,3,147.326,121.821,162.887,-87.7085,148.298,121.155,185,0.783696,2.8,1.1,28.4
Kalibr,1,-2780.07,-174.554,2956.81,887.043,-2780.52,-176.05,3087,3.22698,1.2,0.45,28.5
Kinzhal,2,7205.31,-8467.38,-7081.11,10115.9,7207.88,-8466.59,12348,5.40802,0.35,0.12,28.5
Geran2,3,132.198,135.417,162.887,-87.7085,135.4,133.029,185,0.893696,2.8,1.1,28.5
Kalibr,1,-2788.8,-35.9255,2956.81,887.043,-2788.69,-35.3569,3087,3.18198,1.2,0.45,28.6
Kinzhal,2,7091,-8561.66,-7081.11,10115.9,7090.82,-8561.17,12348,5.39602,0.35,0.12,28.6
Geran2,3,147.326,121.821,162.887,-87.7085,146.525,122.99,185,0.783696,2.8,1.1,28.6
Kalibr,1,-2780.07,-174.554,2956.81,887.043,-2782.53,-174.751,3087,3.22698,1.2,0.45,28.7
Kinzhal,2,7205.31,-8467.38,-7081.11,10115.9,7206.1,-8466.02,12348,5.40802,0.35,0.12,28.7
Geran2,3,132.198,135.417,162.887,-87.7085,131.036,136.49,185,0.893696,2.8,1.1,28.7
Kalibr,1,-2788.8,-35.9255,2956.81,887.043,-2790.79,-34.7413,3087,3.18198,1.2,0.45,28.8
Kinzhal,2,7091,-8561.66,-7081.11,10115.9,7088.38,-8559.11,12348,5.39602,0.35,0.12,28.8
Geran2,3,147.326,121.821,162.887,-87.7085,145.478,119.533,185,0.783696,2.8,1.1,28.8
Kalibr,1,-2780.07,-174.554,2956.81,887.043,-2778.69,-176.878,3087,3.22698,1.2,0.45,28.9
Kinzhal,2,7205.31,-8467.38,-7081.11,10115.9,7207.19,-8470.01,12348,5.40802,0.35,0.12,28.9
Geran2,3,132.198,135.417,162.887,-87.7085,129.854,134.569,185,0.893696,2.8,1.1,28.9
Kalibr,1,-2788.8,-35.9255,2956.81,887.043,-2790.55,-34.1893,3087,3.18198,1.2,0.45,29
Kinzhal,2,7091,-8561.66,-7081.11,10115.9,7090.13,-8561.6,12348,5.39602,0.35,0.12,29
Geran2,3,147.326,121.821,162.887,-87.7085,147.055,118.191,185,0.783696,2.8,1.1,29
Kalibr,1,-2780.07,-174.554,2956.81,887.043,-2778.18,-174.127,3087,3.22698,1.2,0.45,29.1
Kinzhal,2,7205.31,-8467.38,-7081.11,10115.9,7207.05,-8468.11,12348,5.40802,0.35,0.12,29.1
Geran2,3,132.198,135.417,162.887,-87.7085,130.091,133.972,185,0.893696,2.8,1.1,29.1
Kalibr,1,-2788.8,-35.9255,2956.81,887.043,-2786.11,-35.8403,3087,3.18198,1.2,0.45,29.2
Kinzhal,2,7091,-8561.66,-7081.11,10115.9,7091.46,-8564.64,12348,5.39602,0.35,0.12,29.2
Geran2,3,147.326,121.821,162.887,-87.7085,146.319,120.842,185,0.783696,2.8,1.1,29.2
Kalibr,1,-2780.07,-174.554,2956.81,887.043,-2778.5,-173.976,3087,3.22698,1.2,0.45,29.3
Kinzhal,2,7205.31,-8467.38,-7081.11,10115.9,7201.69,-8467.46,12348,5.40802,0.35,0.12,29.3
Geran2,3,132.198,135.417,162.887,-87.7085,131.441,133.574,185,0.893696,2.8,1.1,29.3
Kalibr,1,-2788.8,-35.9255,2956.81,887.043,-2787.66,-37.7935,3087,3.18198,1.2,0.45,29.4
Kinzhal,2,7091,-8561.66,-7081.11,10115.9,7088.42,-8563.06,12348,5.39602,0.35,0.12,29.4
Geran2,3,147.326,121.821,162.887,-87.7085,148.533,118.352,185,0.783696,2.8,1.1,29.4
Kalibr,1,-2780.07,-174.554,2956.81,887.043,-2783.19,-176.979,3087,3.22698,1.2,0.45,29.5
Kinzhal,2,7205.31,-8467.38,-7081.11,10115.9,7204.5,-8465.96,12348,5.40802,0.35,0.12,29.5
Geran2,3,132.198,135.417,162.887,-87.7085,131.717,136.54,185,0.893696,2.8,1.1,29.5
Kalibr,1,-2788.8,-35.9255,2956.81,887.043,-2787.21,-33.5032,3087,3.18198,1.2,0.45,29.6
Kinzhal,2,7091,-8561.66,-7081.11,10115.9,7093.89,-8561.5,12348,5.39602,0.35,0.12,29.6
Geran2,3,147.326,121.821,162.887,-87.7085,146.135,123.733,185,0.783696,2.8,1.1,29.6
Kalibr,1,-2780.07,-174.554,2956.81,887.043,-2783.64,-172.984,3087,3.22698,1.2,0.45,29.7
Kinzhal,2,7205.31,-8467.38,-7081.11,10115.9,7203.36,-8466.17,12348,5.40802,0.35,0.12,29.7
Geran2,3,132.198,135.417,162.887,-87.7085,133.505,129.931,185,0.893696,2.8,1.1,29.7
Kalibr,1,-2788.8,-35.9255,2956.81,887.043,-2787.85,-39.828,3087,3.18198,1.2,0.45,29.8
Kinzhal,2,7091,-8561.66,-7081.11,10115.9,7091.07,-8561.35,12348,5.39602,0.35,0.12,29.8
Geran2,3,147.326,121.821,162.887,-87.7085,151.69,122.644,185,0.783696,2.8,1.1,29.8
Kalibr,1,-2780.07,-174.554,2956.81,887.043,-2782.42,-173.585,3087,3.22698,1.2,0.45,29.9
Kinzhal,2,7205.31,-8467.38,-7081.11,10115.9,7203.66,-8468.46,12348,5.40802,0.35,0.12,29.9
Geran2,3,132.198,135.417,162.887,-87.7085,133.708,135.218,185,0.893696,2.8,1.1,29.9
Kalibr,1,-2788.8,-35.9255,2956.81,887.043,-2789.41,-38.031,3087,3.18198,1.2,0.45,30
Kinzhal,2,7091,-8561.66,-7081.11,10115.9,7090.5,-8561.04,12348,5.39602,0.35,0.12,30
Geran2,3,147.326,121.821,162.887,-87.7085,148.802,123.076,185,0.783696,2.8,1.1,30
Kalibr,1,-2780.07,-174.554,2956.81,887.043,-2779.72,-174.151,3087,3.22698,1.2,0.45,30.1
Kinzhal,2,7205.31,-8467.38,-7081.11,10115.9,7206.83,-8471.06,12348,5.40802,0.35,0.12,30.1
Geran2,3,132.198,135.417,162.887,-87.7085,130.671,135.796,185,0.893696,2.8,1.1,30.1
Kalibr,1,-2788.8,-35.9255,2956.81,887.043,-2789.08,-35.7111,3087,3.18198,1.2,0.45,30.2
Kinzhal,2,7091,-8561.66,-7081.11,10115.9,7094.08,-8562.7,12348,5.39602,0.35,0.12,30.2
Geran2,3,147.326,121.821,162.887,-87.7085,149.639,119.266,185,0.783696,2.8,1.1,30.2
Kalibr,1,-2780.07,-174.554,2956.81,887.043,-2772.95,-170.571,3087,3.22698,1.2,0.45,30.3
Kinzhal,2,7205.31,-8467.38,-7081.11,10115.9,7201.92,-8468.07,12348,5.40802,0.35,0.12,30.3
Geran2,3,132.198,135.417,162.887,-87.7085,129.948,130.899,185,0.893696,2.8,1.1,30.3
Kalibr,1,-2788.8,-35.9255,2956.81,887.043,-2791.41,-36.0676,3087,3.18198,1.2,0.45,30.4
Kinzhal,2,7091,-8561.66,-7081.11,10115.9,7091.33,-8557.69,12348,5.39602,0.35,0.12,30.4
Geran2,3,147.326,121.821,162.887,-87.7085,147.718,123.469,185,0.783696,2.8,1.1,30.4
Kalibr,1,-2780.07,-174.554,2956.81,887.043,-2777.1,-175.771,3087,3.22698,1.2,0.45,30.5
Kinzhal,2,7205.31,-8467.38,-7081.11,10115.9,7206.13,-8467.59,12348,5.40802,0.35,0.12,30.5
Geran2,3,132.198,135.417,162.887,-87.7085,133.477,136.658,185,0.893696,2.8,1.1,30.5
Kalibr,1,-2788.8,-35.9255,2956.81,887.043,-2789.91,-33.3375,3087,3.18198,1.2,0.45,30.6
Kinzhal,2,7091,-8561.66,-7081.11,10115.9,7089.15,-8562.42,12348,5.39602,0.35,0.12,30.6
Geran2,3,147.326,121.821,162.887,-87.7085,146.608,121.364,185,0.783696,2.8,1.1,30.6
Kalibr,1,-2780.07,-174.554,2956.81,887.043,-2777.97,-172.547,3087,3.22698,1.2,0.45,30.7
Kinzhal,2,7205.31,-8467.38,-7081.11,10115.9,7205.63,-8469.04,12348,5.40802,0.35,0.12,30.7
Geran2,3,132.198,135.417,162.887,-87.7085,132.483,136.82,185,0.893696,2.8,1.1,30.7
Kalibr,1,-2788.8,-35.9255,2956.81,887.043,-2790.19,-35.6827,3087,3.18198,1.2,0.45,30.8
Kinzhal,2,7091,-8561.66,-7081.11,10115.9,7089.44,-8564.5,12348,5.39602,0.35,0.12,30.8
Geran2,3,147.326,121.821,162.887,-87.7085,145.627,120.241,185,0.783696,2.8,1.1,30.8
Kalibr,1,-2780.07,-174.554,2956.81,887.043,-2781.4,-175.371,3087,3.22698,1.2,0.45,30.9
Kinzhal,2,7205.31,-8467.38,-7081.11,10115.9,7205.57,-8468.21,12348,5.40802,0.35,0.12,30.9
Geran2,3,132.198,135.417,162.887,-87.7085,135.86,137.271,185,0.893696,2.8,1.1,30.9
Kalibr,1,-2788.8,-35.9255,2956.81,887.043,-2793.04,-34.9221,3087,3.18198,1.2,0.45,31
Kinzhal,2,7091,-8561.66,-7081.11,10115.9,7090.88,-8559.29,12348,5.39602,0.35,0.12,31
Geran2,3,147.326,121.821,162.887,-87.7085,145.39,122.323,185,0.783696,2.8,1.1,31
Kalibr,1,-2780.07,-174.554,2956.81,887.043,-2782.08,-174.906,3087,3.22698,1.2,0.45,31.1
Kinzhal,2,7205.31,-8467.38,-7081.11,10115.9,7203.3,-8467.95,12348,5.40802,0.35,0.12,31.1
Geran2,3,132.198,135.417,162.887,-87.7085,130.425,139.06,185,0.893696,2.8,1.1,31.1
Kalibr,1,-2788.8,-35.9255,2956.81,887.043,-2791.14,-34.2487,3087,3.18198,1.2,0.45,31.2
Kinzhal,2,7091,-8561.66,-7081.11,10115.9,7096.15,-8563.62,12348,5.39602,0.35,0.12,31.2
Geran2,3,147.326,121.821,162.887,-87.7085,146.084,122.934,185,0.783696,2.8,1.1,31.2
Kalibr,1,-2780.07,-174.554,2956.81,887.043,-2781.24,-175.454,3087,3.22698,1.2,0.45,31.3
Kinzhal,2,7205.31,-8467.38,-7081.11,10115.9,7207.83,-8464.04,12348,5.40802,0.35,0.12,31.3
Geran2,3,132.198,135.417,162.887,-87.7085,130.342,135.35,185,0.893696,2.8,1.1,31.3
Kalibr,1,-2788.8,-35.9255,2956.81,887.043,-2788.94,-36.3256,3087,3.18198,1.2,0.45,31.4
Kinzhal,2,7091,-8561.66,-7081.11,10115.9,7092.4,-8561.94,12348,5.39602,0.35,0.12,31.4
Geran2,3,147.326,121.821,162.887,-87.7085,145.538,120.177,185,0.783696,2.8,1.1,31.4
Kalibr,1,-2780.07,-174.554,2956.81,887.043,-2777.47,-175.361,3087,3.22698,1.2,0.45,31.5
Kinzhal,2,7205.31,-8467.38,-7081.11,10115.9,7205.83,-8469.53,12348,5.40802,0.35,0.12,31.5
Geran2,3,132.198,135.417,162.887,-87.7085,134.711,136.165,185,0.893696,2.8,1.1,31.5
Kalibr,1,-2788.8,-35.9255,2956.81,887.043,-2788.44,-31.9123,3087,3.18198,1.2,0.45,31.6
Kinzhal,2,7091,-8561.66,-7081.11,10115.9,7092.01,-8559.6,12348,5.39602,0.35,0.12,31.6
Geran2,3,147.326,121.821,162.887,-87.7085,143.045,123.707,185,0.783696,2.8,1.1,31.6
Kalibr,1,-2780.07,-174.554,2956.81,887.043,-2781.54,-173.33,3087,3.22698,1.2,0.45,31.7
Kinzhal,2,7205.31,-8467.38,-7081.11,10115.9,7205.65,-8469.48,12348,5.40802,0.35,0.12,31.7
Geran2,3,132.198,135.417,162.887,-87.7085,135.663,136.659,185,0.893696,2.8,1.1,31.7
Kalibr,1,-2788.8,-35.9255,2956.81,887.043,-2791.75,-34.5816,3087,3.18198,1.2,0.45,31.8
Kinzhal,2,7091,-8561.66,-7081.11,10115.9,7090.16,-8561.07,12348,5.39602,0.35,0.12,31.8
Geran2,3,147.326,121.821,162.887,-87.7085,146.264,121.545,185,0.783696,2.8,1.1,31.8
Kalibr,1,-2780.07,-174.554,2956.81,887.043,-2779.18,-175.573,3087,3.22698,1.2,0.45,31.9
Kinzhal,2,7205.31,-8467.38,-7081.11,10115.9,7202.73,-8469.19,12348,5.40802,0.35,0.12,31.9
Geran2,3,132.198,135.417,162.887,-87.7085,131.297,136.53,185,0.893696,2.8,1.1,31.9
Kalibr,1,-2788.8,-35.9255,2956.81,887.043,-2788.75,-38.1193,3087,3.18198,1.2,0.45,32
Kinzhal,2,7091,-8561.66,-7081.11,10115.9,7089.22,-8563.76,12348,5.39602,0.35,0.12,32
Geran2,3,147.326,121.821,162.887,-87.7085,146.135,121.162,185,0.783696,2.8,1.1,32
Kalibr,1,-2780.07,-174.554,2956.81,887.043,-2782.43,-174.483,3087,3.22698,1.2,0.45,32.1
Kinzhal,2,7205.31,-8467.38,-7081.11,10115.9,7205.87,-8466.17,12348,5.40802,0.35,0.12,32.1
Geran2,3,132.198,135.417,162.887,-87.7085,130.117,133.962,185,0.893696,2.8,1.1,32.1
Kalibr,1,-2788.8,-35.9255,2956.81,887.043,-2790.73,-34.9846,3087,3.18198,1.2,0.45,32.2
Kinzhal,2,7091,-8561.66,-7081.11,10115.9,7092.25,-8563.56,12348,5.39602,0.35,0.12,32.2
Geran2,3,147.326,121.821,162.887,-87.7085,146.186,120.474,185,0.783696,2.8,1.1,32.2
Kalibr,1,-2780.07,-174.554,2956.81,887.043,-2779.92,-174.401,3087,3.22698,1.2,0.45,32.3
Kinzhal,2,7205.31,-8467.38,-7081.11,10115.9,7203.52,-8470.23,12348,5.40802,0.35,0.12,32.3
Geran2,3,132.198,135.417,162.887,-87.7085,129.343,135.213,185,0.893696,2.8,1.1,32.3
Kalibr,1,-2788.8,-35.9255,2956.81,887.043,-2786.3,-33.7475,3087,3.18198,1.2,0.45,32.4
Kinzhal,2,7091,-8561.66,-7081.11,10115.9,7090.39,-8560.78,12348,5.39602,0.35,0.12,32.4
Geran2,3,147.326,121.821,162.887,-87.7085,145.608,122.989,185,0.783696,2.8,1.1,32.4
Kalibr,1,-2780.07,-174.554,2956.81,887.043,-2781.07,-174.242,3087,3.22698,1.2,0.45,32.5
Kinzhal,2,7205.31,-8467.38,-7081.11,10115.9,7206.69,-8467.16,12348,5.40802,0.35,0.12,32.5
Geran2,3,132.198,135.417,162.887,-87.7085,129.404,133.215,185,0.893696,2.8,1.1,32.5
Kalibr,1,-2788.8,-35.9255,2956.81,887.043,-2791.39,-35.6057,3087,3.18198,1.2,0.45,32.6
Kinzhal,2,7091,-8561.66,-7081.11,10115.9,7091.86,-8563.69,12348,5.39602,0.35,0.12,32.6
Geran2,3,147.326,121.821,162.887,-87.7085,148.309,122.181,185,0.783696,2.8,1.1,32.6
Kalibr,1,-2780.07,-174.554,2956.81,887.043,-2780.57,-177.237,3087,3.22698,1.2,0.45,32.7
Kinzhal,2,7205.31,-8467.38,-7081.11,10115.9,7203.1,-8467.4,12348,5.40802,0.35,0.12,32.7
Geran2,3,132.198,135.417,162.887,-87.7085,127.919,135.357,185,0.893696,2.8,1.1,32.7
Kalibr,1,-2788.8,-35.9255,2956.81,887.043,-2791.85,-38.6113,3087,3.18198,1.2,0.45,32.8
Kinzhal,2,7091,-8561.66,-7081.11,10115.9,7093.81,-8560.05,12348,5.39602,0.35,0.12,32.8
Geran2,3,147.326,121.821,162.887,-87.7085,141.919,122.197,185,0.783696,2.8,1.1,32.8
Kalibr,1,-2780.07,-174.554,2956.81,887.043,-2776.82,-176.796,3087,3.22698,1.2,0.45,32.9
Kinzhal,2,7205.31,-8467.38,-7081.11,10115.9,7209.75,-8466.02,12348,5.40802,0.35,0.12,32.9
Geran2,3,132.198,135.417,162.887,-87.7085,131.16,130.789,185,0.893696,2.8,1.1,32.9
Kalibr,1,-2788.8,-35.9255,2956.81,887.043,-2790.35,-34.1808,3087,3.18198,1.2,0.45,33
Kinzhal,2,7091,-8561.66,-7081.11,10115.9,7090.73,-8561.48,12348,5.39602,0.35,0.12,33
Geran2,3,147.326,121.821,162.887,-87.7085,148.872,125.614,185,0.783696,2.8,1.1,33
Kalibr,1,-2780.07,-174.554,2956.81,887.043,-2780.62,-173.432,3087,3.22698,1.2,0.45,33.1
Kinzhal,2,7205.31,-8467.38,-7081.11,10115.9,7208.9,-8467.81,12348,5.40802,0.35,0.12,33.1
Geran2,3,132.198,135.417,162.887,-87.7085,130.982,135.761,185,0.893696,2.8,1.1,33.1
Kalibr,1,-2788.8,-35.9255,2956.81,887.043,-2785.68,-34.107,3087,3.18198,1.2,0.45,33.2
Kinzhal,2,7091,-8561.66,-7081.11,10115.9,7091.35,-8561.66,12348,5.39602,0.35,0.12,33.2
Geran2,3,147.326,121.821,162.887,-87.7085,148.216,124.735,185,0.783696,2.8,1.1,33.2
Kalibr,1,-2780.07,-174.554,2956.81,887.043,-2780.74,-178.366,3087,3.22698,1.2,0.45,33.3
Kinzhal,2,7205.31,-8467.38,-7081.11,10115.9,7205.13,-8466.4,12348,5.40802,0.35,0.12,33.3
Geran2,3,132.198,135.417,162.887,-87.7085,131.358,134.406,185,0.893696,2.8,1.1,33.3
Kalibr,1,-2788.8,-35.9255,2956.81,887.043,-2786.68,-36.7701,3087,3.18198,1.2,0.45,33.4
Kinzhal,2,7091,-8561.66,-7081.11,10115.9,7088.51,-8560.92,12348,5.39602,0.35,0.12,33.4
Geran2,3,147.326,121.821,162.887,-87.7085,149.852,122.454,185,0.783696,2.8,1.1,33.4
Kalibr,1,-2780.07,-174.554,2956.81,887.043,-2780.17,-175.881,3087,3.22698,1.2,0.45,33.5
Kinzhal,2,7205.31,-8467.38,-7081.11,10115.9,7204.24,-8464.64,12348,5.40802,0.35,0.12,33.5
Geran2,3,132.198,135.417,162.887,-87.7085,128.479,134.01,185,0.893696,2.8,1.1,33.5
Kalibr,1,-2788.8,-35.9255,2956.81,887.043,-2787.74,-36.4485,3087,3.18198,1.2,0.45,33.6
Kinzhal,2,7091,-8561.66,-7081.11,10115.9,7091.2,-8565.5,12348,5.39602,0.35,0.12,33.6
Geran2,3,147.326,121.821,162.887,-87.7085,145.222,122.516,185,0.783696,2.8,1.1,33.6
Kalibr,1,-2780.07,-174.554,2956.81,887.043,-2780.07,-173.833,3087,3.22698,1.2,0.45,33.7
Kinzhal,2,7205.31,-8467.38,-7081.11,10115.9,7205.27,-8465.51,12348,5.40802,0.35,0.12,33.7
Geran2,3,132.198,135.417,162.887,-87.7085,132.441,133.015,185,0.893696,2.8,1.1,33.7
Kalibr,1,-2788.8,-35.9255,2956.81,887.043,-2789.13,-35.1878,3087,3.18198,1.2,0.45,33.8
Kinzhal,2,7091,-8561.66,-7081.11,10115.9,7089.19,-8564.48,12348,5.39602,0.35,0.12,33.8
Geran2,3,147.326,121.821,162.887,-87.7085,151.271,120.469,185,0.783696,2.8,1.1,33.8
Kalibr,1,-2780.07,-174.554,2956.81,887.043,-2775.78,-177.284,3087,3.22698,1.2,0.45,33.9
Kinzhal,2,7205.31,-8467.38,-7081.11,10115.9,7205.36,-8466.07,12348,5.40802,0.35,0.12,33.9
Geran2,3,132.198,135.417,162.887,-87.7085,127.534,135.583,185,0.893696,2.8,1.1,33.9
Kalibr,1,-2788.8,-35.9255,2956.81,887.043,-2788.02,-32.088,3087,3.18198,1.2,0.45,34
Kinzhal,2,7091,-8561.66,-7081.11,10115.9,7089.9,-8561.85,12348,5.39602,0.35,0.12,34
Geran2,3,147.326,121.821,162.887,-87.7085,147.509,122.868,185,0.783696,2.8,1.1,34
Kalibr,1,-2780.07,-174.554,2956.81,887.043,-2777.95,-171.78,3087,3.22698,1.2,0.45,34.1
Kinzhal,2,7205.31,-8467.38,-7081.11,10115.9,7205.65,-8468.49,12348,5.40802,0.35,0.12,34.1
Geran2,3,132.198,135.417,162.887,-87.7085,129.653,135.599,185,0.893696,2.8,1.1,34.1
Kalibr,1,-2788.8,-35.9255,2956.81,887.043,-2786.05,-37.3447,3087,3.18198,1.2,0.45,34.2
Kinzhal,2,7091,-8561.66,-7081.11,10115.9,7093.63,-8559.29,12348,5.39602,0.35,0.12,34.2
Geran2,3,147.326,121.821,162.887,-87.7085,147.988,120.758,185,0.783696,2.8,1.1,34.2
Kalibr,1,-2780.07,-174.554,2956.81,887.043,-2778.71,-174.242,3087,3.22698,1.2,0.45,34.3
Kinzhal,2,7205.31,-8467.38,-7081.11,10115.9,7201.6,-8465.24,12348,5.40802,0.35,0.12,34.3
Geran2,3,132.198,135.417,162.887,-87.7085,131.017,136.993,185,0.893696,2.8,1.1,34.3
Kalibr,1,-2788.8,-35.9255,2956.81,887.043,-2788.52,-34.1548,3087,3.18198,1.2,0.45,34.4
Kinzhal,2,7091,-8561.66,-7081.11,10115.9,7090.94,-8562.93,12348,5.39602,0.35,0.12,34.4
Geran2,3,147.326,121.821,162.887,-87.7085,147.604,121.482,185,0.783696,2.8,1.1,34.4
Kalibr,1,-2780.07,-174.554,2956.81,887.043,-2780.32,-174.56,3087,3.22698,1.2,0.45,34.5
Kinzhal,2,7205.31,-8467.38,-7081.11,10115.9,7209.06,-8470.3,12348,5.40802,0.35,0.12,34.5
Geran2,3,132.198,135.417,162.887,-87.7085,131.7,136.535,185,0.893696,2.8,1.1,34.5
Kalibr,1,-2788.8,-35.9255,2956.81,887.043,-2791.49,-34.8157,3087,3.18198,1.2,0.45,34.6
Kinzhal,2,7091,-8561.66,-7081.11,10115.9,7087.94,-8562.92,12348,5.39602,0.35,0.12,34.6
Geran2,3,147.326,121.821,162.887,-87.7085,144.474,121.531,185,0.783696,2.8,1.1,34.6
Kalibr,1,-2780.07,-174.554,2956.81,887.043,-2777.03,-177.065,3087,3.22698,1.2,0.45,34.7
Kinzhal,2,7205.31,-8467.38,-7081.11,10115.9,7205.39,-8466.94,12348,5.40802,0.35,0.12,34.7
Geran2,3,132.198,135.417,162.887,-87.7085,131.366,132.375,185,0.893696,2.8,1.1,34.7
Kalibr,1,-2788.8,-35.9255,2956.81,887.043,-2790.83,-34.5689,3087,3.18198,1.2,0.45,34.8
Kinzhal,2,7091,-8561.66,-7081.11,10115.9,7088.77,-8561.78,12348,5.39602,0.35,0.12,34.8
Geran2,3,147.326,121.821,162.887,-87.7085,145.234,123.224,185,0.783696,2.8,1.1,34.8
Kalibr,1,-2780.07,-174.554,2956.81,887.043,-2781.44,-175.391,3087,3.22698,1.2,0.45,34.9
Kinzhal,2,7205.31,-8467.38,-7081.11,10115.9,7208.96,-8466.03,12348,5.40802,0.35,0.12,34.9
Geran2,3,132.198,135.417,162.887,-87.7085,134.166,137.368,185,0.893696,2.8,1.1,34.9
Kalibr,1,-2788.8,-35.9255,2956.81,887.043,-2790.2,-34.2686,3087,3.18198,1.2,0.45,35
Kinzhal,2,7091,-8561.66,-7081.11,10115.9,7090.22,-8562.53,12348,5.39602,0.35,0.12,35
Geran2,3,147.326,121.821,162.887,-87.7085,148.88,118.909,185,0.783696,2.8,1.1,35
Kalibr,1,-2780.07,-174.554,2956.81,887.043,-2783.66,-172.486,3087,3.22698,1.2,0.45,35.1
Kinzhal,2,7205.31,-8467.38,-7081.11,10115.9,7205.04,-8466.52,12348,5.40802,0.35,0.12,35.1
Geran2,3,132.198,135.417,162.887,-87.7085,129.844,135.369,185,0.893696,2.8,1.1,35.1
Kalibr,1,-2788.8,-35.9255,2956.81,887.043,-2788.49,-39.4223,3087,3.18198,1.2,0.45,35.2
Kinzhal,2,7091,-8561.66,-7081.11,10115.9,7093.13,-8561.2,12348,5.39602,0.35,0.12,35.2
Geran2,3,147.326,121.821,162.887,-87.7085,147.728,121.648,185,0.783696,2.8,1.1,35.2
Kalibr,1,-2780.07,-174.554,2956.81,887.043,-2779.64,-174.846,3087,3.22698,1.2,0.45,35.3
Kinzhal,2,7205.31,-8467.38,-7081.11,10115.9,7206.02,-8467.84,12348,5.40802,0.35,0.12,35.3
Geran2,3,132.198,135.417,162.887,-87.7085,131.604,133.696,185,0.893696,2.8,1.1,35.3
Kalibr,1,-2788.8,-35.9255,2956.81,887.043,-2789.54,-35.9032,3087,3.18198,1.2,0.45,35.4
Kinzhal,2,7091,-8561.66,-7081.11,10115.9,7087.52,-8563.42,12348,5.39602,0.35,0.12,35.4
Geran2,3,147.326,121.821,162.887,-87.7085,148.56,118.564,185,0.783696,2.8,1.1,35.4
Kalibr,1,-2780.07,-174.554,2956.81,887.043,-2777.73,-174.45,3087,3.22698,1.2,0.45,35.5
Kinzhal,2,7205.31,-8467.38,-7081.11,10115.9,7203.37,-8466.63,12348,5.40802,0.35,0.12,35.5
Geran2,3,132.198,135.417,162.887,-87.7085,134,138.312,185,0.893696,2.8,1.1,35.5
Kalibr,1,-2788.8,-35.9255,2956.81,887.043,-2787.45,-38.8303,3087,3.18198,1.2,0.45,35.6
Kinzhal,2,7091,-8561.66,-7081.11,10115.9,7091.05,-8562.54,12348,5.39602,0.35,0.12,35.6
Geran2,3,147.326,121.821,162.887,-87.7085,147.088,122.642,185,0.783696,2.8,1.1,35.6
Kalibr,1,-2780.07,-174.554,2956.81,887.043,-2779.9,-173.085,3087,3.22698,1.2,0.45,35.7
Kinzhal,2,7205.31,-8467.38,-7081.11,10115.9,7206.4,-8464.16,12348,5.40802,0.35,0.12,35.7
Geran2,3,132.198,135.417,162.887,-87.7085,129.514,135.04,185,0.893696,2.8,1.1,35.7
Kalibr,1,-2788.8,-35.9255,2956.81,887.043,-2787.78,-37.159,3087,3.18198,1.2,0.45,35.8
Kinzhal,2,7091,-8561.66,-7081.11,10115.9,7094.56,-8557.46,12348,5.39602,0.35,0.12,35.8
Geran2,3,147.326,121.821,162.887,-87.7085,150.511,121.583,185,0.783696,2.8,1.1,35.8
Kalibr,1,-2780.07,-174.554,2956.81,887.043,-2780.1,-173.6,3087,3.22698,1.2,0.45,35.9
Kinzhal,2,7205.31,-8467.38,-7081.11,10115.9,7206.27,-8466.27,12348,5.40802,0.35,0.12,35.9
Geran2,3,132.198,135.417,162.887,-87.7085,134.138,134.691,185,0.893696,2.8,1.1,35.9
Kalibr,1,-2788.8,-35.9255,2956.81,887.043,-2786.09,-37.5442,3087,3.18198,1.2,0.45,36
Kinzhal,2,7091,-8561.66,-7081.11,10115.9,7088.3,-8559.29,12348,5.39602,0.35,0.12,36
Geran2,3,147.326,121.821,162.887,-87.7085,144.884,120.377,185,0.783696,2.8,1.1,36
Kalibr,1,-2780.07,-174.554,2956.81,887.043,-2779.55,-175.17,3087,3.22698,1.2,0.45,36.1
Kinzhal,2,7205.31,-8467.38,-7081.11,10115.9,7203.83,-8467.95,12348,5.40802,0.35,0.12,36.1
Geran2,3,132.198,135.417,162.887,-87.7085,129.058,135.682,185,0.893696,2.8,1.1,36.1
Kalibr,1,-2788.8,-35.9255,2956.81,887.043,-2791.69,-35.7757,3087,3.18198,1.2,0.45,36.2
Kinzhal,2,7091,-8561.66,-7081.11,10115.9,7091.78,-8561.66,12348,5.39602,0.35,0.12,36.2
Geran2,3,147.326,121.821,162.887,-87.7085,154.11,122.425,185,0.783696,2.8,1.1,36.2
Kalibr,1,-2780.07,-174.554,2956.81,887.043,-2782.67,-177.371,3087,3.22698,1.2,0.45,36.3
Kinzhal,2,7205.31,-8467.38,-7081.11,10115.9,7202.92,-8469.23,12348,5.40802,0.35,0.12,36.3
Geran2,3,132.198,135.417,162.887,-87.7085,130.336,139.776,185,0.893696,2.8,1.1,36.3
Kalibr,1,-2788.8,-35.9255,2956.81,887.043,-2788.81,-35.5168,3087,3.18198,1.2,0.45,36.4
Kinzhal,2,7091,-8561.66,-7081.11,10115.9,7090.57,-8559.1,12348,5.39602,0.35,0.12,36.4
Geran2,3,147.326,121.821,162.887,-87.7085,145.762,122.749,185,0.783696,2.8,1.1,36.4
Kalibr,1,-2780.07,-174.554,2956.81,887.043,-2778.82,-174.235,3087,3.22698,1.2,0.45,36.5
Kinzhal,2,7205.31,-8467.38,-7081.11,10115.9,7203.05,-8468.2,12348,5.40802,0.35,0.12,36.5
Geran2,3,132.198,135.417,162.887,-87.7085,130.314,133.432,185,0.893696,2.8,1.1,36.5
Kalibr,1,-2788.8,-35.9255,2956.81,887.043,-2788.06,-39.5133,3087,3.18198,1.2,0.45,36.6
Kinzhal,2,7091,-8561.66,-7081.11,10115.9,7091.51,-8563.39,12348,5.39602,0.35,0.12,36.6
Geran2,3,147.326,121.821,162.887,-87.7085,146.479,121.086,185,0.783696,2.8,1.1,36.6
Kalibr,1,-2780.07,-174.554,2956.81,887.043,-2779.36,-176.743,3087,3.22698,1.2,0.45,36.7
Kinzhal,2,7205.31,-8467.38,-7081.11,10115.9,7201,-8465.58,12348,5.40802,0.35,0.12,36.7
Geran2,3,132.198,135.417,162.887,-87.7085,129.982,139.88,185,0.893696,2.8,1.1,36.7
Kalibr,1,-2788.8,-35.9255,2956.81,887.043,-2786.59,-34.0943,3087,3.18198,1.2,0.45,36.8
Kinzhal,2,7091,-8561.66,-7081.11,10115.9,7089.4,-8562.52,12348,5.39602,0.35,0.12,36.8
Geran2,3,147.326,121.821,162.887,-87.7085,147.968,122,185,0.783696,2.8,1.1,36.8
Kalibr,1,-2780.07,-174.554,2956.81,887.043,-2782.08,-174.007,3087,3.22698,1.2,0.45,36.9
Kinzhal,2,7205.31,-8467.38,-7081.11,10115.9,7203.46,-8466.74,12348,5.40802,0.35,0.12,36.9
Geran2,3,132.198,135.417,162.887,-87.7085,132.367,134.673,185,0.893696,2.8,1.1,36.9
Kalibr,1,-2788.8,-35.9255,2956.81,887.043,-2789.1,-35.8057,3087,3.18198,1.2,0.45,37
Kinzhal,2,7091,-8561.66,-7081.11,10115.9,7088.19,-8560.6,12348,5.39602,0.35,0.12,37
Geran2,3,147.326,121.821,162.887,-87.7085,146.399,122.676,185,0.783696,2.8,1.1,37
Kalibr,1,-2780.07,-174.554,2956.81,887.043,-2780.88,-174.928,3087,3.22698,1.2,0.45,37.1
Kinzhal,2,7205.31,-8467.38,-7081.11,10115.9,7205.2,-8469.86,12348,5.40802,0.35,0.12,37.1
Geran2,3,132.198,135.417,162.887,-87.7085,133.344,137.373,185,0.893696,2.8,1.1,37.1
Kalibr,1,-2788.8,-35.9255,2956.81,887.043,-2791.11,-35.9722,3087,3.18198,1.2,0.45,37.2
Kinzhal,2,7091,-8561.66,-7081.11,10115.9,7092.79,-8561.53,12348,5.39602,0.35,0.12,37.2
Geran2,3,147.326,121.821,162.887,-87.7085,144.341,121.098,185,0.783696,2.8,1.1,37.2
Kalibr,1,-2780.07,-174.554,2956.81,887.043,-2783.35,-174.937,3087,3.22698,1.2,0.45,37.3
Kinzhal,2,7205.31,-8467.38,-7081.11,10115.9,7204.18,-8466.13,12348,5.40802,0.35,0.12,37.3
Geran2,3,132.198,135.417,162.887,-87.7085,134.098,132.802,185,0.893696,2.8,1.1,37.3
Kalibr,1,-2788.8,-35.9255,2956.81,887.043,-2790.1,-37.3001,3087,3.18198,1.2,0.45,37.4
Kinzhal,2,7091,-8561.66,-7081.11,10115.9,7089.78,-8562.2,12348,5.39602,0.35,0.12,37.4
Geran2,3,147.326,121.821,162.887,-87.7085,148.568,119.862,185,0.783696,2.8,1.1,37.4
Kalibr,1,-2780.07,-174.554,2956.81,887.043,-2783.48,-174.62,3087,3.22698,1.2,0.45,37.5
Kinzhal,2,7205.31,-8467.38,-7081.11,10115.9,7206.64,-8467.32,12348,5.40802,0.35,0.12,37.5
Geran2,3,132.198,135.417,162.887,-87.7085,131.56,134.273,185,0.893696,2.8,1.1,37.5
Kalibr,1,-2788.8,-35.9255,2956.81,887.043,-2791.52,-35.3221,3087,3.18198,1.2,0.45,37.6
Kinzhal,2,7091,-8561.66,-7081.11,10115.9,7091.66,-8559.54,12348,5.39602,0.35,0.12,37.6
Geran2,3,147.326,121.821,162.887,-87.7085,150.022,124.523,185,0.783696,2.8,1.1,37.6
Kalibr,1,-2780.07,-174.554,2956.81,887.043,-2780.67,-174.945,3087,3.22698,1.2,0.45,37.7
Kinzhal,2,7205.31,-8467.38,-7081.11,10115.9,7206.48,-8468.2,12348,5.40802,0.35,0.12,37.7
Geran2,3,132.198,135.417,162.887,-87.7085,134.256,129.816,185,0.893696,2.8,1.1,37.7
Kalibr,1,-2788.8,-35.9255,2956.81,887.043,-2789.57,-30.8435,3087,3.18198,1.2,0.45,37.8
Kinzhal,2,7091,-8561.66,-7081.11,10115.9,7089.55,-8562.69,12348,5.39602,0.35,0.12,37.8
Geran2,3,147.326,121.821,162.887,-87.7085,147.635,123.957,185,0.783696,2.8,1.1,37.8
Kalibr,1,-2780.07,-174.554,2956.81,887.043,-2776.14,-174.42,3087,3.22698,1.2,0.45,37.9
Kinzhal,2,7205.31,-8467.38,-7081.11,10115.9,7208.34,-8465.47,12348,5.40802,0.35,0.12,37.9
Geran2,3,132.198,135.417,162.887,-87.7085,131.572,132.897,185,0.893696,2.8,1.1,37.9
Kalibr,1,-2788.8,-35.9255,2956.81,887.043,-2789.27,-38.0633,3087,3.18198,1.2,0.45,38
Kinzhal,2,7091,-8561.66,-7081.11,10115.9,7089.35,-8565.43,12348,5.39602,0.35,0.12,38
Geran2,3,147.326,121.821,162.887,-87.7085,146.49,125.728,185,0.783696,2.8,1.1,38
Kalibr,1,-2780.07,-174.554,2956.81,887.043,-2778.06,-177.433,3087,3.22698,1.2,0.45,38.1
Kinzhal,2,7205.31,-8467.38,-7081.11,10115.9,7208.11,-8468.58,12348,5.40802,0.35,0.12,38.1
Geran2,3,132.198,135.417,162.887,-87.7085,127.086,133.719,185,0.893696,2.8,1.1,38.1
Kalibr,1,-2788.8,-35.9255,2956.81,887.043,-2787,-32.0262,3087,3.18198,1.2,0.45,38.2
Kinzhal,2,7091,-8561.66,-7081.11,10115.9,7090.77,-8563.13,12348,5.39602,0.35,0.12,38.2
Geran2,3,147.326,121.821,162.887,-87.7085,152.013,120.255,185,0.783696,2.8,1.1,38.2
Kalibr,1,-2780.07,-174.554,2956.81,887.043,-2781.08,-169.862,3087,3.22698,1.2,0.45,38.3
Kinzhal,2,7205.31,-8467.38,-7081.11,10115.9,7205.41,-8469.78,12348,5.40802,0.35,0.12,38.3
Geran2,3,132.198,135.417,162.887,-87.7085,132.917,135.313,185,0.893696,2.8,1.1,38.3
Kalibr,1,-2788.8,-35.9255,2956.81,887.043,-2788.85,-35.5958,3087,3.18198,1.2,0.45,38.4
Kinzhal,2,7091,-8561.66,-7081.11,10115.9,7092.08,-8559.63,12348,5.39602,0.35,0.12,38.4
Geran2,3,147.326,121.821,162.887,-87.7085,144.534,122.149,185,0.783696,2.8,1.1,38.4
Kalibr,1,-2780.07,-174.554,2956.81,887.043,-2778.07,-175.952,3087,3.22698,1.2,0.45,38.5
Kinzhal,2,7205.31,-8467.38,-7081.11,10115.9,7207.45,-8469.22,12348,5.40802,0.35,0.12,38.5
Geran2,3,132.198,135.417,162.887,-87.7085,131.896,131.247,185,0.893696,2.8,1.1,38.5
Kalibr,1,-2788.8,-35.9255,2956.81,887.043,-2789.7,-36.0304,3087,3.18198,1.2,0.45,38.6
Kinzhal,2,7091,-8561.66,-7081.11,10115.9,7093.51,-8559.1,12348,5.39602,0.35,0.12,38.6
Geran2,3,147.326,121.821,162.887,-87.7085,148.917,120.383,185,0.783696,2.8,1.1,38.6
Kalibr,1,-2780.07,-174.554,2956.81,887.043,-2785.25,-172.007,3087,3.22698,1.2,0.45,38.7
Kinzhal,2,7205.31,-8467.38,-7081.11,10115.9,7202.9,-8467.19,12348,5.40802,0.35,0.12,38.7
Geran2,3,132.198,135.417,162.887,-87.7085,134.335,138.868,185,0.893696,2.8,1.1,38.7
Kalibr,1,-2788.8,-35.9255,2956.81,887.043,-2788.4,-36.3553,3087,3.18198,1.2,0.45,38.8
Kinzhal,2,7091,-8561.66,-7081.11,10115.9,7091.38,-8560.09,12348,5.39602,0.35,0.12,38.8
Geran2,3,147.326,121.821,162.887,-87.7085,145.48,123.096,185,0.783696,2.8,1.1,38.8
Kalibr,1,-2780.07,-174.554,2956.81,887.043,-2780.11,-176.027,3087,3.22698,1.2,0.45,38.9
Kinzhal,2,7205.31,-8467.38,-7081.11,10115.9,7208.3,-8469.18,12348,5.40802,0.35,0.12,38.9
Geran2,3,132.198,135.417,162.887,-87.7085,131.602,137.672,185,0.893696,2.8,1.1,38.9
Kalibr,1,-2788.8,-35.9255,2956.81,887.043,-2787.97,-36.4389,3087,3.18198,1.2,0.45,39
Kinzhal,2,7091,-8561.66,-7081.11,10115.9,7089.69,-8562.72,12348,5.39602,0.35,0.12,39
Geran2,3,147.326,121.821,162.887,-87.7085,147.819,124.451,185,0.783696,2.8,1.1,39
Kalibr,1,-2780.07,-174.554,2956.81,887.043,-2781.71,-168.729,3087,3.22698,1.2,0.45,39.1
Kinzhal,2,7205.31,-8467.38,-7081.11,10115.9,7205.39,-8468.54,12348,5.40802,0.35,0.12,39.1
Geran2,3,132.198,135.417,162.887,-87.7085,133.103,138.153,185,0.893696,2.8,1.1,39.1
Kalibr,1,-2788.8,-35.9255,2956.81,887.043,-2793.95,-35.3336,3087,3.18198,1.2,0.45,39.2
Kinzhal,2,7091,-8561.66,-7081.11,10115.9,7088.25,-8562.89,12348,5.39602,0.35,0.12,39.2
Geran2,3,147.326,121.821,162.887,-87.7085,149.817,121.189,185,0.783696,2.8,1.1,39.2
Kalibr,1,-2780.07,-174.554,2956.81,887.043,-2780.4,-173.77,3087,3.22698,1.2,0.45,39.3
Kinzhal,2,7205.31,-8467.38,-7081.11,10115.9,7201.31,-8466.33,12348,5.40802,0.35,0.12,39.3
Geran2,3,132.198,135.417,162.887,-87.7085,132.764,136.958,185,0.893696,2.8,1.1,39.3
Kalibr,1,-2788.8,-35.9255,2956.81,887.043,-2793.27,-34.881,3087,3.18198,1.2,0.45,39.4
Kinzhal,2,7091,-8561.66,-7081.11,10115.9,7089.89,-8562.53,12348,5.39602,0.35,0.12,39.4
Geran2,3,147.326,121.821,162.887,-87.7085,148.364,119.143,185,0.783696,2.8,1.1,39.4
Kalibr,1,-2780.07,-174.554,2956.81,887.043,-2779.35,-177.493,3087,3.22698,1.2,0.45,39.5
Kinzhal,2,7205.31,-8467.38,-7081.11,10115.9,7204.65,-8469.9,12348,5.40802,0.35,0.12,39.5
Geran2,3,132.198,135.417,162.887,-87.7085,133.15,133.156,185,0.893696,2.8,1.1,39.5
Kalibr,1,-2788.8,-35.9255,2956.81,887.043,-2787.39,-33.9073,3087,3.18198,1.2,0.45,39.6
Kinzhal,2,7091,-8561.66,-7081.11,10115.9,7093.52,-8561.36,12348,5.39602,0.35,0.12,39.6
Geran2,3,147.326,121.821,162.887,-87.7085,151.573,120.739,185,0.783696,2.8,1.1,39.6
Kalibr,1,-2780.07,-174.554,2956.81,887.043,-2780.61,-173.236,3087,3.22698,1.2,0.45,39.7
Kinzhal,2,7205.31,-8467.38,-7081.11,10115.9,7206.29,-8467.23,12348,5.40802,0.35,0.12,39.7
Geran2,3,132.198,135.417,162.887,-87.7085,132.382,136.345,185,0.893696,2.8,1.1,39.7
Kalibr,1,-2788.8,-35.9255,2956.81,887.043,-2789.23,-35.7969,3087,3.18198,1.2,0.45,39.8
Kinzhal,2,7091,-8561.66,-7081.11,10115.9,7096.96,-8562.01,12348,5.39602,0.35,0.12,39.8
Geran2,3,147.326,121.821,162.887,-87.7085,145.638,123.824,185,0.783696,2.8,1.1,39.8
Kalibr,1,-2780.07,-174.554,2956.81,887.043,-2780.18,-179.435,3087,3.22698,1.2,0.45,39.9
Kinzhal,2,7205.31,-8467.38,-7081.11,10115.9,7201.7,-8468.44,12348,5.40802,0.35,0.12,39.9
Geran2,3,132.198,135.417,162.887,-87.7085,134.431,133.814,185,0.893696,2.8,1.1,39.9
Kalibr,1,-2788.8,-35.9255,2956.81,887.043,-2788.89,-35.3246,3087,3.18198,1.2,0.45,40
Kinzhal,2,7091,-8561.66,-7081.11,10115.9,7090.72,-8559.49,12348,5.39602,0.35,0.12,40
Geran2,3,147.326,121.821,162.887,-87.7085,142.114,119.554,185,0.783696,2.8,1.1,40
Kalibr,1,-2780.07,-174.554,2956.81,887.043,-2777.46,-176.892,3087,3.22698,1.2,0.45,40.1
Kinzhal,2,7205.31,-8467.38,-7081.11,10115.9,7205.39,-8468.12,12348,5.40802,0.35,0.12,40.1
Geran2,3,132.198,135.417,162.887,-87.7085,130.539,132.066,185,0.893696,2.8,1.1,40.1
Kalibr,1,-2788.8,-35.9255,2956.81,887.043,-2788.85,-32.9037,3087,3.18198,1.2,0.45,40.2
Kinzhal,2,7091,-8561.66,-7081.11,10115.9,7087.32,-8560.95,12348,5.39602,0.35,0.12,40.2
Geran2,3,147.326,121.821,162.887,-87.7085,149.518,122.155,185,0.783696,2.8,1.1,40.2
Kalibr,1,-2780.07,-174.554,2956.81,887.043,-2783.05,-176.816,3087,3.22698,1.2,0.45,40.3
Kinzhal,2,7205.31,-8467.38,-7081.11,10115.9,7207.37,-8466.94,12348,5.40802,0.35,0.12,40.3
Geran2,3,132.198,135.417,162.887,-87.7085,130.638,135.876,185,0.893696,2.8,1.1,40.3
Kalibr,1,-2788.8,-35.9255,2956.81,887.043,-2787.86,-36.7103,3087,3.18198,1.2,0.45,40.4
Kinzhal,2,7091,-8561.66,-7081.11,10115.9,7088.56,-8559.04,12348,5.39602,0.35,0.12,40.4
Geran2,3,147.326,121.821,162.887,-87.7085,145.874,123.292,185,0.783696,2.8,1.1,40.4
Kalibr,1,-2780.07,-174.554,2956.81,887.043,-2776.41,-170.423,3087,3.22698,1.2,0.45,40.5
Kinzhal,2,7205.31,-8467.38,-7081.11,10115.9,7204.14,-8467.91,12348,5.40802,0.35,0.12,40.5
Geran2,3,132.198,135.417,162.887,-87.7085,129.445,135.926,185,0.893696,2.8,1.1,40.5
Kalibr,1,-2788.8,-35.9255,2956.81,887.043,-2787.43,-36.2486,3087,3.18198,1.2,0.45,40.6
Kinzhal,2,7091,-8561.66,-7081.11,10115.9,7090.96,-8563.88,12348,5.39602,0.35,0.12,40.6
Geran2,3,147.326,121.821,162.887,-87.7085,146.797,120.278,185,0.783696,2.8,1.1,40.6
Kalibr,1,-2780.07,-174.554,2956.81,887.043,-2777.03,-173.657,3087,3.22698,1.2,0.45,40.7
Kinzhal,2,7205.31,-8467.38,-7081.11,10115.9,7208.27,-8469.46,12348,5.40802,0.35,0.12,40.7
Geran2,3,132.198,135.417,162.887,-87.7085,131.916,133.487,185,0.893696,2.8,1.1,40.7
Kalibr,1,-2788.8,-35.9255,2956.81,887.043,-2788.61,-34.362,3087,3.18198,1.2,0.45,40.8
Kinzhal,2,7091,-8561.66,-7081.11,10115.9,7091.39,-8560.91,12348,5.39602,0.35,0.12,40.8
Geran2,3,147.326,121.821,162.887,-87.7085,149.81,123.894,185,0.783696,2.8,1.1,40.8
Kalibr,1,-2780.07,-174.554,2956.81,887.043,-2778.81,-175.407,3087,3.22698,1.2,0.45,40.9
Kinzhal,2,7205.31,-8467.38,-7081.11,10115.9,7205.94,-8468.18,12348,5.40802,0.35,0.12,40.9
Geran2,3,132.198,135.417,162.887,-87.7085,131.988,133.349,185,0.893696,2.8,1.1,40.9
Kalibr,1,-2788.8,-35.9255,2956.81,887.043,-2788.74,-32.5998,3087,3.18198,1.2,0.45,41
Kinzhal,2,7091,-8561.66,-7081.11,10115.9,7091.01,-8562.14,12348,5.39602,0.35,0.12,41
Geran2,3,147.326,121.821,162.887,-87.7085,146.935,121.909,185,0.783696,2.8,1.1,41
Kalibr,1,-2780.07,-174.554,2956.81,887.043,-2781.09,-177.937,3087,3.22698,1.2,0.45,41.1
Kinzhal,2,7205.31,-8467.38,-7081.11,10115.9,7204.84,-8473.01,12348,5.40802,0.35,0.12,41.1
Geran2,3,132.198,135.417,162.887,-87.7085,133.272,135.721,185,0.893696,2.8,1.1,41.1
Kalibr,1,-2788.8,-35.9255,2956.81,887.043,-2788.07,-41.4861,3087,3.18198,1.2,0.45,41.2
Kinzhal,2,7091,-8561.66,-7081.11,10115.9,7089.51,-8562,12348,5.39602,0.35,0.12,41.2
Geran2,3,147.326,121.821,162.887,-87.7085,145.751,119.073,185,0.783696,2.8,1.1,41.2
Kalibr,1,-2780.07,-174.554,2956.81,887.043,-2781.43,-177.245,3087,3.22698,1.2,0.45,41.3
Kinzhal,2,7205.31,-8467.38,-7081.11,10115.9,7205,-8467.03,12348,5.40802,0.35,0.12,41.3
Geran2,3,132.198,135.417,162.887,-87.7085,130.357,135.336,185,0.893696,2.8,1.1,41.3
Kalibr,1,-2788.8,-35.9255,2956.81,887.043,-2790.15,-38.8263,3087,3.18198,1.2,0.45,41.4
Kinzhal,2,7091,-8561.66,-7081.11,10115.9,7091.89,-8564.12,12348,5.39602,0.35,0.12,41.4
Geran2,3,147.326,121.821,162.887,-87.7085,144.57,126.319,185,0.783696,2.8,1.1,41.4
Kalibr,1,-2780.07,-174.554,2956.81,887.043,-2780.95,-176.718,3087,3.22698,1.2,0.45,41.5
Kinzhal,2,7205.31,-8467.38,-7081.11,10115.9,7203.88,-8467.94,12348,5.40802,0.35,0.12,41.5
Geran2,3,132.198,135.417,162.887,-87.7085,136.013,134.717,185,0.893696,2.8,1.1,41.5
Kalibr,1,-2788.8,-35.9255,2956.81,887.043,-2790.94,-34.9574,3087,3.18198,1.2,0.45,41.6
Kinzhal,2,7091,-8561.66,-7081.11,10115.9,7090.09,-8560.41,12348,5.39602,0.35,0.12,41.6
Geran2,3,147.326,121.821,162.887,-87.7085,147.384,121.401,185,0.783696,2.8,1.1,41.6
Kalibr,1,-2780.07,-174.554,2956.81,887.043,-2783.46,-175.157,3087,3.22698,1.2,0.45,41.7
Kinzhal,2,7205.31,-8467.38,-7081.11,10115.9,7199.52,-8466.03,12348,5.40802,0.35,0.12,41.7
Geran2,3,132.198,135.417,162.887,-87.7085,133.644,134.968,185,0.893696,2.8,1.1,41.7
Kalibr,1,-2788.8,-35.9255,2956.81,887.043,-2784.3,-34.9831,3087,3.18198,1.2,0.45,41.8
Kinzhal,2,7091,-8561.66,-7081.11,10115.9,7090.62,-8562.76,12348,5.39602,0.35,0.12,41.8
Geran2,3,147.326,121.821,162.887,-87.7085,149.694,122.104,185,0.783696,2.8,1.1,41.8
Kalibr,1,-2780.07,-174.554,2956.81,887.043,-2778.98,-174.674,3087,3.22698,1.2,0.45,41.9
Kinzhal,2,7205.31,-8467.38,-7081.11,10115.9,7207.58,-8467.66,12348,5.40802,0.35,0.12,41.9
Geran2,3,132.198,135.417,162.887,-87.7085,131.624,133.868,185,0.893696,2.8,1.1,41.9
Kalibr,1,-2788.8,-35.9255,2956.81,887.043,-2786.32,-34.3274,3087,3.18198,1.2,0.45,42
Kinzhal,2,7091,-8561.66,-7081.11,10115.9,7088.36,-8560.14,12348,5.39602,0.35,0.12,42
Geran2,3,147.326,121.821,162.887,-87.7085,146.576,126.844,185,0.783696,2.8,1.1,42
Kalibr,1,-2780.07,-174.554,2956.81,887.043,-2780.18,-171.262,3087,3.22698,1.2,0.45,42.1
Kinzhal,2,7205.31,-8467.38,-7081.11,10115.9,7204.74,-8466.25,12348,5.40802,0.35,0.12,42.1
Geran2,3,132.198,135.417,162.887,-87.7085,132.549,133.513,185,0.893696,2.8,1.1,42.1
Kalibr,1,-2788.8,-35.9255,2956.81,887.043,-2787.96,-37.3259,3087,3.18198,1.2,0.45,42.2
Kinzhal,2,7091,-8561.66,-7081.11,10115.9,7094,-8562.2,12348,5.39602,0.35,0.12,42.2
Geran2,3,147.326,121.821,162.887,-87.7085,148.09,123.05,185,0.783696,2.8,1.1,42.2
Kalibr,1,-2780.07,-174.554,2956.81,887.043,-2781.49,-171.271,3087,3.22698,1.2,0.45,42.3
Kinzhal,2,7205.31,-8467.38,-7081.11,10115.9,7206.23,-8466.44,12348,5.40802,0.35,0.12,42.3
Geran2,3,132.198,135.417,162.887,-87.7085,132.372,137.86,185,0.893696,2.8,1.1,42.3
Kalibr,1,-2788.8,-35.9255,2956.81,887.043,-2785.74,-39.3902,3087,3.18198,1.2,0.45,42.4
Kinzhal,2,7091,-8561.66,-7081.11,10115.9,7094.29,-8562.47,12348,5.39602,0.35,0.12,42.4
Geran2,3,147.326,121.821,162.887,-87.7085,145.553,123.679,185,0.783696,2.8,1.1,42.4
Kalibr,1,-2780.07,-174.554,2956.81,887.043,-2781.49,-171.008,3087,3.22698,1.2,0.45,42.5
Kinzhal,2,7205.31,-8467.38,-7081.11,10115.9,7207.58,-8467.95,12348,5.40802,0.35,0.12,42.5
Geran2,3,132.198,135.417,162.887,-87.7085,132.853,136.803,185,0.893696,2.8,1.1,42.5
Kalibr,1,-2788.8,-35.9255,2956.81,887.043,-2792.06,-37.275,3087,3.18198,1.2,0.45,42.6
Kinzhal,2,7091,-8561.66,-7081.11,10115.9,7090.22,-8560.52,12348,5.39602,0.35,0.12,42.6
Geran2,3,147.326,121.821,162.887,-87.7085,149.354,124.357,185,0.783696,2.8,1.1,42.6
Kalibr,1,-2780.07,-174.554,2956.81,887.043,-2780.71,-174.658,3087,3.22698,1.2,0.45,42.7
Kinzhal,2,7205.31,-8467.38,-7081.11,10115.9,7204.56,-8462.58,12348,5.40802,0.35,0.12,42.7
Geran2,3,132.198,135.417,162.887,-87.7085,130.621,134.681,185,0.893696,2.8,1.1,42.7
Kalibr,1,-2788.8,-35.9255,2956.81,887.043,-2793.87,-35.1028,3087,3.18198,1.2,0.45,42.8
Kinzhal,2,7091,-8561.66,-7081.11,10115.9,7089.73,-8566.99,12348,5.39602,0.35,0.12,42.8
Geran2,3,147.326,121.821,162.887,-87.7085,146.068,124.017,185,0.783696,2.8,1.1,42.8
Kalibr,1,-2780.07,-174.554,2956.81,887.043,-2775.88,-172.368,3087,3.22698,1.2,0.45,42.9
Kinzhal,2,7205.31,-8467.38,-7081.11,10115.9,7204.75,-8464.86,12348,5.40802,0.35,0.12,42.9
Geran2,3,132.198,135.417,162.887,-87.7085,130.191,131.608,185,0.893696,2.8,1.1,42.9
Kalibr,1,-2788.8,-35.9255,2956.81,887.043,-2788.94,-35.8239,3087,3.18198,1.2,0.45,43
Kinzhal,2,7091,-8561.66,-7081.11,10115.9,7085.34,-8565.36,12348,5.39602,0.35,0.12,43
Geran2,3,147.326,121.821,162.887,-87.7085,152.518,119.896,185,0.783696,2.8,1.1,43
Kalibr,1,-2780.07,-174.554,2956.81,887.043,-2782.19,-177.617,3087,3.22698,1.2,0.45,43.1
Kinzhal,2,7205.31,-8467.38,-7081.11,10115.9,7206.68,-8469.98,12348,5.40802,0.35,0.12,43.1
Geran2,3,132.198,135.417,162.887,-87.7085,130.852,135.214,185,0.893696,2.8,1.1,43.1
Kalibr,1,-2788.8,-35.9255,2956.81,887.043,-2785.96,-32.4895,3087,3.18198,1.2,0.45,43.2
Kinzhal,2,7091,-8561.66,-7081.11,10115.9,7092.09,-8560.62,12348,5.39602,0.35,0.12,43.2
Geran2,3,147.326,121.821,162.887,-87.7085,144.604,120.927,185,0.783696,2.8,1.1,43.2
Kalibr,1,-2780.07,-174.554,2956.81,887.043,-2780.53,-175.566,3087,3.22698,1.2,0.45,43.3
Kinzhal,2,7205.31,-8467.38,-7081.11,10115.9,7206.38,-8464.68,12348,5.40802,0.35,0.12,43.3
Geran2,3,132.198,135.417,162.887,-87.7085,134.174,135.696,185,0.893696,2.8,1.1,43.3
Kalibr,1,-2788.8,-35.9255,2956.81,887.043,-2785.73,-35.187,3087,3.18198,1.2,0.45,43.4
Kinzhal,2,7091,-8561.66,-7081.11,10115.9,7088.51,-8560.45,12348,5.39602,0.35,0.12,43.4
Geran2,3,147.326,121.821,162.887,-87.7085,146.467,118.977,185,0.783696,2.8,1.1,43.4
Kalibr,1,-2780.07,-174.554,2956.81,887.043,-2782,-174.557,3087,3.22698,1.2,0.45,43.5
Kinzhal,2,7205.31,-8467.38,-7081.11,10115.9,7204.52,-8464.16,12348,5.40802,0.35,0.12,43.5
Geran2,3,132.198,135.417,162.887,-87.7085,132.782,134.607,185,0.893696,2.8,1.1,43.5
Kalibr,1,-2788.8,-35.9255,2956.81,887.043,-2788.32,-38.4691,3087,3.18198,1.2,0.45,43.6
Kinzhal,2,7091,-8561.66,-7081.11,10115.9,7087.58,-8561.08,12348,5.39602,0.35,0.12,43.6
Geran2,3,147.326,121.821,162.887,-87.7085,147.82,119.608,185,0.783696,2.8,1.1,43.6
Kalibr,1,-2780.07,-174.554,2956.81,887.043,-2780.01,-174.339,3087,3.22698,1.2,0.45,43.7
Kinzhal,2,7205.31,-8467.38,-7081.11,10115.9,7206.15,-8468.51,12348,5.40802,0.35,0.12,43.7
Geran2,3,132.198,135.417,162.887,-87.7085,132.256,137.617,185,0.893696,2.8,1.1,43.7
Kalibr,1,-2788.8,-35.9255,2956.81,887.043,-2787.73,-36.1276,3087,3.18198,1.2,0.45,43.8
Kinzhal,2,7091,-8561.66,-7081.11,10115.9,7091.71,-8562.59,12348,5.39602,0.35,0.12,43.8
Geran2,3,147.326,121.821,162.887,-87.7085,147.688,119.494,185,0.783696,2.8,1.1,43.8
Kalibr,1,-2780.07,-174.554,2956.81,887.043,-2779.28,-175.014,3087,3.22698,1.2,0.45,43.9
Kinzhal,2,7205.31,-8467.38,-7081.11,10115.9,7204.37,-8464.52,12348,5.40802,0.35,0.12,43.9
Geran2,3,132.198,135.417,162.887,-87.7085,132,133.637,185,0.893696,2.8,1.1,43.9
Kalibr,1,-2788.8,-35.9255,2956.81,887.043,-2785.58,-36.9503,3087,3.18198,1.2,0.45,44
Kinzhal,2,7091,-8561.66,-7081.11,10115.9,7093.32,-8560.48,12348,5.39602,0.35,0.12,44
Geran2,3,147.326,121.821,162.887,-87.7085,149.566,124.867,185,0.783696,2.8,1.1,44
Kalibr,1,-2780.07,-174.554,2956.81,887.043,-2779.19,-178.168,3087,3.22698,1.2,0.45,44.1
Kinzhal,2,7205.31,-8467.38,-7081.11,10115.9,7206.87,-8469.03,12348,5.40802,0.35,0.12,44.1
Geran2,3,132.198,135.417,162.887,-87.7085,134.416,134.529,185,0.893696,2.8,1.1,44.1
Kalibr,1,-2788.8,-35.9255,2956.81,887.043,-2789.87,-37.0791,3087,3.18198,1.2,0.45,44.2
Kinzhal,2,7091,-8561.66,-7081.11,10115.9,7092.39,-8561.08,12348,5.39602,0.35,0.12,44.2
Geran2,3,147.326,121.821,162.887,-87.7085,144.252,123.635,185,0.783696,2.8,1.1,44.2
Kalibr,1,-2780.07,-174.554,2956.81,887.043,-2781.96,-172.162,3087,3.22698,1.2,0.45,44.3
Kinzhal,2,7205.31,-8467.38,-7081.11,10115.9,7204.92,-8464.31,12348,5.40802,0.35,0.12,44.3
Geran2,3,132.198,135.417,162.887,-87.7085,133.319,134.395,185,0.893696,2.8,1.1,44.3
Kalibr,1,-2788.8,-35.9255,2956.81,887.043,-2789.7,-34.5016,3087,3.18198,1.2,0.45,44.4
Kinzhal,2,7091,-8561.66,-7081.11,10115.9,7091.78,-8561.05,12348,5.39602,0.35,0.12,44.4
Geran2,3,147.326,121.821,162.887,-87.7085,149.404,123.143,185,0.783696,2.8,1.1,44.4
Kalibr,1,-2780.07,-174.554,2956.81,887.043,-2781.75,-173.01,3087,3.22698,1.2,0.45,44.5
Kinzhal,2,7205.31,-8467.38,-7081.11,10115.9,7206.03,-8464.49,12348,5.40802,0.35,0.12,44.5
Geran2,3,132.198,135.417,162.887,-87.7085,133.726,136.243,185,0.893696,2.8,1.1,44.5
Kalibr,1,-2788.8,-35.9255,2956.81,887.043,-2787.15,-36.2522,3087,3.18198,1.2,0.45,44.6
Kinzhal,2,7091,-8561.66,-7081.11,10115.9,7091.18,-8562.32,12348,5.39602,0.35,0.12,44.6
Geran2,3,147.326,121.821,162.887,-87.7085,149.898,121.788,185,0.783696,2.8,1.1,44.6
Kalibr,1,-2780.07,-174.554,2956.81,887.043,-2779.14,-177.838,3087,3.22698,1.2,0.45,44.7
Kinzhal,2,7205.31,-8467.38,-7081.11,10115.9,7208.35,-8467.34,12348,5.40802,0.35,0.12,44.7
Geran2,3,132.198,135.417,162.887,-87.7085,132.207,135.247,185,0.893696,2.8,1.1,44.7
Kalibr,1,-2788.8,-35.9255,2956.81,887.043,-2787.05,-38.7794,3087,3.18198,1.2,0.45,44.8
Kinzhal,2,7091,-8561.66,-7081.11,10115.9,7090.26,-8559.09,12348,5.39602,0.35,0.12,44.8
Geran2,3,147.326,121.821,162.887,-87.7085,151.327,122.843,185,0.783696,2.8,1.1,44.8
Kalibr,1,-2780.07,-174.554,2956.81,887.043,-2784.56,-174.504,3087,3.22698,1.2,0.45,44.9
Kinzhal,2,7205.31,-8467.38,-7081.11,10115.9,7205.34,-8466.07,12348,5.40802,0.35,0.12,44.9
Geran2,3,132.198,135.417,162.887,-87.7085,134.325,132.449,185,0.893696,2.8,1.1,44.9
Kalibr,1,-2788.8,-35.9255,2956.81,887.043,-2794.11,-37.6463,3087,3.18198,1.2,0.45,45
Kinzhal,2,7091,-8561.66,-7081.11,10115.9,7089.74,-8561.58,12348,5.39602,0.35,0.12,45
Geran2,3,147.326,121.821,162.887,-87.7085,148.103,120.467,185,0.783696,2.8,1.1,45
Kalibr,1,-2780.07,-174.554,2956.81,887.043,-2781.39,-175.371,3087,3.22698,1.2,0.45,45.1
Kinzhal,2,7205.31,-8467.38,-7081.11,10115.9,7206.81,-8466.03,12348,5.40802,0.35,0.12,45.1
Geran2,3,132.198,135.417,162.887,-87.7085,131.871,137.783,185,0.893696,2.8,1.1,45.1
Kalibr,1,-2788.8,-35.9255,2956.81,887.043,-2790.88,-34.6011,3087,3.18198,1.2,0.45,45.2
Kinzhal,2,7091,-8561.66,-7081.11,10115.9,7089.89,-8565.71,12348,5.39602,0.35,0.12,45.2
Geran2,3,147.326,121.821,162.887,-87.7085,150.002,122.449,185,0.783696,2.8,1.1,45.2
Kalibr,1,-2780.07,-174.554,2956.81,887.043,-2779.84,-174.52,3087,3.22698,1.2,0.45,45.3
Kinzhal,2,7205.31,-8467.38,-7081.11,10115.9,7204.9,-8468.91,12348,5.40802,0.35,0.12,45.3
Geran2,3,132.198,135.417,162.887,-87.7085,129.555,137.923,185,0.893696,2.8,1.1,45.3
Kalibr,1,-2788.8,-35.9255,2956.81,887.043,-2791.62,-36.5219,3087,3.18198,1.2,0.45,45.4
Kinzhal,2,7091,-8561.66,-7081.11,10115.9,7093.5,-8562.39,12348,5.39602,0.35,0.12,45.4
Geran2,3,147.326,121.821,162.887,-87.7085,145.521,125.765,185,0.783696,2.8,1.1,45.4
Kalibr,1,-2780.07,-174.554,2956.81,887.043,-2780.14,-174.688,3087,3.22698,1.2,0.45,45.5
Kinzhal,2,7205.31,-8467.38,-7081.11,10115.9,7204.06,-8469.89,12348,5.40802,0.35,0.12,45.5
Geran2,3,132.198,135.417,162.887,-87.7085,132.451,131.562,185,0.893696,2.8,1.1,45.5
Kalibr,1,-2788.8,-35.9255,2956.81,887.043,-2789.89,-38.0371,3087,3.18198,1.2,0.45,45.6
Kinzhal,2,7091,-8561.66,-7081.11,10115.9,7092.32,-8562.65,12348,5.39602,0.35,0.12,45.6
Geran2,3,147.326,121.821,162.887,-87.7085,147.664,124.673,185,0.783696,2.8,1.1,45.6
Kalibr,1,-2780.07,-174.554,2956.81,887.043,-2784.5,-176.239,3087,3.22698,1.2,0.45,45.7
Kinzhal,2,7205.31,-8467.38,-7081.11,10115.9,7204.16,-8468.96,12348,5.40802,0.35,0.12,45.7
Geran2,3,132.198,135.417,162.887,-87.7085,132.488,137.365,185,0.893696,2.8,1.1,45.7
Kalibr,1,-2788.8,-35.9255,2956.81,887.043,-2787.99,-35.4147,3087,3.18198,1.2,0.45,45.8
Kinzhal,2,7091,-8561.66,-7081.11,10115.9,7092.07,-8562.24,12348,5.39602,0.35,0.12,45.8
Geran2,3,147.326,121.821,162.887,-87.7085,146.344,120.552,185,0.783696,2.8,1.1,45.8
Kalibr,1,-2780.07,-174.554,2956.81,887.043,-2778.57,-173.366,3087,3.22698,1.2,0.45,45.9
Kinzhal,2,7205.31,-8467.38,-7081.11,10115.9,7206.21,-8466.53,12348,5.40802,0.35,0.12,45.9
Geran2,3,132.198,135.417,162.887,-87.7085,131.842,133.432,185,0.893696,2.8,1.1,45.9
Kalibr,1,-2788.8,-35.9255,2956.81,887.043,-2788.55,-35.4781,3087,3.18198,1.2,0.45,46
Kinzhal,2,7091,-8561.66,-7081.11,10115.9,7089.52,-8560.27,12348,5.39602,0.35,0.12,46
Geran2,3,147.326,121.821,162.887,-87.7085,149.224,118.316,185,0.783696,2.8,1.1,46
Kalibr,1,-2780.07,-174.554,2956.81,887.043,-2777.99,-174.097,3087,3.22698,1.2,0.45,46.1
Kinzhal,2,7205.31,-8467.38,-7081.11,10115.9,7206.51,-8469.39,12348,5.40802,0.35,0.12,46.1
Geran2,3,132.198,135.417,162.887,-87.7085,129.547,139.737,185,0.893696,2.8,1.1,46.1
Kalibr,1,-2788.8,-35.9255,2956.81,887.043,-2787.53,-32.375,3087,3.18198,1.2,0.45,46.2
Kinzhal,2,7091,-8561.66,-7081.11,10115.9,7090.44,-8558.92,12348,5.39602,0.35,0.12,46.2
Geran2,3,147.326,121.821,162.887,-87.7085,146.791,118.335,185,0.783696,2.8,1.1,46.2
Kalibr,1,-2780.07,-174.554,2956.81,887.043,-2784.2,-177.691,3087,3.22698,1.2,0.45,46.3
Kinzhal,2,7205.31,-8467.38,-7081.11,10115.9,7204.08,-8465.19,12348,5.40802,0.35,0.12,46.3
Geran2,3,132.198,135.417,162.887,-87.7085,130.483,136.188,185,0.893696,2.8,1.1,46.3
Kalibr,1,-2788.8,-35.9255,2956.81,887.043,-2789.82,-35.1253,3087,3.18198,1.2,0.45,46.4
Kinzhal,2,7091,-8561.66,-7081.11,10115.9,7091.65,-8561.91,12348,5.39602,0.35,0.12,46.4
Geran2,3,147.326,121.821,162.887,-87.7085,142.892,123.452,185,0.783696,2.8,1.1,46.4
Kalibr,1,-2780.07,-174.554,2956.81,887.043,-2777.2,-176.057,3087,3.22698,1.2,0.45,46.5
Kinzhal,2,7205.31,-8467.38,-7081.11,10115.9,7205.69,-8469.78,12348,5.40802,0.35,0.12,46.5
Geran2,3,132.198,135.417,162.887,-87.7085,132.571,135.08,185,0.893696,2.8,1.1,46.5
Kalibr,1,-2788.8,-35.9255,2956.81,887.043,-2791.47,-37.0279,3087,3.18198,1.2,0.45,46.6
Kinzhal,2,7091,-8561.66,-7081.11,10115.9,7091.19,-8563.34,12348,5.39602,0.35,0.12,46.6
Geran2,3,147.326,121.821,162.887,-87.7085,145.551,119.881,185,0.783696,2.8,1.1,46.6
Kalibr,1,-2780.07,-174.554,2956.81,887.043,-2781.96,-176.611,3087,3.22698,1.2,0.45,46.7
Kinzhal,2,7205.31,-8467.38,-7081.11,10115.9,7206.61,-8467.72,12348,5.40802,0.35,0.12,46.7
Geran2,3,132.198,135.417,162.887,-87.7085,132.582,132.337,185,0.893696,2.8,1.1,46.7
Kalibr,1,-2788.8,-35.9255,2956.81,887.043,-2786.74,-39.2886,3087,3.18198,1.2,0.45,46.8
Kinzhal,2,7091,-8561.66,-7081.11,10115.9,7090.21,-8557.76,12348,5.39602,0.35,0.12,46.8
Geran2,3,147.326,121.821,162.887,-87.7085,152.621,119.576,185,0.783696,2.8,1.1,46.8
Kalibr,1,-2780.07,-174.554,2956.81,887.043,-2778.76,-175.942,3087,3.22698,1.2,0.45,46.9
Kinzhal,2,7205.31,-8467.38,-7081.11,10115.9,7203.23,-8463.09,12348,5.40802,0.35,0.12,46.9
Geran2,3,132.198,135.417,162.887,-87.7085,132.473,137.104,185,0.893696,2.8,1.1,46.9
Kalibr,1,-2788.8,-35.9255,2956.81,887.043,-2790.59,-37.9848,3087,3.18198,1.2,0.45,47
Kinzhal,2,7091,-8561.66,-7081.11,10115.9,7091.34,-8558.78,12348,5.39602,0.35,0.12,47
Geran2,3,147.326,121.821,162.887,-87.7085,147.984,121.177,185,0.783696,2.8,1.1,47
Kalibr,1,-2780.07,-174.554,2956.81,887.043,-2779.57,-171.709,3087,3.22698,1.2,0.45,47.1
Kinzhal,2,7205.31,-8467.38,-7081.11,10115.9,7203.99,-8465.7,12348,5.40802,0.35,0.12,47.1
Geran2,3,132.198,135.417,162.887,-87.7085,133.956,134.352,185,0.893696,2.8,1.1,47.1
Kalibr,1,-2788.8,-35.9255,2956.81,887.043,-2784.38,-38.0152,3087,3.18198,1.2,0.45,47.2
Kinzhal,2,7091,-8561.66,-7081.11,10115.9,7091.04,-8559.45,12348,5.39602,0.35,0.12,47.2
Geran2,3,147.326,121.821,162.887,-87.7085,146.81,122.77,185,0.783696,2.8,1.1,47.2
Kalibr,1,-2780.07,-174.554,2956.81,887.043,-2778.67,-173.113,3087,3.22698,1.2,0.45,47.3
Kinzhal,2,7205.31,-8467.38,-7081.11,10115.9,7203.99,-8466.31,12348,5.40802,0.35,0.12,47.3
Geran2,3,132.198,135.417,162.887,-87.7085,131.997,136.049,185,0.893696,2.8,1.1,47.3
Kalibr,1,-2788.8,-35.9255,2956.81,887.043,-2787.05,-38.0463,3087,3.18198,1.2,0.45,47.4
Kinzhal,2,7091,-8561.66,-7081.11,10115.9,7091.7,-8559.36,12348,5.39602,0.35,0.12,47.4
Geran2,3,147.326,121.821,162.887,-87.7085,145.128,122.069,185,0.783696,2.8,1.1,47.4
Kalibr,1,-2780.07,-174.554,2956.81,887.043,-2784.95,-174.44,3087,3.22698,1.2,0.45,47.5
Kinzhal,2,7205.31,-8467.38,-7081.11,10115.9,7202.62,-8468.34,12348,5.40802,0.35,0.12,47.5
Geran2,3,132.198,135.417,162.887,-87.7085,134.789,134.953,185,0.893696,2.8,1.1,47.5
Kalibr,1,-2788.8,-35.9255,2956.81,887.043,-2786.61,-35.5245,3087,3.18198,1.2,0.45,47.6
Kinzhal,2,7091,-8561.66,-7081.11,10115.9,7089.18,-8564.02,12348,5.39602,0.35,0.12,47.6
Geran2,3,147.326,121.821,162.887,-87.7085,148.122,123.525,185,0.783696,2.8,1.1,47.6
Kalibr,1,-2780.07,-174.554,2956.81,887.043,-2778.17,-172.407,3087,3.22698,1.2,0.45,47.7
Kinzhal,2,7205.31,-8467.38,-7081.11,10115.9,7201.66,-8468.39,12348,5.40802,0.35,0.12,47.7
Geran2,3,132.198,135.417,162.887,-87.7085,132.027,137.406,185,0.893696,2.8,1.1,47.7
Kalibr,1,-2788.8,-35.9255,2956.81,887.043,-2788.81,-37.7305,3087,3.18198,1.2,0.45,47.8
Kinzhal,2,7091,-8561.66,-7081.11,10115.9,7093.41,-8564.04,12348,5.39602,0.35,0.12,47.8
Geran2,3,147.326,121.821,162.887,-87.7085,146.01,124.889,185,0.783696,2.8,1.1,47.8
Kalibr,1,-2780.07,-174.554,2956.81,887.043,-2781.39,-174.167,3087,3.22698,1.2,0.45,47.9
Kinzhal,2,7205.31,-8467.38,-7081.11,10115.9,7208.34,-8467.09,12348,5.40802,0.35,0.12,47.9
Geran2,3,132.198,135.417,162.887,-87.7085,132.518,132.63,185,0.893696,2.8,1.1,47.9
Kalibr,1,-2788.8,-35.9255,2956.81,887.043,-2788.8,-37.7384,3087,3.18198,1.2,0.45,48
Kinzhal,2,7091,-8561.66,-7081.11,10115.9,7089.87,-8561.48,12348,5.39602,0.35,0.12,48
Geran2,3,147.326,121.821,162.887,-87.7085,141.752,123.871,185,0.783696,2.8,1.1,48
Kalibr,1,-2780.07,-174.554,2956.81,887.043,-2782.64,-175.003,3087,3.22698,1.2,0.45,48.1
Kinzhal,2,7205.31,-8467.38,-7081.11,10115.9,7205.71,-8468.87,12348,5.40802,0.35,0.12,48.1
Geran2,3,132.198,135.417,162.887,-87.7085,133.402,140.384,185,0.893696,2.8,1.1,48.1
Kalibr,1,-2788.8,-35.9255,2956.81,887.043,-2785.77,-38.1286,3087,3.18198,1.2,0.45,48.2
Kinzhal,2,7091,-8561.66,-7081.11,10115.9,7092.31,-8566.08,12348,5.39602,0.35,0.12,48.2
Geran2,3,147.326,121.821,162.887,-87.7085,147.647,121.14,185,0.783696,2.8,1.1,48.2
Kalibr,1,-2780.07,-174.554,2956.81,887.043,-2778.02,-174.454,3087,3.22698,1.2,0.45,48.3
Kinzhal,2,7205.31,-8467.38,-7081.11,10115.9,7201,-8467.19,12348,5.40802,0.35,0.12,48.3
Geran2,3,132.198,135.417,162.887,-87.7085,132.339,134.077,185,0.893696,2.8,1.1,48.3
Kalibr,1,-2788.8,-35.9255,2956.81,887.043,-2787.49,-37.4037,3087,3.18198,1.2,0.45,48.4
Kinzhal,2,7091,-8561.66,-7081.11,10115.9,7093.13,-8561.03,12348,5.39602,0.35,0.12,48.4
Geran2,3,147.326,121.821,162.887,-87.7085,145.833,120.471,185,0.783696,2.8,1.1,48.4
Kalibr,1,-2780.07,-174.554,2956.81,887.043,-2776.04,-175.957,3087,3.22698,1.2,0.45,48.5
Kinzhal,2,7205.31,-8467.38,-7081.11,10115.9,7204.68,-8470.6,12348,5.40802,0.35,0.12,48.5
Geran2,3,132.198,135.417,162.887,-87.7085,133.18,136.91,185,0.893696,2.8,1.1,48.5
Kalibr,1,-2788.8,-35.9255,2956.81,887.043,-2792.3,-35.8152,3087,3.18198,1.2,0.45,48.6
Kinzhal,2,7091,-8561.66,-7081.11,10115.9,7090.66,-8564.86,12348,5.39602,0.35,0.12,48.6
Geran2,3,147.326,121.821,162.887,-87.7085,149.227,122.817,185,0.783696,2.8,1.1,48.6
Kalibr,1,-2780.07,-174.554,2956.81,887.043,-2776.55,-177.829,3087,3.22698,1.2,0.45,48.7
Kinzhal,2,7205.31,-8467.38,-7081.11,10115.9,7210.33,-8468.78,12348,5.40802,0.35,0.12,48.7
Geran2,3,132.198,135.417,162.887,-87.7085,130.754,136.043,185,0.893696,2.8,1.1,48.7
Kalibr,1,-2788.8,-35.9255,2956.81,887.043,-2785.9,-33.8654,3087,3.18198,1.2,0.45,48.8
Kinzhal,2,7091,-8561.66,-7081.11,10115.9,7093.11,-8563.33,12348,5.39602,0.35,0.12,48.8
Geran2,3,147.326,121.821,162.887,-87.7085,148.858,122.68,185,0.783696,2.8,1.1,48.8
Kalibr,1,-2780.07,-174.554,2956.81,887.043,-2777.81,-176.299,3087,3.22698,1.2,0.45,48.9
Kinzhal,2,7205.31,-8467.38,-7081.11,10115.9,7203.33,-8469.29,12348,5.40802,0.35,0.12,48.9
Geran2,3,132.198,135.417,162.887,-87.7085,129.677,138.063,185,0.893696,2.8,1.1,48.9
Kalibr,1,-2788.8,-35.9255,2956.81,887.043,-2789.17,-35.8229,3087,3.18198,1.2,0.45,49
Kinzhal,2,7091,-8561.66,-7081.11,10115.9,7090.92,-8563.8,12348,5.39602,0.35,0.12,49
Geran2,3,147.326,121.821,162.887,-87.7085,144.635,124.116,185,0.783696,2.8,1.1,49
Kalibr,1,-2780.07,-174.554,2956.81,887.043,-2781.92,-177.417,3087,3.22698,1.2,0.45,49.1
Kinzhal,2,7205.31,-8467.38,-7081.11,10115.9,7205.79,-8469.64,12348,5.40802,0.35,0.12,49.1
Geran2,3,132.198,135.417,162.887,-87.7085,133.405,136.509,185,0.893696,2.8,1.1,49.1
Kalibr,1,-2788.8,-35.9255,2956.81,887.043,-2791.2,-32.3994,3087,3.18198,1.2,0.45,49.2
Kinzhal,2,7091,-8561.66,-7081.11,10115.9,7089.27,-8559.93,12348,5.39602,0.35,0.12,49.2
Geran2,3,147.326,121.821,162.887,-87.7085,151.443,120.877,185,0.783696,2.8,1.1,49.2
Kalibr,1,-2780.07,-174.554,2956.81,887.043,-2781.62,-174.527,3087,3.22698,1.2,0.45,49.3
Kinzhal,2,7205.31,-8467.38,-7081.11,10115.9,7205.16,-8465.1,12348,5.40802,0.35,0.12,49.3
Geran2,3,132.198,135.417,162.887,-87.7085,133.881,134.501,185,0.893696,2.8,1.1,49.3
Kalibr,1,-2788.8,-35.9255,2956.81,887.043,-2793.07,-34.7317,3087,3.18198,1.2,0.45,49.4
Kinzhal,2,7091,-8561.66,-7081.11,10115.9,7090.04,-8564.49,12348,5.39602,0.35,0.12,49.4
Geran2,3,147.326,121.821,162.887,-87.7085,149.187,122.441,185,0.783696,2.8,1.1,49.4
Kalibr,1,-2780.07,-174.554,2956.81,887.043,-2781.6,-173.674,3087,3.22698,1.2,0.45,49.5
Kinzhal,2,7205.31,-8467.38,-7081.11,10115.9,7207.92,-8468.21,12348,5.40802,0.35,0.12,49.5
Geran2,3,132.198,135.417,162.887,-87.7085,131.162,136.386,185,0.893696,2.8,1.1,49.5
Kalibr,1,-2788.8,-35.9255,2956.81,887.043,-2786.79,-39.1683,3087,3.18198,1.2,0.45,49.6
Kinzhal,2,7091,-8561.66,-7081.11,10115.9,7089.71,-8561.45,12348,5.39602,0.35,0.12,49.6
Geran2,3,147.326,121.821,162.887,-87.7085,149.305,121.931,185,0.783696,2.8,1.1,49.6
Kalibr,1,-2780.07,-174.554,2956.81,887.043,-2778.33,-172.532,3087,3.22698,1.2,0.45,49.7
Kinzhal,2,7205.31,-8467.38,-7081.11,10115.9,7203.58,-8467.32,12348,5.40802,0.35,0.12,49.7
Geran2,3,132.198,135.417,162.887,-87.7085,133.229,136.753,185,0.893696,2.8,1.1,49.7
Kalibr,1,-2788.8,-35.9255,2956.81,887.043,-2787.51,-36.0493,3087,3.18198,1.2,0.45,49.8
Kinzhal,2,7091,-8561.66,-7081.11,10115.9,7086.25,-8561.34,12348,5.39602,0.35,0.12,49.8
Geran2,3,147.326,121.821,162.887,-87.7085,146.879,119.798,185,0.783696,2.8,1.1,49.8
Kalibr,1,-2780.07,-174.554,2956.81,887.043,-2780.39,-172.796,3087,3.22698,1.2,0.45,49.9
Kinzhal,2,7205.31,-8467.38,-7081.11,10115.9,7204.6,-8470.76,12348,5.40802,0.35,0.12,49.9
Geran2,3,132.198,135.417,162.887,-87.7085,135.337,135.378,185,0.893696,2.8,1.1,49.9
