EnemyWeaponType,ID,TrueX,TrueY,Vx,Vy,Speed,Heading,TurnGain,MaxTurnRate,Time
Kalibr,1,5246.81,9452.5,248.162,-820.806,857.5,-1.27719,1.2,0.45,0
Kinzhal,2,4393.19,9830.68,958.527,-1005.11,1388.89,-0.809115,2,0.12,0
Geran2,3,3024.51,9188.65,-41.9061,-414.554,416.667,-1.67154,2.8,1.1,0
Kalibr,1,5271.63,9370.42,248.162,-820.806,857.5,-1.27719,1.2,0.45,0.1
Kinzhal,2,4489.04,9730.17,958.527,-1005.11,1388.89,-0.809115,2,0.12,0.1
Geran2,3,3020.32,9147.19,-41.9061,-414.554,416.667,-1.67154,2.8,1.1,0.1
Kalibr,1,5296.45,9288.34,248.162,-820.806,857.5,-1.27719,1.2,0.45,0.2
Kinzhal,2,4584.89,9629.66,958.527,-1005.11,1388.89,-0.809115,2,0.12,0.2
Geran2,3,3016.12,9105.74,-41.9061,-414.554,416.667,-1.67154,2.8,1.1,0.2
Kalibr,1,5321.26,9206.26,248.162,-820.806,857.5,-1.27719,1.2,0.45,0.3
Kinzhal,2,4680.75,9529.15,958.527,-1005.11,1388.89,-0.809115,2,0.12,0.3
Geran2,3,3011.93,9064.28,-41.9061,-414.554,416.667,-1.67154,2.8,1.1,0.3
Kalibr,1,5346.08,9124.18,248.162,-820.806,857.5,-1.27719,1.2,0.45,0.4
Kinzhal,2,4776.6,9428.64,958.527,-1005.11,1388.89,-0.809115,2,0.12,0.4
Geran2,3,3007.74,9022.83,-41.9061,-414.554,416.667,-1.67154,2.8,1.1,0.4
Kalibr,1,5370.89,9042.1,248.162,-820.806,857.5,-1.27719,1.2,0.45,0.5
Kinzhal,2,4872.45,9328.12,958.527,-1005.11,1388.89,-0.809115,2,0.12,0.5
Geran2,3,3003.55,8981.37,-41.9061,-414.554,416.667,-1.67154,2.8,1.1,0.5
Kalibr,1,5395.71,8960.02,248.162,-820.806,857.5,-1.27719,1.2,0.45,0.6
Kinzhal,2,4968.3,9227.61,958.527,-1005.11,1388.89,-0.809115,2,0.12,0.6
Geran2,3,2999.36,8939.92,-41.9061,-414.554,416.667,-1.67154,2.8,1.1,0.6
Kalibr,1,5420.53,8877.94,248.162,-820.806,857.5,-1.27719,1.2,0.45,0.7
Kinzhal,2,5064.16,9127.1,958.527,-1005.11,1388.89,-0.809115,2,0.12,0.7
Geran2,3,2995.17,8898.46,-41.9061,-414.554,416.667,-1.67154,2.8,1.1,0.7
Kalibr,1,5445.34,8795.86,248.162,-820.806,857.5,-1.27719,1.2,0.45,0.8
Kinzhal,2,5160.01,9026.59,958.527,-1005.11,1388.89,-0.809115,2,0.12,0.8
Geran2,3,2990.98,8857.01,-41.9061,-414.554,416.667,-1.67154,2.8,1.1,0.8
Kalibr,1,5470.16,8713.78,248.162,-820.806,857.5,-1.27719,1.2,0.45,0.9
Kinzhal,2,5255.86,8926.08,958.527,-1005.11,1388.89,-0.809115,2,0.12,0.9
Geran2,3,2986.79,8815.55,-41.9061,-414.554,416.667,-1.67154,2.8,1.1,0.9
Kalibr,1,5494.98,8631.7,248.162,-820.806,857.5,-1.27719,1.2,0.45,1
Kinzhal,2,5351.71,8825.57,958.527,-1005.11,1388.89,-0.809114,2,0.12,1
Geran2,3,2982.6,8774.1,-41.9061,-414.554,416.667,-1.67154,2.8,1.1,1
Kalibr,1,5519.79,8549.62,248.162,-820.806,857.5,-1.27719,1.2,0.45,1.1
Kinzhal,2,5447.57,8725.06,958.527,-1005.11,1388.89,-0.809114,2,0.12,1.1
Geran2,3,2978.41,8732.64,-41.9061,-414.554,416.667,-1.67154,2.8,1.1,1.1
Kalibr,1,5544.61,8467.54,248.162,-820.806,857.5,-1.27719,1.2,0.45,1.2
Kinzhal,2,5543.42,8624.55,958.527,-1005.11,1388.89,-0.809114,2,0.12,1.2
Geran2,3,2974.22,8691.19,-41.9061,-414.554,416.667,-1.67154,2.8,1.1,1.2
Kalibr,1,5569.43,8385.46,248.162,-820.806,857.5,-1.27719,1.2,0.45,1.3
Kinzhal,2,5639.27,8524.04,958.527,-1005.11,1388.89,-0.809114,2,0.12,1.3
Geran2,3,2970.03,8649.73,-41.9061,-414.554,416.667,-1.67154,2.8,1.1,1.3
Kalibr,1,5594.24,8303.38,248.162,-820.806,857.5,-1.27719,1.2,0.45,1.4
Kinzhal,2,5735.12,8423.53,958.527,-1005.11,1388.89,-0.809114,2,0.12,1.4
Geran2,3,2965.84,8608.28,-41.9061,-414.554,416.667,-1.67154,2.8,1.1,1.4
Kalibr,1,5619.06,8221.3,248.162,-820.806,857.5,-1.27719,1.2,0.45,1.5
Kinzhal,2,5830.98,8323.02,958.527,-1005.11,1388.89,-0.809114,2,0.12,1.5
Geran2,3,2961.65,8566.82,-41.9061,-414.554,416.667,-1.67154,2.8,1.1,1.5
Kalibr,1,5643.88,8139.22,248.162,-820.806,857.5,-1.27719,1.2,0.45,1.6
Kinzhal,2,5926.83,8222.51,958.527,-1005.11,1388.89,-0.809114,2,0.12,1.6
Geran2,3,2957.46,8525.37,-41.906,-414.554,416.667,-1.67154,2.8,1.1,1.6
Kalibr,1,5668.69,8057.14,248.162,-820.806,857.5,-1.27719,1.2,0.45,1.7
Kinzhal,2,6022.68,8122,958.528,-1005.11,1388.89,-0.809114,2,0.12,1.7
Geran2,3,2953.26,8483.91,-41.906,-414.554,416.667,-1.67154,2.8,1.1,1.7
Kalibr,1,5693.51,7975.06,248.162,-820.806,857.5,-1.27719,1.2,0.45,1.8
Kinzhal,2,6118.53,8021.49,958.528,-1005.11,1388.89,-0.809114,2,0.12,1.8
Geran2,3,2949.07,8442.46,-41.906,-414.554,416.667,-1.67154,2.8,1.1,1.8
Kalibr,1,5718.32,7892.97,248.162,-820.806,857.5,-1.27719,1.2,0.45,1.9
Kinzhal,2,6214.39,7920.97,958.528,-1005.11,1388.89,-0.809114,2,0.12,1.9
Geran2,3,2944.88,8401,-41.906,-414.554,416.667,-1.67154,2.8,1.1,1.9
Kalibr,1,5743.14,7810.89,248.162,-820.806,857.5,-1.27719,1.2,0.45,2
Kinzhal,2,6310.24,7820.46,958.528,-1005.11,1388.89,-0.809114,2,0.12,2
Geran2,3,2940.69,8359.55,-41.906,-414.554,416.667,-1.67154,2.8,1.1,2
Kalibr,1,5767.96,7728.81,248.162,-820.806,857.5,-1.27719,1.2,0.45,2.1
Kinzhal,2,6406.09,7719.95,958.528,-1005.11,1388.89,-0.809114,2,0.12,2.1
Geran2,3,2936.5,8318.09,-41.906,-414.554,416.667,-1.67154,2.8,1.1,2.1
Kalibr,1,5792.77,7646.73,248.162,-820.806,857.5,-1.27719,1.2,0.45,2.2
Kinzhal,2,6501.94,7619.44,958.528,-1005.11,1388.89,-0.809114,2,0.12,2.2
Geran2,3,2932.31,8276.64,-41.906,-414.554,416.667,-1.67154,2.8,1.1,2.2
Kalibr,1,5817.59,7564.65,248.162,-820.806,857.5,-1.27719,1.2,0.45,2.3
Kinzhal,2,6597.8,7518.93,958.528,-1005.11,1388.89,-0.809114,2,0.12,2.3
Geran2,3,2928.12,8235.18,-41.906,-414.554,416.667,-1.67154,2.8,1.1,2.3
Kalibr,1,5842.41,7482.57,248.162,-820.806,857.5,-1.27719,1.2,0.45,2.4
Kinzhal,2,6693.65,7418.42,958.528,-1005.11,1388.89,-0.809114,2,0.12,2.4
Geran2,3,2923.93,8193.73,-41.906,-414.554,416.667,-1.67154,2.8,1.1,2.4
Kalibr,1,5867.22,7400.49,248.162,-820.806,857.5,-1.27719,1.2,0.45,2.5
Kinzhal,2,6789.5,7317.91,958.528,-1005.11,1388.89,-0.809114,2,0.12,2.5
Geran2,3,2919.74,8152.27,-41.9059,-414.554,416.667,-1.67154,2.8,1.1,2.5
Kalibr,1,5892.04,7318.41,248.162,-820.806,857.5,-1.27719,1.2,0.45,2.6
Kinzhal,2,6885.36,7217.4,958.528,-1005.11,1388.89,-0.809114,2,0.12,2.6
Geran2,3,2915.55,8110.82,-41.9059,-414.554,416.667,-1.67154,2.8,1.1,2.6
Kalibr,1,5916.86,7236.33,248.162,-820.806,857.5,-1.27719,1.2,0.45,2.7
Kinzhal,2,6981.21,7116.89,958.528,-1005.11,1388.89,-0.809114,2,0.12,2.7
Geran2,3,2911.36,8069.36,-41.9059,-414.554,416.667,-1.67154,2.8,1.1,2.7
Kalibr,1,5941.67,7154.25,248.162,-820.806,857.5,-1.27719,1.2,0.45,2.8
Kinzhal,2,7077.06,7016.38,958.528,-1005.11,1388.89,-0.809114,2,0.12,2.8
Geran2,3,2907.17,8027.9,-41.9059,-414.554,416.667,-1.67154,2.8,1.1,2.8
Kalibr,1,5966.49,7072.17,248.162,-820.806,857.5,-1.27719,1.2,0.45,2.9
Kinzhal,2,7172.91,6915.87,958.528,-1005.11,1388.89,-0.809114,2,0.12,2.9
Geran2,3,2902.98,7986.45,-41.9059,-414.554,416.667,-1.67154,2.8,1.1,2.9
Kalibr,1,5991.3,6990.09,248.162,-820.806,857.5,-1.2772,1.2,0.45,3
Kinzhal,2,7268.77,6815.36,958.528,-1005.11,1388.89,-0.809114,2,0.12,3
Geran2,3,2898.79,7944.99,-41.9059,-414.554,416.667,-1.67154,2.8,1.1,3
Kalibr,1,6016.12,6908.01,248.162,-820.806,857.5,-1.2772,1.2,0.45,3.1
Kinzhal,2,7364.62,6714.85,958.528,-1005.11,1388.89,-0.809114,2,0.12,3.1
Geran2,3,2894.6,7903.54,-41.9059,-414.554,416.667,-1.67154,2.8,1.1,3.1
Kalibr,1,6040.94,6825.93,248.162,-820.806,857.5,-1.2772,1.2,0.45,3.2
Kinzhal,2,7460.47,6614.33,958.528,-1005.11,1388.89,-0.809114,2,0.12,3.2
Geran2,3,2890.4,7862.08,-41.9059,-414.554,416.667,-1.67154,2.8,1.1,3.2
Kalibr,1,6065.75,6743.85,248.162,-820.806,857.5,-1.2772,1.2,0.45,3.3
Kinzhal,2,7556.33,6513.82,958.528,-1005.11,1388.89,-0.809114,2,0.12,3.3
Geran2,3,2886.21,7820.63,-41.9059,-414.554,416.667,-1.67154,2.8,1.1,3.3
Kalibr,1,6090.57,6661.77,248.162,-820.806,857.5,-1.2772,1.2,0.45,3.4
Kinzhal,2,7652.18,6413.31,958.528,-1005.11,1388.89,-0.809114,2,0.12,3.4
Geran2,3,2882.02,7779.17,-41.9059,-414.554,416.667,-1.67154,2.8,1.1,3.4
Kalibr,1,6115.38,6579.69,248.162,-820.806,857.5,-1.2772,1.2,0.45,3.5
Kinzhal,2,7748.03,6312.8,958.528,-1005.11,1388.89,-0.809114,2,0.12,3.5
Geran2,3,2877.83,7737.72,-41.9059,-414.554,416.667,-1.67154,2.8,1.1,3.5
Kalibr,1,6140.2,6497.6,248.162,-820.806,857.5,-1.2772,1.2,0.45,3.6
Kinzhal,2,7843.89,6212.29,958.528,-1005.11,1388.89,-0.809114,2,0.12,3.6
Geran2,3,2873.64,7696.26,-41.9059,-414.554,416.667,-1.67154,2.8,1.1,3.6
Kalibr,1,6165.02,6415.52,248.162,-820.806,857.5,-1.2772,1.2,0.45,3.7
Kinzhal,2,7939.74,6111.78,958.528,-1005.11,1388.89,-0.809113,2,0.12,3.7
Geran2,3,2869.45,7654.8,-41.9059,-414.554,416.667,-1.67154,2.8,1.1,3.7
Kalibr,1,6189.83,6333.44,248.162,-820.806,857.5,-1.2772,1.2,0.45,3.8
Kinzhal,2,8035.59,6011.27,958.528,-1005.11,1388.89,-0.809113,2,0.12,3.8
Geran2,3,2865.26,7613.35,-41.9058,-414.554,416.667,-1.67154,2.8,1.1,3.8
Kalibr,1,6214.65,6251.36,248.162,-820.806,857.5,-1.2772,1.2,0.45,3.9
Kinzhal,2,8131.44,5910.76,958.528,-1005.11,1388.89,-0.809113,2,0.12,3.9
Geran2,3,2861.07,7571.89,-41.9058,-414.554,416.667,-1.67154,2.8,1.1,3.9
Kalibr,1,6239.46,6169.28,248.162,-820.806,857.5,-1.2772,1.2,0.45,4
Kinzhal,2,8227.3,5810.25,958.528,-1005.1,1388.89,-0.809113,2,0.12,4
Geran2,3,2856.88,7530.44,-41.9058,-414.554,416.667,-1.67154,2.8,1.1,4
Kalibr,1,6264.28,6087.2,248.162,-820.806,857.5,-1.2772,1.2,0.45,4.1
Kinzhal,2,8323.15,5709.74,958.528,-1005.11,1388.89,-0.809113,2,0.12,4.1
Geran2,3,2852.69,7488.98,-41.9058,-414.554,416.667,-1.67154,2.8,1.1,4.1
Kalibr,1,6289.1,6005.12,248.162,-820.806,857.5,-1.2772,1.2,0.45,4.2
Kinzhal,2,8419,5609.23,958.528,-1005.1,1388.89,-0.809113,2,0.12,4.2
Geran2,3,2848.5,7447.53,-41.9058,-414.554,416.667,-1.67154,2.8,1.1,4.2
Kalibr,1,6313.91,5923.04,248.162,-820.806,857.5,-1.2772,1.2,0.45,4.3
Kinzhal,2,8514.86,5508.72,958.528,-1005.1,1388.89,-0.809113,2,0.12,4.3
Geran2,3,2844.31,7406.07,-41.9058,-414.554,416.667,-1.67154,2.8,1.1,4.3
Kalibr,1,6338.73,5840.96,248.162,-820.806,857.5,-1.2772,1.2,0.45,4.4
Kinzhal,2,8610.71,5408.21,958.528,-1005.1,1388.89,-0.809113,2,0.12,4.4
Geran2,3,2840.12,7364.62,-41.9058,-414.554,416.667,-1.67154,2.8,1.1,4.4
Kalibr,1,6363.54,5758.88,248.162,-820.806,857.5,-1.2772,1.2,0.45,4.5
Kinzhal,2,8706.56,5307.7,958.528,-1005.1,1388.89,-0.809113,2,0.12,4.5
Geran2,3,2835.93,7323.16,-41.9058,-414.554,416.667,-1.67154,2.8,1.1,4.5
Kalibr,1,6388.36,5676.8,248.162,-820.806,857.5,-1.2772,1.2,0.45,4.6
Kinzhal,2,8802.41,5207.19,958.529,-1005.1,1388.89,-0.809113,2,0.12,4.6
Geran2,3,2831.74,7281.7,-41.9058,-414.554,416.667,-1.67154,2.8,1.1,4.6
Kalibr,1,6413.17,5594.72,248.162,-820.806,857.5,-1.2772,1.2,0.45,4.7
Kinzhal,2,8898.27,5106.68,958.529,-1005.1,1388.89,-0.809113,2,0.12,4.7
Geran2,3,2827.54,7240.25,-41.9058,-414.554,416.667,-1.67154,2.8,1.1,4.7
Kalibr,1,6437.99,5512.64,248.162,-820.806,857.5,-1.2772,1.2,0.45,4.8
Kinzhal,2,8994.12,5006.17,958.529,-1005.1,1388.89,-0.809112,2,0.12,4.8
Geran2,3,2823.35,7198.79,-41.9057,-414.554,416.667,-1.67154,2.8,1.1,4.8
Kalibr,1,6462.81,5430.56,248.162,-820.806,857.5,-1.2772,1.2,0.45,4.9
Kinzhal,2,8994.12,5006.17,958.529,-1005.1,1388.89,-0.809112,2,0.12,4.9
Geran2,3,2819.16,7157.34,-41.9057,-414.554,416.667,-1.67154,2.8,1.1,4.9
Kalibr,1,6487.62,5348.48,248.162,-820.806,857.5,-1.27719,1.2,0.45,5
Kinzhal,2,8994.12,5006.17,958.529,-1005.1,1388.89,-0.809112,2,0.12,5
Geran2,3,2814.97,7115.88,-41.9057,-414.554,416.667,-1.67154,2.8,1.1,5
Kalibr,1,6512.44,5266.4,248.162,-820.806,857.5,-1.27719,1.2,0.45,5.1
Kinzhal,2,8994.12,5006.17,958.529,-1005.1,1388.89,-0.809112,2,0.12,5.1
Geran2,3,2810.78,7074.43,-41.9057,-414.554,416.667,-1.67154,2.8,1.1,5.1
Kalibr,1,6537.26,5184.32,248.162,-820.806,857.5,-1.27719,1.2,0.45,5.2
Kinzhal,2,8994.12,5006.17,958.529,-1005.1,1388.89,-0.809112,2,0.12,5.2
Geran2,3,2806.59,7032.97,-41.9057,-414.554,416.667,-1.67154,2.8,1.1,5.2
Kalibr,1,6562.07,5102.24,248.162,-820.806,857.5,-1.27719,1.2,0.45,5.3
Kinzhal,2,8994.12,5006.17,958.529,-1005.1,1388.89,-0.809112,2,0.12,5.3
Geran2,3,2802.4,6991.52,-41.9057,-414.554,416.667,-1.67154,2.8,1.1,5.3
Kalibr,1,6586.89,5020.15,248.162,-820.806,857.5,-1.27719,1.2,0.45,5.4
Kinzhal,2,8994.12,5006.17,958.529,-1005.1,1388.89,-0.809112,2,0.12,5.4
Geran2,3,2798.21,6950.06,-41.9057,-414.554,416.667,-1.67154,2.8,1.1,5.4
Kalibr,1,6611.71,4938.07,248.162,-820.806,857.5,-1.27719,1.2,0.45,5.5
Kinzhal,2,8994.12,5006.17,958.529,-1005.1,1388.89,-0.809112,2,0.12,5.5
Geran2,3,2794.02,6908.6,-41.9057,-414.554,416.667,-1.67154,2.8,1.1,5.5
Kalibr,1,6636.52,4855.99,248.162,-820.806,857.5,-1.27719,1.2,0.45,5.6
Kinzhal,2,8994.12,5006.17,958.529,-1005.1,1388.89,-0.809112,2,0.12,5.6
Geran2,3,2789.83,6867.15,-41.9056,-414.554,416.667,-1.67154,2.8,1.1,5.6
Kalibr,1,6661.34,4773.91,248.162,-820.806,857.5,-1.27719,1.2,0.45,5.7
Kinzhal,2,8994.12,5006.17,958.529,-1005.1,1388.89,-0.809112,2,0.12,5.7
Geran2,3,2785.64,6825.69,-41.9056,-414.554,416.667,-1.67154,2.8,1.1,5.7
Kalibr,1,6686.15,4691.83,248.162,-820.806,857.5,-1.27719,1.2,0.45,5.8
Kinzhal,2,8994.12,5006.17,958.529,-1005.1,1388.89,-0.809112,2,0.12,5.8
Geran2,3,2781.45,6784.24,-41.9056,-414.554,416.667,-1.67154,2.8,1.1,5.8
Kalibr,1,6710.97,4609.75,248.162,-820.806,857.5,-1.27719,1.2,0.45,5.9
Kinzhal,2,8994.12,5006.17,958.529,-1005.1,1388.89,-0.809112,2,0.12,5.9
Geran2,3,2777.26,6742.78,-41.9056,-414.554,416.667,-1.67154,2.8,1.1,5.9
Kalibr,1,6735.79,4527.67,248.162,-820.806,857.5,-1.27719,1.2,0.45,6
Kinzhal,2,8994.12,5006.17,958.529,-1005.1,1388.89,-0.809112,2,0.12,6
Geran2,3,2773.07,6701.33,-41.9056,-414.554,416.667,-1.67154,2.8,1.1,6
Kalibr,1,6760.6,4445.59,248.162,-820.806,857.5,-1.27719,1.2,0.45,6.1
Kinzhal,2,8994.12,5006.17,958.529,-1005.1,1388.89,-0.809112,2,0.12,6.1
Geran2,3,2768.88,6659.87,-41.9056,-414.554,416.667,-1.67154,2.8,1.1,6.1
Kalibr,1,6785.42,4363.51,248.162,-820.806,857.5,-1.27719,1.2,0.45,6.2
Kinzhal,2,8994.12,5006.17,958.529,-1005.1,1388.89,-0.809112,2,0.12,6.2
Geran2,3,2764.68,6618.42,-41.9056,-414.554,416.667,-1.67154,2.8,1.1,6.2
Kalibr,1,6810.24,4281.43,248.162,-820.806,857.5,-1.2772,1.2,0.45,6.3
Kinzhal,2,8994.12,5006.17,958.529,-1005.1,1388.89,-0.809112,2,0.12,6.3
Geran2,3,2760.49,6576.96,-41.9055,-414.554,416.667,-1.67154,2.8,1.1,6.3
Kalibr,1,6835.05,4199.35,248.162,-820.806,857.5,-1.2772,1.2,0.45,6.4
Kinzhal,2,8994.12,5006.17,958.529,-1005.1,1388.89,-0.809112,2,0.12,6.4
Geran2,3,2756.3,6535.5,-41.9055,-414.554,416.667,-1.67154,2.8,1.1,6.4
Kalibr,1,6859.87,4117.27,248.162,-820.806,857.5,-1.2772,1.2,0.45,6.5
Kinzhal,2,8994.12,5006.17,958.529,-1005.1,1388.89,-0.809112,2,0.12,6.5
Geran2,3,2752.11,6494.05,-41.9055,-414.554,416.667,-1.67154,2.8,1.1,6.5
Kalibr,1,6884.68,4035.19,248.162,-820.806,857.5,-1.2772,1.2,0.45,6.6
Kinzhal,2,8994.12,5006.17,958.529,-1005.1,1388.89,-0.809112,2,0.12,6.6
Geran2,3,2747.92,6452.59,-41.9055,-414.554,416.667,-1.67154,2.8,1.1,6.6
Kalibr,1,6909.5,3953.11,248.162,-820.806,857.5,-1.2772,1.2,0.45,6.7
Kinzhal,2,8994.12,5006.17,958.529,-1005.1,1388.89,-0.809112,2,0.12,6.7
Geran2,3,2743.73,6411.14,-41.9055,-414.554,416.667,-1.67154,2.8,1.1,6.7
Kalibr,1,6934.32,3871.03,248.162,-820.806,857.5,-1.2772,1.2,0.45,6.8
Kinzhal,2,8994.12,5006.17,958.529,-1005.1,1388.89,-0.809112,2,0.12,6.8
Geran2,3,2739.54,6369.68,-41.9055,-414.554,416.667,-1.67154,2.8,1.1,6.8
Kalibr,1,6959.13,3788.95,248.162,-820.806,857.5,-1.2772,1.2,0.45,6.9
Kinzhal,2,8994.12,5006.17,958.529,-1005.1,1388.89,-0.809112,2,0.12,6.9
Geran2,3,2735.35,6328.23,-41.9055,-414.554,416.667,-1.67154,2.8,1.1,6.9
Kalibr,1,6983.95,3706.87,248.162,-820.806,857.5,-1.2772,1.2,0.45,7
Kinzhal,2,8994.12,5006.17,958.529,-1005.1,1388.89,-0.809112,2,0.12,7
Geran2,3,2731.16,6286.77,-41.9055,-414.554,416.667,-1.67154,2.8,1.1,7
Kalibr,1,7008.76,3624.79,248.162,-820.806,857.5,-1.2772,1.2,0.45,7.1
Kinzhal,2,8994.12,5006.17,958.529,-1005.1,1388.89,-0.809112,2,0.12,7.1
Geran2,3,2726.97,6245.31,-41.9055,-414.554,416.667,-1.67154,2.8,1.1,7.1
Kalibr,1,7033.58,3542.7,248.162,-820.806,857.5,-1.27719,1.2,0.45,7.2
Kinzhal,2,8994.12,5006.17,958.529,-1005.1,1388.89,-0.809112,2,0.12,7.2
Geran2,3,2722.78,6203.86,-41.9055,-414.554,416.667,-1.67154,2.8,1.1,7.2
Kalibr,1,7058.4,3460.62,248.162,-820.806,857.5,-1.27719,1.2,0.45,7.3
Kinzhal,2,8994.12,5006.17,958.529,-1005.1,1388.89,-0.809112,2,0.12,7.3
Geran2,3,2718.59,6162.4,-41.9055,-414.554,416.667,-1.67154,2.8,1.1,7.3
Kalibr,1,7083.21,3378.54,248.162,-820.806,857.5,-1.27719,1.2,0.45,7.4
Kinzhal,2,8994.12,5006.17,958.529,-1005.1,1388.89,-0.809112,2,0.12,7.4
Geran2,3,2714.4,6120.95,-41.9055,-414.554,416.667,-1.67154,2.8,1.1,7.4
Kalibr,1,7108.03,3296.46,248.162,-820.806,857.5,-1.27719,1.2,0.45,7.5
Kinzhal,2,8994.12,5006.17,958.529,-1005.1,1388.89,-0.809112,2,0.12,7.5
Geran2,3,2710.21,6079.49,-41.9055,-414.554,416.667,-1.67154,2.8,1.1,7.5
Kalibr,1,7132.85,3214.38,248.162,-820.806,857.5,-1.27719,1.2,0.45,7.6
Kinzhal,2,8994.12,5006.17,958.529,-1005.1,1388.89,-0.809112,2,0.12,7.6
Geran2,3,2706.02,6038.04,-41.9055,-414.554,416.667,-1.67154,2.8,1.1,7.6
Kalibr,1,7157.66,3132.3,248.162,-820.806,857.5,-1.27719,1.2,0.45,7.7
Kinzhal,2,8994.12,5006.17,958.529,-1005.1,1388.89,-0.809112,2,0.12,7.7
Geran2,3,2701.83,5996.58,-41.9055,-414.554,416.667,-1.67154,2.8,1.1,7.7
Kalibr,1,7182.48,3050.22,248.162,-820.806,857.5,-1.2772,1.2,0.45,7.8
Kinzhal,2,8994.12,5006.17,958.529,-1005.1,1388.89,-0.809112,2,0.12,7.8
Geran2,3,2697.64,5955.13,-41.9055,-414.554,416.667,-1.67154,2.8,1.1,7.8
Kalibr,1,7207.29,2968.14,248.162,-820.806,857.5,-1.2772,1.2,0.45,7.9
Kinzhal,2,8994.12,5006.17,958.529,-1005.1,1388.89,-0.809112,2,0.12,7.9
Geran2,3,2693.44,5913.67,-41.9055,-414.554,416.667,-1.67154,2.8,1.1,7.9
Kalibr,1,7232.11,2886.06,248.162,-820.806,857.5,-1.2772,1.2,0.45,8
Kinzhal,2,8994.12,5006.17,958.529,-1005.1,1388.89,-0.809112,2,0.12,8
Geran2,3,2689.25,5872.21,-41.9055,-414.554,416.667,-1.67154,2.8,1.1,8
Kalibr,1,7256.93,2803.98,248.162,-820.806,857.5,-1.2772,1.2,0.45,8.1
Kinzhal,2,8994.12,5006.17,958.529,-1005.1,1388.89,-0.809112,2,0.12,8.1
Geran2,3,2685.06,5830.76,-41.9055,-414.554,416.667,-1.67154,2.8,1.1,8.1
Kalibr,1,7281.74,2721.9,248.162,-820.806,857.5,-1.2772,1.2,0.45,8.2
Kinzhal,2,8994.12,5006.17,958.529,-1005.1,1388.89,-0.809112,2,0.12,8.2
Geran2,3,2680.87,5789.3,-41.9055,-414.554,416.667,-1.67154,2.8,1.1,8.2
Kalibr,1,7306.56,2639.82,248.162,-820.806,857.5,-1.27719,1.2,0.45,8.3
Kinzhal,2,8994.12,5006.17,958.529,-1005.1,1388.89,-0.809112,2,0.12,8.3
Geran2,3,2676.68,5747.85,-41.9055,-414.554,416.667,-1.67154,2.8,1.1,8.3
Kalibr,1,7331.37,2557.74,248.162,-820.806,857.5,-1.27719,1.2,0.45,8.4
Kinzhal,2,8994.12,5006.17,958.529,-1005.1,1388.89,-0.809112,2,0.12,8.4
Geran2,3,2672.49,5706.39,-41.9055,-414.554,416.667,-1.67154,2.8,1.1,8.4
Kalibr,1,7356.19,2475.66,248.162,-820.806,857.5,-1.27719,1.2,0.45,8.5
Kinzhal,2,8994.12,5006.17,958.529,-1005.1,1388.89,-0.809112,2,0.12,8.5
Geran2,3,2668.3,5664.94,-41.9055,-414.554,416.667,-1.67154,2.8,1.1,8.5
Kalibr,1,7381.01,2393.58,248.162,-820.806,857.5,-1.27719,1.2,0.45,8.6
Kinzhal,2,8994.12,5006.17,958.529,-1005.1,1388.89,-0.809112,2,0.12,8.6
Geran2,3,2664.11,5623.48,-41.9055,-414.554,416.667,-1.67154,2.8,1.1,8.6
Kalibr,1,7405.82,2311.5,248.162,-820.806,857.5,-1.2772,1.2,0.45,8.7
Kinzhal,2,8994.12,5006.17,958.529,-1005.1,1388.89,-0.809112,2,0.12,8.7
Geran2,3,2659.92,5582.03,-41.9055,-414.554,416.667,-1.67154,2.8,1.1,8.7
Kalibr,1,7430.64,2229.42,248.162,-820.806,857.5,-1.2772,1.2,0.45,8.8
Kinzhal,2,8994.12,5006.17,958.529,-1005.1,1388.89,-0.809112,2,0.12,8.8
Geran2,3,2655.73,5540.57,-41.9055,-414.554,416.667,-1.67154,2.8,1.1,8.8
Kalibr,1,7455.45,2147.33,248.162,-820.806,857.5,-1.2772,1.2,0.45,8.9
Kinzhal,2,8994.12,5006.17,958.529,-1005.1,1388.89,-0.809112,2,0.12,8.9
Geran2,3,2651.54,5499.11,-41.9055,-414.554,416.667,-1.67154,2.8,1.1,8.9
Kalibr,1,7480.27,2065.25,248.162,-820.806,857.5,-1.27719,1.2,0.45,9
Kinzhal,2,8994.12,5006.17,958.529,-1005.1,1388.89,-0.809112,2,0.12,9
Geran2,3,2647.35,5457.66,-41.9055,-414.554,416.667,-1.67154,2.8,1.1,9
Kalibr,1,7505.09,1983.17,248.162,-820.806,857.5,-1.27719,1.2,0.45,9.1
Kinzhal,2,8994.12,5006.17,958.529,-1005.1,1388.89,-0.809112,2,0.12,9.1
Geran2,3,2643.16,5416.2,-41.9055,-414.554,416.667,-1.67154,2.8,1.1,9.1
Kalibr,1,7505.09,1983.17,248.162,-820.806,857.5,-1.27719,1.2,0.45,9.2
Kinzhal,2,8994.12,5006.17,958.529,-1005.1,1388.89,-0.809112,2,0.12,9.2
Geran2,3,2638.97,5374.75,-41.9055,-414.554,416.667,-1.67154,2.8,1.1,9.2
Kalibr,1,7505.09,1983.17,248.162,-820.806,857.5,-1.27719,1.2,0.45,9.3
Kinzhal,2,8994.12,5006.17,958.529,-1005.1,1388.89,-0.809112,2,0.12,9.3
Geran2,3,2634.78,5333.29,-41.9055,-414.554,416.667,-1.67154,2.8,1.1,9.3
Kalibr,1,7505.09,1983.17,248.162,-820.806,857.5,-1.27719,1.2,0.45,9.4
Kinzhal,2,8994.12,5006.17,958.529,-1005.1,1388.89,-0.809112,2,0.12,9.4
Geran2,3,2630.59,5291.84,-41.9055,-414.554,416.667,-1.67154,2.8,1.1,9.4
Kalibr,1,7505.09,1983.17,248.162,-820.806,857.5,-1.27719,1.2,0.45,9.5
Kinzhal,2,8994.12,5006.17,958.529,-1005.1,1388.89,-0.809112,2,0.12,9.5
Geran2,3,2626.4,5250.38,-41.9055,-414.554,416.667,-1.67154,2.8,1.1,9.5
Kalibr,1,7505.09,1983.17,248.162,-820.806,857.5,-1.27719,1.2,0.45,9.6
Kinzhal,2,8994.12,5006.17,958.529,-1005.1,1388.89,-0.809112,2,0.12,9.6
Geran2,3,2622.21,5208.93,-41.9055,-414.554,416.667,-1.67154,2.8,1.1,9.6
Kalibr,1,7505.09,1983.17,248.162,-820.806,857.5,-1.27719,1.2,0.45,9.7
Kinzhal,2,8994.12,5006.17,958.529,-1005.1,1388.89,-0.809112,2,0.12,9.7
Geran2,3,2618.01,5167.47,-41.9055,-414.554,416.667,-1.67154,2.8,1.1,9.7
Kalibr,1,7505.09,1983.17,248.162,-820.806,857.5,-1.27719,1.2,0.45,9.8
Kinzhal,2,8994.12,5006.17,958.529,-1005.1,1388.89,-0.809112,2,0.12,9.8
Geran2,3,2613.82,5126.01,-41.9055,-414.554,416.667,-1.67154,2.8,1.1,9.8
Kalibr,1,7505.09,1983.17,248.162,-820.806,857.5,-1.27719,1.2,0.45,9.9
Kinzhal,2,8994.12,5006.17,958.529,-1005.1,1388.89,-0.809112,2,0.12,9.9
Geran2,3,2609.63,5084.56,-41.9055,-414.554,416.667,-1.67154,2.8,1.1,9.9
Kalibr,1,7505.09,1983.17,248.162,-820.806,857.5,-1.27719,1.2,0.45,10
Kinzhal,2,8994.12,5006.17,958.529,-1005.1,1388.89,-0.809112,2,0.12,10
Geran2,3,2605.44,5043.1,-41.9055,-414.554,416.667,-1.67154,2.8,1.1,10
Kalibr,1,7505.09,1983.17,248.162,-820.806,857.5,-1.27719,1.2,0.45,10.1
Kinzhal,2,8994.12,5006.17,958.529,-1005.1,1388.89,-0.809112,2,0.12,10.1
Geran2,3,2601.25,5001.65,-41.9055,-414.554,416.667,-1.67154,2.8,1.1,10.1
Kalibr,1,7505.09,1983.17,248.162,-820.806,857.5,-1.27719,1.2,0.45,10.2
Kinzhal,2,8994.12,5006.17,958.529,-1005.1,1388.89,-0.809112,2,0.12,10.2
Geran2,3,2597.06,4960.19,-41.9055,-414.554,416.667,-1.67154,2.8,1.1,10.2
Kalibr,1,7505.09,1983.17,248.162,-820.806,857.5,-1.27719,1.2,0.45,10.3
Kinzhal,2,8994.12,5006.17,958.529,-1005.1,1388.89,-0.809112,2,0.12,10.3
Geran2,3,2592.87,4918.74,-41.9055,-414.554,416.667,-1.67154,2.8,1.1,10.3
Kalibr,1,7505.09,1983.17,248.162,-820.806,857.5,-1.27719,1.2,0.45,10.4
Kinzhal,2,8994.12,5006.17,958.529,-1005.1,1388.89,-0.809112,2,0.12,10.4
Geran2,3,2588.68,4877.28,-41.9055,-414.554,416.667,-1.67154,2.8,1.1,10.4
Kalibr,1,7505.09,1983.17,248.162,-820.806,857.5,-1.27719,1.2,0.45,10.5
Kinzhal,2,8994.12,5006.17,958.529,-1005.1,1388.89,-0.809112,2,0.12,10.5
Geran2,3,2584.49,4835.83,-41.9055,-414.554,416.667,-1.67154,2.8,1.1,10.5
Kalibr,1,7505.09,1983.17,248.162,-820.806,857.5,-1.27719,1.2,0.45,10.6
Kinzhal,2,8994.12,5006.17,958.529,-1005.1,1388.89,-0.809112,2,0.12,10.6
Geran2,3,2580.3,4794.37,-41.9055,-414.554,416.667,-1.67154,2.8,1.1,10.6
Kalibr,1,7505.09,1983.17,248.162,-820.806,857.5,-1.27719,1.2,0.45,10.7
Kinzhal,2,8994.12,5006.17,958.529,-1005.1,1388.89,-0.809112,2,0.12,10.7
Geran2,3,2576.11,4752.91,-41.9055,-414.554,416.667,-1.67154,2.8,1.1,10.7
Kalibr,1,7505.09,1983.17,248.162,-820.806,857.5,-1.27719,1.2,0.45,10.8
Kinzhal,2,8994.12,5006.17,958.529,-1005.1,1388.89,-0.809112,2,0.12,10.8
Geran2,3,2571.92,4711.46,-41.9055,-414.554,416.667,-1.67154,2.8,1.1,10.8
Kalibr,1,7505.09,1983.17,248.162,-820.806,857.5,-1.27719,1.2,0.45,10.9
Kinzhal,2,8994.12,5006.17,958.529,-1005.1,1388.89,-0.809112,2,0.12,10.9
Geran2,3,2567.73,4670,-41.9055,-414.554,416.667,-1.67154,2.8,1.1,10.9
Kalibr,1,7505.09,1983.17,248.162,-820.806,857.5,-1.27719,1.2,0.45,11
Kinzhal,2,8994.12,5006.17,958.529,-1005.1,1388.89,-0.809112,2,0.12,11
Geran2,3,2563.54,4628.55,-41.9055,-414.554,416.667,-1.67154,2.8,1.1,11
Kalibr,1,7505.09,1983.17,248.162,-820.806,857.5,-1.27719,1.2,0.45,11.1
Kinzhal,2,8994.12,5006.17,958.529,-1005.1,1388.89,-0.809112,2,0.12,11.1
Geran2,3,2559.35,4587.09,-41.9055,-414.554,416.667,-1.67154,2.8,1.1,11.1
Kalibr,1,7505.09,1983.17,248.162,-820.806,857.5,-1.27719,1.2,0.45,11.2
Kinzhal,2,8994.12,5006.17,958.529,-1005.1,1388.89,-0.809112,2,0.12,11.2
Geran2,3,2555.16,4545.64,-41.9055,-414.554,416.667,-1.67154,2.8,1.1,11.2
Kalibr,1,7505.09,1983.17,248.162,-820.806,857.5,-1.27719,1.2,0.45,11.3
Kinzhal,2,8994.12,5006.17,958.529,-1005.1,1388.89,-0.809112,2,0.12,11.3
Geran2,3,2550.97,4504.18,-41.9055,-414.554,416.667,-1.67154,2.8,1.1,11.3
Kalibr,1,7505.09,1983.17,248.162,-820.806,857.5,-1.27719,1.2,0.45,11.4
Kinzhal,2,8994.12,5006.17,958.529,-1005.1,1388.89,-0.809112,2,0.12,11.4
Geran2,3,2546.77,4462.73,-41.9055,-414.554,416.667,-1.67154,2.8,1.1,11.4
Kalibr,1,7505.09,1983.17,248.162,-820.806,857.5,-1.27719,1.2,0.45,11.5
Kinzhal,2,8994.12,5006.17,958.529,-1005.1,1388.89,-0.809112,2,0.12,11.5
Geran2,3,2542.58,4421.27,-41.9055,-414.554,416.667,-1.67154,2.8,1.1,11.5
Kalibr,1,7505.09,1983.17,248.162,-820.806,857.5,-1.27719,1.2,0.45,11.6
Kinzhal,2,8994.12,5006.17,958.529,-1005.1,1388.89,-0.809112,2,0.12,11.6
Geran2,3,2538.39,4379.81,-41.9055,-414.554,416.667,-1.67154,2.8,1.1,11.6
Kalibr,1,7505.09,1983.17,248.162,-820.806,857.5,-1.27719,1.2,0.45,11.7
Kinzhal,2,8994.12,5006.17,958.529,-1005.1,1388.89,-0.809112,2,0.12,11.7
Geran2,3,2534.2,4338.36,-41.9055,-414.554,416.667,-1.67154,2.8,1.1,11.7
Kalibr,1,7505.09,1983.17,248.162,-820.806,857.5,-1.27719,1.2,0.45,11.8
Kinzhal,2,8994.12,5006.17,958.529,-1005.1,1388.89,-0.809112,2,0.12,11.8
Geran2,3,2530.01,4296.9,-41.9055,-414.554,416.667,-1.67154,2.8,1.1,11.8
Kalibr,1,7505.09,1983.17,248.162,-820.806,857.5,-1.27719,1.2,0.45,11.9
Kinzhal,2,8994.12,5006.17,958.529,-1005.1,1388.89,-0.809112,2,0.12,11.9
Geran2,3,2525.82,4255.45,-41.9055,-414.554,416.667,-1.67154,2.8,1.1,11.9
Kalibr,1,7505.09,1983.17,248.162,-820.806,857.5,-1.27719,1.2,0.45,12
Kinzhal,2,8994.12,5006.17,958.529,-1005.1,1388.89,-0.809112,2,0.12,12
Geran2,3,2521.63,4213.99,-41.9055,-414.554,416.667,-1.67154,2.8,1.1,12
Kalibr,1,7505.09,1983.17,248.162,-820.806,857.5,-1.27719,1.2,0.45,12.1
Kinzhal,2,8994.12,5006.17,958.529,-1005.1,1388.89,-0.809112,2,0.12,12.1
Geran2,3,2517.44,4172.54,-41.9055,-414.554,416.667,-1.67154,2.8,1.1,12.1
Kalibr,1,7505.09,1983.17,248.162,-820.806,857.5,-1.27719,1.2,0.45,12.2
Kinzhal,2,8994.12,5006.17,958.529,-1005.1,1388.89,-0.809112,2,0.12,12.2
Geran2,3,2513.25,4131.08,-41.9055,-414.554,416.667,-1.67154,2.8,1.1,12.2
Kalibr,1,7505.09,1983.17,248.162,-820.806,857.5,-1.27719,1.2,0.45,12.3
Kinzhal,2,8994.12,5006.17,958.529,-1005.1,1388.89,-0.809112,2,0.12,12.3
Geran2,3,2509.06,4089.63,-41.9055,-414.554,416.667,-1.67154,2.8,1.1,12.3
Kalibr,1,7505.09,1983.17,248.162,-820.806,857.5,-1.27719,1.2,0.45,12.4
Kinzhal,2,8994.12,5006.17,958.529,-1005.1,1388.89,-0.809112,2,0.12,12.4
Geran2,3,2504.87,4048.17,-41.9054,-414.554,416.667,-1.67154,2.8,1.1,12.4
Kalibr,1,7505.09,1983.17,248.162,-820.806,857.5,-1.27719,1.2,0.45,12.5
Kinzhal,2,8994.12,5006.17,958.529,-1005.1,1388.89,-0.809112,2,0.12,12.5
Geran2,3,2504.87,4048.17,-41.9054,-414.554,416.667,-1.67154,2.8,1.1,12.5
Kalibr,1,7505.09,1983.17,248.162,-820.806,857.5,-1.27719,1.2,0.45,12.6
Kinzhal,2,8994.12,5006.17,958.529,-1005.1,1388.89,-0.809112,2,0.12,12.6
Geran2,3,2504.87,4048.17,-41.9054,-414.554,416.667,-1.67154,2.8,1.1,12.6
Kalibr,1,7505.09,1983.17,248.162,-820.806,857.5,-1.27719,1.2,0.45,12.7
Kinzhal,2,8994.12,5006.17,958.529,-1005.1,1388.89,-0.809112,2,0.12,12.7
Geran2,3,2504.87,4048.17,-41.9054,-414.554,416.667,-1.67154,2.8,1.1,12.7
Kalibr,1,7505.09,1983.17,248.162,-820.806,857.5,-1.27719,1.2,0.45,12.8
Kinzhal,2,8994.12,5006.17,958.529,-1005.1,1388.89,-0.809112,2,0.12,12.8
Geran2,3,2504.87,4048.17,-41.9054,-414.554,416.667,-1.67154,2.8,1.1,12.8
Kalibr,1,7505.09,1983.17,248.162,-820.806,857.5,-1.27719,1.2,0.45,12.9
Kinzhal,2,8994.12,5006.17,958.529,-1005.1,1388.89,-0.809112,2,0.12,12.9
Geran2,3,2504.87,4048.17,-41.9054,-414.554,416.667,-1.67154,2.8,1.1,12.9
Kalibr,1,7505.09,1983.17,248.162,-820.806,857.5,-1.27719,1.2,0.45,13
Kinzhal,2,8994.12,5006.17,958.529,-1005.1,1388.89,-0.809112,2,0.12,13
Geran2,3,2504.87,4048.17,-41.9054,-414.554,416.667,-1.67154,2.8,1.1,13
Kalibr,1,7505.09,1983.17,248.162,-820.806,857.5,-1.27719,1.2,0.45,13.1
Kinzhal,2,8994.12,5006.17,958.529,-1005.1,1388.89,-0.809112,2,0.12,13.1
Geran2,3,2504.87,4048.17,-41.9054,-414.554,416.667,-1.67154,2.8,1.1,13.1
Kalibr,1,7505.09,1983.17,248.162,-820.806,857.5,-1.27719,1.2,0.45,13.2
Kinzhal,2,8994.12,5006.17,958.529,-1005.1,1388.89,-0.809112,2,0.12,13.2
Geran2,3,2504.87,4048.17,-41.9054,-414.554,416.667,-1.67154,2.8,1.1,13.2
Kalibr,1,7505.09,1983.17,248.162,-820.806,857.5,-1.27719,1.2,0.45,13.3
Kinzhal,2,8994.12,5006.17,958.529,-1005.1,1388.89,-0.809112,2,0.12,13.3
Geran2,3,2504.87,4048.17,-41.9054,-414.554,416.667,-1.67154,2.8,1.1,13.3
Kalibr,1,7505.09,1983.17,248.162,-820.806,857.5,-1.27719,1.2,0.45,13.4
Kinzhal,2,8994.12,5006.17,958.529,-1005.1,1388.89,-0.809112,2,0.12,13.4
Geran2,3,2504.87,4048.17,-41.9054,-414.554,416.667,-1.67154,2.8,1.1,13.4
Kalibr,1,7505.09,1983.17,248.162,-820.806,857.5,-1.27719,1.2,0.45,13.5
Kinzhal,2,8994.12,5006.17,958.529,-1005.1,1388.89,-0.809112,2,0.12,13.5
Geran2,3,2504.87,4048.17,-41.9054,-414.554,416.667,-1.67154,2.8,1.1,13.5
Kalibr,1,7505.09,1983.17,248.162,-820.806,857.5,-1.27719,1.2,0.45,13.6
Kinzhal,2,8994.12,5006.17,958.529,-1005.1,1388.89,-0.809112,2,0.12,13.6
Geran2,3,2504.87,4048.17,-41.9054,-414.554,416.667,-1.67154,2.8,1.1,13.6
Kalibr,1,7505.09,1983.17,248.162,-820.806,857.5,-1.27719,1.2,0.45,13.7
Kinzhal,2,8994.12,5006.17,958.529,-1005.1,1388.89,-0.809112,2,0.12,13.7
Geran2,3,2504.87,4048.17,-41.9054,-414.554,416.667,-1.67154,2.8,1.1,13.7
Kalibr,1,7505.09,1983.17,248.162,-820.806,857.5,-1.27719,1.2,0.45,13.8
Kinzhal,2,8994.12,5006.17,958.529,-1005.1,1388.89,-0.809112,2,0.12,13.8
Geran2,3,2504.87,4048.17,-41.9054,-414.554,416.667,-1.67154,2.8,1.1,13.8
Kalibr,1,7505.09,1983.17,248.162,-820.806,857.5,-1.27719,1.2,0.45,13.9
Kinzhal,2,8994.12,5006.17,958.529,-1005.1,1388.89,-0.809112,2,0.12,13.9
Geran2,3,2504.87,4048.17,-41.9054,-414.554,416.667,-1.67154,2.8,1.1,13.9
Kalibr,1,7505.09,1983.17,248.162,-820.806,857.5,-1.27719,1.2,0.45,14
Kinzhal,2,8994.12,5006.17,958.529,-1005.1,1388.89,-0.809112,2,0.12,14
Geran2,3,2504.87,4048.17,-41.9054,-414.554,416.667,-1.67154,2.8,1.1,14
Kalibr,1,7505.09,1983.17,248.162,-820.806,857.5,-1.27719,1.2,0.45,14.1
Kinzhal,2,8994.12,5006.17,958.529,-1005.1,1388.89,-0.809112,2,0.12,14.1
Geran2,3,2504.87,4048.17,-41.9054,-414.554,416.667,-1.67154,2.8,1.1,14.1
Kalibr,1,7505.09,1983.17,248.162,-820.806,857.5,-1.27719,1.2,0.45,14.2
Kinzhal,2,8994.12,5006.17,958.529,-1005.1,1388.89,-0.809112,2,0.12,14.2
Geran2,3,2504.87,4048.17,-41.9054,-414.554,416.667,-1.67154,2.8,1.1,14.2
Kalibr,1,7505.09,1983.17,248.162,-820.806,857.5,-1.27719,1.2,0.45,14.3
Kinzhal,2,8994.12,5006.17,958.529,-1005.1,1388.89,-0.809112,2,0.12,14.3
Geran2,3,2504.87,4048.17,-41.9054,-414.554,416.667,-1.67154,2.8,1.1,14.3
Kalibr,1,7505.09,1983.17,248.162,-820.806,857.5,-1.27719,1.2,0.45,14.4
Kinzhal,2,8994.12,5006.17,958.529,-1005.1,1388.89,-0.809112,2,0.12,14.4
Geran2,3,2504.87,4048.17,-41.9054,-414.554,416.667,-1.67154,2.8,1.1,14.4
Kalibr,1,7505.09,1983.17,248.162,-820.806,857.5,-1.27719,1.2,0.45,14.5
Kinzhal,2,8994.12,5006.17,958.529,-1005.1,1388.89,-0.809112,2,0.12,14.5
Geran2,3,2504.87,4048.17,-41.9054,-414.554,416.667,-1.67154,2.8,1.1,14.5
Kalibr,1,7505.09,1983.17,248.162,-820.806,857.5,-1.27719,1.2,0.45,14.6
Kinzhal,2,8994.12,5006.17,958.529,-1005.1,1388.89,-0.809112,2,0.12,14.6
Geran2,3,2504.87,4048.17,-41.9054,-414.554,416.667,-1.67154,2.8,1.1,14.6
Kalibr,1,7505.09,1983.17,248.162,-820.806,857.5,-1.27719,1.2,0.45,14.7
Kinzhal,2,8994.12,5006.17,958.529,-1005.1,1388.89,-0.809112,2,0.12,14.7
Geran2,3,2504.87,4048.17,-41.9054,-414.554,416.667,-1.67154,2.8,1.1,14.7
Kalibr,1,7505.09,1983.17,248.162,-820.806,857.5,-1.27719,1.2,0.45,14.8
Kinzhal,2,8994.12,5006.17,958.529,-1005.1,1388.89,-0.809112,2,0.12,14.8
Geran2,3,2504.87,4048.17,-41.9054,-414.554,416.667,-1.67154,2.8,1.1,14.8
Kalibr,1,7505.09,1983.17,248.162,-820.806,857.5,-1.27719,1.2,0.45,14.9
Kinzhal,2,8994.12,5006.17,958.529,-1005.1,1388.89,-0.809112,2,0.12,14.9
Geran2,3,2504.87,4048.17,-41.9054,-414.554,416.667,-1.67154,2.8,1.1,14.9
Kalibr,1,7505.09,1983.17,248.162,-820.806,857.5,-1.27719,1.2,0.45,15
Kinzhal,2,8994.12,5006.17,958.529,-1005.1,1388.89,-0.809112,2,0.12,15
Geran2,3,2504.87,4048.17,-41.9054,-414.554,416.667,-1.67154,2.8,1.1,15
Kalibr,1,7505.09,1983.17,248.162,-820.806,857.5,-1.27719,1.2,0.45,15.1
Kinzhal,2,8994.12,5006.17,958.529,-1005.1,1388.89,-0.809112,2,0.12,15.1
Geran2,3,2504.87,4048.17,-41.9054,-414.554,416.667,-1.67154,2.8,1.1,15.1
Kalibr,1,7505.09,1983.17,248.162,-820.806,857.5,-1.27719,1.2,0.45,15.2
Kinzhal,2,8994.12,5006.17,958.529,-1005.1,1388.89,-0.809112,2,0.12,15.2
Geran2,3,2504.87,4048.17,-41.9054,-414.554,416.667,-1.67154,2.8,1.1,15.2
Kalibr,1,7505.09,1983.17,248.162,-820.806,857.5,-1.27719,1.2,0.45,15.3
Kinzhal,2,8994.12,5006.17,958.529,-1005.1,1388.89,-0.809112,2,0.12,15.3
Geran2,3,2504.87,4048.17,-41.9054,-414.554,416.667,-1.67154,2.8,1.1,15.3
Kalibr,1,7505.09,1983.17,248.162,-820.806,857.5,-1.27719,1.2,0.45,15.4
Kinzhal,2,8994.12,5006.17,958.529,-1005.1,1388.89,-0.809112,2,0.12,15.4
Geran2,3,2504.87,4048.17,-41.9054,-414.554,416.667,-1.67154,2.8,1.1,15.4
Kalibr,1,7505.09,1983.17,248.162,-820.806,857.5,-1.27719,1.2,0.45,15.5
Kinzhal,2,8994.12,5006.17,958.529,-1005.1,1388.89,-0.809112,2,0.12,15.5
Geran2,3,2504.87,4048.17,-41.9054,-414.554,416.667,-1.67154,2.8,1.1,15.5
Kalibr,1,7505.09,1983.17,248.162,-820.806,857.5,-1.27719,1.2,0.45,15.6
Kinzhal,2,8994.12,5006.17,958.529,-1005.1,1388.89,-0.809112,2,0.12,15.6
Geran2,3,2504.87,4048.17,-41.9054,-414.554,416.667,-1.67154,2.8,1.1,15.6
Kalibr,1,7505.09,1983.17,248.162,-820.806,857.5,-1.27719,1.2,0.45,15.7
Kinzhal,2,8994.12,5006.17,958.529,-1005.1,1388.89,-0.809112,2,0.12,15.7
Geran2,3,2504.87,4048.17,-41.9054,-414.554,416.667,-1.67154,2.8,1.1,15.7
Kalibr,1,7505.09,1983.17,248.162,-820.806,857.5,-1.27719,1.2,0.45,15.8
Kinzhal,2,8994.12,5006.17,958.529,-1005.1,1388.89,-0.809112,2,0.12,15.8
Geran2,3,2504.87,4048.17,-41.9054,-414.554,416.667,-1.67154,2.8,1.1,15.8
Kalibr,1,7505.09,1983.17,248.162,-820.806,857.5,-1.27719,1.2,0.45,15.9
Kinzhal,2,8994.12,5006.17,958.529,-1005.1,1388.89,-0.809112,2,0.12,15.9
Geran2,3,2504.87,4048.17,-41.9054,-414.554,416.667,-1.67154,2.8,1.1,15.9
Kalibr,1,7505.09,1983.17,248.162,-820.806,857.5,-1.27719,1.2,0.45,16
Kinzhal,2,8994.12,5006.17,958.529,-1005.1,1388.89,-0.809112,2,0.12,16
Geran2,3,2504.87,4048.17,-41.9054,-414.554,416.667,-1.67154,2.8,1.1,16
Kalibr,1,7505.09,1983.17,248.162,-820.806,857.5,-1.27719,1.2,0.45,16.1
Kinzhal,2,8994.12,5006.17,958.529,-1005.1,1388.89,-0.809112,2,0.12,16.1
Geran2,3,2504.87,4048.17,-41.9054,-414.554,416.667,-1.67154,2.8,1.1,16.1
Kalibr,1,7505.09,1983.17,248.162,-820.806,857.5,-1.27719,1.2,0.45,16.2
Kinzhal,2,8994.12,5006.17,958.529,-1005.1,1388.89,-0.809112,2,0.12,16.2
Geran2,3,2504.87,4048.17,-41.9054,-414.554,416.667,-1.67154,2.8,1.1,16.2
Kalibr,1,7505.09,1983.17,248.162,-820.806,857.5,-1.27719,1.2,0.45,16.3
Kinzhal,2,8994.12,5006.17,958.529,-1005.1,1388.89,-0.809112,2,0.12,16.3
Geran2,3,2504.87,4048.17,-41.9054,-414.554,416.667,-1.67154,2.8,1.1,16.3
Kalibr,1,7505.09,1983.17,248.162,-820.806,857.5,-1.27719,1.2,0.45,16.4
Kinzhal,2,8994.12,5006.17,958.529,-1005.1,1388.89,-0.809112,2,0.12,16.4
Geran2,3,2504.87,4048.17,-41.9054,-414.554,416.667,-1.67154,2.8,1.1,16.4
Kalibr,1,7505.09,1983.17,248.162,-820.806,857.5,-1.27719,1.2,0.45,16.5
Kinzhal,2,8994.12,5006.17,958.529,-1005.1,1388.89,-0.809112,2,0.12,16.5
Geran2,3,2504.87,4048.17,-41.9054,-414.554,416.667,-1.67154,2.8,1.1,16.5
Kalibr,1,7505.09,1983.17,248.162,-820.806,857.5,-1.27719,1.2,0.45,16.6
Kinzhal,2,8994.12,5006.17,958.529,-1005.1,1388.89,-0.809112,2,0.12,16.6
Geran2,3,2504.87,4048.17,-41.9054,-414.554,416.667,-1.67154,2.8,1.1,16.6
Kalibr,1,7505.09,1983.17,248.162,-820.806,857.5,-1.27719,1.2,0.45,16.7
Kinzhal,2,8994.12,5006.17,958.529,-1005.1,1388.89,-0.809112,2,0.12,16.7
Geran2,3,2504.87,4048.17,-41.9054,-414.554,416.667,-1.67154,2.8,1.1,16.7
Kalibr,1,7505.09,1983.17,248.162,-820.806,857.5,-1.27719,1.2,0.45,16.8
Kinzhal,2,8994.12,5006.17,958.529,-1005.1,1388.89,-0.809112,2,0.12,16.8
Geran2,3,2504.87,4048.17,-41.9054,-414.554,416.667,-1.67154,2.8,1.1,16.8
Kalibr,1,7505.09,1983.17,248.162,-820.806,857.5,-1.27719,1.2,0.45,16.9
Kinzhal,2,8994.12,5006.17,958.529,-1005.1,1388.89,-0.809112,2,0.12,16.9
Geran2,3,2504.87,4048.17,-41.9054,-414.554,416.667,-1.67154,2.8,1.1,16.9
Kalibr,1,7505.09,1983.17,248.162,-820.806,857.5,-1.27719,1.2,0.45,17
Kinzhal,2,8994.12,5006.17,958.529,-1005.1,1388.89,-0.809112,2,0.12,17
Geran2,3,2504.87,4048.17,-41.9054,-414.554,416.667,-1.67154,2.8,1.1,17
Kalibr,1,7505.09,1983.17,248.162,-820.806,857.5,-1.27719,1.2,0.45,17.1
Kinzhal,2,8994.12,5006.17,958.529,-1005.1,1388.89,-0.809112,2,0.12,17.1
Geran2,3,2504.87,4048.17,-41.9054,-414.554,416.667,-1.67154,2.8,1.1,17.1
Kalibr,1,7505.09,1983.17,248.162,-820.806,857.5,-1.27719,1.2,0.45,17.2
Kinzhal,2,8994.12,5006.17,958.529,-1005.1,1388.89,-0.809112,2,0.12,17.2
Geran2,3,2504.87,4048.17,-41.9054,-414.554,416.667,-1.67154,2.8,1.1,17.2
Kalibr,1,7505.09,1983.17,248.162,-820.806,857.5,-1.27719,1.2,0.45,17.3
Kinzhal,2,8994.12,5006.17,958.529,-1005.1,1388.89,-0.809112,2,0.12,17.3
Geran2,3,2504.87,4048.17,-41.9054,-414.554,416.667,-1.67154,2.8,1.1,17.3
Kalibr,1,7505.09,1983.17,248.162,-820.806,857.5,-1.27719,1.2,0.45,17.4
Kinzhal,2,8994.12,5006.17,958.529,-1005.1,1388.89,-0.809112,2,0.12,17.4
Geran2,3,2504.87,4048.17,-41.9054,-414.554,416.667,-1.67154,2.8,1.1,17.4
Kalibr,1,7505.09,1983.17,248.162,-820.806,857.5,-1.27719,1.2,0.45,17.5
Kinzhal,2,8994.12,5006.17,958.529,-1005.1,1388.89,-0.809112,2,0.12,17.5
Geran2,3,2504.87,4048.17,-41.9054,-414.554,416.667,-1.67154,2.8,1.1,17.5
Kalibr,1,7505.09,1983.17,248.162,-820.806,857.5,-1.27719,1.2,0.45,17.6
Kinzhal,2,8994.12,5006.17,958.529,-1005.1,1388.89,-0.809112,2,0.12,17.6
Geran2,3,2504.87,4048.17,-41.9054,-414.554,416.667,-1.67154,2.8,1.1,17.6
Kalibr,1,7505.09,1983.17,248.162,-820.806,857.5,-1.27719,1.2,0.45,17.7
Kinzhal,2,8994.12,5006.17,958.529,-1005.1,1388.89,-0.809112,2,0.12,17.7
Geran2,3,2504.87,4048.17,-41.9054,-414.554,416.667,-1.67154,2.8,1.1,17.7
Kalibr,1,7505.09,1983.17,248.162,-820.806,857.5,-1.27719,1.2,0.45,17.8
Kinzhal,2,8994.12,5006.17,958.529,-1005.1,1388.89,-0.809112,2,0.12,17.8
Geran2,3,2504.87,4048.17,-41.9054,-414.554,416.667,-1.67154,2.8,1.1,17.8
Kalibr,1,7505.09,1983.17,248.162,-820.806,857.5,-1.27719,1.2,0.45,17.9
Kinzhal,2,8994.12,5006.17,958.529,-1005.1,1388.89,-0.809112,2,0.12,17.9
Geran2,3,2504.87,4048.17,-41.9054,-414.554,416.667,-1.67154,2.8,1.1,17.9
Kalibr,1,7505.09,1983.17,248.162,-820.806,857.5,-1.27719,1.2,0.45,18
Kinzhal,2,8994.12,5006.17,958.529,-1005.1,1388.89,-0.809112,2,0.12,18
Geran2,3,2504.87,4048.17,-41.9054,-414.554,416.667,-1.67154,2.8,1.1,18
Kalibr,1,7505.09,1983.17,248.162,-820.806,857.5,-1.27719,1.2,0.45,18.1
Kinzhal,2,8994.12,5006.17,958.529,-1005.1,1388.89,-0.809112,2,0.12,18.1
Geran2,3,2504.87,4048.17,-41.9054,-414.554,416.667,-1.67154,2.8,1.1,18.1
Kalibr,1,7505.09,1983.17,248.162,-820.806,857.5,-1.27719,1.2,0.45,18.2
Kinzhal,2,8994.12,5006.17,958.529,-1005.1,1388.89,-0.809112,2,0.12,18.2
Geran2,3,2504.87,4048.17,-41.9054,-414.554,416.667,-1.67154,2.8,1.1,18.2
Kalibr,1,7505.09,1983.17,248.162,-820.806,857.5,-1.27719,1.2,0.45,18.3
Kinzhal,2,8994.12,5006.17,958.529,-1005.1,1388.89,-0.809112,2,0.12,18.3
Geran2,3,2504.87,4048.17,-41.9054,-414.554,416.667,-1.67154,2.8,1.1,18.3
Kalibr,1,7505.09,1983.17,248.162,-820.806,857.5,-1.27719,1.2,0.45,18.4
Kinzhal,2,8994.12,5006.17,958.529,-1005.1,1388.89,-0.809112,2,0.12,18.4
Geran2,3,2504.87,4048.17,-41.9054,-414.554,416.667,-1.67154,2.8,1.1,18.4
Kalibr,1,7505.09,1983.17,248.162,-820.806,857.5,-1.27719,1.2,0.45,18.5
Kinzhal,2,8994.12,5006.17,958.529,-1005.1,1388.89,-0.809112,2,0.12,18.5
Geran2,3,2504.87,4048.17,-41.9054,-414.554,416.667,-1.67154,2.8,1.1,18.5
Kalibr,1,7505.09,1983.17,248.162,-820.806,857.5,-1.27719,1.2,0.45,18.6
Kinzhal,2,8994.12,5006.17,958.529,-1005.1,1388.89,-0.809112,2,0.12,18.6
Geran2,3,2504.87,4048.17,-41.9054,-414.554,416.667,-1.67154,2.8,1.1,18.6
Kalibr,1,7505.09,1983.17,248.162,-820.806,857.5,-1.27719,1.2,0.45,18.7
Kinzhal,2,8994.12,5006.17,958.529,-1005.1,1388.89,-0.809112,2,0.12,18.7
Geran2,3,2504.87,4048.17,-41.9054,-414.554,416.667,-1.67154,2.8,1.1,18.7
Kalibr,1,7505.09,1983.17,248.162,-820.806,857.5,-1.27719,1.2,0.45,18.8
Kinzhal,2,8994.12,5006.17,958.529,-1005.1,1388.89,-0.809112,2,0.12,18.8
Geran2,3,2504.87,4048.17,-41.9054,-414.554,416.667,-1.67154,2.8,1.1,18.8
Kalibr,1,7505.09,1983.17,248.162,-820.806,857.5,-1.27719,1.2,0.45,18.9
Kinzhal,2,8994.12,5006.17,958.529,-1005.1,1388.89,-0.809112,2,0.12,18.9
Geran2,3,2504.87,4048.17,-41.9054,-414.554,416.667,-1.67154,2.8,1.1,18.9
Kalibr,1,7505.09,1983.17,248.162,-820.806,857.5,-1.27719,1.2,0.45,19
Kinzhal,2,8994.12,5006.17,958.529,-1005.1,1388.89,-0.809112,2,0.12,19
Geran2,3,2504.87,4048.17,-41.9054,-414.554,416.667,-1.67154,2.8,1.1,19
Kalibr,1,7505.09,1983.17,248.162,-820.806,857.5,-1.27719,1.2,0.45,19.1
Kinzhal,2,8994.12,5006.17,958.529,-1005.1,1388.89,-0.809112,2,0.12,19.1
Geran2,3,2504.87,4048.17,-41.9054,-414.554,416.667,-1.67154,2.8,1.1,19.1
Kalibr,1,7505.09,1983.17,248.162,-820.806,857.5,-1.27719,1.2,0.45,19.2
Kinzhal,2,8994.12,5006.17,958.529,-1005.1,1388.89,-0.809112,2,0.12,19.2
Geran2,3,2504.87,4048.17,-41.9054,-414.554,416.667,-1.67154,2.8,1.1,19.2
Kalibr,1,7505.09,1983.17,248.162,-820.806,857.5,-1.27719,1.2,0.45,19.3
Kinzhal,2,8994.12,5006.17,958.529,-1005.1,1388.89,-0.809112,2,0.12,19.3
Geran2,3,2504.87,4048.17,-41.9054,-414.554,416.667,-1.67154,2.8,1.1,19.3
Kalibr,1,7505.09,1983.17,248.162,-820.806,857.5,-1.27719,1.2,0.45,19.4
Kinzhal,2,8994.12,5006.17,958.529,-1005.1,1388.89,-0.809112,2,0.12,19.4
Geran2,3,2504.87,4048.17,-41.9054,-414.554,416.667,-1.67154,2.8,1.1,19.4
Kalibr,1,7505.09,1983.17,248.162,-820.806,857.5,-1.27719,1.2,0.45,19.5
Kinzhal,2,8994.12,5006.17,958.529,-1005.1,1388.89,-0.809112,2,0.12,19.5
Geran2,3,2504.87,4048.17,-41.9054,-414.554,416.667,-1.67154,2.8,1.1,19.5
Kalibr,1,7505.09,1983.17,248.162,-820.806,857.5,-1.27719,1.2,0.45,19.6
Kinzhal,2,8994.12,5006.17,958.529,-1005.1,1388.89,-0.809112,2,0.12,19.6
Geran2,3,2504.87,4048.17,-41.9054,-414.554,416.667,-1.67154,2.8,1.1,19.6
Kalibr,1,7505.09,1983.17,248.162,-820.806,857.5,-1.27719,1.2,0.45,19.7
Kinzhal,2,8994.12,5006.17,958.529,-1005.1,1388.89,-0.809112,2,0.12,19.7
Geran2,3,2504.87,4048.17,-41.9054,-414.554,416.667,-1.67154,2.8,1.1,19.7
Kalibr,1,7505.09,1983.17,248.162,-820.806,857.5,-1.27719,1.2,0.45,19.8
Kinzhal,2,8994.12,5006.17,958.529,-1005.1,1388.89,-0.809112,2,0.12,19.8
Geran2,3,2504.87,4048.17,-41.9054,-414.554,416.667,-1.67154,2.8,1.1,19.8
Kalibr,1,7505.09,1983.17,248.162,-820.806,857.5,-1.27719,1.2,0.45,19.9
Kinzhal,2,8994.12,5006.17,958.529,-1005.1,1388.89,-0.809112,2,0.12,19.9
Geran2,3,2504.87,4048.17,-41.9054,-414.554,416.667,-1.67154,2.8,1.1,19.9
Kalibr,1,7505.09,1983.17,248.162,-820.806,857.5,-1.27719,1.2,0.45,20
Kinzhal,2,8994.12,5006.17,958.529,-1005.1,1388.89,-0.809112,2,0.12,20
Geran2,3,2504.87,4048.17,-41.9054,-414.554,416.667,-1.67154,2.8,1.1,20
Kalibr,1,7505.09,1983.17,248.162,-820.806,857.5,-1.27719,1.2,0.45,20.1
Kinzhal,2,8994.12,5006.17,958.529,-1005.1,1388.89,-0.809112,2,0.12,20.1
Geran2,3,2504.87,4048.17,-41.9054,-414.554,416.667,-1.67154,2.8,1.1,20.1
Kalibr,1,7505.09,1983.17,248.162,-820.806,857.5,-1.27719,1.2,0.45,20.2
Kinzhal,2,8994.12,5006.17,958.529,-1005.1,1388.89,-0.809112,2,0.12,20.2
Geran2,3,2504.87,4048.17,-41.9054,-414.554,416.667,-1.67154,2.8,1.1,20.2
Kalibr,1,7505.09,1983.17,248.162,-820.806,857.5,-1.27719,1.2,0.45,20.3
Kinzhal,2,8994.12,5006.17,958.529,-1005.1,1388.89,-0.809112,2,0.12,20.3
Geran2,3,2504.87,4048.17,-41.9054,-414.554,416.667,-1.67154,2.8,1.1,20.3
Kalibr,1,7505.09,1983.17,248.162,-820.806,857.5,-1.27719,1.2,0.45,20.4
Kinzhal,2,8994.12,5006.17,958.529,-1005.1,1388.89,-0.809112,2,0.12,20.4
Geran2,3,2504.87,4048.17,-41.9054,-414.554,416.667,-1.67154,2.8,1.1,20.4
Kalibr,1,7505.09,1983.17,248.162,-820.806,857.5,-1.27719,1.2,0.45,20.5
Kinzhal,2,8994.12,5006.17,958.529,-1005.1,1388.89,-0.809112,2,0.12,20.5
Geran2,3,2504.87,4048.17,-41.9054,-414.554,416.667,-1.67154,2.8,1.1,20.5
Kalibr,1,7505.09,1983.17,248.162,-820.806,857.5,-1.27719,1.2,0.45,20.6
Kinzhal,2,8994.12,5006.17,958.529,-1005.1,1388.89,-0.809112,2,0.12,20.6
Geran2,3,2504.87,4048.17,-41.9054,-414.554,416.667,-1.67154,2.8,1.1,20.6
Kalibr,1,7505.09,1983.17,248.162,-820.806,857.5,-1.27719,1.2,0.45,20.7
Kinzhal,2,8994.12,5006.17,958.529,-1005.1,1388.89,-0.809112,2,0.12,20.7
Geran2,3,2504.87,4048.17,-41.9054,-414.554,416.667,-1.67154,2.8,1.1,20.7
Kalibr,1,7505.09,1983.17,248.162,-820.806,857.5,-1.27719,1.2,0.45,20.8
Kinzhal,2,8994.12,5006.17,958.529,-1005.1,1388.89,-0.809112,2,0.12,20.8
Geran2,3,2504.87,4048.17,-41.9054,-414.554,416.667,-1.67154,2.8,1.1,20.8
Kalibr,1,7505.09,1983.17,248.162,-820.806,857.5,-1.27719,1.2,0.45,20.9
Kinzhal,2,8994.12,5006.17,958.529,-1005.1,1388.89,-0.809112,2,0.12,20.9
Geran2,3,2504.87,4048.17,-41.9054,-414.554,416.667,-1.67154,2.8,1.1,20.9
Kalibr,1,7505.09,1983.17,248.162,-820.806,857.5,-1.27719,1.2,0.45,21
Kinzhal,2,8994.12,5006.17,958.529,-1005.1,1388.89,-0.809112,2,0.12,21
Geran2,3,2504.87,4048.17,-41.9054,-414.554,416.667,-1.67154,2.8,1.1,21
Kalibr,1,7505.09,1983.17,248.162,-820.806,857.5,-1.27719,1.2,0.45,21.1
Kinzhal,2,8994.12,5006.17,958.529,-1005.1,1388.89,-0.809112,2,0.12,21.1
Geran2,3,2504.87,4048.17,-41.9054,-414.554,416.667,-1.67154,2.8,1.1,21.1
Kalibr,1,7505.09,1983.17,248.162,-820.806,857.5,-1.27719,1.2,0.45,21.2
Kinzhal,2,8994.12,5006.17,958.529,-1005.1,1388.89,-0.809112,2,0.12,21.2
Geran2,3,2504.87,4048.17,-41.9054,-414.554,416.667,-1.67154,2.8,1.1,21.2
Kalibr,1,7505.09,1983.17,248.162,-820.806,857.5,-1.27719,1.2,0.45,21.3
Kinzhal,2,8994.12,5006.17,958.529,-1005.1,1388.89,-0.809112,2,0.12,21.3
Geran2,3,2504.87,4048.17,-41.9054,-414.554,416.667,-1.67154,2.8,1.1,21.3
Kalibr,1,7505.09,1983.17,248.162,-820.806,857.5,-1.27719,1.2,0.45,21.4
Kinzhal,2,8994.12,5006.17,958.529,-1005.1,1388.89,-0.809112,2,0.12,21.4
Geran2,3,2504.87,4048.17,-41.9054,-414.554,416.667,-1.67154,2.8,1.1,21.4
Kalibr,1,7505.09,1983.17,248.162,-820.806,857.5,-1.27719,1.2,0.45,21.5
Kinzhal,2,8994.12,5006.17,958.529,-1005.1,1388.89,-0.809112,2,0.12,21.5
Geran2,3,2504.87,4048.17,-41.9054,-414.554,416.667,-1.67154,2.8,1.1,21.5
Kalibr,1,7505.09,1983.17,248.162,-820.806,857.5,-1.27719,1.2,0.45,21.6
Kinzhal,2,8994.12,5006.17,958.529,-1005.1,1388.89,-0.809112,2,0.12,21.6
Geran2,3,2504.87,4048.17,-41.9054,-414.554,416.667,-1.67154,2.8,1.1,21.6
Kalibr,1,7505.09,1983.17,248.162,-820.806,857.5,-1.27719,1.2,0.45,21.7
Kinzhal,2,8994.12,5006.17,958.529,-1005.1,1388.89,-0.809112,2,0.12,21.7
Geran2,3,2504.87,4048.17,-41.9054,-414.554,416.667,-1.67154,2.8,1.1,21.7
Kalibr,1,7505.09,1983.17,248.162,-820.806,857.5,-1.27719,1.2,0.45,21.8
Kinzhal,2,8994.12,5006.17,958.529,-1005.1,1388.89,-0.809112,2,0.12,21.8
Geran2,3,2504.87,4048.17,-41.9054,-414.554,416.667,-1.67154,2.8,1.1,21.8
Kalibr,1,7505.09,1983.17,248.162,-820.806,857.5,-1.27719,1.2,0.45,21.9
Kinzhal,2,8994.12,5006.17,958.529,-1005.1,1388.89,-0.809112,2,0.12,21.9
Geran2,3,2504.87,4048.17,-41.9054,-414.554,416.667,-1.67154,2.8,1.1,21.9
Kalibr,1,7505.09,1983.17,248.162,-820.806,857.5,-1.27719,1.2,0.45,22
Kinzhal,2,8994.12,5006.17,958.529,-1005.1,1388.89,-0.809112,2,0.12,22
Geran2,3,2504.87,4048.17,-41.9054,-414.554,416.667,-1.67154,2.8,1.1,22
Kalibr,1,7505.09,1983.17,248.162,-820.806,857.5,-1.27719,1.2,0.45,22.1
Kinzhal,2,8994.12,5006.17,958.529,-1005.1,1388.89,-0.809112,2,0.12,22.1
Geran2,3,2504.87,4048.17,-41.9054,-414.554,416.667,-1.67154,2.8,1.1,22.1
Kalibr,1,7505.09,1983.17,248.162,-820.806,857.5,-1.27719,1.2,0.45,22.2
Kinzhal,2,8994.12,5006.17,958.529,-1005.1,1388.89,-0.809112,2,0.12,22.2
Geran2,3,2504.87,4048.17,-41.9054,-414.554,416.667,-1.67154,2.8,1.1,22.2
Kalibr,1,7505.09,1983.17,248.162,-820.806,857.5,-1.27719,1.2,0.45,22.3
Kinzhal,2,8994.12,5006.17,958.529,-1005.1,1388.89,-0.809112,2,0.12,22.3
Geran2,3,2504.87,4048.17,-41.9054,-414.554,416.667,-1.67154,2.8,1.1,22.3
Kalibr,1,7505.09,1983.17,248.162,-820.806,857.5,-1.27719,1.2,0.45,22.4
Kinzhal,2,8994.12,5006.17,958.529,-1005.1,1388.89,-0.809112,2,0.12,22.4
Geran2,3,2504.87,4048.17,-41.9054,-414.554,416.667,-1.67154,2.8,1.1,22.4
Kalibr,1,7505.09,1983.17,248.162,-820.806,857.5,-1.27719,1.2,0.45,22.5
Kinzhal,2,8994.12,5006.17,958.529,-1005.1,1388.89,-0.809112,2,0.12,22.5
Geran2,3,2504.87,4048.17,-41.9054,-414.554,416.667,-1.67154,2.8,1.1,22.5
Kalibr,1,7505.09,1983.17,248.162,-820.806,857.5,-1.27719,1.2,0.45,22.6
Kinzhal,2,8994.12,5006.17,958.529,-1005.1,1388.89,-0.809112,2,0.12,22.6
Geran2,3,2504.87,4048.17,-41.9054,-414.554,416.667,-1.67154,2.8,1.1,22.6
Kalibr,1,7505.09,1983.17,248.162,-820.806,857.5,-1.27719,1.2,0.45,22.7
Kinzhal,2,8994.12,5006.17,958.529,-1005.1,1388.89,-0.809112,2,0.12,22.7
Geran2,3,2504.87,4048.17,-41.9054,-414.554,416.667,-1.67154,2.8,1.1,22.7
Kalibr,1,7505.09,1983.17,248.162,-820.806,857.5,-1.27719,1.2,0.45,22.8
Kinzhal,2,8994.12,5006.17,958.529,-1005.1,1388.89,-0.809112,2,0.12,22.8
Geran2,3,2504.87,4048.17,-41.9054,-414.554,416.667,-1.67154,2.8,1.1,22.8
Kalibr,1,7505.09,1983.17,248.162,-820.806,857.5,-1.27719,1.2,0.45,22.9
Kinzhal,2,8994.12,5006.17,958.529,-1005.1,1388.89,-0.809112,2,0.12,22.9
Geran2,3,2504.87,4048.17,-41.9054,-414.554,416.667,-1.67154,2.8,1.1,22.9
Kalibr,1,7505.09,1983.17,248.162,-820.806,857.5,-1.27719,1.2,0.45,23
Kinzhal,2,8994.12,5006.17,958.529,-1005.1,1388.89,-0.809112,2,0.12,23
Geran2,3,2504.87,4048.17,-41.9054,-414.554,416.667,-1.67154,2.8,1.1,23
Kalibr,1,7505.09,1983.17,248.162,-820.806,857.5,-1.27719,1.2,0.45,23.1
Kinzhal,2,8994.12,5006.17,958.529,-1005.1,1388.89,-0.809112,2,0.12,23.1
Geran2,3,2504.87,4048.17,-41.9054,-414.554,416.667,-1.67154,2.8,1.1,23.1
Kalibr,1,7505.09,1983.17,248.162,-820.806,857.5,-1.27719,1.2,0.45,23.2
Kinzhal,2,8994.12,5006.17,958.529,-1005.1,1388.89,-0.809112,2,0.12,23.2
Geran2,3,2504.87,4048.17,-41.9054,-414.554,416.667,-1.67154,2.8,1.1,23.2
Kalibr,1,7505.09,1983.17,248.162,-820.806,857.5,-1.27719,1.2,0.45,23.3
Kinzhal,2,8994.12,5006.17,958.529,-1005.1,1388.89,-0.809112,2,0.12,23.3
Geran2,3,2504.87,4048.17,-41.9054,-414.554,416.667,-1.67154,2.8,1.1,23.3
Kalibr,1,7505.09,1983.17,248.162,-820.806,857.5,-1.27719,1.2,0.45,23.4
Kinzhal,2,8994.12,5006.17,958.529,-1005.1,1388.89,-0.809112,2,0.12,23.4
Geran2,3,2504.87,4048.17,-41.9054,-414.554,416.667,-1.67154,2.8,1.1,23.4
Kalibr,1,7505.09,1983.17,248.162,-820.806,857.5,-1.27719,1.2,0.45,23.5
Kinzhal,2,8994.12,5006.17,958.529,-1005.1,1388.89,-0.809112,2,0.12,23.5
Geran2,3,2504.87,4048.17,-41.9054,-414.554,416.667,-1.67154,2.8,1.1,23.5
Kalibr,1,7505.09,1983.17,248.162,-820.806,857.5,-1.27719,1.2,0.45,23.6
Kinzhal,2,8994.12,5006.17,958.529,-1005.1,1388.89,-0.809112,2,0.12,23.6
Geran2,3,2504.87,4048.17,-41.9054,-414.554,416.667,-1.67154,2.8,1.1,23.6
Kalibr,1,7505.09,1983.17,248.162,-820.806,857.5,-1.27719,1.2,0.45,23.7
Kinzhal,2,8994.12,5006.17,958.529,-1005.1,1388.89,-0.809112,2,0.12,23.7
Geran2,3,2504.87,4048.17,-41.9054,-414.554,416.667,-1.67154,2.8,1.1,23.7
Kalibr,1,7505.09,1983.17,248.162,-820.806,857.5,-1.27719,1.2,0.45,23.8
Kinzhal,2,8994.12,5006.17,958.529,-1005.1,1388.89,-0.809112,2,0.12,23.8
Geran2,3,2504.87,4048.17,-41.9054,-414.554,416.667,-1.67154,2.8,1.1,23.8
Kalibr,1,7505.09,1983.17,248.162,-820.806,857.5,-1.27719,1.2,0.45,23.9
Kinzhal,2,8994.12,5006.17,958.529,-1005.1,1388.89,-0.809112,2,0.12,23.9
Geran2,3,2504.87,4048.17,-41.9054,-414.554,416.667,-1.67154,2.8,1.1,23.9
Kalibr,1,7505.09,1983.17,248.162,-820.806,857.5,-1.27719,1.2,0.45,24
Kinzhal,2,8994.12,5006.17,958.529,-1005.1,1388.89,-0.809112,2,0.12,24
Geran2,3,2504.87,4048.17,-41.9054,-414.554,416.667,-1.67154,2.8,1.1,24
Kalibr,1,7505.09,1983.17,248.162,-820.806,857.5,-1.27719,1.2,0.45,24.1
Kinzhal,2,8994.12,5006.17,958.529,-1005.1,1388.89,-0.809112,2,0.12,24.1
Geran2,3,2504.87,4048.17,-41.9054,-414.554,416.667,-1.67154,2.8,1.1,24.1
Kalibr,1,7505.09,1983.17,248.162,-820.806,857.5,-1.27719,1.2,0.45,24.2
Kinzhal,2,8994.12,5006.17,958.529,-1005.1,1388.89,-0.809112,2,0.12,24.2
Geran2,3,2504.87,4048.17,-41.9054,-414.554,416.667,-1.67154,2.8,1.1,24.2
Kalibr,1,7505.09,1983.17,248.162,-820.806,857.5,-1.27719,1.2,0.45,24.3
Kinzhal,2,8994.12,5006.17,958.529,-1005.1,1388.89,-0.809112,2,0.12,24.3
Geran2,3,2504.87,4048.17,-41.9054,-414.554,416.667,-1.67154,2.8,1.1,24.3
Kalibr,1,7505.09,1983.17,248.162,-820.806,857.5,-1.27719,1.2,0.45,24.4
Kinzhal,2,8994.12,5006.17,958.529,-1005.1,1388.89,-0.809112,2,0.12,24.4
Geran2,3,2504.87,4048.17,-41.9054,-414.554,416.667,-1.67154,2.8,1.1,24.4
Kalibr,1,7505.09,1983.17,248.162,-820.806,857.5,-1.27719,1.2,0.45,24.5
Kinzhal,2,8994.12,5006.17,958.529,-1005.1,1388.89,-0.809112,2,0.12,24.5
Geran2,3,2504.87,4048.17,-41.9054,-414.554,416.667,-1.67154,2.8,1.1,24.5
Kalibr,1,7505.09,1983.17,248.162,-820.806,857.5,-1.27719,1.2,0.45,24.6
Kinzhal,2,8994.12,5006.17,958.529,-1005.1,1388.89,-0.809112,2,0.12,24.6
Geran2,3,2504.87,4048.17,-41.9054,-414.554,416.667,-1.67154,2.8,1.1,24.6
Kalibr,1,7505.09,1983.17,248.162,-820.806,857.5,-1.27719,1.2,0.45,24.7
Kinzhal,2,8994.12,5006.17,958.529,-1005.1,1388.89,-0.809112,2,0.12,24.7
Geran2,3,2504.87,4048.17,-41.9054,-414.554,416.667,-1.67154,2.8,1.1,24.7
Kalibr,1,7505.09,1983.17,248.162,-820.806,857.5,-1.27719,1.2,0.45,24.8
Kinzhal,2,8994.12,5006.17,958.529,-1005.1,1388.89,-0.809112,2,0.12,24.8
Geran2,3,2504.87,4048.17,-41.9054,-414.554,416.667,-1.67154,2.8,1.1,24.8
Kalibr,1,7505.09,1983.17,248.162,-820.806,857.5,-1.27719,1.2,0.45,24.9
Kinzhal,2,8994.12,5006.17,958.529,-1005.1,1388.89,-0.809112,2,0.12,24.9
Geran2,3,2504.87,4048.17,-41.9054,-414.554,416.667,-1.67154,2.8,1.1,24.9
Kalibr,1,7505.09,1983.17,248.162,-820.806,857.5,-1.27719,1.2,0.45,25
Kinzhal,2,8994.12,5006.17,958.529,-1005.1,1388.89,-0.809112,2,0.12,25
Geran2,3,2504.87,4048.17,-41.9054,-414.554,416.667,-1.67154,2.8,1.1,25
Kalibr,1,7505.09,1983.17,248.162,-820.806,857.5,-1.27719,1.2,0.45,25.1
Kinzhal,2,8994.12,5006.17,958.529,-1005.1,1388.89,-0.809112,2,0.12,25.1
Geran2,3,2504.87,4048.17,-41.9054,-414.554,416.667,-1.67154,2.8,1.1,25.1
Kalibr,1,7505.09,1983.17,248.162,-820.806,857.5,-1.27719,1.2,0.45,25.2
Kinzhal,2,8994.12,5006.17,958.529,-1005.1,1388.89,-0.809112,2,0.12,25.2
Geran2,3,2504.87,4048.17,-41.9054,-414.554,416.667,-1.67154,2.8,1.1,25.2
Kalibr,1,7505.09,1983.17,248.162,-820.806,857.5,-1.27719,1.2,0.45,25.3
Kinzhal,2,8994.12,5006.17,958.529,-1005.1,1388.89,-0.809112,2,0.12,25.3
Geran2,3,2504.87,4048.17,-41.9054,-414.554,416.667,-1.67154,2.8,1.1,25.3
Kalibr,1,7505.09,1983.17,248.162,-820.806,857.5,-1.27719,1.2,0.45,25.4
Kinzhal,2,8994.12,5006.17,958.529,-1005.1,1388.89,-0.809112,2,0.12,25.4
Geran2,3,2504.87,4048.17,-41.9054,-414.554,416.667,-1.67154,2.8,1.1,25.4
Kalibr,1,7505.09,1983.17,248.162,-820.806,857.5,-1.27719,1.2,0.45,25.5
Kinzhal,2,8994.12,5006.17,958.529,-1005.1,1388.89,-0.809112,2,0.12,25.5
Geran2,3,2504.87,4048.17,-41.9054,-414.554,416.667,-1.67154,2.8,1.1,25.5
Kalibr,1,7505.09,1983.17,248.162,-820.806,857.5,-1.27719,1.2,0.45,25.6
Kinzhal,2,8994.12,5006.17,958.529,-1005.1,1388.89,-0.809112,2,0.12,25.6
Geran2,3,2504.87,4048.17,-41.9054,-414.554,416.667,-1.67154,2.8,1.1,25.6
Kalibr,1,7505.09,1983.17,248.162,-820.806,857.5,-1.27719,1.2,0.45,25.7
Kinzhal,2,8994.12,5006.17,958.529,-1005.1,1388.89,-0.809112,2,0.12,25.7
Geran2,3,2504.87,4048.17,-41.9054,-414.554,416.667,-1.67154,2.8,1.1,25.7
Kalibr,1,7505.09,1983.17,248.162,-820.806,857.5,-1.27719,1.2,0.45,25.8
Kinzhal,2,8994.12,5006.17,958.529,-1005.1,1388.89,-0.809112,2,0.12,25.8
Geran2,3,2504.87,4048.17,-41.9054,-414.554,416.667,-1.67154,2.8,1.1,25.8
Kalibr,1,7505.09,1983.17,248.162,-820.806,857.5,-1.27719,1.2,0.45,25.9
Kinzhal,2,8994.12,5006.17,958.529,-1005.1,1388.89,-0.809112,2,0.12,25.9
Geran2,3,2504.87,4048.17,-41.9054,-414.554,416.667,-1.67154,2.8,1.1,25.9
Kalibr,1,7505.09,1983.17,248.162,-820.806,857.5,-1.27719,1.2,0.45,26
Kinzhal,2,8994.12,5006.17,958.529,-1005.1,1388.89,-0.809112,2,0.12,26
Geran2,3,2504.87,4048.17,-41.9054,-414.554,416.667,-1.67154,2.8,1.1,26
Kalibr,1,7505.09,1983.17,248.162,-820.806,857.5,-1.27719,1.2,0.45,26.1
Kinzhal,2,8994.12,5006.17,958.529,-1005.1,1388.89,-0.809112,2,0.12,26.1
Geran2,3,2504.87,4048.17,-41.9054,-414.554,416.667,-1.67154,2.8,1.1,26.1
Kalibr,1,7505.09,1983.17,248.162,-820.806,857.5,-1.27719,1.2,0.45,26.2
Kinzhal,2,8994.12,5006.17,958.529,-1005.1,1388.89,-0.809112,2,0.12,26.2
Geran2,3,2504.87,4048.17,-41.9054,-414.554,416.667,-1.67154,2.8,1.1,26.2
Kalibr,1,7505.09,1983.17,248.162,-820.806,857.5,-1.27719,1.2,0.45,26.3
Kinzhal,2,8994.12,5006.17,958.529,-1005.1,1388.89,-0.809112,2,0.12,26.3
Geran2,3,2504.87,4048.17,-41.9054,-414.554,416.667,-1.67154,2.8,1.1,26.3
Kalibr,1,7505.09,1983.17,248.162,-820.806,857.5,-1.27719,1.2,0.45,26.4
Kinzhal,2,8994.12,5006.17,958.529,-1005.1,1388.89,-0.809112,2,0.12,26.4
Geran2,3,2504.87,4048.17,-41.9054,-414.554,416.667,-1.67154,2.8,1.1,26.4
Kalibr,1,7505.09,1983.17,248.162,-820.806,857.5,-1.27719,1.2,0.45,26.5
Kinzhal,2,8994.12,5006.17,958.529,-1005.1,1388.89,-0.809112,2,0.12,26.5
Geran2,3,2504.87,4048.17,-41.9054,-414.554,416.667,-1.67154,2.8,1.1,26.5
Kalibr,1,7505.09,1983.17,248.162,-820.806,857.5,-1.27719,1.2,0.45,26.6
Kinzhal,2,8994.12,5006.17,958.529,-1005.1,1388.89,-0.809112,2,0.12,26.6
Geran2,3,2504.87,4048.17,-41.9054,-414.554,416.667,-1.67154,2.8,1.1,26.6
Kalibr,1,7505.09,1983.17,248.162,-820.806,857.5,-1.27719,1.2,0.45,26.7
Kinzhal,2,8994.12,5006.17,958.529,-1005.1,1388.89,-0.809112,2,0.12,26.7
Geran2,3,2504.87,4048.17,-41.9054,-414.554,416.667,-1.67154,2.8,1.1,26.7
Kalibr,1,7505.09,1983.17,248.162,-820.806,857.5,-1.27719,1.2,0.45,26.8
Kinzhal,2,8994.12,5006.17,958.529,-1005.1,1388.89,-0.809112,2,0.12,26.8
Geran2,3,2504.87,4048.17,-41.9054,-414.554,416.667,-1.67154,2.8,1.1,26.8
Kalibr,1,7505.09,1983.17,248.162,-820.806,857.5,-1.27719,1.2,0.45,26.9
Kinzhal,2,8994.12,5006.17,958.529,-1005.1,1388.89,-0.809112,2,0.12,26.9
Geran2,3,2504.87,4048.17,-41.9054,-414.554,416.667,-1.67154,2.8,1.1,26.9
Kalibr,1,7505.09,1983.17,248.162,-820.806,857.5,-1.27719,1.2,0.45,27
Kinzhal,2,8994.12,5006.17,958.529,-1005.1,1388.89,-0.809112,2,0.12,27
Geran2,3,2504.87,4048.17,-41.9054,-414.554,416.667,-1.67154,2.8,1.1,27
Kalibr,1,7505.09,1983.17,248.162,-820.806,857.5,-1.27719,1.2,0.45,27.1
Kinzhal,2,8994.12,5006.17,958.529,-1005.1,1388.89,-0.809112,2,0.12,27.1
Geran2,3,2504.87,4048.17,-41.9054,-414.554,416.667,-1.67154,2.8,1.1,27.1
Kalibr,1,7505.09,1983.17,248.162,-820.806,857.5,-1.27719,1.2,0.45,27.2
Kinzhal,2,8994.12,5006.17,958.529,-1005.1,1388.89,-0.809112,2,0.12,27.2
Geran2,3,2504.87,4048.17,-41.9054,-414.554,416.667,-1.67154,2.8,1.1,27.2
Kalibr,1,7505.09,1983.17,248.162,-820.806,857.5,-1.27719,1.2,0.45,27.3
Kinzhal,2,8994.12,5006.17,958.529,-1005.1,1388.89,-0.809112,2,0.12,27.3
Geran2,3,2504.87,4048.17,-41.9054,-414.554,416.667,-1.67154,2.8,1.1,27.3
Kalibr,1,7505.09,1983.17,248.162,-820.806,857.5,-1.27719,1.2,0.45,27.4
Kinzhal,2,8994.12,5006.17,958.529,-1005.1,1388.89,-0.809112,2,0.12,27.4
Geran2,3,2504.87,4048.17,-41.9054,-414.554,416.667,-1.67154,2.8,1.1,27.4
Kalibr,1,7505.09,1983.17,248.162,-820.806,857.5,-1.27719,1.2,0.45,27.5
Kinzhal,2,8994.12,5006.17,958.529,-1005.1,1388.89,-0.809112,2,0.12,27.5
Geran2,3,2504.87,4048.17,-41.9054,-414.554,416.667,-1.67154,2.8,1.1,27.5
Kalibr,1,7505.09,1983.17,248.162,-820.806,857.5,-1.27719,1.2,0.45,27.6
Kinzhal,2,8994.12,5006.17,958.529,-1005.1,1388.89,-0.809112,2,0.12,27.6
Geran2,3,2504.87,4048.17,-41.9054,-414.554,416.667,-1.67154,2.8,1.1,27.6
Kalibr,1,7505.09,1983.17,248.162,-820.806,857.5,-1.27719,1.2,0.45,27.7
Kinzhal,2,8994.12,5006.17,958.529,-1005.1,1388.89,-0.809112,2,0.12,27.7
Geran2,3,2504.87,4048.17,-41.9054,-414.554,416.667,-1.67154,2.8,1.1,27.7
Kalibr,1,7505.09,1983.17,248.162,-820.806,857.5,-1.27719,1.2,0.45,27.8
Kinzhal,2,8994.12,5006.17,958.529,-1005.1,1388.89,-0.809112,2,0.12,27.8
Geran2,3,2504.87,4048.17,-41.9054,-414.554,416.667,-1.67154,2.8,1.1,27.8
Kalibr,1,7505.09,1983.17,248.162,-820.806,857.5,-1.27719,1.2,0.45,27.9
Kinzhal,2,8994.12,5006.17,958.529,-1005.1,1388.89,-0.809112,2,0.12,27.9
Geran2,3,2504.87,4048.17,-41.9054,-414.554,416.667,-1.67154,2.8,1.1,27.9
Kalibr,1,7505.09,1983.17,248.162,-820.806,857.5,-1.27719,1.2,0.45,28
Kinzhal,2,8994.12,5006.17,958.529,-1005.1,1388.89,-0.809112,2,0.12,28
Geran2,3,2504.87,4048.17,-41.9054,-414.554,416.667,-1.67154,2.8,1.1,28
Kalibr,1,7505.09,1983.17,248.162,-820.806,857.5,-1.27719,1.2,0.45,28.1
Kinzhal,2,8994.12,5006.17,958.529,-1005.1,1388.89,-0.809112,2,0.12,28.1
Geran2,3,2504.87,4048.17,-41.9054,-414.554,416.667,-1.67154,2.8,1.1,28.1
Kalibr,1,7505.09,1983.17,248.162,-820.806,857.5,-1.27719,1.2,0.45,28.2
Kinzhal,2,8994.12,5006.17,958.529,-1005.1,1388.89,-0.809112,2,0.12,28.2
Geran2,3,2504.87,4048.17,-41.9054,-414.554,416.667,-1.67154,2.8,1.1,28.2
Kalibr,1,7505.09,1983.17,248.162,-820.806,857.5,-1.27719,1.2,0.45,28.3
Kinzhal,2,8994.12,5006.17,958.529,-1005.1,1388.89,-0.809112,2,0.12,28.3
Geran2,3,2504.87,4048.17,-41.9054,-414.554,416.667,-1.67154,2.8,1.1,28.3
Kalibr,1,7505.09,1983.17,248.162,-820.806,857.5,-1.27719,1.2,0.45,28.4
Kinzhal,2,8994.12,5006.17,958.529,-1005.1,1388.89,-0.809112,2,0.12,28.4
Geran2,3,2504.87,4048.17,-41.9054,-414.554,416.667,-1.67154,2.8,1.1,28.4
Kalibr,1,7505.09,1983.17,248.162,-820.806,857.5,-1.27719,1.2,0.45,28.5
Kinzhal,2,8994.12,5006.17,958.529,-1005.1,1388.89,-0.809112,2,0.12,28.5
Geran2,3,2504.87,4048.17,-41.9054,-414.554,416.667,-1.67154,2.8,1.1,28.5
Kalibr,1,7505.09,1983.17,248.162,-820.806,857.5,-1.27719,1.2,0.45,28.6
Kinzhal,2,8994.12,5006.17,958.529,-1005.1,1388.89,-0.809112,2,0.12,28.6
Geran2,3,2504.87,4048.17,-41.9054,-414.554,416.667,-1.67154,2.8,1.1,28.6
Kalibr,1,7505.09,1983.17,248.162,-820.806,857.5,-1.27719,1.2,0.45,28.7
Kinzhal,2,8994.12,5006.17,958.529,-1005.1,1388.89,-0.809112,2,0.12,28.7
Geran2,3,2504.87,4048.17,-41.9054,-414.554,416.667,-1.67154,2.8,1.1,28.7
Kalibr,1,7505.09,1983.17,248.162,-820.806,857.5,-1.27719,1.2,0.45,28.8
Kinzhal,2,8994.12,5006.17,958.529,-1005.1,1388.89,-0.809112,2,0.12,28.8
Geran2,3,2504.87,4048.17,-41.9054,-414.554,416.667,-1.67154,2.8,1.1,28.8
Kalibr,1,7505.09,1983.17,248.162,-820.806,857.5,-1.27719,1.2,0.45,28.9
Kinzhal,2,8994.12,5006.17,958.529,-1005.1,1388.89,-0.809112,2,0.12,28.9
Geran2,3,2504.87,4048.17,-41.9054,-414.554,416.667,-1.67154,2.8,1.1,28.9
Kalibr,1,7505.09,1983.17,248.162,-820.806,857.5,-1.27719,1.2,0.45,29
Kinzhal,2,8994.12,5006.17,958.529,-1005.1,1388.89,-0.809112,2,0.12,29
Geran2,3,2504.87,4048.17,-41.9054,-414.554,416.667,-1.67154,2.8,1.1,29
Kalibr,1,7505.09,1983.17,248.162,-820.806,857.5,-1.27719,1.2,0.45,29.1
Kinzhal,2,8994.12,5006.17,958.529,-1005.1,1388.89,-0.809112,2,0.12,29.1
Geran2,3,2504.87,4048.17,-41.9054,-414.554,416.667,-1.67154,2.8,1.1,29.1
Kalibr,1,7505.09,1983.17,248.162,-820.806,857.5,-1.27719,1.2,0.45,29.2
Kinzhal,2,8994.12,5006.17,958.529,-1005.1,1388.89,-0.809112,2,0.12,29.2
Geran2,3,2504.87,4048.17,-41.9054,-414.554,416.667,-1.67154,2.8,1.1,29.2
Kalibr,1,7505.09,1983.17,248.162,-820.806,857.5,-1.27719,1.2,0.45,29.3
Kinzhal,2,8994.12,5006.17,958.529,-1005.1,1388.89,-0.809112,2,0.12,29.3
Geran2,3,2504.87,4048.17,-41.9054,-414.554,416.667,-1.67154,2.8,1.1,29.3
Kalibr,1,7505.09,1983.17,248.162,-820.806,857.5,-1.27719,1.2,0.45,29.4
Kinzhal,2,8994.12,5006.17,958.529,-1005.1,1388.89,-0.809112,2,0.12,29.4
Geran2,3,2504.87,4048.17,-41.9054,-414.554,416.667,-1.67154,2.8,1.1,29.4
Kalibr,1,7505.09,1983.17,248.162,-820.806,857.5,-1.27719,1.2,0.45,29.5
Kinzhal,2,8994.12,5006.17,958.529,-1005.1,1388.89,-0.809112,2,0.12,29.5
Geran2,3,2504.87,4048.17,-41.9054,-414.554,416.667,-1.67154,2.8,1.1,29.5
Kalibr,1,7505.09,1983.17,248.162,-820.806,857.5,-1.27719,1.2,0.45,29.6
Kinzhal,2,8994.12,5006.17,958.529,-1005.1,1388.89,-0.809112,2,0.12,29.6
Geran2,3,2504.87,4048.17,-41.9054,-414.554,416.667,-1.67154,2.8,1.1,29.6
Kalibr,1,7505.09,1983.17,248.162,-820.806,857.5,-1.27719,1.2,0.45,29.7
Kinzhal,2,8994.12,5006.17,958.529,-1005.1,1388.89,-0.809112,2,0.12,29.7
Geran2,3,2504.87,4048.17,-41.9054,-414.554,416.667,-1.67154,2.8,1.1,29.7
Kalibr,1,7505.09,1983.17,248.162,-820.806,857.5,-1.27719,1.2,0.45,29.8
Kinzhal,2,8994.12,5006.17,958.529,-1005.1,1388.89,-0.809112,2,0.12,29.8
Geran2,3,2504.87,4048.17,-41.9054,-414.554,416.667,-1.67154,2.8,1.1,29.8
Kalibr,1,7505.09,1983.17,248.162,-820.806,857.5,-1.27719,1.2,0.45,29.9
Kinzhal,2,8994.12,5006.17,958.529,-1005.1,1388.89,-0.809112,2,0.12,29.9
Geran2,3,2504.87,4048.17,-41.9054,-414.554,416.667,-1.67154,2.8,1.1,29.9
Kalibr,1,7505.09,1983.17,248.162,-820.806,857.5,-1.27719,1.2,0.45,30
Kinzhal,2,8994.12,5006.17,958.529,-1005.1,1388.89,-0.809112,2,0.12,30
Geran2,3,2504.87,4048.17,-41.9054,-414.554,416.667,-1.67154,2.8,1.1,30
Kalibr,1,7505.09,1983.17,248.162,-820.806,857.5,-1.27719,1.2,0.45,30.1
Kinzhal,2,8994.12,5006.17,958.529,-1005.1,1388.89,-0.809112,2,0.12,30.1
Geran2,3,2504.87,4048.17,-41.9054,-414.554,416.667,-1.67154,2.8,1.1,30.1
Kalibr,1,7505.09,1983.17,248.162,-820.806,857.5,-1.27719,1.2,0.45,30.2
Kinzhal,2,8994.12,5006.17,958.529,-1005.1,1388.89,-0.809112,2,0.12,30.2
Geran2,3,2504.87,4048.17,-41.9054,-414.554,416.667,-1.67154,2.8,1.1,30.2
Kalibr,1,7505.09,1983.17,248.162,-820.806,857.5,-1.27719,1.2,0.45,30.3
Kinzhal,2,8994.12,5006.17,958.529,-1005.1,1388.89,-0.809112,2,0.12,30.3
Geran2,3,2504.87,4048.17,-41.9054,-414.554,416.667,-1.67154,2.8,1.1,30.3
Kalibr,1,7505.09,1983.17,248.162,-820.806,857.5,-1.27719,1.2,0.45,30.4
Kinzhal,2,8994.12,5006.17,958.529,-1005.1,1388.89,-0.809112,2,0.12,30.4
Geran2,3,2504.87,4048.17,-41.9054,-414.554,416.667,-1.67154,2.8,1.1,30.4
Kalibr,1,7505.09,1983.17,248.162,-820.806,857.5,-1.27719,1.2,0.45,30.5
Kinzhal,2,8994.12,5006.17,958.529,-1005.1,1388.89,-0.809112,2,0.12,30.5
Geran2,3,2504.87,4048.17,-41.9054,-414.554,416.667,-1.67154,2.8,1.1,30.5
Kalibr,1,7505.09,1983.17,248.162,-820.806,857.5,-1.27719,1.2,0.45,30.6
Kinzhal,2,8994.12,5006.17,958.529,-1005.1,1388.89,-0.809112,2,0.12,30.6
Geran2,3,2504.87,4048.17,-41.9054,-414.554,416.667,-1.67154,2.8,1.1,30.6
Kalibr,1,7505.09,1983.17,248.162,-820.806,857.5,-1.27719,1.2,0.45,30.7
Kinzhal,2,8994.12,5006.17,958.529,-1005.1,1388.89,-0.809112,2,0.12,30.7
Geran2,3,2504.87,4048.17,-41.9054,-414.554,416.667,-1.67154,2.8,1.1,30.7
Kalibr,1,7505.09,1983.17,248.162,-820.806,857.5,-1.27719,1.2,0.45,30.8
Kinzhal,2,8994.12,5006.17,958.529,-1005.1,1388.89,-0.809112,2,0.12,30.8
Geran2,3,2504.87,4048.17,-41.9054,-414.554,416.667,-1.67154,2.8,1.1,30.8
Kalibr,1,7505.09,1983.17,248.162,-820.806,857.5,-1.27719,1.2,0.45,30.9
Kinzhal,2,8994.12,5006.17,958.529,-1005.1,1388.89,-0.809112,2,0.12,30.9
Geran2,3,2504.87,4048.17,-41.9054,-414.554,416.667,-1.67154,2.8,1.1,30.9
Kalibr,1,7505.09,1983.17,248.162,-820.806,857.5,-1.27719,1.2,0.45,31
Kinzhal,2,8994.12,5006.17,958.529,-1005.1,1388.89,-0.809112,2,0.12,31
Geran2,3,2504.87,4048.17,-41.9054,-414.554,416.667,-1.67154,2.8,1.1,31
Kalibr,1,7505.09,1983.17,248.162,-820.806,857.5,-1.27719,1.2,0.45,31.1
Kinzhal,2,8994.12,5006.17,958.529,-1005.1,1388.89,-0.809112,2,0.12,31.1
Geran2,3,2504.87,4048.17,-41.9054,-414.554,416.667,-1.67154,2.8,1.1,31.1
Kalibr,1,7505.09,1983.17,248.162,-820.806,857.5,-1.27719,1.2,0.45,31.2
Kinzhal,2,8994.12,5006.17,958.529,-1005.1,1388.89,-0.809112,2,0.12,31.2
Geran2,3,2504.87,4048.17,-41.9054,-414.554,416.667,-1.67154,2.8,1.1,31.2
Kalibr,1,7505.09,1983.17,248.162,-820.806,857.5,-1.27719,1.2,0.45,31.3
Kinzhal,2,8994.12,5006.17,958.529,-1005.1,1388.89,-0.809112,2,0.12,31.3
Geran2,3,2504.87,4048.17,-41.9054,-414.554,416.667,-1.67154,2.8,1.1,31.3
Kalibr,1,7505.09,1983.17,248.162,-820.806,857.5,-1.27719,1.2,0.45,31.4
Kinzhal,2,8994.12,5006.17,958.529,-1005.1,1388.89,-0.809112,2,0.12,31.4
Geran2,3,2504.87,4048.17,-41.9054,-414.554,416.667,-1.67154,2.8,1.1,31.4
Kalibr,1,7505.09,1983.17,248.162,-820.806,857.5,-1.27719,1.2,0.45,31.5
Kinzhal,2,8994.12,5006.17,958.529,-1005.1,1388.89,-0.809112,2,0.12,31.5
Geran2,3,2504.87,4048.17,-41.9054,-414.554,416.667,-1.67154,2.8,1.1,31.5
Kalibr,1,7505.09,1983.17,248.162,-820.806,857.5,-1.27719,1.2,0.45,31.6
Kinzhal,2,8994.12,5006.17,958.529,-1005.1,1388.89,-0.809112,2,0.12,31.6
Geran2,3,2504.87,4048.17,-41.9054,-414.554,416.667,-1.67154,2.8,1.1,31.6
Kalibr,1,7505.09,1983.17,248.162,-820.806,857.5,-1.27719,1.2,0.45,31.7
Kinzhal,2,8994.12,5006.17,958.529,-1005.1,1388.89,-0.809112,2,0.12,31.7
Geran2,3,2504.87,4048.17,-41.9054,-414.554,416.667,-1.67154,2.8,1.1,31.7
Kalibr,1,7505.09,1983.17,248.162,-820.806,857.5,-1.27719,1.2,0.45,31.8
Kinzhal,2,8994.12,5006.17,958.529,-1005.1,1388.89,-0.809112,2,0.12,31.8
Geran2,3,2504.87,4048.17,-41.9054,-414.554,416.667,-1.67154,2.8,1.1,31.8
Kalibr,1,7505.09,1983.17,248.162,-820.806,857.5,-1.27719,1.2,0.45,31.9
Kinzhal,2,8994.12,5006.17,958.529,-1005.1,1388.89,-0.809112,2,0.12,31.9
Geran2,3,2504.87,4048.17,-41.9054,-414.554,416.667,-1.67154,2.8,1.1,31.9
Kalibr,1,7505.09,1983.17,248.162,-820.806,857.5,-1.27719,1.2,0.45,32
Kinzhal,2,8994.12,5006.17,958.529,-1005.1,1388.89,-0.809112,2,0.12,32
Geran2,3,2504.87,4048.17,-41.9054,-414.554,416.667,-1.67154,2.8,1.1,32
Kalibr,1,7505.09,1983.17,248.162,-820.806,857.5,-1.27719,1.2,0.45,32.1
Kinzhal,2,8994.12,5006.17,958.529,-1005.1,1388.89,-0.809112,2,0.12,32.1
Geran2,3,2504.87,4048.17,-41.9054,-414.554,416.667,-1.67154,2.8,1.1,32.1
Kalibr,1,7505.09,1983.17,248.162,-820.806,857.5,-1.27719,1.2,0.45,32.2
Kinzhal,2,8994.12,5006.17,958.529,-1005.1,1388.89,-0.809112,2,0.12,32.2
Geran2,3,2504.87,4048.17,-41.9054,-414.554,416.667,-1.67154,2.8,1.1,32.2
Kalibr,1,7505.09,1983.17,248.162,-820.806,857.5,-1.27719,1.2,0.45,32.3
Kinzhal,2,8994.12,5006.17,958.529,-1005.1,1388.89,-0.809112,2,0.12,32.3
Geran2,3,2504.87,4048.17,-41.9054,-414.554,416.667,-1.67154,2.8,1.1,32.3
Kalibr,1,7505.09,1983.17,248.162,-820.806,857.5,-1.27719,1.2,0.45,32.4
Kinzhal,2,8994.12,5006.17,958.529,-1005.1,1388.89,-0.809112,2,0.12,32.4
Geran2,3,2504.87,4048.17,-41.9054,-414.554,416.667,-1.67154,2.8,1.1,32.4
Kalibr,1,7505.09,1983.17,248.162,-820.806,857.5,-1.27719,1.2,0.45,32.5
Kinzhal,2,8994.12,5006.17,958.529,-1005.1,1388.89,-0.809112,2,0.12,32.5
Geran2,3,2504.87,4048.17,-41.9054,-414.554,416.667,-1.67154,2.8,1.1,32.5
Kalibr,1,7505.09,1983.17,248.162,-820.806,857.5,-1.27719,1.2,0.45,32.6
Kinzhal,2,8994.12,5006.17,958.529,-1005.1,1388.89,-0.809112,2,0.12,32.6
Geran2,3,2504.87,4048.17,-41.9054,-414.554,416.667,-1.67154,2.8,1.1,32.6
Kalibr,1,7505.09,1983.17,248.162,-820.806,857.5,-1.27719,1.2,0.45,32.7
Kinzhal,2,8994.12,5006.17,958.529,-1005.1,1388.89,-0.809112,2,0.12,32.7
Geran2,3,2504.87,4048.17,-41.9054,-414.554,416.667,-1.67154,2.8,1.1,32.7
Kalibr,1,7505.09,1983.17,248.162,-820.806,857.5,-1.27719,1.2,0.45,32.8
Kinzhal,2,8994.12,5006.17,958.529,-1005.1,1388.89,-0.809112,2,0.12,32.8
Geran2,3,2504.87,4048.17,-41.9054,-414.554,416.667,-1.67154,2.8,1.1,32.8
Kalibr,1,7505.09,1983.17,248.162,-820.806,857.5,-1.27719,1.2,0.45,32.9
Kinzhal,2,8994.12,5006.17,958.529,-1005.1,1388.89,-0.809112,2,0.12,32.9
Geran2,3,2504.87,4048.17,-41.9054,-414.554,416.667,-1.67154,2.8,1.1,32.9
Kalibr,1,7505.09,1983.17,248.162,-820.806,857.5,-1.27719,1.2,0.45,33
Kinzhal,2,8994.12,5006.17,958.529,-1005.1,1388.89,-0.809112,2,0.12,33
Geran2,3,2504.87,4048.17,-41.9054,-414.554,416.667,-1.67154,2.8,1.1,33
Kalibr,1,7505.09,1983.17,248.162,-820.806,857.5,-1.27719,1.2,0.45,33.1
Kinzhal,2,8994.12,5006.17,958.529,-1005.1,1388.89,-0.809112,2,0.12,33.1
Geran2,3,2504.87,4048.17,-41.9054,-414.554,416.667,-1.67154,2.8,1.1,33.1
Kalibr,1,7505.09,1983.17,248.162,-820.806,857.5,-1.27719,1.2,0.45,33.2
Kinzhal,2,8994.12,5006.17,958.529,-1005.1,1388.89,-0.809112,2,0.12,33.2
Geran2,3,2504.87,4048.17,-41.9054,-414.554,416.667,-1.67154,2.8,1.1,33.2
Kalibr,1,7505.09,1983.17,248.162,-820.806,857.5,-1.27719,1.2,0.45,33.3
Kinzhal,2,8994.12,5006.17,958.529,-1005.1,1388.89,-0.809112,2,0.12,33.3
Geran2,3,2504.87,4048.17,-41.9054,-414.554,416.667,-1.67154,2.8,1.1,33.3
Kalibr,1,7505.09,1983.17,248.162,-820.806,857.5,-1.27719,1.2,0.45,33.4
Kinzhal,2,8994.12,5006.17,958.529,-1005.1,1388.89,-0.809112,2,0.12,33.4
Geran2,3,2504.87,4048.17,-41.9054,-414.554,416.667,-1.67154,2.8,1.1,33.4
Kalibr,1,7505.09,1983.17,248.162,-820.806,857.5,-1.27719,1.2,0.45,33.5
Kinzhal,2,8994.12,5006.17,958.529,-1005.1,1388.89,-0.809112,2,0.12,33.5
Geran2,3,2504.87,4048.17,-41.9054,-414.554,416.667,-1.67154,2.8,1.1,33.5
Kalibr,1,7505.09,1983.17,248.162,-820.806,857.5,-1.27719,1.2,0.45,33.6
Kinzhal,2,8994.12,5006.17,958.529,-1005.1,1388.89,-0.809112,2,0.12,33.6
Geran2,3,2504.87,4048.17,-41.9054,-414.554,416.667,-1.67154,2.8,1.1,33.6
Kalibr,1,7505.09,1983.17,248.162,-820.806,857.5,-1.27719,1.2,0.45,33.7
Kinzhal,2,8994.12,5006.17,958.529,-1005.1,1388.89,-0.809112,2,0.12,33.7
Geran2,3,2504.87,4048.17,-41.9054,-414.554,416.667,-1.67154,2.8,1.1,33.7
Kalibr,1,7505.09,1983.17,248.162,-820.806,857.5,-1.27719,1.2,0.45,33.8
Kinzhal,2,8994.12,5006.17,958.529,-1005.1,1388.89,-0.809112,2,0.12,33.8
Geran2,3,2504.87,4048.17,-41.9054,-414.554,416.667,-1.67154,2.8,1.1,33.8
Kalibr,1,7505.09,1983.17,248.162,-820.806,857.5,-1.27719,1.2,0.45,33.9
Kinzhal,2,8994.12,5006.17,958.529,-1005.1,1388.89,-0.809112,2,0.12,33.9
Geran2,3,2504.87,4048.17,-41.9054,-414.554,416.667,-1.67154,2.8,1.1,33.9
Kalibr,1,7505.09,1983.17,248.162,-820.806,857.5,-1.27719,1.2,0.45,34
Kinzhal,2,8994.12,5006.17,958.529,-1005.1,1388.89,-0.809112,2,0.12,34
Geran2,3,2504.87,4048.17,-41.9054,-414.554,416.667,-1.67154,2.8,1.1,34
Kalibr,1,7505.09,1983.17,248.162,-820.806,857.5,-1.27719,1.2,0.45,34.1
Kinzhal,2,8994.12,5006.17,958.529,-1005.1,1388.89,-0.809112,2,0.12,34.1
Geran2,3,2504.87,4048.17,-41.9054,-414.554,416.667,-1.67154,2.8,1.1,34.1
Kalibr,1,7505.09,1983.17,248.162,-820.806,857.5,-1.27719,1.2,0.45,34.2
Kinzhal,2,8994.12,5006.17,958.529,-1005.1,1388.89,-0.809112,2,0.12,34.2
Geran2,3,2504.87,4048.17,-41.9054,-414.554,416.667,-1.67154,2.8,1.1,34.2
Kalibr,1,7505.09,1983.17,248.162,-820.806,857.5,-1.27719,1.2,0.45,34.3
Kinzhal,2,8994.12,5006.17,958.529,-1005.1,1388.89,-0.809112,2,0.12,34.3
Geran2,3,2504.87,4048.17,-41.9054,-414.554,416.667,-1.67154,2.8,1.1,34.3
Kalibr,1,7505.09,1983.17,248.162,-820.806,857.5,-1.27719,1.2,0.45,34.4
Kinzhal,2,8994.12,5006.17,958.529,-1005.1,1388.89,-0.809112,2,0.12,34.4
Geran2,3,2504.87,4048.17,-41.9054,-414.554,416.667,-1.67154,2.8,1.1,34.4
Kalibr,1,7505.09,1983.17,248.162,-820.806,857.5,-1.27719,1.2,0.45,34.5
Kinzhal,2,8994.12,5006.17,958.529,-1005.1,1388.89,-0.809112,2,0.12,34.5
Geran2,3,2504.87,4048.17,-41.9054,-414.554,416.667,-1.67154,2.8,1.1,34.5
Kalibr,1,7505.09,1983.17,248.162,-820.806,857.5,-1.27719,1.2,0.45,34.6
Kinzhal,2,8994.12,5006.17,958.529,-1005.1,1388.89,-0.809112,2,0.12,34.6
Geran2,3,2504.87,4048.17,-41.9054,-414.554,416.667,-1.67154,2.8,1.1,34.6
Kalibr,1,7505.09,1983.17,248.162,-820.806,857.5,-1.27719,1.2,0.45,34.7
Kinzhal,2,8994.12,5006.17,958.529,-1005.1,1388.89,-0.809112,2,0.12,34.7
Geran2,3,2504.87,4048.17,-41.9054,-414.554,416.667,-1.67154,2.8,1.1,34.7
Kalibr,1,7505.09,1983.17,248.162,-820.806,857.5,-1.27719,1.2,0.45,34.8
Kinzhal,2,8994.12,5006.17,958.529,-1005.1,1388.89,-0.809112,2,0.12,34.8
Geran2,3,2504.87,4048.17,-41.9054,-414.554,416.667,-1.67154,2.8,1.1,34.8
Kalibr,1,7505.09,1983.17,248.162,-820.806,857.5,-1.27719,1.2,0.45,34.9
Kinzhal,2,8994.12,5006.17,958.529,-1005.1,1388.89,-0.809112,2,0.12,34.9
Geran2,3,2504.87,4048.17,-41.9054,-414.554,416.667,-1.67154,2.8,1.1,34.9
Kalibr,1,7505.09,1983.17,248.162,-820.806,857.5,-1.27719,1.2,0.45,35
Kinzhal,2,8994.12,5006.17,958.529,-1005.1,1388.89,-0.809112,2,0.12,35
Geran2,3,2504.87,4048.17,-41.9054,-414.554,416.667,-1.67154,2.8,1.1,35
Kalibr,1,7505.09,1983.17,248.162,-820.806,857.5,-1.27719,1.2,0.45,35.1
Kinzhal,2,8994.12,5006.17,958.529,-1005.1,1388.89,-0.809112,2,0.12,35.1
Geran2,3,2504.87,4048.17,-41.9054,-414.554,416.667,-1.67154,2.8,1.1,35.1
Kalibr,1,7505.09,1983.17,248.162,-820.806,857.5,-1.27719,1.2,0.45,35.2
Kinzhal,2,8994.12,5006.17,958.529,-1005.1,1388.89,-0.809112,2,0.12,35.2
Geran2,3,2504.87,4048.17,-41.9054,-414.554,416.667,-1.67154,2.8,1.1,35.2
Kalibr,1,7505.09,1983.17,248.162,-820.806,857.5,-1.27719,1.2,0.45,35.3
Kinzhal,2,8994.12,5006.17,958.529,-1005.1,1388.89,-0.809112,2,0.12,35.3
Geran2,3,2504.87,4048.17,-41.9054,-414.554,416.667,-1.67154,2.8,1.1,35.3
Kalibr,1,7505.09,1983.17,248.162,-820.806,857.5,-1.27719,1.2,0.45,35.4
Kinzhal,2,8994.12,5006.17,958.529,-1005.1,1388.89,-0.809112,2,0.12,35.4
Geran2,3,2504.87,4048.17,-41.9054,-414.554,416.667,-1.67154,2.8,1.1,35.4
Kalibr,1,7505.09,1983.17,248.162,-820.806,857.5,-1.27719,1.2,0.45,35.5
Kinzhal,2,8994.12,5006.17,958.529,-1005.1,1388.89,-0.809112,2,0.12,35.5
Geran2,3,2504.87,4048.17,-41.9054,-414.554,416.667,-1.67154,2.8,1.1,35.5
Kalibr,1,7505.09,1983.17,248.162,-820.806,857.5,-1.27719,1.2,0.45,35.6
Kinzhal,2,8994.12,5006.17,958.529,-1005.1,1388.89,-0.809112,2,0.12,35.6
Geran2,3,2504.87,4048.17,-41.9054,-414.554,416.667,-1.67154,2.8,1.1,35.6
Kalibr,1,7505.09,1983.17,248.162,-820.806,857.5,-1.27719,1.2,0.45,35.7
Kinzhal,2,8994.12,5006.17,958.529,-1005.1,1388.89,-0.809112,2,0.12,35.7
Geran2,3,2504.87,4048.17,-41.9054,-414.554,416.667,-1.67154,2.8,1.1,35.7
Kalibr,1,7505.09,1983.17,248.162,-820.806,857.5,-1.27719,1.2,0.45,35.8
Kinzhal,2,8994.12,5006.17,958.529,-1005.1,1388.89,-0.809112,2,0.12,35.8
Geran2,3,2504.87,4048.17,-41.9054,-414.554,416.667,-1.67154,2.8,1.1,35.8
Kalibr,1,7505.09,1983.17,248.162,-820.806,857.5,-1.27719,1.2,0.45,35.9
Kinzhal,2,8994.12,5006.17,958.529,-1005.1,1388.89,-0.809112,2,0.12,35.9
Geran2,3,2504.87,4048.17,-41.9054,-414.554,416.667,-1.67154,2.8,1.1,35.9
Kalibr,1,7505.09,1983.17,248.162,-820.806,857.5,-1.27719,1.2,0.45,36
Kinzhal,2,8994.12,5006.17,958.529,-1005.1,1388.89,-0.809112,2,0.12,36
Geran2,3,2504.87,4048.17,-41.9054,-414.554,416.667,-1.67154,2.8,1.1,36
Kalibr,1,7505.09,1983.17,248.162,-820.806,857.5,-1.27719,1.2,0.45,36.1
Kinzhal,2,8994.12,5006.17,958.529,-1005.1,1388.89,-0.809112,2,0.12,36.1
Geran2,3,2504.87,4048.17,-41.9054,-414.554,416.667,-1.67154,2.8,1.1,36.1
Kalibr,1,7505.09,1983.17,248.162,-820.806,857.5,-1.27719,1.2,0.45,36.2
Kinzhal,2,8994.12,5006.17,958.529,-1005.1,1388.89,-0.809112,2,0.12,36.2
Geran2,3,2504.87,4048.17,-41.9054,-414.554,416.667,-1.67154,2.8,1.1,36.2
Kalibr,1,7505.09,1983.17,248.162,-820.806,857.5,-1.27719,1.2,0.45,36.3
Kinzhal,2,8994.12,5006.17,958.529,-1005.1,1388.89,-0.809112,2,0.12,36.3
Geran2,3,2504.87,4048.17,-41.9054,-414.554,416.667,-1.67154,2.8,1.1,36.3
Kalibr,1,7505.09,1983.17,248.162,-820.806,857.5,-1.27719,1.2,0.45,36.4
Kinzhal,2,8994.12,5006.17,958.529,-1005.1,1388.89,-0.809112,2,0.12,36.4
Geran2,3,2504.87,4048.17,-41.9054,-414.554,416.667,-1.67154,2.8,1.1,36.4
Kalibr,1,7505.09,1983.17,248.162,-820.806,857.5,-1.27719,1.2,0.45,36.5
Kinzhal,2,8994.12,5006.17,958.529,-1005.1,1388.89,-0.809112,2,0.12,36.5
Geran2,3,2504.87,4048.17,-41.9054,-414.554,416.667,-1.67154,2.8,1.1,36.5
Kalibr,1,7505.09,1983.17,248.162,-820.806,857.5,-1.27719,1.2,0.45,36.6
Kinzhal,2,8994.12,5006.17,958.529,-1005.1,1388.89,-0.809112,2,0.12,36.6
Geran2,3,2504.87,4048.17,-41.9054,-414.554,416.667,-1.67154,2.8,1.1,36.6
Kalibr,1,7505.09,1983.17,248.162,-820.806,857.5,-1.27719,1.2,0.45,36.7
Kinzhal,2,8994.12,5006.17,958.529,-1005.1,1388.89,-0.809112,2,0.12,36.7
Geran2,3,2504.87,4048.17,-41.9054,-414.554,416.667,-1.67154,2.8,1.1,36.7
Kalibr,1,7505.09,1983.17,248.162,-820.806,857.5,-1.27719,1.2,0.45,36.8
Kinzhal,2,8994.12,5006.17,958.529,-1005.1,1388.89,-0.809112,2,0.12,36.8
Geran2,3,2504.87,4048.17,-41.9054,-414.554,416.667,-1.67154,2.8,1.1,36.8
Kalibr,1,7505.09,1983.17,248.162,-820.806,857.5,-1.27719,1.2,0.45,36.9
Kinzhal,2,8994.12,5006.17,958.529,-1005.1,1388.89,-0.809112,2,0.12,36.9
Geran2,3,2504.87,4048.17,-41.9054,-414.554,416.667,-1.67154,2.8,1.1,36.9
Kalibr,1,7505.09,1983.17,248.162,-820.806,857.5,-1.27719,1.2,0.45,37
Kinzhal,2,8994.12,5006.17,958.529,-1005.1,1388.89,-0.809112,2,0.12,37
Geran2,3,2504.87,4048.17,-41.9054,-414.554,416.667,-1.67154,2.8,1.1,37
Kalibr,1,7505.09,1983.17,248.162,-820.806,857.5,-1.27719,1.2,0.45,37.1
Kinzhal,2,8994.12,5006.17,958.529,-1005.1,1388.89,-0.809112,2,0.12,37.1
Geran2,3,2504.87,4048.17,-41.9054,-414.554,416.667,-1.67154,2.8,1.1,37.1
Kalibr,1,7505.09,1983.17,248.162,-820.806,857.5,-1.27719,1.2,0.45,37.2
Kinzhal,2,8994.12,5006.17,958.529,-1005.1,1388.89,-0.809112,2,0.12,37.2
Geran2,3,2504.87,4048.17,-41.9054,-414.554,416.667,-1.67154,2.8,1.1,37.2
Kalibr,1,7505.09,1983.17,248.162,-820.806,857.5,-1.27719,1.2,0.45,37.3
Kinzhal,2,8994.12,5006.17,958.529,-1005.1,1388.89,-0.809112,2,0.12,37.3
Geran2,3,2504.87,4048.17,-41.9054,-414.554,416.667,-1.67154,2.8,1.1,37.3
Kalibr,1,7505.09,1983.17,248.162,-820.806,857.5,-1.27719,1.2,0.45,37.4
Kinzhal,2,8994.12,5006.17,958.529,-1005.1,1388.89,-0.809112,2,0.12,37.4
Geran2,3,2504.87,4048.17,-41.9054,-414.554,416.667,-1.67154,2.8,1.1,37.4
Kalibr,1,7505.09,1983.17,248.162,-820.806,857.5,-1.27719,1.2,0.45,37.5
Kinzhal,2,8994.12,5006.17,958.529,-1005.1,1388.89,-0.809112,2,0.12,37.5
Geran2,3,2504.87,4048.17,-41.9054,-414.554,416.667,-1.67154,2.8,1.1,37.5
Kalibr,1,7505.09,1983.17,248.162,-820.806,857.5,-1.27719,1.2,0.45,37.6
Kinzhal,2,8994.12,5006.17,958.529,-1005.1,1388.89,-0.809112,2,0.12,37.6
Geran2,3,2504.87,4048.17,-41.9054,-414.554,416.667,-1.67154,2.8,1.1,37.6
Kalibr,1,7505.09,1983.17,248.162,-820.806,857.5,-1.27719,1.2,0.45,37.7
Kinzhal,2,8994.12,5006.17,958.529,-1005.1,1388.89,-0.809112,2,0.12,37.7
Geran2,3,2504.87,4048.17,-41.9054,-414.554,416.667,-1.67154,2.8,1.1,37.7
Kalibr,1,7505.09,1983.17,248.162,-820.806,857.5,-1.27719,1.2,0.45,37.8
Kinzhal,2,8994.12,5006.17,958.529,-1005.1,1388.89,-0.809112,2,0.12,37.8
Geran2,3,2504.87,4048.17,-41.9054,-414.554,416.667,-1.67154,2.8,1.1,37.8
Kalibr,1,7505.09,1983.17,248.162,-820.806,857.5,-1.27719,1.2,0.45,37.9
Kinzhal,2,8994.12,5006.17,958.529,-1005.1,1388.89,-0.809112,2,0.12,37.9
Geran2,3,2504.87,4048.17,-41.9054,-414.554,416.667,-1.67154,2.8,1.1,37.9
Kalibr,1,7505.09,1983.17,248.162,-820.806,857.5,-1.27719,1.2,0.45,38
Kinzhal,2,8994.12,5006.17,958.529,-1005.1,1388.89,-0.809112,2,0.12,38
Geran2,3,2504.87,4048.17,-41.9054,-414.554,416.667,-1.67154,2.8,1.1,38
Kalibr,1,7505.09,1983.17,248.162,-820.806,857.5,-1.27719,1.2,0.45,38.1
Kinzhal,2,8994.12,5006.17,958.529,-1005.1,1388.89,-0.809112,2,0.12,38.1
Geran2,3,2504.87,4048.17,-41.9054,-414.554,416.667,-1.67154,2.8,1.1,38.1
Kalibr,1,7505.09,1983.17,248.162,-820.806,857.5,-1.27719,1.2,0.45,38.2
Kinzhal,2,8994.12,5006.17,958.529,-1005.1,1388.89,-0.809112,2,0.12,38.2
Geran2,3,2504.87,4048.17,-41.9054,-414.554,416.667,-1.67154,2.8,1.1,38.2
Kalibr,1,7505.09,1983.17,248.162,-820.806,857.5,-1.27719,1.2,0.45,38.3
Kinzhal,2,8994.12,5006.17,958.529,-1005.1,1388.89,-0.809112,2,0.12,38.3
Geran2,3,2504.87,4048.17,-41.9054,-414.554,416.667,-1.67154,2.8,1.1,38.3
Kalibr,1,7505.09,1983.17,248.162,-820.806,857.5,-1.27719,1.2,0.45,38.4
Kinzhal,2,8994.12,5006.17,958.529,-1005.1,1388.89,-0.809112,2,0.12,38.4
Geran2,3,2504.87,4048.17,-41.9054,-414.554,416.667,-1.67154,2.8,1.1,38.4
Kalibr,1,7505.09,1983.17,248.162,-820.806,857.5,-1.27719,1.2,0.45,38.5
Kinzhal,2,8994.12,5006.17,958.529,-1005.1,1388.89,-0.809112,2,0.12,38.5
Geran2,3,2504.87,4048.17,-41.9054,-414.554,416.667,-1.67154,2.8,1.1,38.5
Kalibr,1,7505.09,1983.17,248.162,-820.806,857.5,-1.27719,1.2,0.45,38.6
Kinzhal,2,8994.12,5006.17,958.529,-1005.1,1388.89,-0.809112,2,0.12,38.6
Geran2,3,2504.87,4048.17,-41.9054,-414.554,416.667,-1.67154,2.8,1.1,38.6
Kalibr,1,7505.09,1983.17,248.162,-820.806,857.5,-1.27719,1.2,0.45,38.7
Kinzhal,2,8994.12,5006.17,958.529,-1005.1,1388.89,-0.809112,2,0.12,38.7
Geran2,3,2504.87,4048.17,-41.9054,-414.554,416.667,-1.67154,2.8,1.1,38.7
Kalibr,1,7505.09,1983.17,248.162,-820.806,857.5,-1.27719,1.2,0.45,38.8
Kinzhal,2,8994.12,5006.17,958.529,-1005.1,1388.89,-0.809112,2,0.12,38.8
Geran2,3,2504.87,4048.17,-41.9054,-414.554,416.667,-1.67154,2.8,1.1,38.8
Kalibr,1,7505.09,1983.17,248.162,-820.806,857.5,-1.27719,1.2,0.45,38.9
Kinzhal,2,8994.12,5006.17,958.529,-1005.1,1388.89,-0.809112,2,0.12,38.9
Geran2,3,2504.87,4048.17,-41.9054,-414.554,416.667,-1.67154,2.8,1.1,38.9
Kalibr,1,7505.09,1983.17,248.162,-820.806,857.5,-1.27719,1.2,0.45,39
Kinzhal,2,8994.12,5006.17,958.529,-1005.1,1388.89,-0.809112,2,0.12,39
Geran2,3,2504.87,4048.17,-41.9054,-414.554,416.667,-1.67154,2.8,1.1,39
Kalibr,1,7505.09,1983.17,248.162,-820.806,857.5,-1.27719,1.2,0.45,39.1
Kinzhal,2,8994.12,5006.17,958.529,-1005.1,1388.89,-0.809112,2,0.12,39.1
Geran2,3,2504.87,4048.17,-41.9054,-414.554,416.667,-1.67154,2.8,1.1,39.1
Kalibr,1,7505.09,1983.17,248.162,-820.806,857.5,-1.27719,1.2,0.45,39.2
Kinzhal,2,8994.12,5006.17,958.529,-1005.1,1388.89,-0.809112,2,0.12,39.2
Geran2,3,2504.87,4048.17,-41.9054,-414.554,416.667,-1.67154,2.8,1.1,39.2
Kalibr,1,7505.09,1983.17,248.162,-820.806,857.5,-1.27719,1.2,0.45,39.3
Kinzhal,2,8994.12,5006.17,958.529,-1005.1,1388.89,-0.809112,2,0.12,39.3
Geran2,3,2504.87,4048.17,-41.9054,-414.554,416.667,-1.67154,2.8,1.1,39.3
Kalibr,1,7505.09,1983.17,248.162,-820.806,857.5,-1.27719,1.2,0.45,39.4
Kinzhal,2,8994.12,5006.17,958.529,-1005.1,1388.89,-0.809112,2,0.12,39.4
Geran2,3,2504.87,4048.17,-41.9054,-414.554,416.667,-1.67154,2.8,1.1,39.4
Kalibr,1,7505.09,1983.17,248.162,-820.806,857.5,-1.27719,1.2,0.45,39.5
Kinzhal,2,8994.12,5006.17,958.529,-1005.1,1388.89,-0.809112,2,0.12,39.5
Geran2,3,2504.87,4048.17,-41.9054,-414.554,416.667,-1.67154,2.8,1.1,39.5
Kalibr,1,7505.09,1983.17,248.162,-820.806,857.5,-1.27719,1.2,0.45,39.6
Kinzhal,2,8994.12,5006.17,958.529,-1005.1,1388.89,-0.809112,2,0.12,39.6
Geran2,3,2504.87,4048.17,-41.9054,-414.554,416.667,-1.67154,2.8,1.1,39.6
Kalibr,1,7505.09,1983.17,248.162,-820.806,857.5,-1.27719,1.2,0.45,39.7
Kinzhal,2,8994.12,5006.17,958.529,-1005.1,1388.89,-0.809112,2,0.12,39.7
Geran2,3,2504.87,4048.17,-41.9054,-414.554,416.667,-1.67154,2.8,1.1,39.7
Kalibr,1,7505.09,1983.17,248.162,-820.806,857.5,-1.27719,1.2,0.45,39.8
Kinzhal,2,8994.12,5006.17,958.529,-1005.1,1388.89,-0.809112,2,0.12,39.8
Geran2,3,2504.87,4048.17,-41.9054,-414.554,416.667,-1.67154,2.8,1.1,39.8
Kalibr,1,7505.09,1983.17,248.162,-820.806,857.5,-1.27719,1.2,0.45,39.9
Kinzhal,2,8994.12,5006.17,958.529,-1005.1,1388.89,-0.809112,2,0.12,39.9
Geran2,3,2504.87,4048.17,-41.9054,-414.554,416.667,-1.67154,2.8,1.1,39.9
Kalibr,1,7505.09,1983.17,248.162,-820.806,857.5,-1.27719,1.2,0.45,40
Kinzhal,2,8994.12,5006.17,958.529,-1005.1,1388.89,-0.809112,2,0.12,40
Geran2,3,2504.87,4048.17,-41.9054,-414.554,416.667,-1.67154,2.8,1.1,40
Kalibr,1,7505.09,1983.17,248.162,-820.806,857.5,-1.27719,1.2,0.45,40.1
Kinzhal,2,8994.12,5006.17,958.529,-1005.1,1388.89,-0.809112,2,0.12,40.1
Geran2,3,2504.87,4048.17,-41.9054,-414.554,416.667,-1.67154,2.8,1.1,40.1
Kalibr,1,7505.09,1983.17,248.162,-820.806,857.5,-1.27719,1.2,0.45,40.2
Kinzhal,2,8994.12,5006.17,958.529,-1005.1,1388.89,-0.809112,2,0.12,40.2
Geran2,3,2504.87,4048.17,-41.9054,-414.554,416.667,-1.67154,2.8,1.1,40.2
Kalibr,1,7505.09,1983.17,248.162,-820.806,857.5,-1.27719,1.2,0.45,40.3
Kinzhal,2,8994.12,5006.17,958.529,-1005.1,1388.89,-0.809112,2,0.12,40.3
Geran2,3,2504.87,4048.17,-41.9054,-414.554,416.667,-1.67154,2.8,1.1,40.3
Kalibr,1,7505.09,1983.17,248.162,-820.806,857.5,-1.27719,1.2,0.45,40.4
Kinzhal,2,8994.12,5006.17,958.529,-1005.1,1388.89,-0.809112,2,0.12,40.4
Geran2,3,2504.87,4048.17,-41.9054,-414.554,416.667,-1.67154,2.8,1.1,40.4
Kalibr,1,7505.09,1983.17,248.162,-820.806,857.5,-1.27719,1.2,0.45,40.5
Kinzhal,2,8994.12,5006.17,958.529,-1005.1,1388.89,-0.809112,2,0.12,40.5
Geran2,3,2504.87,4048.17,-41.9054,-414.554,416.667,-1.67154,2.8,1.1,40.5
Kalibr,1,7505.09,1983.17,248.162,-820.806,857.5,-1.27719,1.2,0.45,40.6
Kinzhal,2,8994.12,5006.17,958.529,-1005.1,1388.89,-0.809112,2,0.12,40.6
Geran2,3,2504.87,4048.17,-41.9054,-414.554,416.667,-1.67154,2.8,1.1,40.6
Kalibr,1,7505.09,1983.17,248.162,-820.806,857.5,-1.27719,1.2,0.45,40.7
Kinzhal,2,8994.12,5006.17,958.529,-1005.1,1388.89,-0.809112,2,0.12,40.7
Geran2,3,2504.87,4048.17,-41.9054,-414.554,416.667,-1.67154,2.8,1.1,40.7
Kalibr,1,7505.09,1983.17,248.162,-820.806,857.5,-1.27719,1.2,0.45,40.8
Kinzhal,2,8994.12,5006.17,958.529,-1005.1,1388.89,-0.809112,2,0.12,40.8
Geran2,3,2504.87,4048.17,-41.9054,-414.554,416.667,-1.67154,2.8,1.1,40.8
Kalibr,1,7505.09,1983.17,248.162,-820.806,857.5,-1.27719,1.2,0.45,40.9
Kinzhal,2,8994.12,5006.17,958.529,-1005.1,1388.89,-0.809112,2,0.12,40.9
Geran2,3,2504.87,4048.17,-41.9054,-414.554,416.667,-1.67154,2.8,1.1,40.9
Kalibr,1,7505.09,1983.17,248.162,-820.806,857.5,-1.27719,1.2,0.45,41
Kinzhal,2,8994.12,5006.17,958.529,-1005.1,1388.89,-0.809112,2,0.12,41
Geran2,3,2504.87,4048.17,-41.9054,-414.554,416.667,-1.67154,2.8,1.1,41
Kalibr,1,7505.09,1983.17,248.162,-820.806,857.5,-1.27719,1.2,0.45,41.1
Kinzhal,2,8994.12,5006.17,958.529,-1005.1,1388.89,-0.809112,2,0.12,41.1
Geran2,3,2504.87,4048.17,-41.9054,-414.554,416.667,-1.67154,2.8,1.1,41.1
Kalibr,1,7505.09,1983.17,248.162,-820.806,857.5,-1.27719,1.2,0.45,41.2
Kinzhal,2,8994.12,5006.17,958.529,-1005.1,1388.89,-0.809112,2,0.12,41.2
Geran2,3,2504.87,4048.17,-41.9054,-414.554,416.667,-1.67154,2.8,1.1,41.2
Kalibr,1,7505.09,1983.17,248.162,-820.806,857.5,-1.27719,1.2,0.45,41.3
Kinzhal,2,8994.12,5006.17,958.529,-1005.1,1388.89,-0.809112,2,0.12,41.3
Geran2,3,2504.87,4048.17,-41.9054,-414.554,416.667,-1.67154,2.8,1.1,41.3
Kalibr,1,7505.09,1983.17,248.162,-820.806,857.5,-1.27719,1.2,0.45,41.4
Kinzhal,2,8994.12,5006.17,958.529,-1005.1,1388.89,-0.809112,2,0.12,41.4
Geran2,3,2504.87,4048.17,-41.9054,-414.554,416.667,-1.67154,2.8,1.1,41.4
Kalibr,1,7505.09,1983.17,248.162,-820.806,857.5,-1.27719,1.2,0.45,41.5
Kinzhal,2,8994.12,5006.17,958.529,-1005.1,1388.89,-0.809112,2,0.12,41.5
Geran2,3,2504.87,4048.17,-41.9054,-414.554,416.667,-1.67154,2.8,1.1,41.5
Kalibr,1,7505.09,1983.17,248.162,-820.806,857.5,-1.27719,1.2,0.45,41.6
Kinzhal,2,8994.12,5006.17,958.529,-1005.1,1388.89,-0.809112,2,0.12,41.6
Geran2,3,2504.87,4048.17,-41.9054,-414.554,416.667,-1.67154,2.8,1.1,41.6
Kalibr,1,7505.09,1983.17,248.162,-820.806,857.5,-1.27719,1.2,0.45,41.7
Kinzhal,2,8994.12,5006.17,958.529,-1005.1,1388.89,-0.809112,2,0.12,41.7
Geran2,3,2504.87,4048.17,-41.9054,-414.554,416.667,-1.67154,2.8,1.1,41.7
Kalibr,1,7505.09,1983.17,248.162,-820.806,857.5,-1.27719,1.2,0.45,41.8
Kinzhal,2,8994.12,5006.17,958.529,-1005.1,1388.89,-0.809112,2,0.12,41.8
Geran2,3,2504.87,4048.17,-41.9054,-414.554,416.667,-1.67154,2.8,1.1,41.8
Kalibr,1,7505.09,1983.17,248.162,-820.806,857.5,-1.27719,1.2,0.45,41.9
Kinzhal,2,8994.12,5006.17,958.529,-1005.1,1388.89,-0.809112,2,0.12,41.9
Geran2,3,2504.87,4048.17,-41.9054,-414.554,416.667,-1.67154,2.8,1.1,41.9
Kalibr,1,7505.09,1983.17,248.162,-820.806,857.5,-1.27719,1.2,0.45,42
Kinzhal,2,8994.12,5006.17,958.529,-1005.1,1388.89,-0.809112,2,0.12,42
Geran2,3,2504.87,4048.17,-41.9054,-414.554,416.667,-1.67154,2.8,1.1,42
Kalibr,1,7505.09,1983.17,248.162,-820.806,857.5,-1.27719,1.2,0.45,42.1
Kinzhal,2,8994.12,5006.17,958.529,-1005.1,1388.89,-0.809112,2,0.12,42.1
Geran2,3,2504.87,4048.17,-41.9054,-414.554,416.667,-1.67154,2.8,1.1,42.1
Kalibr,1,7505.09,1983.17,248.162,-820.806,857.5,-1.27719,1.2,0.45,42.2
Kinzhal,2,8994.12,5006.17,958.529,-1005.1,1388.89,-0.809112,2,0.12,42.2
Geran2,3,2504.87,4048.17,-41.9054,-414.554,416.667,-1.67154,2.8,1.1,42.2
Kalibr,1,7505.09,1983.17,248.162,-820.806,857.5,-1.27719,1.2,0.45,42.3
Kinzhal,2,8994.12,5006.17,958.529,-1005.1,1388.89,-0.809112,2,0.12,42.3
Geran2,3,2504.87,4048.17,-41.9054,-414.554,416.667,-1.67154,2.8,1.1,42.3
Kalibr,1,7505.09,1983.17,248.162,-820.806,857.5,-1.27719,1.2,0.45,42.4
Kinzhal,2,8994.12,5006.17,958.529,-1005.1,1388.89,-0.809112,2,0.12,42.4
Geran2,3,2504.87,4048.17,-41.9054,-414.554,416.667,-1.67154,2.8,1.1,42.4
Kalibr,1,7505.09,1983.17,248.162,-820.806,857.5,-1.27719,1.2,0.45,42.5
Kinzhal,2,8994.12,5006.17,958.529,-1005.1,1388.89,-0.809112,2,0.12,42.5
Geran2,3,2504.87,4048.17,-41.9054,-414.554,416.667,-1.67154,2.8,1.1,42.5
Kalibr,1,7505.09,1983.17,248.162,-820.806,857.5,-1.27719,1.2,0.45,42.6
Kinzhal,2,8994.12,5006.17,958.529,-1005.1,1388.89,-0.809112,2,0.12,42.6
Geran2,3,2504.87,4048.17,-41.9054,-414.554,416.667,-1.67154,2.8,1.1,42.6
Kalibr,1,7505.09,1983.17,248.162,-820.806,857.5,-1.27719,1.2,0.45,42.7
Kinzhal,2,8994.12,5006.17,958.529,-1005.1,1388.89,-0.809112,2,0.12,42.7
Geran2,3,2504.87,4048.17,-41.9054,-414.554,416.667,-1.67154,2.8,1.1,42.7
Kalibr,1,7505.09,1983.17,248.162,-820.806,857.5,-1.27719,1.2,0.45,42.8
Kinzhal,2,8994.12,5006.17,958.529,-1005.1,1388.89,-0.809112,2,0.12,42.8
Geran2,3,2504.87,4048.17,-41.9054,-414.554,416.667,-1.67154,2.8,1.1,42.8
Kalibr,1,7505.09,1983.17,248.162,-820.806,857.5,-1.27719,1.2,0.45,42.9
Kinzhal,2,8994.12,5006.17,958.529,-1005.1,1388.89,-0.809112,2,0.12,42.9
Geran2,3,2504.87,4048.17,-41.9054,-414.554,416.667,-1.67154,2.8,1.1,42.9
Kalibr,1,7505.09,1983.17,248.162,-820.806,857.5,-1.27719,1.2,0.45,43
Kinzhal,2,8994.12,5006.17,958.529,-1005.1,1388.89,-0.809112,2,0.12,43
Geran2,3,2504.87,4048.17,-41.9054,-414.554,416.667,-1.67154,2.8,1.1,43
Kalibr,1,7505.09,1983.17,248.162,-820.806,857.5,-1.27719,1.2,0.45,43.1
Kinzhal,2,8994.12,5006.17,958.529,-1005.1,1388.89,-0.809112,2,0.12,43.1
Geran2,3,2504.87,4048.17,-41.9054,-414.554,416.667,-1.67154,2.8,1.1,43.1
Kalibr,1,7505.09,1983.17,248.162,-820.806,857.5,-1.27719,1.2,0.45,43.2
Kinzhal,2,8994.12,5006.17,958.529,-1005.1,1388.89,-0.809112,2,0.12,43.2
Geran2,3,2504.87,4048.17,-41.9054,-414.554,416.667,-1.67154,2.8,1.1,43.2
Kalibr,1,7505.09,1983.17,248.162,-820.806,857.5,-1.27719,1.2,0.45,43.3
Kinzhal,2,8994.12,5006.17,958.529,-1005.1,1388.89,-0.809112,2,0.12,43.3
Geran2,3,2504.87,4048.17,-41.9054,-414.554,416.667,-1.67154,2.8,1.1,43.3
Kalibr,1,7505.09,1983.17,248.162,-820.806,857.5,-1.27719,1.2,0.45,43.4
Kinzhal,2,8994.12,5006.17,958.529,-1005.1,1388.89,-0.809112,2,0.12,43.4
Geran2,3,2504.87,4048.17,-41.9054,-414.554,416.667,-1.67154,2.8,1.1,43.4
Kalibr,1,7505.09,1983.17,248.162,-820.806,857.5,-1.27719,1.2,0.45,43.5
Kinzhal,2,8994.12,5006.17,958.529,-1005.1,1388.89,-0.809112,2,0.12,43.5
Geran2,3,2504.87,4048.17,-41.9054,-414.554,416.667,-1.67154,2.8,1.1,43.5
Kalibr,1,7505.09,1983.17,248.162,-820.806,857.5,-1.27719,1.2,0.45,43.6
Kinzhal,2,8994.12,5006.17,958.529,-1005.1,1388.89,-0.809112,2,0.12,43.6
Geran2,3,2504.87,4048.17,-41.9054,-414.554,416.667,-1.67154,2.8,1.1,43.6
Kalibr,1,7505.09,1983.17,248.162,-820.806,857.5,-1.27719,1.2,0.45,43.7
Kinzhal,2,8994.12,5006.17,958.529,-1005.1,1388.89,-0.809112,2,0.12,43.7
Geran2,3,2504.87,4048.17,-41.9054,-414.554,416.667,-1.67154,2.8,1.1,43.7
Kalibr,1,7505.09,1983.17,248.162,-820.806,857.5,-1.27719,1.2,0.45,43.8
Kinzhal,2,8994.12,5006.17,958.529,-1005.1,1388.89,-0.809112,2,0.12,43.8
Geran2,3,2504.87,4048.17,-41.9054,-414.554,416.667,-1.67154,2.8,1.1,43.8
Kalibr,1,7505.09,1983.17,248.162,-820.806,857.5,-1.27719,1.2,0.45,43.9
Kinzhal,2,8994.12,5006.17,958.529,-1005.1,1388.89,-0.809112,2,0.12,43.9
Geran2,3,2504.87,4048.17,-41.9054,-414.554,416.667,-1.67154,2.8,1.1,43.9
Kalibr,1,7505.09,1983.17,248.162,-820.806,857.5,-1.27719,1.2,0.45,44
Kinzhal,2,8994.12,5006.17,958.529,-1005.1,1388.89,-0.809112,2,0.12,44
Geran2,3,2504.87,4048.17,-41.9054,-414.554,416.667,-1.67154,2.8,1.1,44
Kalibr,1,7505.09,1983.17,248.162,-820.806,857.5,-1.27719,1.2,0.45,44.1
Kinzhal,2,8994.12,5006.17,958.529,-1005.1,1388.89,-0.809112,2,0.12,44.1
Geran2,3,2504.87,4048.17,-41.9054,-414.554,416.667,-1.67154,2.8,1.1,44.1
Kalibr,1,7505.09,1983.17,248.162,-820.806,857.5,-1.27719,1.2,0.45,44.2
Kinzhal,2,8994.12,5006.17,958.529,-1005.1,1388.89,-0.809112,2,0.12,44.2
Geran2,3,2504.87,4048.17,-41.9054,-414.554,416.667,-1.67154,2.8,1.1,44.2
Kalibr,1,7505.09,1983.17,248.162,-820.806,857.5,-1.27719,1.2,0.45,44.3
Kinzhal,2,8994.12,5006.17,958.529,-1005.1,1388.89,-0.809112,2,0.12,44.3
Geran2,3,2504.87,4048.17,-41.9054,-414.554,416.667,-1.67154,2.8,1.1,44.3
Kalibr,1,7505.09,1983.17,248.162,-820.806,857.5,-1.27719,1.2,0.45,44.4
Kinzhal,2,8994.12,5006.17,958.529,-1005.1,1388.89,-0.809112,2,0.12,44.4
Geran2,3,2504.87,4048.17,-41.9054,-414.554,416.667,-1.67154,2.8,1.1,44.4
Kalibr,1,7505.09,1983.17,248.162,-820.806,857.5,-1.27719,1.2,0.45,44.5
Kinzhal,2,8994.12,5006.17,958.529,-1005.1,1388.89,-0.809112,2,0.12,44.5
Geran2,3,2504.87,4048.17,-41.9054,-414.554,416.667,-1.67154,2.8,1.1,44.5
Kalibr,1,7505.09,1983.17,248.162,-820.806,857.5,-1.27719,1.2,0.45,44.6
Kinzhal,2,8994.12,5006.17,958.529,-1005.1,1388.89,-0.809112,2,0.12,44.6
Geran2,3,2504.87,4048.17,-41.9054,-414.554,416.667,-1.67154,2.8,1.1,44.6
Kalibr,1,7505.09,1983.17,248.162,-820.806,857.5,-1.27719,1.2,0.45,44.7
Kinzhal,2,8994.12,5006.17,958.529,-1005.1,1388.89,-0.809112,2,0.12,44.7
Geran2,3,2504.87,4048.17,-41.9054,-414.554,416.667,-1.67154,2.8,1.1,44.7
Kalibr,1,7505.09,1983.17,248.162,-820.806,857.5,-1.27719,1.2,0.45,44.8
Kinzhal,2,8994.12,5006.17,958.529,-1005.1,1388.89,-0.809112,2,0.12,44.8
Geran2,3,2504.87,4048.17,-41.9054,-414.554,416.667,-1.67154,2.8,1.1,44.8
Kalibr,1,7505.09,1983.17,248.162,-820.806,857.5,-1.27719,1.2,0.45,44.9
Kinzhal,2,8994.12,5006.17,958.529,-1005.1,1388.89,-0.809112,2,0.12,44.9
Geran2,3,2504.87,4048.17,-41.9054,-414.554,416.667,-1.67154,2.8,1.1,44.9
Kalibr,1,7505.09,1983.17,248.162,-820.806,857.5,-1.27719,1.2,0.45,45
Kinzhal,2,8994.12,5006.17,958.529,-1005.1,1388.89,-0.809112,2,0.12,45
Geran2,3,2504.87,4048.17,-41.9054,-414.554,416.667,-1.67154,2.8,1.1,45
Kalibr,1,7505.09,1983.17,248.162,-820.806,857.5,-1.27719,1.2,0.45,45.1
Kinzhal,2,8994.12,5006.17,958.529,-1005.1,1388.89,-0.809112,2,0.12,45.1
Geran2,3,2504.87,4048.17,-41.9054,-414.554,416.667,-1.67154,2.8,1.1,45.1
Kalibr,1,7505.09,1983.17,248.162,-820.806,857.5,-1.27719,1.2,0.45,45.2
Kinzhal,2,8994.12,5006.17,958.529,-1005.1,1388.89,-0.809112,2,0.12,45.2
Geran2,3,2504.87,4048.17,-41.9054,-414.554,416.667,-1.67154,2.8,1.1,45.2
Kalibr,1,7505.09,1983.17,248.162,-820.806,857.5,-1.27719,1.2,0.45,45.3
Kinzhal,2,8994.12,5006.17,958.529,-1005.1,1388.89,-0.809112,2,0.12,45.3
Geran2,3,2504.87,4048.17,-41.9054,-414.554,416.667,-1.67154,2.8,1.1,45.3
Kalibr,1,7505.09,1983.17,248.162,-820.806,857.5,-1.27719,1.2,0.45,45.4
Kinzhal,2,8994.12,5006.17,958.529,-1005.1,1388.89,-0.809112,2,0.12,45.4
Geran2,3,2504.87,4048.17,-41.9054,-414.554,416.667,-1.67154,2.8,1.1,45.4
Kalibr,1,7505.09,1983.17,248.162,-820.806,857.5,-1.27719,1.2,0.45,45.5
Kinzhal,2,8994.12,5006.17,958.529,-1005.1,1388.89,-0.809112,2,0.12,45.5
Geran2,3,2504.87,4048.17,-41.9054,-414.554,416.667,-1.67154,2.8,1.1,45.5
Kalibr,1,7505.09,1983.17,248.162,-820.806,857.5,-1.27719,1.2,0.45,45.6
Kinzhal,2,8994.12,5006.17,958.529,-1005.1,1388.89,-0.809112,2,0.12,45.6
Geran2,3,2504.87,4048.17,-41.9054,-414.554,416.667,-1.67154,2.8,1.1,45.6
Kalibr,1,7505.09,1983.17,248.162,-820.806,857.5,-1.27719,1.2,0.45,45.7
Kinzhal,2,8994.12,5006.17,958.529,-1005.1,1388.89,-0.809112,2,0.12,45.7
Geran2,3,2504.87,4048.17,-41.9054,-414.554,416.667,-1.67154,2.8,1.1,45.7
Kalibr,1,7505.09,1983.17,248.162,-820.806,857.5,-1.27719,1.2,0.45,45.8
Kinzhal,2,8994.12,5006.17,958.529,-1005.1,1388.89,-0.809112,2,0.12,45.8
Geran2,3,2504.87,4048.17,-41.9054,-414.554,416.667,-1.67154,2.8,1.1,45.8
Kalibr,1,7505.09,1983.17,248.162,-820.806,857.5,-1.27719,1.2,0.45,45.9
Kinzhal,2,8994.12,5006.17,958.529,-1005.1,1388.89,-0.809112,2,0.12,45.9
Geran2,3,2504.87,4048.17,-41.9054,-414.554,416.667,-1.67154,2.8,1.1,45.9
Kalibr,1,7505.09,1983.17,248.162,-820.806,857.5,-1.27719,1.2,0.45,46
Kinzhal,2,8994.12,5006.17,958.529,-1005.1,1388.89,-0.809112,2,0.12,46
Geran2,3,2504.87,4048.17,-41.9054,-414.554,416.667,-1.67154,2.8,1.1,46
Kalibr,1,7505.09,1983.17,248.162,-820.806,857.5,-1.27719,1.2,0.45,46.1
Kinzhal,2,8994.12,5006.17,958.529,-1005.1,1388.89,-0.809112,2,0.12,46.1
Geran2,3,2504.87,4048.17,-41.9054,-414.554,416.667,-1.67154,2.8,1.1,46.1
Kalibr,1,7505.09,1983.17,248.162,-820.806,857.5,-1.27719,1.2,0.45,46.2
Kinzhal,2,8994.12,5006.17,958.529,-1005.1,1388.89,-0.809112,2,0.12,46.2
Geran2,3,2504.87,4048.17,-41.9054,-414.554,416.667,-1.67154,2.8,1.1,46.2
Kalibr,1,7505.09,1983.17,248.162,-820.806,857.5,-1.27719,1.2,0.45,46.3
Kinzhal,2,8994.12,5006.17,958.529,-1005.1,1388.89,-0.809112,2,0.12,46.3
Geran2,3,2504.87,4048.17,-41.9054,-414.554,416.667,-1.67154,2.8,1.1,46.3
Kalibr,1,7505.09,1983.17,248.162,-820.806,857.5,-1.27719,1.2,0.45,46.4
Kinzhal,2,8994.12,5006.17,958.529,-1005.1,1388.89,-0.809112,2,0.12,46.4
Geran2,3,2504.87,4048.17,-41.9054,-414.554,416.667,-1.67154,2.8,1.1,46.4
Kalibr,1,7505.09,1983.17,248.162,-820.806,857.5,-1.27719,1.2,0.45,46.5
Kinzhal,2,8994.12,5006.17,958.529,-1005.1,1388.89,-0.809112,2,0.12,46.5
Geran2,3,2504.87,4048.17,-41.9054,-414.554,416.667,-1.67154,2.8,1.1,46.5
Kalibr,1,7505.09,1983.17,248.162,-820.806,857.5,-1.27719,1.2,0.45,46.6
Kinzhal,2,8994.12,5006.17,958.529,-1005.1,1388.89,-0.809112,2,0.12,46.6
Geran2,3,2504.87,4048.17,-41.9054,-414.554,416.667,-1.67154,2.8,1.1,46.6
Kalibr,1,7505.09,1983.17,248.162,-820.806,857.5,-1.27719,1.2,0.45,46.7
Kinzhal,2,8994.12,5006.17,958.529,-1005.1,1388.89,-0.809112,2,0.12,46.7
Geran2,3,2504.87,4048.17,-41.9054,-414.554,416.667,-1.67154,2.8,1.1,46.7
Kalibr,1,7505.09,1983.17,248.162,-820.806,857.5,-1.27719,1.2,0.45,46.8
Kinzhal,2,8994.12,5006.17,958.529,-1005.1,1388.89,-0.809112,2,0.12,46.8
Geran2,3,2504.87,4048.17,-41.9054,-414.554,416.667,-1.67154,2.8,1.1,46.8
Kalibr,1,7505.09,1983.17,248.162,-820.806,857.5,-1.27719,1.2,0.45,46.9
Kinzhal,2,8994.12,5006.17,958.529,-1005.1,1388.89,-0.809112,2,0.12,46.9
Geran2,3,2504.87,4048.17,-41.9054,-414.554,416.667,-1.67154,2.8,1.1,46.9
Kalibr,1,7505.09,1983.17,248.162,-820.806,857.5,-1.27719,1.2,0.45,47
Kinzhal,2,8994.12,5006.17,958.529,-1005.1,1388.89,-0.809112,2,0.12,47
Geran2,3,2504.87,4048.17,-41.9054,-414.554,416.667,-1.67154,2.8,1.1,47
Kalibr,1,7505.09,1983.17,248.162,-820.806,857.5,-1.27719,1.2,0.45,47.1
Kinzhal,2,8994.12,5006.17,958.529,-1005.1,1388.89,-0.809112,2,0.12,47.1
Geran2,3,2504.87,4048.17,-41.9054,-414.554,416.667,-1.67154,2.8,1.1,47.1
Kalibr,1,7505.09,1983.17,248.162,-820.806,857.5,-1.27719,1.2,0.45,47.2
Kinzhal,2,8994.12,5006.17,958.529,-1005.1,1388.89,-0.809112,2,0.12,47.2
Geran2,3,2504.87,4048.17,-41.9054,-414.554,416.667,-1.67154,2.8,1.1,47.2
Kalibr,1,7505.09,1983.17,248.162,-820.806,857.5,-1.27719,1.2,0.45,47.3
Kinzhal,2,8994.12,5006.17,958.529,-1005.1,1388.89,-0.809112,2,0.12,47.3
Geran2,3,2504.87,4048.17,-41.9054,-414.554,416.667,-1.67154,2.8,1.1,47.3
Kalibr,1,7505.09,1983.17,248.162,-820.806,857.5,-1.27719,1.2,0.45,47.4
Kinzhal,2,8994.12,5006.17,958.529,-1005.1,1388.89,-0.809112,2,0.12,47.4
Geran2,3,2504.87,4048.17,-41.9054,-414.554,416.667,-1.67154,2.8,1.1,47.4
Kalibr,1,7505.09,1983.17,248.162,-820.806,857.5,-1.27719,1.2,0.45,47.5
Kinzhal,2,8994.12,5006.17,958.529,-1005.1,1388.89,-0.809112,2,0.12,47.5
Geran2,3,2504.87,4048.17,-41.9054,-414.554,416.667,-1.67154,2.8,1.1,47.5
Kalibr,1,7505.09,1983.17,248.162,-820.806,857.5,-1.27719,1.2,0.45,47.6
Kinzhal,2,8994.12,5006.17,958.529,-1005.1,1388.89,-0.809112,2,0.12,47.6
Geran2,3,2504.87,4048.17,-41.9054,-414.554,416.667,-1.67154,2.8,1.1,47.6
Kalibr,1,7505.09,1983.17,248.162,-820.806,857.5,-1.27719,1.2,0.45,47.7
Kinzhal,2,8994.12,5006.17,958.529,-1005.1,1388.89,-0.809112,2,0.12,47.7
Geran2,3,2504.87,4048.17,-41.9054,-414.554,416.667,-1.67154,2.8,1.1,47.7
Kalibr,1,7505.09,1983.17,248.162,-820.806,857.5,-1.27719,1.2,0.45,47.8
Kinzhal,2,8994.12,5006.17,958.529,-1005.1,1388.89,-0.809112,2,0.12,47.8
Geran2,3,2504.87,4048.17,-41.9054,-414.554,416.667,-1.67154,2.8,1.1,47.8
Kalibr,1,7505.09,1983.17,248.162,-820.806,857.5,-1.27719,1.2,0.45,47.9
Kinzhal,2,8994.12,5006.17,958.529,-1005.1,1388.89,-0.809112,2,0.12,47.9
Geran2,3,2504.87,4048.17,-41.9054,-414.554,416.667,-1.67154,2.8,1.1,47.9
Kalibr,1,7505.09,1983.17,248.162,-820.806,857.5,-1.27719,1.2,0.45,48
Kinzhal,2,8994.12,5006.17,958.529,-1005.1,1388.89,-0.809112,2,0.12,48
Geran2,3,2504.87,4048.17,-41.9054,-414.554,416.667,-1.67154,2.8,1.1,48
Kalibr,1,7505.09,1983.17,248.162,-820.806,857.5,-1.27719,1.2,0.45,48.1
Kinzhal,2,8994.12,5006.17,958.529,-1005.1,1388.89,-0.809112,2,0.12,48.1
Geran2,3,2504.87,4048.17,-41.9054,-414.554,416.667,-1.67154,2.8,1.1,48.1
Kalibr,1,7505.09,1983.17,248.162,-820.806,857.5,-1.27719,1.2,0.45,48.2
Kinzhal,2,8994.12,5006.17,958.529,-1005.1,1388.89,-0.809112,2,0.12,48.2
Geran2,3,2504.87,4048.17,-41.9054,-414.554,416.667,-1.67154,2.8,1.1,48.2
Kalibr,1,7505.09,1983.17,248.162,-820.806,857.5,-1.27719,1.2,0.45,48.3
Kinzhal,2,8994.12,5006.17,958.529,-1005.1,1388.89,-0.809112,2,0.12,48.3
Geran2,3,2504.87,4048.17,-41.9054,-414.554,416.667,-1.67154,2.8,1.1,48.3
Kalibr,1,7505.09,1983.17,248.162,-820.806,857.5,-1.27719,1.2,0.45,48.4
Kinzhal,2,8994.12,5006.17,958.529,-1005.1,1388.89,-0.809112,2,0.12,48.4
Geran2,3,2504.87,4048.17,-41.9054,-414.554,416.667,-1.67154,2.8,1.1,48.4
Kalibr,1,7505.09,1983.17,248.162,-820.806,857.5,-1.27719,1.2,0.45,48.5
Kinzhal,2,8994.12,5006.17,958.529,-1005.1,1388.89,-0.809112,2,0.12,48.5
Geran2,3,2504.87,4048.17,-41.9054,-414.554,416.667,-1.67154,2.8,1.1,48.5
Kalibr,1,7505.09,1983.17,248.162,-820.806,857.5,-1.27719,1.2,0.45,48.6
Kinzhal,2,8994.12,5006.17,958.529,-1005.1,1388.89,-0.809112,2,0.12,48.6
Geran2,3,2504.87,4048.17,-41.9054,-414.554,416.667,-1.67154,2.8,1.1,48.6
Kalibr,1,7505.09,1983.17,248.162,-820.806,857.5,-1.27719,1.2,0.45,48.7
Kinzhal,2,8994.12,5006.17,958.529,-1005.1,1388.89,-0.809112,2,0.12,48.7
Geran2,3,2504.87,4048.17,-41.9054,-414.554,416.667,-1.67154,2.8,1.1,48.7
Kalibr,1,7505.09,1983.17,248.162,-820.806,857.5,-1.27719,1.2,0.45,48.8
Kinzhal,2,8994.12,5006.17,958.529,-1005.1,1388.89,-0.809112,2,0.12,48.8
Geran2,3,2504.87,4048.17,-41.9054,-414.554,416.667,-1.67154,2.8,1.1,48.8
Kalibr,1,7505.09,1983.17,248.162,-820.806,857.5,-1.27719,1.2,0.45,48.9
Kinzhal,2,8994.12,5006.17,958.529,-1005.1,1388.89,-0.809112,2,0.12,48.9
Geran2,3,2504.87,4048.17,-41.9054,-414.554,416.667,-1.67154,2.8,1.1,48.9
Kalibr,1,7505.09,1983.17,248.162,-820.806,857.5,-1.27719,1.2,0.45,49
Kinzhal,2,8994.12,5006.17,958.529,-1005.1,1388.89,-0.809112,2,0.12,49
Geran2,3,2504.87,4048.17,-41.9054,-414.554,416.667,-1.67154,2.8,1.1,49
Kalibr,1,7505.09,1983.17,248.162,-820.806,857.5,-1.27719,1.2,0.45,49.1
Kinzhal,2,8994.12,5006.17,958.529,-1005.1,1388.89,-0.809112,2,0.12,49.1
Geran2,3,2504.87,4048.17,-41.9054,-414.554,416.667,-1.67154,2.8,1.1,49.1
Kalibr,1,7505.09,1983.17,248.162,-820.806,857.5,-1.27719,1.2,0.45,49.2
Kinzhal,2,8994.12,5006.17,958.529,-1005.1,1388.89,-0.809112,2,0.12,49.2
Geran2,3,2504.87,4048.17,-41.9054,-414.554,416.667,-1.67154,2.8,1.1,49.2
Kalibr,1,7505.09,1983.17,248.162,-820.806,857.5,-1.27719,1.2,0.45,49.3
Kinzhal,2,8994.12,5006.17,958.529,-1005.1,1388.89,-0.809112,2,0.12,49.3
Geran2,3,2504.87,4048.17,-41.9054,-414.554,416.667,-1.67154,2.8,1.1,49.3
Kalibr,1,7505.09,1983.17,248.162,-820.806,857.5,-1.27719,1.2,0.45,49.4
Kinzhal,2,8994.12,5006.17,958.529,-1005.1,1388.89,-0.809112,2,0.12,49.4
Geran2,3,2504.87,4048.17,-41.9054,-414.554,416.667,-1.67154,2.8,1.1,49.4
Kalibr,1,7505.09,1983.17,248.162,-820.806,857.5,-1.27719,1.2,0.45,49.5
Kinzhal,2,8994.12,5006.17,958.529,-1005.1,1388.89,-0.809112,2,0.12,49.5
Geran2,3,2504.87,4048.17,-41.9054,-414.554,416.667,-1.67154,2.8,1.1,49.5
Kalibr,1,7505.09,1983.17,248.162,-820.806,857.5,-1.27719,1.2,0.45,49.6
Kinzhal,2,8994.12,5006.17,958.529,-1005.1,1388.89,-0.809112,2,0.12,49.6
Geran2,3,2504.87,4048.17,-41.9054,-414.554,416.667,-1.67154,2.8,1.1,49.6
Kalibr,1,7505.09,1983.17,248.162,-820.806,857.5,-1.27719,1.2,0.45,49.7
Kinzhal,2,8994.12,5006.17,958.529,-1005.1,1388.89,-0.809112,2,0.12,49.7
Geran2,3,2504.87,4048.17,-41.9054,-414.554,416.667,-1.67154,2.8,1.1,49.7
Kalibr,1,7505.09,1983.17,248.162,-820.806,857.5,-1.27719,1.2,0.45,49.8
Kinzhal,2,8994.12,5006.17,958.529,-1005.1,1388.89,-0.809112,2,0.12,49.8
Geran2,3,2504.87,4048.17,-41.9054,-414.554,416.667,-1.67154,2.8,1.1,49.8
Kalibr,1,7505.09,1983.17,248.162,-820.806,857.5,-1.27719,1.2,0.45,49.9
Kinzhal,2,8994.12,5006.17,958.529,-1005.1,1388.89,-0.809112,2,0.12,49.9
Geran2,3,2504.87,4048.17,-41.9054,-414.554,416.667,-1.67154,2.8,1.1,49.9
Kalibr,1,7505.09,1983.17,248.162,-820.806,857.5,-1.27719,1.2,0.45,50
Kinzhal,2,8994.12,5006.17,958.529,-1005.1,1388.89,-0.809112,2,0.12,50
Geran2,3,2504.87,4048.17,-41.9054,-414.554,416.667,-1.67154,2.8,1.1,50
Kalibr,1,7505.09,1983.17,248.162,-820.806,857.5,-1.27719,1.2,0.45,50.1
Kinzhal,2,8994.12,5006.17,958.529,-1005.1,1388.89,-0.809112,2,0.12,50.1
Geran2,3,2504.87,4048.17,-41.9054,-414.554,416.667,-1.67154,2.8,1.1,50.1
Kalibr,1,7505.09,1983.17,248.162,-820.806,857.5,-1.27719,1.2,0.45,50.2
Kinzhal,2,8994.12,5006.17,958.529,-1005.1,1388.89,-0.809112,2,0.12,50.2
Geran2,3,2504.87,4048.17,-41.9054,-414.554,416.667,-1.67154,2.8,1.1,50.2
Kalibr,1,7505.09,1983.17,248.162,-820.806,857.5,-1.27719,1.2,0.45,50.3
Kinzhal,2,8994.12,5006.17,958.529,-1005.1,1388.89,-0.809112,2,0.12,50.3
Geran2,3,2504.87,4048.17,-41.9054,-414.554,416.667,-1.67154,2.8,1.1,50.3
Kalibr,1,7505.09,1983.17,248.162,-820.806,857.5,-1.27719,1.2,0.45,50.4
Kinzhal,2,8994.12,5006.17,958.529,-1005.1,1388.89,-0.809112,2,0.12,50.4
Geran2,3,2504.87,4048.17,-41.9054,-414.554,416.667,-1.67154,2.8,1.1,50.4
Kalibr,1,7505.09,1983.17,248.162,-820.806,857.5,-1.27719,1.2,0.45,50.5
Kinzhal,2,8994.12,5006.17,958.529,-1005.1,1388.89,-0.809112,2,0.12,50.5
Geran2,3,2504.87,4048.17,-41.9054,-414.554,416.667,-1.67154,2.8,1.1,50.5
Kalibr,1,7505.09,1983.17,248.162,-820.806,857.5,-1.27719,1.2,0.45,50.6
Kinzhal,2,8994.12,5006.17,958.529,-1005.1,1388.89,-0.809112,2,0.12,50.6
Geran2,3,2504.87,4048.17,-41.9054,-414.554,416.667,-1.67154,2.8,1.1,50.6
Kalibr,1,7505.09,1983.17,248.162,-820.806,857.5,-1.27719,1.2,0.45,50.7
Kinzhal,2,8994.12,5006.17,958.529,-1005.1,1388.89,-0.809112,2,0.12,50.7
Geran2,3,2504.87,4048.17,-41.9054,-414.554,416.667,-1.67154,2.8,1.1,50.7
Kalibr,1,7505.09,1983.17,248.162,-820.806,857.5,-1.27719,1.2,0.45,50.8
Kinzhal,2,8994.12,5006.17,958.529,-1005.1,1388.89,-0.809112,2,0.12,50.8
Geran2,3,2504.87,4048.17,-41.9054,-414.554,416.667,-1.67154,2.8,1.1,50.8
Kalibr,1,7505.09,1983.17,248.162,-820.806,857.5,-1.27719,1.2,0.45,50.9
Kinzhal,2,8994.12,5006.17,958.529,-1005.1,1388.89,-0.809112,2,0.12,50.9
Geran2,3,2504.87,4048.17,-41.9054,-414.554,416.667,-1.67154,2.8,1.1,50.9
Kalibr,1,7505.09,1983.17,248.162,-820.806,857.5,-1.27719,1.2,0.45,51
Kinzhal,2,8994.12,5006.17,958.529,-1005.1,1388.89,-0.809112,2,0.12,51
Geran2,3,2504.87,4048.17,-41.9054,-414.554,416.667,-1.67154,2.8,1.1,51
Kalibr,1,7505.09,1983.17,248.162,-820.806,857.5,-1.27719,1.2,0.45,51.1
Kinzhal,2,8994.12,5006.17,958.529,-1005.1,1388.89,-0.809112,2,0.12,51.1
Geran2,3,2504.87,4048.17,-41.9054,-414.554,416.667,-1.67154,2.8,1.1,51.1
Kalibr,1,7505.09,1983.17,248.162,-820.806,857.5,-1.27719,1.2,0.45,51.2
Kinzhal,2,8994.12,5006.17,958.529,-1005.1,1388.89,-0.809112,2,0.12,51.2
Geran2,3,2504.87,4048.17,-41.9054,-414.554,416.667,-1.67154,2.8,1.1,51.2
Kalibr,1,7505.09,1983.17,248.162,-820.806,857.5,-1.27719,1.2,0.45,51.3
Kinzhal,2,8994.12,5006.17,958.529,-1005.1,1388.89,-0.809112,2,0.12,51.3
Geran2,3,2504.87,4048.17,-41.9054,-414.554,416.667,-1.67154,2.8,1.1,51.3
Kalibr,1,7505.09,1983.17,248.162,-820.806,857.5,-1.27719,1.2,0.45,51.4
Kinzhal,2,8994.12,5006.17,958.529,-1005.1,1388.89,-0.809112,2,0.12,51.4
Geran2,3,2504.87,4048.17,-41.9054,-414.554,416.667,-1.67154,2.8,1.1,51.4
Kalibr,1,7505.09,1983.17,248.162,-820.806,857.5,-1.27719,1.2,0.45,51.5
Kinzhal,2,8994.12,5006.17,958.529,-1005.1,1388.89,-0.809112,2,0.12,51.5
Geran2,3,2504.87,4048.17,-41.9054,-414.554,416.667,-1.67154,2.8,1.1,51.5
Kalibr,1,7505.09,1983.17,248.162,-820.806,857.5,-1.27719,1.2,0.45,51.6
Kinzhal,2,8994.12,5006.17,958.529,-1005.1,1388.89,-0.809112,2,0.12,51.6
Geran2,3,2504.87,4048.17,-41.9054,-414.554,416.667,-1.67154,2.8,1.1,51.6
Kalibr,1,7505.09,1983.17,248.162,-820.806,857.5,-1.27719,1.2,0.45,51.7
Kinzhal,2,8994.12,5006.17,958.529,-1005.1,1388.89,-0.809112,2,0.12,51.7
Geran2,3,2504.87,4048.17,-41.9054,-414.554,416.667,-1.67154,2.8,1.1,51.7
Kalibr,1,7505.09,1983.17,248.162,-820.806,857.5,-1.27719,1.2,0.45,51.8
Kinzhal,2,8994.12,5006.17,958.529,-1005.1,1388.89,-0.809112,2,0.12,51.8
Geran2,3,2504.87,4048.17,-41.9054,-414.554,416.667,-1.67154,2.8,1.1,51.8
Kalibr,1,7505.09,1983.17,248.162,-820.806,857.5,-1.27719,1.2,0.45,51.9
Kinzhal,2,8994.12,5006.17,958.529,-1005.1,1388.89,-0.809112,2,0.12,51.9
Geran2,3,2504.87,4048.17,-41.9054,-414.554,416.667,-1.67154,2.8,1.1,51.9
Kalibr,1,7505.09,1983.17,248.162,-820.806,857.5,-1.27719,1.2,0.45,52
Kinzhal,2,8994.12,5006.17,958.529,-1005.1,1388.89,-0.809112,2,0.12,52
Geran2,3,2504.87,4048.17,-41.9054,-414.554,416.667,-1.67154,2.8,1.1,52
Kalibr,1,7505.09,1983.17,248.162,-820.806,857.5,-1.27719,1.2,0.45,52.1
Kinzhal,2,8994.12,5006.17,958.529,-1005.1,1388.89,-0.809112,2,0.12,52.1
Geran2,3,2504.87,4048.17,-41.9054,-414.554,416.667,-1.67154,2.8,1.1,52.1
Kalibr,1,7505.09,1983.17,248.162,-820.806,857.5,-1.27719,1.2,0.45,52.2
Kinzhal,2,8994.12,5006.17,958.529,-1005.1,1388.89,-0.809112,2,0.12,52.2
Geran2,3,2504.87,4048.17,-41.9054,-414.554,416.667,-1.67154,2.8,1.1,52.2
Kalibr,1,7505.09,1983.17,248.162,-820.806,857.5,-1.27719,1.2,0.45,52.3
Kinzhal,2,8994.12,5006.17,958.529,-1005.1,1388.89,-0.809112,2,0.12,52.3
Geran2,3,2504.87,4048.17,-41.9054,-414.554,416.667,-1.67154,2.8,1.1,52.3
Kalibr,1,7505.09,1983.17,248.162,-820.806,857.5,-1.27719,1.2,0.45,52.4
Kinzhal,2,8994.12,5006.17,958.529,-1005.1,1388.89,-0.809112,2,0.12,52.4
Geran2,3,2504.87,4048.17,-41.9054,-414.554,416.667,-1.67154,2.8,1.1,52.4
Kalibr,1,7505.09,1983.17,248.162,-820.806,857.5,-1.27719,1.2,0.45,52.5
Kinzhal,2,8994.12,5006.17,958.529,-1005.1,1388.89,-0.809112,2,0.12,52.5
Geran2,3,2504.87,4048.17,-41.9054,-414.554,416.667,-1.67154,2.8,1.1,52.5
Kalibr,1,7505.09,1983.17,248.162,-820.806,857.5,-1.27719,1.2,0.45,52.6
Kinzhal,2,8994.12,5006.17,958.529,-1005.1,1388.89,-0.809112,2,0.12,52.6
Geran2,3,2504.87,4048.17,-41.9054,-414.554,416.667,-1.67154,2.8,1.1,52.6
Kalibr,1,7505.09,1983.17,248.162,-820.806,857.5,-1.27719,1.2,0.45,52.7
Kinzhal,2,8994.12,5006.17,958.529,-1005.1,1388.89,-0.809112,2,0.12,52.7
Geran2,3,2504.87,4048.17,-41.9054,-414.554,416.667,-1.67154,2.8,1.1,52.7
Kalibr,1,7505.09,1983.17,248.162,-820.806,857.5,-1.27719,1.2,0.45,52.8
Kinzhal,2,8994.12,5006.17,958.529,-1005.1,1388.89,-0.809112,2,0.12,52.8
Geran2,3,2504.87,4048.17,-41.9054,-414.554,416.667,-1.67154,2.8,1.1,52.8
Kalibr,1,7505.09,1983.17,248.162,-820.806,857.5,-1.27719,1.2,0.45,52.9
Kinzhal,2,8994.12,5006.17,958.529,-1005.1,1388.89,-0.809112,2,0.12,52.9
Geran2,3,2504.87,4048.17,-41.9054,-414.554,416.667,-1.67154,2.8,1.1,52.9
Kalibr,1,7505.09,1983.17,248.162,-820.806,857.5,-1.27719,1.2,0.45,53
Kinzhal,2,8994.12,5006.17,958.529,-1005.1,1388.89,-0.809112,2,0.12,53
Geran2,3,2504.87,4048.17,-41.9054,-414.554,416.667,-1.67154,2.8,1.1,53
Kalibr,1,7505.09,1983.17,248.162,-820.806,857.5,-1.27719,1.2,0.45,53.1
Kinzhal,2,8994.12,5006.17,958.529,-1005.1,1388.89,-0.809112,2,0.12,53.1
Geran2,3,2504.87,4048.17,-41.9054,-414.554,416.667,-1.67154,2.8,1.1,53.1
Kalibr,1,7505.09,1983.17,248.162,-820.806,857.5,-1.27719,1.2,0.45,53.2
Kinzhal,2,8994.12,5006.17,958.529,-1005.1,1388.89,-0.809112,2,0.12,53.2
Geran2,3,2504.87,4048.17,-41.9054,-414.554,416.667,-1.67154,2.8,1.1,53.2
Kalibr,1,7505.09,1983.17,248.162,-820.806,857.5,-1.27719,1.2,0.45,53.3
Kinzhal,2,8994.12,5006.17,958.529,-1005.1,1388.89,-0.809112,2,0.12,53.3
Geran2,3,2504.87,4048.17,-41.9054,-414.554,416.667,-1.67154,2.8,1.1,53.3
Kalibr,1,7505.09,1983.17,248.162,-820.806,857.5,-1.27719,1.2,0.45,53.4
Kinzhal,2,8994.12,5006.17,958.529,-1005.1,1388.89,-0.809112,2,0.12,53.4
Geran2,3,2504.87,4048.17,-41.9054,-414.554,416.667,-1.67154,2.8,1.1,53.4
Kalibr,1,7505.09,1983.17,248.162,-820.806,857.5,-1.27719,1.2,0.45,53.5
Kinzhal,2,8994.12,5006.17,958.529,-1005.1,1388.89,-0.809112,2,0.12,53.5
Geran2,3,2504.87,4048.17,-41.9054,-414.554,416.667,-1.67154,2.8,1.1,53.5
Kalibr,1,7505.09,1983.17,248.162,-820.806,857.5,-1.27719,1.2,0.45,53.6
Kinzhal,2,8994.12,5006.17,958.529,-1005.1,1388.89,-0.809112,2,0.12,53.6
Geran2,3,2504.87,4048.17,-41.9054,-414.554,416.667,-1.67154,2.8,1.1,53.6
Kalibr,1,7505.09,1983.17,248.162,-820.806,857.5,-1.27719,1.2,0.45,53.7
Kinzhal,2,8994.12,5006.17,958.529,-1005.1,1388.89,-0.809112,2,0.12,53.7
Geran2,3,2504.87,4048.17,-41.9054,-414.554,416.667,-1.67154,2.8,1.1,53.7
Kalibr,1,7505.09,1983.17,248.162,-820.806,857.5,-1.27719,1.2,0.45,53.8
Kinzhal,2,8994.12,5006.17,958.529,-1005.1,1388.89,-0.809112,2,0.12,53.8
Geran2,3,2504.87,4048.17,-41.9054,-414.554,416.667,-1.67154,2.8,1.1,53.8
Kalibr,1,7505.09,1983.17,248.162,-820.806,857.5,-1.27719,1.2,0.45,53.9
Kinzhal,2,8994.12,5006.17,958.529,-1005.1,1388.89,-0.809112,2,0.12,53.9
Geran2,3,2504.87,4048.17,-41.9054,-414.554,416.667,-1.67154,2.8,1.1,53.9
Kalibr,1,7505.09,1983.17,248.162,-820.806,857.5,-1.27719,1.2,0.45,54
Kinzhal,2,8994.12,5006.17,958.529,-1005.1,1388.89,-0.809112,2,0.12,54
Geran2,3,2504.87,4048.17,-41.9054,-414.554,416.667,-1.67154,2.8,1.1,54
Kalibr,1,7505.09,1983.17,248.162,-820.806,857.5,-1.27719,1.2,0.45,54.1
Kinzhal,2,8994.12,5006.17,958.529,-1005.1,1388.89,-0.809112,2,0.12,54.1
Geran2,3,2504.87,4048.17,-41.9054,-414.554,416.667,-1.67154,2.8,1.1,54.1
Kalibr,1,7505.09,1983.17,248.162,-820.806,857.5,-1.27719,1.2,0.45,54.2
Kinzhal,2,8994.12,5006.17,958.529,-1005.1,1388.89,-0.809112,2,0.12,54.2
Geran2,3,2504.87,4048.17,-41.9054,-414.554,416.667,-1.67154,2.8,1.1,54.2
Kalibr,1,7505.09,1983.17,248.162,-820.806,857.5,-1.27719,1.2,0.45,54.3
Kinzhal,2,8994.12,5006.17,958.529,-1005.1,1388.89,-0.809112,2,0.12,54.3
Geran2,3,2504.87,4048.17,-41.9054,-414.554,416.667,-1.67154,2.8,1.1,54.3
Kalibr,1,7505.09,1983.17,248.162,-820.806,857.5,-1.27719,1.2,0.45,54.4
Kinzhal,2,8994.12,5006.17,958.529,-1005.1,1388.89,-0.809112,2,0.12,54.4
Geran2,3,2504.87,4048.17,-41.9054,-414.554,416.667,-1.67154,2.8,1.1,54.4
Kalibr,1,7505.09,1983.17,248.162,-820.806,857.5,-1.27719,1.2,0.45,54.5
Kinzhal,2,8994.12,5006.17,958.529,-1005.1,1388.89,-0.809112,2,0.12,54.5
Geran2,3,2504.87,4048.17,-41.9054,-414.554,416.667,-1.67154,2.8,1.1,54.5
Kalibr,1,7505.09,1983.17,248.162,-820.806,857.5,-1.27719,1.2,0.45,54.6
Kinzhal,2,8994.12,5006.17,958.529,-1005.1,1388.89,-0.809112,2,0.12,54.6
Geran2,3,2504.87,4048.17,-41.9054,-414.554,416.667,-1.67154,2.8,1.1,54.6
Kalibr,1,7505.09,1983.17,248.162,-820.806,857.5,-1.27719,1.2,0.45,54.7
Kinzhal,2,8994.12,5006.17,958.529,-1005.1,1388.89,-0.809112,2,0.12,54.7
Geran2,3,2504.87,4048.17,-41.9054,-414.554,416.667,-1.67154,2.8,1.1,54.7
Kalibr,1,7505.09,1983.17,248.162,-820.806,857.5,-1.27719,1.2,0.45,54.8
Kinzhal,2,8994.12,5006.17,958.529,-1005.1,1388.89,-0.809112,2,0.12,54.8
Geran2,3,2504.87,4048.17,-41.9054,-414.554,416.667,-1.67154,2.8,1.1,54.8
Kalibr,1,7505.09,1983.17,248.162,-820.806,857.5,-1.27719,1.2,0.45,54.9
Kinzhal,2,8994.12,5006.17,958.529,-1005.1,1388.89,-0.809112,2,0.12,54.9
Geran2,3,2504.87,4048.17,-41.9054,-414.554,416.667,-1.67154,2.8,1.1,54.9
Kalibr,1,7505.09,1983.17,248.162,-820.806,857.5,-1.27719,1.2,0.45,55
Kinzhal,2,8994.12,5006.17,958.529,-1005.1,1388.89,-0.809112,2,0.12,55
Geran2,3,2504.87,4048.17,-41.9054,-414.554,416.667,-1.67154,2.8,1.1,55
Kalibr,1,7505.09,1983.17,248.162,-820.806,857.5,-1.27719,1.2,0.45,55.1
Kinzhal,2,8994.12,5006.17,958.529,-1005.1,1388.89,-0.809112,2,0.12,55.1
Geran2,3,2504.87,4048.17,-41.9054,-414.554,416.667,-1.67154,2.8,1.1,55.1
Kalibr,1,7505.09,1983.17,248.162,-820.806,857.5,-1.27719,1.2,0.45,55.2
Kinzhal,2,8994.12,5006.17,958.529,-1005.1,1388.89,-0.809112,2,0.12,55.2
Geran2,3,2504.87,4048.17,-41.9054,-414.554,416.667,-1.67154,2.8,1.1,55.2
Kalibr,1,7505.09,1983.17,248.162,-820.806,857.5,-1.27719,1.2,0.45,55.3
Kinzhal,2,8994.12,5006.17,958.529,-1005.1,1388.89,-0.809112,2,0.12,55.3
Geran2,3,2504.87,4048.17,-41.9054,-414.554,416.667,-1.67154,2.8,1.1,55.3
Kalibr,1,7505.09,1983.17,248.162,-820.806,857.5,-1.27719,1.2,0.45,55.4
Kinzhal,2,8994.12,5006.17,958.529,-1005.1,1388.89,-0.809112,2,0.12,55.4
Geran2,3,2504.87,4048.17,-41.9054,-414.554,416.667,-1.67154,2.8,1.1,55.4
Kalibr,1,7505.09,1983.17,248.162,-820.806,857.5,-1.27719,1.2,0.45,55.5
Kinzhal,2,8994.12,5006.17,958.529,-1005.1,1388.89,-0.809112,2,0.12,55.5
Geran2,3,2504.87,4048.17,-41.9054,-414.554,416.667,-1.67154,2.8,1.1,55.5
Kalibr,1,7505.09,1983.17,248.162,-820.806,857.5,-1.27719,1.2,0.45,55.6
Kinzhal,2,8994.12,5006.17,958.529,-1005.1,1388.89,-0.809112,2,0.12,55.6
Geran2,3,2504.87,4048.17,-41.9054,-414.554,416.667,-1.67154,2.8,1.1,55.6
Kalibr,1,7505.09,1983.17,248.162,-820.806,857.5,-1.27719,1.2,0.45,55.7
Kinzhal,2,8994.12,5006.17,958.529,-1005.1,1388.89,-0.809112,2,0.12,55.7
Geran2,3,2504.87,4048.17,-41.9054,-414.554,416.667,-1.67154,2.8,1.1,55.7
Kalibr,1,7505.09,1983.17,248.162,-820.806,857.5,-1.27719,1.2,0.45,55.8
Kinzhal,2,8994.12,5006.17,958.529,-1005.1,1388.89,-0.809112,2,0.12,55.8
Geran2,3,2504.87,4048.17,-41.9054,-414.554,416.667,-1.67154,2.8,1.1,55.8
Kalibr,1,7505.09,1983.17,248.162,-820.806,857.5,-1.27719,1.2,0.45,55.9
Kinzhal,2,8994.12,5006.17,958.529,-1005.1,1388.89,-0.809112,2,0.12,55.9
Geran2,3,2504.87,4048.17,-41.9054,-414.554,416.667,-1.67154,2.8,1.1,55.9
Kalibr,1,7505.09,1983.17,248.162,-820.806,857.5,-1.27719,1.2,0.45,56
Kinzhal,2,8994.12,5006.17,958.529,-1005.1,1388.89,-0.809112,2,0.12,56
Geran2,3,2504.87,4048.17,-41.9054,-414.554,416.667,-1.67154,2.8,1.1,56
Kalibr,1,7505.09,1983.17,248.162,-820.806,857.5,-1.27719,1.2,0.45,56.1
Kinzhal,2,8994.12,5006.17,958.529,-1005.1,1388.89,-0.809112,2,0.12,56.1
Geran2,3,2504.87,4048.17,-41.9054,-414.554,416.667,-1.67154,2.8,1.1,56.1
Kalibr,1,7505.09,1983.17,248.162,-820.806,857.5,-1.27719,1.2,0.45,56.2
Kinzhal,2,8994.12,5006.17,958.529,-1005.1,1388.89,-0.809112,2,0.12,56.2
Geran2,3,2504.87,4048.17,-41.9054,-414.554,416.667,-1.67154,2.8,1.1,56.2
Kalibr,1,7505.09,1983.17,248.162,-820.806,857.5,-1.27719,1.2,0.45,56.3
Kinzhal,2,8994.12,5006.17,958.529,-1005.1,1388.89,-0.809112,2,0.12,56.3
Geran2,3,2504.87,4048.17,-41.9054,-414.554,416.667,-1.67154,2.8,1.1,56.3
Kalibr,1,7505.09,1983.17,248.162,-820.806,857.5,-1.27719,1.2,0.45,56.4
Kinzhal,2,8994.12,5006.17,958.529,-1005.1,1388.89,-0.809112,2,0.12,56.4
Geran2,3,2504.87,4048.17,-41.9054,-414.554,416.667,-1.67154,2.8,1.1,56.4
Kalibr,1,7505.09,1983.17,248.162,-820.806,857.5,-1.27719,1.2,0.45,56.5
Kinzhal,2,8994.12,5006.17,958.529,-1005.1,1388.89,-0.809112,2,0.12,56.5
Geran2,3,2504.87,4048.17,-41.9054,-414.554,416.667,-1.67154,2.8,1.1,56.5
Kalibr,1,7505.09,1983.17,248.162,-820.806,857.5,-1.27719,1.2,0.45,56.6
Kinzhal,2,8994.12,5006.17,958.529,-1005.1,1388.89,-0.809112,2,0.12,56.6
Geran2,3,2504.87,4048.17,-41.9054,-414.554,416.667,-1.67154,2.8,1.1,56.6
Kalibr,1,7505.09,1983.17,248.162,-820.806,857.5,-1.27719,1.2,0.45,56.7
Kinzhal,2,8994.12,5006.17,958.529,-1005.1,1388.89,-0.809112,2,0.12,56.7
Geran2,3,2504.87,4048.17,-41.9054,-414.554,416.667,-1.67154,2.8,1.1,56.7
Kalibr,1,7505.09,1983.17,248.162,-820.806,857.5,-1.27719,1.2,0.45,56.8
Kinzhal,2,8994.12,5006.17,958.529,-1005.1,1388.89,-0.809112,2,0.12,56.8
Geran2,3,2504.87,4048.17,-41.9054,-414.554,416.667,-1.67154,2.8,1.1,56.8
Kalibr,1,7505.09,1983.17,248.162,-820.806,857.5,-1.27719,1.2,0.45,56.9
Kinzhal,2,8994.12,5006.17,958.529,-1005.1,1388.89,-0.809112,2,0.12,56.9
Geran2,3,2504.87,4048.17,-41.9054,-414.554,416.667,-1.67154,2.8,1.1,56.9
Kalibr,1,7505.09,1983.17,248.162,-820.806,857.5,-1.27719,1.2,0.45,57
Kinzhal,2,8994.12,5006.17,958.529,-1005.1,1388.89,-0.809112,2,0.12,57
Geran2,3,2504.87,4048.17,-41.9054,-414.554,416.667,-1.67154,2.8,1.1,57
Kalibr,1,7505.09,1983.17,248.162,-820.806,857.5,-1.27719,1.2,0.45,57.1
Kinzhal,2,8994.12,5006.17,958.529,-1005.1,1388.89,-0.809112,2,0.12,57.1
Geran2,3,2504.87,4048.17,-41.9054,-414.554,416.667,-1.67154,2.8,1.1,57.1
Kalibr,1,7505.09,1983.17,248.162,-820.806,857.5,-1.27719,1.2,0.45,57.2
Kinzhal,2,8994.12,5006.17,958.529,-1005.1,1388.89,-0.809112,2,0.12,57.2
Geran2,3,2504.87,4048.17,-41.9054,-414.554,416.667,-1.67154,2.8,1.1,57.2
Kalibr,1,7505.09,1983.17,248.162,-820.806,857.5,-1.27719,1.2,0.45,57.3
Kinzhal,2,8994.12,5006.17,958.529,-1005.1,1388.89,-0.809112,2,0.12,57.3
Geran2,3,2504.87,4048.17,-41.9054,-414.554,416.667,-1.67154,2.8,1.1,57.3
Kalibr,1,7505.09,1983.17,248.162,-820.806,857.5,-1.27719,1.2,0.45,57.4
Kinzhal,2,8994.12,5006.17,958.529,-1005.1,1388.89,-0.809112,2,0.12,57.4
Geran2,3,2504.87,4048.17,-41.9054,-414.554,416.667,-1.67154,2.8,1.1,57.4
Kalibr,1,7505.09,1983.17,248.162,-820.806,857.5,-1.27719,1.2,0.45,57.5
Kinzhal,2,8994.12,5006.17,958.529,-1005.1,1388.89,-0.809112,2,0.12,57.5
Geran2,3,2504.87,4048.17,-41.9054,-414.554,416.667,-1.67154,2.8,1.1,57.5
Kalibr,1,7505.09,1983.17,248.162,-820.806,857.5,-1.27719,1.2,0.45,57.6
Kinzhal,2,8994.12,5006.17,958.529,-1005.1,1388.89,-0.809112,2,0.12,57.6
Geran2,3,2504.87,4048.17,-41.9054,-414.554,416.667,-1.67154,2.8,1.1,57.6
Kalibr,1,7505.09,1983.17,248.162,-820.806,857.5,-1.27719,1.2,0.45,57.7
Kinzhal,2,8994.12,5006.17,958.529,-1005.1,1388.89,-0.809112,2,0.12,57.7
Geran2,3,2504.87,4048.17,-41.9054,-414.554,416.667,-1.67154,2.8,1.1,57.7
Kalibr,1,7505.09,1983.17,248.162,-820.806,857.5,-1.27719,1.2,0.45,57.8
Kinzhal,2,8994.12,5006.17,958.529,-1005.1,1388.89,-0.809112,2,0.12,57.8
Geran2,3,2504.87,4048.17,-41.9054,-414.554,416.667,-1.67154,2.8,1.1,57.8
Kalibr,1,7505.09,1983.17,248.162,-820.806,857.5,-1.27719,1.2,0.45,57.9
Kinzhal,2,8994.12,5006.17,958.529,-1005.1,1388.89,-0.809112,2,0.12,57.9
Geran2,3,2504.87,4048.17,-41.9054,-414.554,416.667,-1.67154,2.8,1.1,57.9
Kalibr,1,7505.09,1983.17,248.162,-820.806,857.5,-1.27719,1.2,0.45,58
Kinzhal,2,8994.12,5006.17,958.529,-1005.1,1388.89,-0.809112,2,0.12,58
Geran2,3,2504.87,4048.17,-41.9054,-414.554,416.667,-1.67154,2.8,1.1,58
Kalibr,1,7505.09,1983.17,248.162,-820.806,857.5,-1.27719,1.2,0.45,58.1
Kinzhal,2,8994.12,5006.17,958.529,-1005.1,1388.89,-0.809112,2,0.12,58.1
Geran2,3,2504.87,4048.17,-41.9054,-414.554,416.667,-1.67154,2.8,1.1,58.1
Kalibr,1,7505.09,1983.17,248.162,-820.806,857.5,-1.27719,1.2,0.45,58.2
Kinzhal,2,8994.12,5006.17,958.529,-1005.1,1388.89,-0.809112,2,0.12,58.2
Geran2,3,2504.87,4048.17,-41.9054,-414.554,416.667,-1.67154,2.8,1.1,58.2
Kalibr,1,7505.09,1983.17,248.162,-820.806,857.5,-1.27719,1.2,0.45,58.3
Kinzhal,2,8994.12,5006.17,958.529,-1005.1,1388.89,-0.809112,2,0.12,58.3
Geran2,3,2504.87,4048.17,-41.9054,-414.554,416.667,-1.67154,2.8,1.1,58.3
Kalibr,1,7505.09,1983.17,248.162,-820.806,857.5,-1.27719,1.2,0.45,58.4
Kinzhal,2,8994.12,5006.17,958.529,-1005.1,1388.89,-0.809112,2,0.12,58.4
Geran2,3,2504.87,4048.17,-41.9054,-414.554,416.667,-1.67154,2.8,1.1,58.4
Kalibr,1,7505.09,1983.17,248.162,-820.806,857.5,-1.27719,1.2,0.45,58.5
Kinzhal,2,8994.12,5006.17,958.529,-1005.1,1388.89,-0.809112,2,0.12,58.5
Geran2,3,2504.87,4048.17,-41.9054,-414.554,416.667,-1.67154,2.8,1.1,58.5
Kalibr,1,7505.09,1983.17,248.162,-820.806,857.5,-1.27719,1.2,0.45,58.6
Kinzhal,2,8994.12,5006.17,958.529,-1005.1,1388.89,-0.809112,2,0.12,58.6
Geran2,3,2504.87,4048.17,-41.9054,-414.554,416.667,-1.67154,2.8,1.1,58.6
Kalibr,1,7505.09,1983.17,248.162,-820.806,857.5,-1.27719,1.2,0.45,58.7
Kinzhal,2,8994.12,5006.17,958.529,-1005.1,1388.89,-0.809112,2,0.12,58.7
Geran2,3,2504.87,4048.17,-41.9054,-414.554,416.667,-1.67154,2.8,1.1,58.7
Kalibr,1,7505.09,1983.17,248.162,-820.806,857.5,-1.27719,1.2,0.45,58.8
Kinzhal,2,8994.12,5006.17,958.529,-1005.1,1388.89,-0.809112,2,0.12,58.8
Geran2,3,2504.87,4048.17,-41.9054,-414.554,416.667,-1.67154,2.8,1.1,58.8
Kalibr,1,7505.09,1983.17,248.162,-820.806,857.5,-1.27719,1.2,0.45,58.9
Kinzhal,2,8994.12,5006.17,958.529,-1005.1,1388.89,-0.809112,2,0.12,58.9
Geran2,3,2504.87,4048.17,-41.9054,-414.554,416.667,-1.67154,2.8,1.1,58.9
Kalibr,1,7505.09,1983.17,248.162,-820.806,857.5,-1.27719,1.2,0.45,59
Kinzhal,2,8994.12,5006.17,958.529,-1005.1,1388.89,-0.809112,2,0.12,59
Geran2,3,2504.87,4048.17,-41.9054,-414.554,416.667,-1.67154,2.8,1.1,59
Kalibr,1,7505.09,1983.17,248.162,-820.806,857.5,-1.27719,1.2,0.45,59.1
Kinzhal,2,8994.12,5006.17,958.529,-1005.1,1388.89,-0.809112,2,0.12,59.1
Geran2,3,2504.87,4048.17,-41.9054,-414.554,416.667,-1.67154,2.8,1.1,59.1
Kalibr,1,7505.09,1983.17,248.162,-820.806,857.5,-1.27719,1.2,0.45,59.2
Kinzhal,2,8994.12,5006.17,958.529,-1005.1,1388.89,-0.809112,2,0.12,59.2
Geran2,3,2504.87,4048.17,-41.9054,-414.554,416.667,-1.67154,2.8,1.1,59.2
Kalibr,1,7505.09,1983.17,248.162,-820.806,857.5,-1.27719,1.2,0.45,59.3
Kinzhal,2,8994.12,5006.17,958.529,-1005.1,1388.89,-0.809112,2,0.12,59.3
Geran2,3,2504.87,4048.17,-41.9054,-414.554,416.667,-1.67154,2.8,1.1,59.3
Kalibr,1,7505.09,1983.17,248.162,-820.806,857.5,-1.27719,1.2,0.45,59.4
Kinzhal,2,8994.12,5006.17,958.529,-1005.1,1388.89,-0.809112,2,0.12,59.4
Geran2,3,2504.87,4048.17,-41.9054,-414.554,416.667,-1.67154,2.8,1.1,59.4
Kalibr,1,7505.09,1983.17,248.162,-820.806,857.5,-1.27719,1.2,0.45,59.5
Kinzhal,2,8994.12,5006.17,958.529,-1005.1,1388.89,-0.809112,2,0.12,59.5
Geran2,3,2504.87,4048.17,-41.9054,-414.554,416.667,-1.67154,2.8,1.1,59.5
Kalibr,1,7505.09,1983.17,248.162,-820.806,857.5,-1.27719,1.2,0.45,59.6
Kinzhal,2,8994.12,5006.17,958.529,-1005.1,1388.89,-0.809112,2,0.12,59.6
Geran2,3,2504.87,4048.17,-41.9054,-414.554,416.667,-1.67154,2.8,1.1,59.6
Kalibr,1,7505.09,1983.17,248.162,-820.806,857.5,-1.27719,1.2,0.45,59.7
Kinzhal,2,8994.12,5006.17,958.529,-1005.1,1388.89,-0.809112,2,0.12,59.7
Geran2,3,2504.87,4048.17,-41.9054,-414.554,416.667,-1.67154,2.8,1.1,59.7
Kalibr,1,7505.09,1983.17,248.162,-820.806,857.5,-1.27719,1.2,0.45,59.8
Kinzhal,2,8994.12,5006.17,958.529,-1005.1,1388.89,-0.809112,2,0.12,59.8
Geran2,3,2504.87,4048.17,-41.9054,-414.554,416.667,-1.67154,2.8,1.1,59.8
Kalibr,1,7505.09,1983.17,248.162,-820.806,857.5,-1.27719,1.2,0.45,59.9
Kinzhal,2,8994.12,5006.17,958.529,-1005.1,1388.89,-0.809112,2,0.12,59.9
Geran2,3,2504.87,4048.17,-41.9054,-414.554,416.667,-1.67154,2.8,1.1,59.9
Kalibr,1,7505.09,1983.17,248.162,-820.806,857.5,-1.27719,1.2,0.45,60
Kinzhal,2,8994.12,5006.17,958.529,-1005.1,1388.89,-0.809112,2,0.12,60
Geran2,3,2504.87,4048.17,-41.9054,-414.554,416.667,-1.67154,2.8,1.1,60
Kalibr,1,7505.09,1983.17,248.162,-820.806,857.5,-1.27719,1.2,0.45,60.1
Kinzhal,2,8994.12,5006.17,958.529,-1005.1,1388.89,-0.809112,2,0.12,60.1
Geran2,3,2504.87,4048.17,-41.9054,-414.554,416.667,-1.67154,2.8,1.1,60.1
Kalibr,1,7505.09,1983.17,248.162,-820.806,857.5,-1.27719,1.2,0.45,60.2
Kinzhal,2,8994.12,5006.17,958.529,-1005.1,1388.89,-0.809112,2,0.12,60.2
Geran2,3,2504.87,4048.17,-41.9054,-414.554,416.667,-1.67154,2.8,1.1,60.2
Kalibr,1,7505.09,1983.17,248.162,-820.806,857.5,-1.27719,1.2,0.45,60.3
Kinzhal,2,8994.12,5006.17,958.529,-1005.1,1388.89,-0.809112,2,0.12,60.3
Geran2,3,2504.87,4048.17,-41.9054,-414.554,416.667,-1.67154,2.8,1.1,60.3
Kalibr,1,7505.09,1983.17,248.162,-820.806,857.5,-1.27719,1.2,0.45,60.4
Kinzhal,2,8994.12,5006.17,958.529,-1005.1,1388.89,-0.809112,2,0.12,60.4
Geran2,3,2504.87,4048.17,-41.9054,-414.554,416.667,-1.67154,2.8,1.1,60.4
Kalibr,1,7505.09,1983.17,248.162,-820.806,857.5,-1.27719,1.2,0.45,60.5
Kinzhal,2,8994.12,5006.17,958.529,-1005.1,1388.89,-0.809112,2,0.12,60.5
Geran2,3,2504.87,4048.17,-41.9054,-414.554,416.667,-1.67154,2.8,1.1,60.5
Kalibr,1,7505.09,1983.17,248.162,-820.806,857.5,-1.27719,1.2,0.45,60.6
Kinzhal,2,8994.12,5006.17,958.529,-1005.1,1388.89,-0.809112,2,0.12,60.6
Geran2,3,2504.87,4048.17,-41.9054,-414.554,416.667,-1.67154,2.8,1.1,60.6
Kalibr,1,7505.09,1983.17,248.162,-820.806,857.5,-1.27719,1.2,0.45,60.7
Kinzhal,2,8994.12,5006.17,958.529,-1005.1,1388.89,-0.809112,2,0.12,60.7
Geran2,3,2504.87,4048.17,-41.9054,-414.554,416.667,-1.67154,2.8,1.1,60.7
Kalibr,1,7505.09,1983.17,248.162,-820.806,857.5,-1.27719,1.2,0.45,60.8
Kinzhal,2,8994.12,5006.17,958.529,-1005.1,1388.89,-0.809112,2,0.12,60.8
Geran2,3,2504.87,4048.17,-41.9054,-414.554,416.667,-1.67154,2.8,1.1,60.8
Kalibr,1,7505.09,1983.17,248.162,-820.806,857.5,-1.27719,1.2,0.45,60.9
Kinzhal,2,8994.12,5006.17,958.529,-1005.1,1388.89,-0.809112,2,0.12,60.9
Geran2,3,2504.87,4048.17,-41.9054,-414.554,416.667,-1.67154,2.8,1.1,60.9
Kalibr,1,7505.09,1983.17,248.162,-820.806,857.5,-1.27719,1.2,0.45,61
Kinzhal,2,8994.12,5006.17,958.529,-1005.1,1388.89,-0.809112,2,0.12,61
Geran2,3,2504.87,4048.17,-41.9054,-414.554,416.667,-1.67154,2.8,1.1,61
Kalibr,1,7505.09,1983.17,248.162,-820.806,857.5,-1.27719,1.2,0.45,61.1
Kinzhal,2,8994.12,5006.17,958.529,-1005.1,1388.89,-0.809112,2,0.12,61.1
Geran2,3,2504.87,4048.17,-41.9054,-414.554,416.667,-1.67154,2.8,1.1,61.1
Kalibr,1,7505.09,1983.17,248.162,-820.806,857.5,-1.27719,1.2,0.45,61.2
Kinzhal,2,8994.12,5006.17,958.529,-1005.1,1388.89,-0.809112,2,0.12,61.2
Geran2,3,2504.87,4048.17,-41.9054,-414.554,416.667,-1.67154,2.8,1.1,61.2
Kalibr,1,7505.09,1983.17,248.162,-820.806,857.5,-1.27719,1.2,0.45,61.3
Kinzhal,2,8994.12,5006.17,958.529,-1005.1,1388.89,-0.809112,2,0.12,61.3
Geran2,3,2504.87,4048.17,-41.9054,-414.554,416.667,-1.67154,2.8,1.1,61.3
Kalibr,1,7505.09,1983.17,248.162,-820.806,857.5,-1.27719,1.2,0.45,61.4
Kinzhal,2,8994.12,5006.17,958.529,-1005.1,1388.89,-0.809112,2,0.12,61.4
Geran2,3,2504.87,4048.17,-41.9054,-414.554,416.667,-1.67154,2.8,1.1,61.4
Kalibr,1,7505.09,1983.17,248.162,-820.806,857.5,-1.27719,1.2,0.45,61.5
Kinzhal,2,8994.12,5006.17,958.529,-1005.1,1388.89,-0.809112,2,0.12,61.5
Geran2,3,2504.87,4048.17,-41.9054,-414.554,416.667,-1.67154,2.8,1.1,61.5
Kalibr,1,7505.09,1983.17,248.162,-820.806,857.5,-1.27719,1.2,0.45,61.6
Kinzhal,2,8994.12,5006.17,958.529,-1005.1,1388.89,-0.809112,2,0.12,61.6
Geran2,3,2504.87,4048.17,-41.9054,-414.554,416.667,-1.67154,2.8,1.1,61.6
Kalibr,1,7505.09,1983.17,248.162,-820.806,857.5,-1.27719,1.2,0.45,61.7
Kinzhal,2,8994.12,5006.17,958.529,-1005.1,1388.89,-0.809112,2,0.12,61.7
Geran2,3,2504.87,4048.17,-41.9054,-414.554,416.667,-1.67154,2.8,1.1,61.7
Kalibr,1,7505.09,1983.17,248.162,-820.806,857.5,-1.27719,1.2,0.45,61.8
Kinzhal,2,8994.12,5006.17,958.529,-1005.1,1388.89,-0.809112,2,0.12,61.8
Geran2,3,2504.87,4048.17,-41.9054,-414.554,416.667,-1.67154,2.8,1.1,61.8
Kalibr,1,7505.09,1983.17,248.162,-820.806,857.5,-1.27719,1.2,0.45,61.9
Kinzhal,2,8994.12,5006.17,958.529,-1005.1,1388.89,-0.809112,2,0.12,61.9
Geran2,3,2504.87,4048.17,-41.9054,-414.554,416.667,-1.67154,2.8,1.1,61.9
Kalibr,1,7505.09,1983.17,248.162,-820.806,857.5,-1.27719,1.2,0.45,62
Kinzhal,2,8994.12,5006.17,958.529,-1005.1,1388.89,-0.809112,2,0.12,62
Geran2,3,2504.87,4048.17,-41.9054,-414.554,416.667,-1.67154,2.8,1.1,62
Kalibr,1,7505.09,1983.17,248.162,-820.806,857.5,-1.27719,1.2,0.45,62.1
Kinzhal,2,8994.12,5006.17,958.529,-1005.1,1388.89,-0.809112,2,0.12,62.1
Geran2,3,2504.87,4048.17,-41.9054,-414.554,416.667,-1.67154,2.8,1.1,62.1
Kalibr,1,7505.09,1983.17,248.162,-820.806,857.5,-1.27719,1.2,0.45,62.2
Kinzhal,2,8994.12,5006.17,958.529,-1005.1,1388.89,-0.809112,2,0.12,62.2
Geran2,3,2504.87,4048.17,-41.9054,-414.554,416.667,-1.67154,2.8,1.1,62.2
Kalibr,1,7505.09,1983.17,248.162,-820.806,857.5,-1.27719,1.2,0.45,62.3
Kinzhal,2,8994.12,5006.17,958.529,-1005.1,1388.89,-0.809112,2,0.12,62.3
Geran2,3,2504.87,4048.17,-41.9054,-414.554,416.667,-1.67154,2.8,1.1,62.3
Kalibr,1,7505.09,1983.17,248.162,-820.806,857.5,-1.27719,1.2,0.45,62.4
Kinzhal,2,8994.12,5006.17,958.529,-1005.1,1388.89,-0.809112,2,0.12,62.4
Geran2,3,2504.87,4048.17,-41.9054,-414.554,416.667,-1.67154,2.8,1.1,62.4
Kalibr,1,7505.09,1983.17,248.162,-820.806,857.5,-1.27719,1.2,0.45,62.5
Kinzhal,2,8994.12,5006.17,958.529,-1005.1,1388.89,-0.809112,2,0.12,62.5
Geran2,3,2504.87,4048.17,-41.9054,-414.554,416.667,-1.67154,2.8,1.1,62.5
Kalibr,1,7505.09,1983.17,248.162,-820.806,857.5,-1.27719,1.2,0.45,62.6
Kinzhal,2,8994.12,5006.17,958.529,-1005.1,1388.89,-0.809112,2,0.12,62.6
Geran2,3,2504.87,4048.17,-41.9054,-414.554,416.667,-1.67154,2.8,1.1,62.6
Kalibr,1,7505.09,1983.17,248.162,-820.806,857.5,-1.27719,1.2,0.45,62.7
Kinzhal,2,8994.12,5006.17,958.529,-1005.1,1388.89,-0.809112,2,0.12,62.7
Geran2,3,2504.87,4048.17,-41.9054,-414.554,416.667,-1.67154,2.8,1.1,62.7
Kalibr,1,7505.09,1983.17,248.162,-820.806,857.5,-1.27719,1.2,0.45,62.8
Kinzhal,2,8994.12,5006.17,958.529,-1005.1,1388.89,-0.809112,2,0.12,62.8
Geran2,3,2504.87,4048.17,-41.9054,-414.554,416.667,-1.67154,2.8,1.1,62.8
Kalibr,1,7505.09,1983.17,248.162,-820.806,857.5,-1.27719,1.2,0.45,62.9
Kinzhal,2,8994.12,5006.17,958.529,-1005.1,1388.89,-0.809112,2,0.12,62.9
Geran2,3,2504.87,4048.17,-41.9054,-414.554,416.667,-1.67154,2.8,1.1,62.9
Kalibr,1,7505.09,1983.17,248.162,-820.806,857.5,-1.27719,1.2,0.45,63
Kinzhal,2,8994.12,5006.17,958.529,-1005.1,1388.89,-0.809112,2,0.12,63
Geran2,3,2504.87,4048.17,-41.9054,-414.554,416.667,-1.67154,2.8,1.1,63
Kalibr,1,7505.09,1983.17,248.162,-820.806,857.5,-1.27719,1.2,0.45,63.1
Kinzhal,2,8994.12,5006.17,958.529,-1005.1,1388.89,-0.809112,2,0.12,63.1
Geran2,3,2504.87,4048.17,-41.9054,-414.554,416.667,-1.67154,2.8,1.1,63.1
Kalibr,1,7505.09,1983.17,248.162,-820.806,857.5,-1.27719,1.2,0.45,63.2
Kinzhal,2,8994.12,5006.17,958.529,-1005.1,1388.89,-0.809112,2,0.12,63.2
Geran2,3,2504.87,4048.17,-41.9054,-414.554,416.667,-1.67154,2.8,1.1,63.2
Kalibr,1,7505.09,1983.17,248.162,-820.806,857.5,-1.27719,1.2,0.45,63.3
Kinzhal,2,8994.12,5006.17,958.529,-1005.1,1388.89,-0.809112,2,0.12,63.3
Geran2,3,2504.87,4048.17,-41.9054,-414.554,416.667,-1.67154,2.8,1.1,63.3
Kalibr,1,7505.09,1983.17,248.162,-820.806,857.5,-1.27719,1.2,0.45,63.4
Kinzhal,2,8994.12,5006.17,958.529,-1005.1,1388.89,-0.809112,2,0.12,63.4
Geran2,3,2504.87,4048.17,-41.9054,-414.554,416.667,-1.67154,2.8,1.1,63.4
Kalibr,1,7505.09,1983.17,248.162,-820.806,857.5,-1.27719,1.2,0.45,63.5
Kinzhal,2,8994.12,5006.17,958.529,-1005.1,1388.89,-0.809112,2,0.12,63.5
Geran2,3,2504.87,4048.17,-41.9054,-414.554,416.667,-1.67154,2.8,1.1,63.5
Kalibr,1,7505.09,1983.17,248.162,-820.806,857.5,-1.27719,1.2,0.45,63.6
Kinzhal,2,8994.12,5006.17,958.529,-1005.1,1388.89,-0.809112,2,0.12,63.6
Geran2,3,2504.87,4048.17,-41.9054,-414.554,416.667,-1.67154,2.8,1.1,63.6
Kalibr,1,7505.09,1983.17,248.162,-820.806,857.5,-1.27719,1.2,0.45,63.7
Kinzhal,2,8994.12,5006.17,958.529,-1005.1,1388.89,-0.809112,2,0.12,63.7
Geran2,3,2504.87,4048.17,-41.9054,-414.554,416.667,-1.67154,2.8,1.1,63.7
Kalibr,1,7505.09,1983.17,248.162,-820.806,857.5,-1.27719,1.2,0.45,63.8
Kinzhal,2,8994.12,5006.17,958.529,-1005.1,1388.89,-0.809112,2,0.12,63.8
Geran2,3,2504.87,4048.17,-41.9054,-414.554,416.667,-1.67154,2.8,1.1,63.8
Kalibr,1,7505.09,1983.17,248.162,-820.806,857.5,-1.27719,1.2,0.45,63.9
Kinzhal,2,8994.12,5006.17,958.529,-1005.1,1388.89,-0.809112,2,0.12,63.9
Geran2,3,2504.87,4048.17,-41.9054,-414.554,416.667,-1.67154,2.8,1.1,63.9
Kalibr,1,7505.09,1983.17,248.162,-820.806,857.5,-1.27719,1.2,0.45,64
Kinzhal,2,8994.12,5006.17,958.529,-1005.1,1388.89,-0.809112,2,0.12,64
Geran2,3,2504.87,4048.17,-41.9054,-414.554,416.667,-1.67154,2.8,1.1,64
Kalibr,1,7505.09,1983.17,248.162,-820.806,857.5,-1.27719,1.2,0.45,64.1
Kinzhal,2,8994.12,5006.17,958.529,-1005.1,1388.89,-0.809112,2,0.12,64.1
Geran2,3,2504.87,4048.17,-41.9054,-414.554,416.667,-1.67154,2.8,1.1,64.1
Kalibr,1,7505.09,1983.17,248.162,-820.806,857.5,-1.27719,1.2,0.45,64.2
Kinzhal,2,8994.12,5006.17,958.529,-1005.1,1388.89,-0.809112,2,0.12,64.2
Geran2,3,2504.87,4048.17,-41.9054,-414.554,416.667,-1.67154,2.8,1.1,64.2
Kalibr,1,7505.09,1983.17,248.162,-820.806,857.5,-1.27719,1.2,0.45,64.3
Kinzhal,2,8994.12,5006.17,958.529,-1005.1,1388.89,-0.809112,2,0.12,64.3
Geran2,3,2504.87,4048.17,-41.9054,-414.554,416.667,-1.67154,2.8,1.1,64.3
Kalibr,1,7505.09,1983.17,248.162,-820.806,857.5,-1.27719,1.2,0.45,64.4
Kinzhal,2,8994.12,5006.17,958.529,-1005.1,1388.89,-0.809112,2,0.12,64.4
Geran2,3,2504.87,4048.17,-41.9054,-414.554,416.667,-1.67154,2.8,1.1,64.4
Kalibr,1,7505.09,1983.17,248.162,-820.806,857.5,-1.27719,1.2,0.45,64.5
Kinzhal,2,8994.12,5006.17,958.529,-1005.1,1388.89,-0.809112,2,0.12,64.5
Geran2,3,2504.87,4048.17,-41.9054,-414.554,416.667,-1.67154,2.8,1.1,64.5
Kalibr,1,7505.09,1983.17,248.162,-820.806,857.5,-1.27719,1.2,0.45,64.6
Kinzhal,2,8994.12,5006.17,958.529,-1005.1,1388.89,-0.809112,2,0.12,64.6
Geran2,3,2504.87,4048.17,-41.9054,-414.554,416.667,-1.67154,2.8,1.1,64.6
Kalibr,1,7505.09,1983.17,248.162,-820.806,857.5,-1.27719,1.2,0.45,64.7
Kinzhal,2,8994.12,5006.17,958.529,-1005.1,1388.89,-0.809112,2,0.12,64.7
Geran2,3,2504.87,4048.17,-41.9054,-414.554,416.667,-1.67154,2.8,1.1,64.7
Kalibr,1,7505.09,1983.17,248.162,-820.806,857.5,-1.27719,1.2,0.45,64.8
Kinzhal,2,8994.12,5006.17,958.529,-1005.1,1388.89,-0.809112,2,0.12,64.8
Geran2,3,2504.87,4048.17,-41.9054,-414.554,416.667,-1.67154,2.8,1.1,64.8
Kalibr,1,7505.09,1983.17,248.162,-820.806,857.5,-1.27719,1.2,0.45,64.9
Kinzhal,2,8994.12,5006.17,958.529,-1005.1,1388.89,-0.809112,2,0.12,64.9
Geran2,3,2504.87,4048.17,-41.9054,-414.554,416.667,-1.67154,2.8,1.1,64.9
Kalibr,1,7505.09,1983.17,248.162,-820.806,857.5,-1.27719,1.2,0.45,65
Kinzhal,2,8994.12,5006.17,958.529,-1005.1,1388.89,-0.809112,2,0.12,65
Geran2,3,2504.87,4048.17,-41.9054,-414.554,416.667,-1.67154,2.8,1.1,65
Kalibr,1,7505.09,1983.17,248.162,-820.806,857.5,-1.27719,1.2,0.45,65.1
Kinzhal,2,8994.12,5006.17,958.529,-1005.1,1388.89,-0.809112,2,0.12,65.1
Geran2,3,2504.87,4048.17,-41.9054,-414.554,416.667,-1.67154,2.8,1.1,65.1
Kalibr,1,7505.09,1983.17,248.162,-820.806,857.5,-1.27719,1.2,0.45,65.2
Kinzhal,2,8994.12,5006.17,958.529,-1005.1,1388.89,-0.809112,2,0.12,65.2
Geran2,3,2504.87,4048.17,-41.9054,-414.554,416.667,-1.67154,2.8,1.1,65.2
Kalibr,1,7505.09,1983.17,248.162,-820.806,857.5,-1.27719,1.2,0.45,65.3
Kinzhal,2,8994.12,5006.17,958.529,-1005.1,1388.89,-0.809112,2,0.12,65.3
Geran2,3,2504.87,4048.17,-41.9054,-414.554,416.667,-1.67154,2.8,1.1,65.3
Kalibr,1,7505.09,1983.17,248.162,-820.806,857.5,-1.27719,1.2,0.45,65.4
Kinzhal,2,8994.12,5006.17,958.529,-1005.1,1388.89,-0.809112,2,0.12,65.4
Geran2,3,2504.87,4048.17,-41.9054,-414.554,416.667,-1.67154,2.8,1.1,65.4
Kalibr,1,7505.09,1983.17,248.162,-820.806,857.5,-1.27719,1.2,0.45,65.5
Kinzhal,2,8994.12,5006.17,958.529,-1005.1,1388.89,-0.809112,2,0.12,65.5
Geran2,3,2504.87,4048.17,-41.9054,-414.554,416.667,-1.67154,2.8,1.1,65.5
Kalibr,1,7505.09,1983.17,248.162,-820.806,857.5,-1.27719,1.2,0.45,65.6
Kinzhal,2,8994.12,5006.17,958.529,-1005.1,1388.89,-0.809112,2,0.12,65.6
Geran2,3,2504.87,4048.17,-41.9054,-414.554,416.667,-1.67154,2.8,1.1,65.6
Kalibr,1,7505.09,1983.17,248.162,-820.806,857.5,-1.27719,1.2,0.45,65.7
Kinzhal,2,8994.12,5006.17,958.529,-1005.1,1388.89,-0.809112,2,0.12,65.7
Geran2,3,2504.87,4048.17,-41.9054,-414.554,416.667,-1.67154,2.8,1.1,65.7
Kalibr,1,7505.09,1983.17,248.162,-820.806,857.5,-1.27719,1.2,0.45,65.8
Kinzhal,2,8994.12,5006.17,958.529,-1005.1,1388.89,-0.809112,2,0.12,65.8
Geran2,3,2504.87,4048.17,-41.9054,-414.554,416.667,-1.67154,2.8,1.1,65.8
Kalibr,1,7505.09,1983.17,248.162,-820.806,857.5,-1.27719,1.2,0.45,65.9
Kinzhal,2,8994.12,5006.17,958.529,-1005.1,1388.89,-0.809112,2,0.12,65.9
Geran2,3,2504.87,4048.17,-41.9054,-414.554,416.667,-1.67154,2.8,1.1,65.9
Kalibr,1,7505.09,1983.17,248.162,-820.806,857.5,-1.27719,1.2,0.45,66
Kinzhal,2,8994.12,5006.17,958.529,-1005.1,1388.89,-0.809112,2,0.12,66
Geran2,3,2504.87,4048.17,-41.9054,-414.554,416.667,-1.67154,2.8,1.1,66
Kalibr,1,7505.09,1983.17,248.162,-820.806,857.5,-1.27719,1.2,0.45,66.1
Kinzhal,2,8994.12,5006.17,958.529,-1005.1,1388.89,-0.809112,2,0.12,66.1
Geran2,3,2504.87,4048.17,-41.9054,-414.554,416.667,-1.67154,2.8,1.1,66.1
Kalibr,1,7505.09,1983.17,248.162,-820.806,857.5,-1.27719,1.2,0.45,66.2
Kinzhal,2,8994.12,5006.17,958.529,-1005.1,1388.89,-0.809112,2,0.12,66.2
Geran2,3,2504.87,4048.17,-41.9054,-414.554,416.667,-1.67154,2.8,1.1,66.2
Kalibr,1,7505.09,1983.17,248.162,-820.806,857.5,-1.27719,1.2,0.45,66.3
Kinzhal,2,8994.12,5006.17,958.529,-1005.1,1388.89,-0.809112,2,0.12,66.3
Geran2,3,2504.87,4048.17,-41.9054,-414.554,416.667,-1.67154,2.8,1.1,66.3
Kalibr,1,7505.09,1983.17,248.162,-820.806,857.5,-1.27719,1.2,0.45,66.4
Kinzhal,2,8994.12,5006.17,958.529,-1005.1,1388.89,-0.809112,2,0.12,66.4
Geran2,3,2504.87,4048.17,-41.9054,-414.554,416.667,-1.67154,2.8,1.1,66.4
Kalibr,1,7505.09,1983.17,248.162,-820.806,857.5,-1.27719,1.2,0.45,66.5
Kinzhal,2,8994.12,5006.17,958.529,-1005.1,1388.89,-0.809112,2,0.12,66.5
Geran2,3,2504.87,4048.17,-41.9054,-414.554,416.667,-1.67154,2.8,1.1,66.5
Kalibr,1,7505.09,1983.17,248.162,-820.806,857.5,-1.27719,1.2,0.45,66.6
Kinzhal,2,8994.12,5006.17,958.529,-1005.1,1388.89,-0.809112,2,0.12,66.6
Geran2,3,2504.87,4048.17,-41.9054,-414.554,416.667,-1.67154,2.8,1.1,66.6
Kalibr,1,7505.09,1983.17,248.162,-820.806,857.5,-1.27719,1.2,0.45,66.7
Kinzhal,2,8994.12,5006.17,958.529,-1005.1,1388.89,-0.809112,2,0.12,66.7
Geran2,3,2504.87,4048.17,-41.9054,-414.554,416.667,-1.67154,2.8,1.1,66.7
Kalibr,1,7505.09,1983.17,248.162,-820.806,857.5,-1.27719,1.2,0.45,66.8
Kinzhal,2,8994.12,5006.17,958.529,-1005.1,1388.89,-0.809112,2,0.12,66.8
Geran2,3,2504.87,4048.17,-41.9054,-414.554,416.667,-1.67154,2.8,1.1,66.8
Kalibr,1,7505.09,1983.17,248.162,-820.806,857.5,-1.27719,1.2,0.45,66.9
Kinzhal,2,8994.12,5006.17,958.529,-1005.1,1388.89,-0.809112,2,0.12,66.9
Geran2,3,2504.87,4048.17,-41.9054,-414.554,416.667,-1.67154,2.8,1.1,66.9
Kalibr,1,7505.09,1983.17,248.162,-820.806,857.5,-1.27719,1.2,0.45,67
Kinzhal,2,8994.12,5006.17,958.529,-1005.1,1388.89,-0.809112,2,0.12,67
Geran2,3,2504.87,4048.17,-41.9054,-414.554,416.667,-1.67154,2.8,1.1,67
Kalibr,1,7505.09,1983.17,248.162,-820.806,857.5,-1.27719,1.2,0.45,67.1
Kinzhal,2,8994.12,5006.17,958.529,-1005.1,1388.89,-0.809112,2,0.12,67.1
Geran2,3,2504.87,4048.17,-41.9054,-414.554,416.667,-1.67154,2.8,1.1,67.1
Kalibr,1,7505.09,1983.17,248.162,-820.806,857.5,-1.27719,1.2,0.45,67.2
Kinzhal,2,8994.12,5006.17,958.529,-1005.1,1388.89,-0.809112,2,0.12,67.2
Geran2,3,2504.87,4048.17,-41.9054,-414.554,416.667,-1.67154,2.8,1.1,67.2
Kalibr,1,7505.09,1983.17,248.162,-820.806,857.5,-1.27719,1.2,0.45,67.3
Kinzhal,2,8994.12,5006.17,958.529,-1005.1,1388.89,-0.809112,2,0.12,67.3
Geran2,3,2504.87,4048.17,-41.9054,-414.554,416.667,-1.67154,2.8,1.1,67.3
Kalibr,1,7505.09,1983.17,248.162,-820.806,857.5,-1.27719,1.2,0.45,67.4
Kinzhal,2,8994.12,5006.17,958.529,-1005.1,1388.89,-0.809112,2,0.12,67.4
Geran2,3,2504.87,4048.17,-41.9054,-414.554,416.667,-1.67154,2.8,1.1,67.4
Kalibr,1,7505.09,1983.17,248.162,-820.806,857.5,-1.27719,1.2,0.45,67.5
Kinzhal,2,8994.12,5006.17,958.529,-1005.1,1388.89,-0.809112,2,0.12,67.5
Geran2,3,2504.87,4048.17,-41.9054,-414.554,416.667,-1.67154,2.8,1.1,67.5
Kalibr,1,7505.09,1983.17,248.162,-820.806,857.5,-1.27719,1.2,0.45,67.6
Kinzhal,2,8994.12,5006.17,958.529,-1005.1,1388.89,-0.809112,2,0.12,67.6
Geran2,3,2504.87,4048.17,-41.9054,-414.554,416.667,-1.67154,2.8,1.1,67.6
Kalibr,1,7505.09,1983.17,248.162,-820.806,857.5,-1.27719,1.2,0.45,67.7
Kinzhal,2,8994.12,5006.17,958.529,-1005.1,1388.89,-0.809112,2,0.12,67.7
Geran2,3,2504.87,4048.17,-41.9054,-414.554,416.667,-1.67154,2.8,1.1,67.7
Kalibr,1,7505.09,1983.17,248.162,-820.806,857.5,-1.27719,1.2,0.45,67.8
Kinzhal,2,8994.12,5006.17,958.529,-1005.1,1388.89,-0.809112,2,0.12,67.8
Geran2,3,2504.87,4048.17,-41.9054,-414.554,416.667,-1.67154,2.8,1.1,67.8
Kalibr,1,7505.09,1983.17,248.162,-820.806,857.5,-1.27719,1.2,0.45,67.9
Kinzhal,2,8994.12,5006.17,958.529,-1005.1,1388.89,-0.809112,2,0.12,67.9
Geran2,3,2504.87,4048.17,-41.9054,-414.554,416.667,-1.67154,2.8,1.1,67.9
Kalibr,1,7505.09,1983.17,248.162,-820.806,857.5,-1.27719,1.2,0.45,68
Kinzhal,2,8994.12,5006.17,958.529,-1005.1,1388.89,-0.809112,2,0.12,68
Geran2,3,2504.87,4048.17,-41.9054,-414.554,416.667,-1.67154,2.8,1.1,68
Kalibr,1,7505.09,1983.17,248.162,-820.806,857.5,-1.27719,1.2,0.45,68.1
Kinzhal,2,8994.12,5006.17,958.529,-1005.1,1388.89,-0.809112,2,0.12,68.1
Geran2,3,2504.87,4048.17,-41.9054,-414.554,416.667,-1.67154,2.8,1.1,68.1
Kalibr,1,7505.09,1983.17,248.162,-820.806,857.5,-1.27719,1.2,0.45,68.2
Kinzhal,2,8994.12,5006.17,958.529,-1005.1,1388.89,-0.809112,2,0.12,68.2
Geran2,3,2504.87,4048.17,-41.9054,-414.554,416.667,-1.67154,2.8,1.1,68.2
Kalibr,1,7505.09,1983.17,248.162,-820.806,857.5,-1.27719,1.2,0.45,68.3
Kinzhal,2,8994.12,5006.17,958.529,-1005.1,1388.89,-0.809112,2,0.12,68.3
Geran2,3,2504.87,4048.17,-41.9054,-414.554,416.667,-1.67154,2.8,1.1,68.3
Kalibr,1,7505.09,1983.17,248.162,-820.806,857.5,-1.27719,1.2,0.45,68.4
Kinzhal,2,8994.12,5006.17,958.529,-1005.1,1388.89,-0.809112,2,0.12,68.4
Geran2,3,2504.87,4048.17,-41.9054,-414.554,416.667,-1.67154,2.8,1.1,68.4
Kalibr,1,7505.09,1983.17,248.162,-820.806,857.5,-1.27719,1.2,0.45,68.5
Kinzhal,2,8994.12,5006.17,958.529,-1005.1,1388.89,-0.809112,2,0.12,68.5
Geran2,3,2504.87,4048.17,-41.9054,-414.554,416.667,-1.67154,2.8,1.1,68.5
Kalibr,1,7505.09,1983.17,248.162,-820.806,857.5,-1.27719,1.2,0.45,68.6
Kinzhal,2,8994.12,5006.17,958.529,-1005.1,1388.89,-0.809112,2,0.12,68.6
Geran2,3,2504.87,4048.17,-41.9054,-414.554,416.667,-1.67154,2.8,1.1,68.6
Kalibr,1,7505.09,1983.17,248.162,-820.806,857.5,-1.27719,1.2,0.45,68.7
Kinzhal,2,8994.12,5006.17,958.529,-1005.1,1388.89,-0.809112,2,0.12,68.7
Geran2,3,2504.87,4048.17,-41.9054,-414.554,416.667,-1.67154,2.8,1.1,68.7
Kalibr,1,7505.09,1983.17,248.162,-820.806,857.5,-1.27719,1.2,0.45,68.8
Kinzhal,2,8994.12,5006.17,958.529,-1005.1,1388.89,-0.809112,2,0.12,68.8
Geran2,3,2504.87,4048.17,-41.9054,-414.554,416.667,-1.67154,2.8,1.1,68.8
Kalibr,1,7505.09,1983.17,248.162,-820.806,857.5,-1.27719,1.2,0.45,68.9
Kinzhal,2,8994.12,5006.17,958.529,-1005.1,1388.89,-0.809112,2,0.12,68.9
Geran2,3,2504.87,4048.17,-41.9054,-414.554,416.667,-1.67154,2.8,1.1,68.9
Kalibr,1,7505.09,1983.17,248.162,-820.806,857.5,-1.27719,1.2,0.45,69
Kinzhal,2,8994.12,5006.17,958.529,-1005.1,1388.89,-0.809112,2,0.12,69
Geran2,3,2504.87,4048.17,-41.9054,-414.554,416.667,-1.67154,2.8,1.1,69
Kalibr,1,7505.09,1983.17,248.162,-820.806,857.5,-1.27719,1.2,0.45,69.1
Kinzhal,2,8994.12,5006.17,958.529,-1005.1,1388.89,-0.809112,2,0.12,69.1
Geran2,3,2504.87,4048.17,-41.9054,-414.554,416.667,-1.67154,2.8,1.1,69.1
Kalibr,1,7505.09,1983.17,248.162,-820.806,857.5,-1.27719,1.2,0.45,69.2
Kinzhal,2,8994.12,5006.17,958.529,-1005.1,1388.89,-0.809112,2,0.12,69.2
Geran2,3,2504.87,4048.17,-41.9054,-414.554,416.667,-1.67154,2.8,1.1,69.2
Kalibr,1,7505.09,1983.17,248.162,-820.806,857.5,-1.27719,1.2,0.45,69.3
Kinzhal,2,8994.12,5006.17,958.529,-1005.1,1388.89,-0.809112,2,0.12,69.3
Geran2,3,2504.87,4048.17,-41.9054,-414.554,416.667,-1.67154,2.8,1.1,69.3
Kalibr,1,7505.09,1983.17,248.162,-820.806,857.5,-1.27719,1.2,0.45,69.4
Kinzhal,2,8994.12,5006.17,958.529,-1005.1,1388.89,-0.809112,2,0.12,69.4
Geran2,3,2504.87,4048.17,-41.9054,-414.554,416.667,-1.67154,2.8,1.1,69.4
Kalibr,1,7505.09,1983.17,248.162,-820.806,857.5,-1.27719,1.2,0.45,69.5
Kinzhal,2,8994.12,5006.17,958.529,-1005.1,1388.89,-0.809112,2,0.12,69.5
Geran2,3,2504.87,4048.17,-41.9054,-414.554,416.667,-1.67154,2.8,1.1,69.5
Kalibr,1,7505.09,1983.17,248.162,-820.806,857.5,-1.27719,1.2,0.45,69.6
Kinzhal,2,8994.12,5006.17,958.529,-1005.1,1388.89,-0.809112,2,0.12,69.6
Geran2,3,2504.87,4048.17,-41.9054,-414.554,416.667,-1.67154,2.8,1.1,69.6
Kalibr,1,7505.09,1983.17,248.162,-820.806,857.5,-1.27719,1.2,0.45,69.7
Kinzhal,2,8994.12,5006.17,958.529,-1005.1,1388.89,-0.809112,2,0.12,69.7
Geran2,3,2504.87,4048.17,-41.9054,-414.554,416.667,-1.67154,2.8,1.1,69.7
Kalibr,1,7505.09,1983.17,248.162,-820.806,857.5,-1.27719,1.2,0.45,69.8
Kinzhal,2,8994.12,5006.17,958.529,-1005.1,1388.89,-0.809112,2,0.12,69.8
Geran2,3,2504.87,4048.17,-41.9054,-414.554,416.667,-1.67154,2.8,1.1,69.8
Kalibr,1,7505.09,1983.17,248.162,-820.806,857.5,-1.27719,1.2,0.45,69.9
Kinzhal,2,8994.12,5006.17,958.529,-1005.1,1388.89,-0.809112,2,0.12,69.9
Geran2,3,2504.87,4048.17,-41.9054,-414.554,416.667,-1.67154,2.8,1.1,69.9
Kalibr,1,7505.09,1983.17,248.162,-820.806,857.5,-1.27719,1.2,0.45,70
Kinzhal,2,8994.12,5006.17,958.529,-1005.1,1388.89,-0.809112,2,0.12,70
Geran2,3,2504.87,4048.17,-41.9054,-414.554,416.667,-1.67154,2.8,1.1,70
Kalibr,1,7505.09,1983.17,248.162,-820.806,857.5,-1.27719,1.2,0.45,70.1
Kinzhal,2,8994.12,5006.17,958.529,-1005.1,1388.89,-0.809112,2,0.12,70.1
Geran2,3,2504.87,4048.17,-41.9054,-414.554,416.667,-1.67154,2.8,1.1,70.1
Kalibr,1,7505.09,1983.17,248.162,-820.806,857.5,-1.27719,1.2,0.45,70.2
Kinzhal,2,8994.12,5006.17,958.529,-1005.1,1388.89,-0.809112,2,0.12,70.2
Geran2,3,2504.87,4048.17,-41.9054,-414.554,416.667,-1.67154,2.8,1.1,70.2
Kalibr,1,7505.09,1983.17,248.162,-820.806,857.5,-1.27719,1.2,0.45,70.3
Kinzhal,2,8994.12,5006.17,958.529,-1005.1,1388.89,-0.809112,2,0.12,70.3
Geran2,3,2504.87,4048.17,-41.9054,-414.554,416.667,-1.67154,2.8,1.1,70.3
Kalibr,1,7505.09,1983.17,248.162,-820.806,857.5,-1.27719,1.2,0.45,70.4
Kinzhal,2,8994.12,5006.17,958.529,-1005.1,1388.89,-0.809112,2,0.12,70.4
Geran2,3,2504.87,4048.17,-41.9054,-414.554,416.667,-1.67154,2.8,1.1,70.4
Kalibr,1,7505.09,1983.17,248.162,-820.806,857.5,-1.27719,1.2,0.45,70.5
Kinzhal,2,8994.12,5006.17,958.529,-1005.1,1388.89,-0.809112,2,0.12,70.5
Geran2,3,2504.87,4048.17,-41.9054,-414.554,416.667,-1.67154,2.8,1.1,70.5
Kalibr,1,7505.09,1983.17,248.162,-820.806,857.5,-1.27719,1.2,0.45,70.6
Kinzhal,2,8994.12,5006.17,958.529,-1005.1,1388.89,-0.809112,2,0.12,70.6
Geran2,3,2504.87,4048.17,-41.9054,-414.554,416.667,-1.67154,2.8,1.1,70.6
Kalibr,1,7505.09,1983.17,248.162,-820.806,857.5,-1.27719,1.2,0.45,70.7
Kinzhal,2,8994.12,5006.17,958.529,-1005.1,1388.89,-0.809112,2,0.12,70.7
Geran2,3,2504.87,4048.17,-41.9054,-414.554,416.667,-1.67154,2.8,1.1,70.7
Kalibr,1,7505.09,1983.17,248.162,-820.806,857.5,-1.27719,1.2,0.45,70.8
Kinzhal,2,8994.12,5006.17,958.529,-1005.1,1388.89,-0.809112,2,0.12,70.8
Geran2,3,2504.87,4048.17,-41.9054,-414.554,416.667,-1.67154,2.8,1.1,70.8
Kalibr,1,7505.09,1983.17,248.162,-820.806,857.5,-1.27719,1.2,0.45,70.9
Kinzhal,2,8994.12,5006.17,958.529,-1005.1,1388.89,-0.809112,2,0.12,70.9
Geran2,3,2504.87,4048.17,-41.9054,-414.554,416.667,-1.67154,2.8,1.1,70.9
Kalibr,1,7505.09,1983.17,248.162,-820.806,857.5,-1.27719,1.2,0.45,71
Kinzhal,2,8994.12,5006.17,958.529,-1005.1,1388.89,-0.809112,2,0.12,71
Geran2,3,2504.87,4048.17,-41.9054,-414.554,416.667,-1.67154,2.8,1.1,71
Kalibr,1,7505.09,1983.17,248.162,-820.806,857.5,-1.27719,1.2,0.45,71.1
Kinzhal,2,8994.12,5006.17,958.529,-1005.1,1388.89,-0.809112,2,0.12,71.1
Geran2,3,2504.87,4048.17,-41.9054,-414.554,416.667,-1.67154,2.8,1.1,71.1
Kalibr,1,7505.09,1983.17,248.162,-820.806,857.5,-1.27719,1.2,0.45,71.2
Kinzhal,2,8994.12,5006.17,958.529,-1005.1,1388.89,-0.809112,2,0.12,71.2
Geran2,3,2504.87,4048.17,-41.9054,-414.554,416.667,-1.67154,2.8,1.1,71.2
Kalibr,1,7505.09,1983.17,248.162,-820.806,857.5,-1.27719,1.2,0.45,71.3
Kinzhal,2,8994.12,5006.17,958.529,-1005.1,1388.89,-0.809112,2,0.12,71.3
Geran2,3,2504.87,4048.17,-41.9054,-414.554,416.667,-1.67154,2.8,1.1,71.3
Kalibr,1,7505.09,1983.17,248.162,-820.806,857.5,-1.27719,1.2,0.45,71.4
Kinzhal,2,8994.12,5006.17,958.529,-1005.1,1388.89,-0.809112,2,0.12,71.4
Geran2,3,2504.87,4048.17,-41.9054,-414.554,416.667,-1.67154,2.8,1.1,71.4
Kalibr,1,7505.09,1983.17,248.162,-820.806,857.5,-1.27719,1.2,0.45,71.5
Kinzhal,2,8994.12,5006.17,958.529,-1005.1,1388.89,-0.809112,2,0.12,71.5
Geran2,3,2504.87,4048.17,-41.9054,-414.554,416.667,-1.67154,2.8,1.1,71.5
Kalibr,1,7505.09,1983.17,248.162,-820.806,857.5,-1.27719,1.2,0.45,71.6
Kinzhal,2,8994.12,5006.17,958.529,-1005.1,1388.89,-0.809112,2,0.12,71.6
Geran2,3,2504.87,4048.17,-41.9054,-414.554,416.667,-1.67154,2.8,1.1,71.6
Kalibr,1,7505.09,1983.17,248.162,-820.806,857.5,-1.27719,1.2,0.45,71.7
Kinzhal,2,8994.12,5006.17,958.529,-1005.1,1388.89,-0.809112,2,0.12,71.7
Geran2,3,2504.87,4048.17,-41.9054,-414.554,416.667,-1.67154,2.8,1.1,71.7
Kalibr,1,7505.09,1983.17,248.162,-820.806,857.5,-1.27719,1.2,0.45,71.8
Kinzhal,2,8994.12,5006.17,958.529,-1005.1,1388.89,-0.809112,2,0.12,71.8
Geran2,3,2504.87,4048.17,-41.9054,-414.554,416.667,-1.67154,2.8,1.1,71.8
Kalibr,1,7505.09,1983.17,248.162,-820.806,857.5,-1.27719,1.2,0.45,71.9
Kinzhal,2,8994.12,5006.17,958.529,-1005.1,1388.89,-0.809112,2,0.12,71.9
Geran2,3,2504.87,4048.17,-41.9054,-414.554,416.667,-1.67154,2.8,1.1,71.9
Kalibr,1,7505.09,1983.17,248.162,-820.806,857.5,-1.27719,1.2,0.45,72
Kinzhal,2,8994.12,5006.17,958.529,-1005.1,1388.89,-0.809112,2,0.12,72
Geran2,3,2504.87,4048.17,-41.9054,-414.554,416.667,-1.67154,2.8,1.1,72
Kalibr,1,7505.09,1983.17,248.162,-820.806,857.5,-1.27719,1.2,0.45,72.1
Kinzhal,2,8994.12,5006.17,958.529,-1005.1,1388.89,-0.809112,2,0.12,72.1
Geran2,3,2504.87,4048.17,-41.9054,-414.554,416.667,-1.67154,2.8,1.1,72.1
Kalibr,1,7505.09,1983.17,248.162,-820.806,857.5,-1.27719,1.2,0.45,72.2
Kinzhal,2,8994.12,5006.17,958.529,-1005.1,1388.89,-0.809112,2,0.12,72.2
Geran2,3,2504.87,4048.17,-41.9054,-414.554,416.667,-1.67154,2.8,1.1,72.2
Kalibr,1,7505.09,1983.17,248.162,-820.806,857.5,-1.27719,1.2,0.45,72.3
Kinzhal,2,8994.12,5006.17,958.529,-1005.1,1388.89,-0.809112,2,0.12,72.3
Geran2,3,2504.87,4048.17,-41.9054,-414.554,416.667,-1.67154,2.8,1.1,72.3
Kalibr,1,7505.09,1983.17,248.162,-820.806,857.5,-1.27719,1.2,0.45,72.4
Kinzhal,2,8994.12,5006.17,958.529,-1005.1,1388.89,-0.809112,2,0.12,72.4
Geran2,3,2504.87,4048.17,-41.9054,-414.554,416.667,-1.67154,2.8,1.1,72.4
Kalibr,1,7505.09,1983.17,248.162,-820.806,857.5,-1.27719,1.2,0.45,72.5
Kinzhal,2,8994.12,5006.17,958.529,-1005.1,1388.89,-0.809112,2,0.12,72.5
Geran2,3,2504.87,4048.17,-41.9054,-414.554,416.667,-1.67154,2.8,1.1,72.5
Kalibr,1,7505.09,1983.17,248.162,-820.806,857.5,-1.27719,1.2,0.45,72.6
Kinzhal,2,8994.12,5006.17,958.529,-1005.1,1388.89,-0.809112,2,0.12,72.6
Geran2,3,2504.87,4048.17,-41.9054,-414.554,416.667,-1.67154,2.8,1.1,72.6
Kalibr,1,7505.09,1983.17,248.162,-820.806,857.5,-1.27719,1.2,0.45,72.7
Kinzhal,2,8994.12,5006.17,958.529,-1005.1,1388.89,-0.809112,2,0.12,72.7
Geran2,3,2504.87,4048.17,-41.9054,-414.554,416.667,-1.67154,2.8,1.1,72.7
Kalibr,1,7505.09,1983.17,248.162,-820.806,857.5,-1.27719,1.2,0.45,72.8
Kinzhal,2,8994.12,5006.17,958.529,-1005.1,1388.89,-0.809112,2,0.12,72.8
Geran2,3,2504.87,4048.17,-41.9054,-414.554,416.667,-1.67154,2.8,1.1,72.8
Kalibr,1,7505.09,1983.17,248.162,-820.806,857.5,-1.27719,1.2,0.45,72.9
Kinzhal,2,8994.12,5006.17,958.529,-1005.1,1388.89,-0.809112,2,0.12,72.9
Geran2,3,2504.87,4048.17,-41.9054,-414.554,416.667,-1.67154,2.8,1.1,72.9
Kalibr,1,7505.09,1983.17,248.162,-820.806,857.5,-1.27719,1.2,0.45,73
Kinzhal,2,8994.12,5006.17,958.529,-1005.1,1388.89,-0.809112,2,0.12,73
Geran2,3,2504.87,4048.17,-41.9054,-414.554,416.667,-1.67154,2.8,1.1,73
Kalibr,1,7505.09,1983.17,248.162,-820.806,857.5,-1.27719,1.2,0.45,73.1
Kinzhal,2,8994.12,5006.17,958.529,-1005.1,1388.89,-0.809112,2,0.12,73.1
Geran2,3,2504.87,4048.17,-41.9054,-414.554,416.667,-1.67154,2.8,1.1,73.1
Kalibr,1,7505.09,1983.17,248.162,-820.806,857.5,-1.27719,1.2,0.45,73.2
Kinzhal,2,8994.12,5006.17,958.529,-1005.1,1388.89,-0.809112,2,0.12,73.2
Geran2,3,2504.87,4048.17,-41.9054,-414.554,416.667,-1.67154,2.8,1.1,73.2
Kalibr,1,7505.09,1983.17,248.162,-820.806,857.5,-1.27719,1.2,0.45,73.3
Kinzhal,2,8994.12,5006.17,958.529,-1005.1,1388.89,-0.809112,2,0.12,73.3
Geran2,3,2504.87,4048.17,-41.9054,-414.554,416.667,-1.67154,2.8,1.1,73.3
Kalibr,1,7505.09,1983.17,248.162,-820.806,857.5,-1.27719,1.2,0.45,73.4
Kinzhal,2,8994.12,5006.17,958.529,-1005.1,1388.89,-0.809112,2,0.12,73.4
Geran2,3,2504.87,4048.17,-41.9054,-414.554,416.667,-1.67154,2.8,1.1,73.4
Kalibr,1,7505.09,1983.17,248.162,-820.806,857.5,-1.27719,1.2,0.45,73.5
Kinzhal,2,8994.12,5006.17,958.529,-1005.1,1388.89,-0.809112,2,0.12,73.5
Geran2,3,2504.87,4048.17,-41.9054,-414.554,416.667,-1.67154,2.8,1.1,73.5
Kalibr,1,7505.09,1983.17,248.162,-820.806,857.5,-1.27719,1.2,0.45,73.6
Kinzhal,2,8994.12,5006.17,958.529,-1005.1,1388.89,-0.809112,2,0.12,73.6
Geran2,3,2504.87,4048.17,-41.9054,-414.554,416.667,-1.67154,2.8,1.1,73.6
Kalibr,1,7505.09,1983.17,248.162,-820.806,857.5,-1.27719,1.2,0.45,73.7
Kinzhal,2,8994.12,5006.17,958.529,-1005.1,1388.89,-0.809112,2,0.12,73.7
Geran2,3,2504.87,4048.17,-41.9054,-414.554,416.667,-1.67154,2.8,1.1,73.7
Kalibr,1,7505.09,1983.17,248.162,-820.806,857.5,-1.27719,1.2,0.45,73.8
Kinzhal,2,8994.12,5006.17,958.529,-1005.1,1388.89,-0.809112,2,0.12,73.8
Geran2,3,2504.87,4048.17,-41.9054,-414.554,416.667,-1.67154,2.8,1.1,73.8
Kalibr,1,7505.09,1983.17,248.162,-820.806,857.5,-1.27719,1.2,0.45,73.9
Kinzhal,2,8994.12,5006.17,958.529,-1005.1,1388.89,-0.809112,2,0.12,73.9
Geran2,3,2504.87,4048.17,-41.9054,-414.554,416.667,-1.67154,2.8,1.1,73.9
Kalibr,1,7505.09,1983.17,248.162,-820.806,857.5,-1.27719,1.2,0.45,74
Kinzhal,2,8994.12,5006.17,958.529,-1005.1,1388.89,-0.809112,2,0.12,74
Geran2,3,2504.87,4048.17,-41.9054,-414.554,416.667,-1.67154,2.8,1.1,74
Kalibr,1,7505.09,1983.17,248.162,-820.806,857.5,-1.27719,1.2,0.45,74.1
Kinzhal,2,8994.12,5006.17,958.529,-1005.1,1388.89,-0.809112,2,0.12,74.1
Geran2,3,2504.87,4048.17,-41.9054,-414.554,416.667,-1.67154,2.8,1.1,74.1
Kalibr,1,7505.09,1983.17,248.162,-820.806,857.5,-1.27719,1.2,0.45,74.2
Kinzhal,2,8994.12,5006.17,958.529,-1005.1,1388.89,-0.809112,2,0.12,74.2
Geran2,3,2504.87,4048.17,-41.9054,-414.554,416.667,-1.67154,2.8,1.1,74.2
Kalibr,1,7505.09,1983.17,248.162,-820.806,857.5,-1.27719,1.2,0.45,74.3
Kinzhal,2,8994.12,5006.17,958.529,-1005.1,1388.89,-0.809112,2,0.12,74.3
Geran2,3,2504.87,4048.17,-41.9054,-414.554,416.667,-1.67154,2.8,1.1,74.3
Kalibr,1,7505.09,1983.17,248.162,-820.806,857.5,-1.27719,1.2,0.45,74.4
Kinzhal,2,8994.12,5006.17,958.529,-1005.1,1388.89,-0.809112,2,0.12,74.4
Geran2,3,2504.87,4048.17,-41.9054,-414.554,416.667,-1.67154,2.8,1.1,74.4
Kalibr,1,7505.09,1983.17,248.162,-820.806,857.5,-1.27719,1.2,0.45,74.5
Kinzhal,2,8994.12,5006.17,958.529,-1005.1,1388.89,-0.809112,2,0.12,74.5
Geran2,3,2504.87,4048.17,-41.9054,-414.554,416.667,-1.67154,2.8,1.1,74.5
Kalibr,1,7505.09,1983.17,248.162,-820.806,857.5,-1.27719,1.2,0.45,74.6
Kinzhal,2,8994.12,5006.17,958.529,-1005.1,1388.89,-0.809112,2,0.12,74.6
Geran2,3,2504.87,4048.17,-41.9054,-414.554,416.667,-1.67154,2.8,1.1,74.6
Kalibr,1,7505.09,1983.17,248.162,-820.806,857.5,-1.27719,1.2,0.45,74.7
Kinzhal,2,8994.12,5006.17,958.529,-1005.1,1388.89,-0.809112,2,0.12,74.7
Geran2,3,2504.87,4048.17,-41.9054,-414.554,416.667,-1.67154,2.8,1.1,74.7
Kalibr,1,7505.09,1983.17,248.162,-820.806,857.5,-1.27719,1.2,0.45,74.8
Kinzhal,2,8994.12,5006.17,958.529,-1005.1,1388.89,-0.809112,2,0.12,74.8
Geran2,3,2504.87,4048.17,-41.9054,-414.554,416.667,-1.67154,2.8,1.1,74.8
Kalibr,1,7505.09,1983.17,248.162,-820.806,857.5,-1.27719,1.2,0.45,74.9
Kinzhal,2,8994.12,5006.17,958.529,-1005.1,1388.89,-0.809112,2,0.12,74.9
Geran2,3,2504.87,4048.17,-41.9054,-414.554,416.667,-1.67154,2.8,1.1,74.9
Kalibr,1,7505.09,1983.17,248.162,-820.806,857.5,-1.27719,1.2,0.45,75
Kinzhal,2,8994.12,5006.17,958.529,-1005.1,1388.89,-0.809112,2,0.12,75
Geran2,3,2504.87,4048.17,-41.9054,-414.554,416.667,-1.67154,2.8,1.1,75
Kalibr,1,7505.09,1983.17,248.162,-820.806,857.5,-1.27719,1.2,0.45,75.1
Kinzhal,2,8994.12,5006.17,958.529,-1005.1,1388.89,-0.809112,2,0.12,75.1
Geran2,3,2504.87,4048.17,-41.9054,-414.554,416.667,-1.67154,2.8,1.1,75.1
Kalibr,1,7505.09,1983.17,248.162,-820.806,857.5,-1.27719,1.2,0.45,75.2
Kinzhal,2,8994.12,5006.17,958.529,-1005.1,1388.89,-0.809112,2,0.12,75.2
Geran2,3,2504.87,4048.17,-41.9054,-414.554,416.667,-1.67154,2.8,1.1,75.2
Kalibr,1,7505.09,1983.17,248.162,-820.806,857.5,-1.27719,1.2,0.45,75.3
Kinzhal,2,8994.12,5006.17,958.529,-1005.1,1388.89,-0.809112,2,0.12,75.3
Geran2,3,2504.87,4048.17,-41.9054,-414.554,416.667,-1.67154,2.8,1.1,75.3
Kalibr,1,7505.09,1983.17,248.162,-820.806,857.5,-1.27719,1.2,0.45,75.4
Kinzhal,2,8994.12,5006.17,958.529,-1005.1,1388.89,-0.809112,2,0.12,75.4
Geran2,3,2504.87,4048.17,-41.9054,-414.554,416.667,-1.67154,2.8,1.1,75.4
Kalibr,1,7505.09,1983.17,248.162,-820.806,857.5,-1.27719,1.2,0.45,75.5
Kinzhal,2,8994.12,5006.17,958.529,-1005.1,1388.89,-0.809112,2,0.12,75.5
Geran2,3,2504.87,4048.17,-41.9054,-414.554,416.667,-1.67154,2.8,1.1,75.5
Kalibr,1,7505.09,1983.17,248.162,-820.806,857.5,-1.27719,1.2,0.45,75.6
Kinzhal,2,8994.12,5006.17,958.529,-1005.1,1388.89,-0.809112,2,0.12,75.6
Geran2,3,2504.87,4048.17,-41.9054,-414.554,416.667,-1.67154,2.8,1.1,75.6
Kalibr,1,7505.09,1983.17,248.162,-820.806,857.5,-1.27719,1.2,0.45,75.7
Kinzhal,2,8994.12,5006.17,958.529,-1005.1,1388.89,-0.809112,2,0.12,75.7
Geran2,3,2504.87,4048.17,-41.9054,-414.554,416.667,-1.67154,2.8,1.1,75.7
Kalibr,1,7505.09,1983.17,248.162,-820.806,857.5,-1.27719,1.2,0.45,75.8
Kinzhal,2,8994.12,5006.17,958.529,-1005.1,1388.89,-0.809112,2,0.12,75.8
Geran2,3,2504.87,4048.17,-41.9054,-414.554,416.667,-1.67154,2.8,1.1,75.8
Kalibr,1,7505.09,1983.17,248.162,-820.806,857.5,-1.27719,1.2,0.45,75.9
Kinzhal,2,8994.12,5006.17,958.529,-1005.1,1388.89,-0.809112,2,0.12,75.9
Geran2,3,2504.87,4048.17,-41.9054,-414.554,416.667,-1.67154,2.8,1.1,75.9
Kalibr,1,7505.09,1983.17,248.162,-820.806,857.5,-1.27719,1.2,0.45,76
Kinzhal,2,8994.12,5006.17,958.529,-1005.1,1388.89,-0.809112,2,0.12,76
Geran2,3,2504.87,4048.17,-41.9054,-414.554,416.667,-1.67154,2.8,1.1,76
Kalibr,1,7505.09,1983.17,248.162,-820.806,857.5,-1.27719,1.2,0.45,76.1
Kinzhal,2,8994.12,5006.17,958.529,-1005.1,1388.89,-0.809112,2,0.12,76.1
Geran2,3,2504.87,4048.17,-41.9054,-414.554,416.667,-1.67154,2.8,1.1,76.1
Kalibr,1,7505.09,1983.17,248.162,-820.806,857.5,-1.27719,1.2,0.45,76.2
Kinzhal,2,8994.12,5006.17,958.529,-1005.1,1388.89,-0.809112,2,0.12,76.2
Geran2,3,2504.87,4048.17,-41.9054,-414.554,416.667,-1.67154,2.8,1.1,76.2
Kalibr,1,7505.09,1983.17,248.162,-820.806,857.5,-1.27719,1.2,0.45,76.3
Kinzhal,2,8994.12,5006.17,958.529,-1005.1,1388.89,-0.809112,2,0.12,76.3
Geran2,3,2504.87,4048.17,-41.9054,-414.554,416.667,-1.67154,2.8,1.1,76.3
Kalibr,1,7505.09,1983.17,248.162,-820.806,857.5,-1.27719,1.2,0.45,76.4
Kinzhal,2,8994.12,5006.17,958.529,-1005.1,1388.89,-0.809112,2,0.12,76.4
Geran2,3,2504.87,4048.17,-41.9054,-414.554,416.667,-1.67154,2.8,1.1,76.4
Kalibr,1,7505.09,1983.17,248.162,-820.806,857.5,-1.27719,1.2,0.45,76.5
Kinzhal,2,8994.12,5006.17,958.529,-1005.1,1388.89,-0.809112,2,0.12,76.5
Geran2,3,2504.87,4048.17,-41.9054,-414.554,416.667,-1.67154,2.8,1.1,76.5
Kalibr,1,7505.09,1983.17,248.162,-820.806,857.5,-1.27719,1.2,0.45,76.6
Kinzhal,2,8994.12,5006.17,958.529,-1005.1,1388.89,-0.809112,2,0.12,76.6
Geran2,3,2504.87,4048.17,-41.9054,-414.554,416.667,-1.67154,2.8,1.1,76.6
Kalibr,1,7505.09,1983.17,248.162,-820.806,857.5,-1.27719,1.2,0.45,76.7
Kinzhal,2,8994.12,5006.17,958.529,-1005.1,1388.89,-0.809112,2,0.12,76.7
Geran2,3,2504.87,4048.17,-41.9054,-414.554,416.667,-1.67154,2.8,1.1,76.7
Kalibr,1,7505.09,1983.17,248.162,-820.806,857.5,-1.27719,1.2,0.45,76.8
Kinzhal,2,8994.12,5006.17,958.529,-1005.1,1388.89,-0.809112,2,0.12,76.8
Geran2,3,2504.87,4048.17,-41.9054,-414.554,416.667,-1.67154,2.8,1.1,76.8
Kalibr,1,7505.09,1983.17,248.162,-820.806,857.5,-1.27719,1.2,0.45,76.9
Kinzhal,2,8994.12,5006.17,958.529,-1005.1,1388.89,-0.809112,2,0.12,76.9
Geran2,3,2504.87,4048.17,-41.9054,-414.554,416.667,-1.67154,2.8,1.1,76.9
Kalibr,1,7505.09,1983.17,248.162,-820.806,857.5,-1.27719,1.2,0.45,77
Kinzhal,2,8994.12,5006.17,958.529,-1005.1,1388.89,-0.809112,2,0.12,77
Geran2,3,2504.87,4048.17,-41.9054,-414.554,416.667,-1.67154,2.8,1.1,77
Kalibr,1,7505.09,1983.17,248.162,-820.806,857.5,-1.27719,1.2,0.45,77.1
Kinzhal,2,8994.12,5006.17,958.529,-1005.1,1388.89,-0.809112,2,0.12,77.1
Geran2,3,2504.87,4048.17,-41.9054,-414.554,416.667,-1.67154,2.8,1.1,77.1
Kalibr,1,7505.09,1983.17,248.162,-820.806,857.5,-1.27719,1.2,0.45,77.2
Kinzhal,2,8994.12,5006.17,958.529,-1005.1,1388.89,-0.809112,2,0.12,77.2
Geran2,3,2504.87,4048.17,-41.9054,-414.554,416.667,-1.67154,2.8,1.1,77.2
Kalibr,1,7505.09,1983.17,248.162,-820.806,857.5,-1.27719,1.2,0.45,77.3
Kinzhal,2,8994.12,5006.17,958.529,-1005.1,1388.89,-0.809112,2,0.12,77.3
Geran2,3,2504.87,4048.17,-41.9054,-414.554,416.667,-1.67154,2.8,1.1,77.3
Kalibr,1,7505.09,1983.17,248.162,-820.806,857.5,-1.27719,1.2,0.45,77.4
Kinzhal,2,8994.12,5006.17,958.529,-1005.1,1388.89,-0.809112,2,0.12,77.4
Geran2,3,2504.87,4048.17,-41.9054,-414.554,416.667,-1.67154,2.8,1.1,77.4
Kalibr,1,7505.09,1983.17,248.162,-820.806,857.5,-1.27719,1.2,0.45,77.5
Kinzhal,2,8994.12,5006.17,958.529,-1005.1,1388.89,-0.809112,2,0.12,77.5
Geran2,3,2504.87,4048.17,-41.9054,-414.554,416.667,-1.67154,2.8,1.1,77.5
Kalibr,1,7505.09,1983.17,248.162,-820.806,857.5,-1.27719,1.2,0.45,77.6
Kinzhal,2,8994.12,5006.17,958.529,-1005.1,1388.89,-0.809112,2,0.12,77.6
Geran2,3,2504.87,4048.17,-41.9054,-414.554,416.667,-1.67154,2.8,1.1,77.6
Kalibr,1,7505.09,1983.17,248.162,-820.806,857.5,-1.27719,1.2,0.45,77.7
Kinzhal,2,8994.12,5006.17,958.529,-1005.1,1388.89,-0.809112,2,0.12,77.7
Geran2,3,2504.87,4048.17,-41.9054,-414.554,416.667,-1.67154,2.8,1.1,77.7
Kalibr,1,7505.09,1983.17,248.162,-820.806,857.5,-1.27719,1.2,0.45,77.8
Kinzhal,2,8994.12,5006.17,958.529,-1005.1,1388.89,-0.809112,2,0.12,77.8
Geran2,3,2504.87,4048.17,-41.9054,-414.554,416.667,-1.67154,2.8,1.1,77.8
Kalibr,1,7505.09,1983.17,248.162,-820.806,857.5,-1.27719,1.2,0.45,77.9
Kinzhal,2,8994.12,5006.17,958.529,-1005.1,1388.89,-0.809112,2,0.12,77.9
Geran2,3,2504.87,4048.17,-41.9054,-414.554,416.667,-1.67154,2.8,1.1,77.9
Kalibr,1,7505.09,1983.17,248.162,-820.806,857.5,-1.27719,1.2,0.45,78
Kinzhal,2,8994.12,5006.17,958.529,-1005.1,1388.89,-0.809112,2,0.12,78
Geran2,3,2504.87,4048.17,-41.9054,-414.554,416.667,-1.67154,2.8,1.1,78
Kalibr,1,7505.09,1983.17,248.162,-820.806,857.5,-1.27719,1.2,0.45,78.1
Kinzhal,2,8994.12,5006.17,958.529,-1005.1,1388.89,-0.809112,2,0.12,78.1
Geran2,3,2504.87,4048.17,-41.9054,-414.554,416.667,-1.67154,2.8,1.1,78.1
Kalibr,1,7505.09,1983.17,248.162,-820.806,857.5,-1.27719,1.2,0.45,78.2
Kinzhal,2,8994.12,5006.17,958.529,-1005.1,1388.89,-0.809112,2,0.12,78.2
Geran2,3,2504.87,4048.17,-41.9054,-414.554,416.667,-1.67154,2.8,1.1,78.2
Kalibr,1,7505.09,1983.17,248.162,-820.806,857.5,-1.27719,1.2,0.45,78.3
Kinzhal,2,8994.12,5006.17,958.529,-1005.1,1388.89,-0.809112,2,0.12,78.3
Geran2,3,2504.87,4048.17,-41.9054,-414.554,416.667,-1.67154,2.8,1.1,78.3
Kalibr,1,7505.09,1983.17,248.162,-820.806,857.5,-1.27719,1.2,0.45,78.4
Kinzhal,2,8994.12,5006.17,958.529,-1005.1,1388.89,-0.809112,2,0.12,78.4
Geran2,3,2504.87,4048.17,-41.9054,-414.554,416.667,-1.67154,2.8,1.1,78.4
Kalibr,1,7505.09,1983.17,248.162,-820.806,857.5,-1.27719,1.2,0.45,78.5
Kinzhal,2,8994.12,5006.17,958.529,-1005.1,1388.89,-0.809112,2,0.12,78.5
Geran2,3,2504.87,4048.17,-41.9054,-414.554,416.667,-1.67154,2.8,1.1,78.5
Kalibr,1,7505.09,1983.17,248.162,-820.806,857.5,-1.27719,1.2,0.45,78.6
Kinzhal,2,8994.12,5006.17,958.529,-1005.1,1388.89,-0.809112,2,0.12,78.6
Geran2,3,2504.87,4048.17,-41.9054,-414.554,416.667,-1.67154,2.8,1.1,78.6
Kalibr,1,7505.09,1983.17,248.162,-820.806,857.5,-1.27719,1.2,0.45,78.7
Kinzhal,2,8994.12,5006.17,958.529,-1005.1,1388.89,-0.809112,2,0.12,78.7
Geran2,3,2504.87,4048.17,-41.9054,-414.554,416.667,-1.67154,2.8,1.1,78.7
Kalibr,1,7505.09,1983.17,248.162,-820.806,857.5,-1.27719,1.2,0.45,78.8
Kinzhal,2,8994.12,5006.17,958.529,-1005.1,1388.89,-0.809112,2,0.12,78.8
Geran2,3,2504.87,4048.17,-41.9054,-414.554,416.667,-1.67154,2.8,1.1,78.8
Kalibr,1,7505.09,1983.17,248.162,-820.806,857.5,-1.27719,1.2,0.45,78.9
Kinzhal,2,8994.12,5006.17,958.529,-1005.1,1388.89,-0.809112,2,0.12,78.9
Geran2,3,2504.87,4048.17,-41.9054,-414.554,416.667,-1.67154,2.8,1.1,78.9
Kalibr,1,7505.09,1983.17,248.162,-820.806,857.5,-1.27719,1.2,0.45,79
Kinzhal,2,8994.12,5006.17,958.529,-1005.1,1388.89,-0.809112,2,0.12,79
Geran2,3,2504.87,4048.17,-41.9054,-414.554,416.667,-1.67154,2.8,1.1,79
Kalibr,1,7505.09,1983.17,248.162,-820.806,857.5,-1.27719,1.2,0.45,79.1
Kinzhal,2,8994.12,5006.17,958.529,-1005.1,1388.89,-0.809112,2,0.12,79.1
Geran2,3,2504.87,4048.17,-41.9054,-414.554,416.667,-1.67154,2.8,1.1,79.1
Kalibr,1,7505.09,1983.17,248.162,-820.806,857.5,-1.27719,1.2,0.45,79.2
Kinzhal,2,8994.12,5006.17,958.529,-1005.1,1388.89,-0.809112,2,0.12,79.2
Geran2,3,2504.87,4048.17,-41.9054,-414.554,416.667,-1.67154,2.8,1.1,79.2
Kalibr,1,7505.09,1983.17,248.162,-820.806,857.5,-1.27719,1.2,0.45,79.3
Kinzhal,2,8994.12,5006.17,958.529,-1005.1,1388.89,-0.809112,2,0.12,79.3
Geran2,3,2504.87,4048.17,-41.9054,-414.554,416.667,-1.67154,2.8,1.1,79.3
Kalibr,1,7505.09,1983.17,248.162,-820.806,857.5,-1.27719,1.2,0.45,79.4
Kinzhal,2,8994.12,5006.17,958.529,-1005.1,1388.89,-0.809112,2,0.12,79.4
Geran2,3,2504.87,4048.17,-41.9054,-414.554,416.667,-1.67154,2.8,1.1,79.4
Kalibr,1,7505.09,1983.17,248.162,-820.806,857.5,-1.27719,1.2,0.45,79.5
Kinzhal,2,8994.12,5006.17,958.529,-1005.1,1388.89,-0.809112,2,0.12,79.5
Geran2,3,2504.87,4048.17,-41.9054,-414.554,416.667,-1.67154,2.8,1.1,79.5
Kalibr,1,7505.09,1983.17,248.162,-820.806,857.5,-1.27719,1.2,0.45,79.6
Kinzhal,2,8994.12,5006.17,958.529,-1005.1,1388.89,-0.809112,2,0.12,79.6
Geran2,3,2504.87,4048.17,-41.9054,-414.554,416.667,-1.67154,2.8,1.1,79.6
Kalibr,1,7505.09,1983.17,248.162,-820.806,857.5,-1.27719,1.2,0.45,79.7
Kinzhal,2,8994.12,5006.17,958.529,-1005.1,1388.89,-0.809112,2,0.12,79.7
Geran2,3,2504.87,4048.17,-41.9054,-414.554,416.667,-1.67154,2.8,1.1,79.7
Kalibr,1,7505.09,1983.17,248.162,-820.806,857.5,-1.27719,1.2,0.45,79.8
Kinzhal,2,8994.12,5006.17,958.529,-1005.1,1388.89,-0.809112,2,0.12,79.8
Geran2,3,2504.87,4048.17,-41.9054,-414.554,416.667,-1.67154,2.8,1.1,79.8
Kalibr,1,7505.09,1983.17,248.162,-820.806,857.5,-1.27719,1.2,0.45,79.9
Kinzhal,2,8994.12,5006.17,958.529,-1005.1,1388.89,-0.809112,2,0.12,79.9
Geran2,3,2504.87,4048.17,-41.9054,-414.554,416.667,-1.67154,2.8,1.1,79.9
Kalibr,1,7505.09,1983.17,248.162,-820.806,857.5,-1.27719,1.2,0.45,80
Kinzhal,2,8994.12,5006.17,958.529,-1005.1,1388.89,-0.809112,2,0.12,80
Geran2,3,2504.87,4048.17,-41.9054,-414.554,416.667,-1.67154,2.8,1.1,80
Kalibr,1,7505.09,1983.17,248.162,-820.806,857.5,-1.27719,1.2,0.45,80.1
Kinzhal,2,8994.12,5006.17,958.529,-1005.1,1388.89,-0.809112,2,0.12,80.1
Geran2,3,2504.87,4048.17,-41.9054,-414.554,416.667,-1.67154,2.8,1.1,80.1
Kalibr,1,7505.09,1983.17,248.162,-820.806,857.5,-1.27719,1.2,0.45,80.2
Kinzhal,2,8994.12,5006.17,958.529,-1005.1,1388.89,-0.809112,2,0.12,80.2
Geran2,3,2504.87,4048.17,-41.9054,-414.554,416.667,-1.67154,2.8,1.1,80.2
Kalibr,1,7505.09,1983.17,248.162,-820.806,857.5,-1.27719,1.2,0.45,80.3
Kinzhal,2,8994.12,5006.17,958.529,-1005.1,1388.89,-0.809112,2,0.12,80.3
Geran2,3,2504.87,4048.17,-41.9054,-414.554,416.667,-1.67154,2.8,1.1,80.3
Kalibr,1,7505.09,1983.17,248.162,-820.806,857.5,-1.27719,1.2,0.45,80.4
Kinzhal,2,8994.12,5006.17,958.529,-1005.1,1388.89,-0.809112,2,0.12,80.4
Geran2,3,2504.87,4048.17,-41.9054,-414.554,416.667,-1.67154,2.8,1.1,80.4
Kalibr,1,7505.09,1983.17,248.162,-820.806,857.5,-1.27719,1.2,0.45,80.5
Kinzhal,2,8994.12,5006.17,958.529,-1005.1,1388.89,-0.809112,2,0.12,80.5
Geran2,3,2504.87,4048.17,-41.9054,-414.554,416.667,-1.67154,2.8,1.1,80.5
Kalibr,1,7505.09,1983.17,248.162,-820.806,857.5,-1.27719,1.2,0.45,80.6
Kinzhal,2,8994.12,5006.17,958.529,-1005.1,1388.89,-0.809112,2,0.12,80.6
Geran2,3,2504.87,4048.17,-41.9054,-414.554,416.667,-1.67154,2.8,1.1,80.6
Kalibr,1,7505.09,1983.17,248.162,-820.806,857.5,-1.27719,1.2,0.45,80.7
Kinzhal,2,8994.12,5006.17,958.529,-1005.1,1388.89,-0.809112,2,0.12,80.7
Geran2,3,2504.87,4048.17,-41.9054,-414.554,416.667,-1.67154,2.8,1.1,80.7
Kalibr,1,7505.09,1983.17,248.162,-820.806,857.5,-1.27719,1.2,0.45,80.8
Kinzhal,2,8994.12,5006.17,958.529,-1005.1,1388.89,-0.809112,2,0.12,80.8
Geran2,3,2504.87,4048.17,-41.9054,-414.554,416.667,-1.67154,2.8,1.1,80.8
Kalibr,1,7505.09,1983.17,248.162,-820.806,857.5,-1.27719,1.2,0.45,80.9
Kinzhal,2,8994.12,5006.17,958.529,-1005.1,1388.89,-0.809112,2,0.12,80.9
Geran2,3,2504.87,4048.17,-41.9054,-414.554,416.667,-1.67154,2.8,1.1,80.9
Kalibr,1,7505.09,1983.17,248.162,-820.806,857.5,-1.27719,1.2,0.45,81
Kinzhal,2,8994.12,5006.17,958.529,-1005.1,1388.89,-0.809112,2,0.12,81
Geran2,3,2504.87,4048.17,-41.9054,-414.554,416.667,-1.67154,2.8,1.1,81
Kalibr,1,7505.09,1983.17,248.162,-820.806,857.5,-1.27719,1.2,0.45,81.1
Kinzhal,2,8994.12,5006.17,958.529,-1005.1,1388.89,-0.809112,2,0.12,81.1
Geran2,3,2504.87,4048.17,-41.9054,-414.554,416.667,-1.67154,2.8,1.1,81.1
Kalibr,1,7505.09,1983.17,248.162,-820.806,857.5,-1.27719,1.2,0.45,81.2
Kinzhal,2,8994.12,5006.17,958.529,-1005.1,1388.89,-0.809112,2,0.12,81.2
Geran2,3,2504.87,4048.17,-41.9054,-414.554,416.667,-1.67154,2.8,1.1,81.2
Kalibr,1,7505.09,1983.17,248.162,-820.806,857.5,-1.27719,1.2,0.45,81.3
Kinzhal,2,8994.12,5006.17,958.529,-1005.1,1388.89,-0.809112,2,0.12,81.3
Geran2,3,2504.87,4048.17,-41.9054,-414.554,416.667,-1.67154,2.8,1.1,81.3
Kalibr,1,7505.09,1983.17,248.162,-820.806,857.5,-1.27719,1.2,0.45,81.4
Kinzhal,2,8994.12,5006.17,958.529,-1005.1,1388.89,-0.809112,2,0.12,81.4
Geran2,3,2504.87,4048.17,-41.9054,-414.554,416.667,-1.67154,2.8,1.1,81.4
Kalibr,1,7505.09,1983.17,248.162,-820.806,857.5,-1.27719,1.2,0.45,81.5
Kinzhal,2,8994.12,5006.17,958.529,-1005.1,1388.89,-0.809112,2,0.12,81.5
Geran2,3,2504.87,4048.17,-41.9054,-414.554,416.667,-1.67154,2.8,1.1,81.5
Kalibr,1,7505.09,1983.17,248.162,-820.806,857.5,-1.27719,1.2,0.45,81.6
Kinzhal,2,8994.12,5006.17,958.529,-1005.1,1388.89,-0.809112,2,0.12,81.6
Geran2,3,2504.87,4048.17,-41.9054,-414.554,416.667,-1.67154,2.8,1.1,81.6
Kalibr,1,7505.09,1983.17,248.162,-820.806,857.5,-1.27719,1.2,0.45,81.7
Kinzhal,2,8994.12,5006.17,958.529,-1005.1,1388.89,-0.809112,2,0.12,81.7
Geran2,3,2504.87,4048.17,-41.9054,-414.554,416.667,-1.67154,2.8,1.1,81.7
Kalibr,1,7505.09,1983.17,248.162,-820.806,857.5,-1.27719,1.2,0.45,81.8
Kinzhal,2,8994.12,5006.17,958.529,-1005.1,1388.89,-0.809112,2,0.12,81.8
Geran2,3,2504.87,4048.17,-41.9054,-414.554,416.667,-1.67154,2.8,1.1,81.8
Kalibr,1,7505.09,1983.17,248.162,-820.806,857.5,-1.27719,1.2,0.45,81.9
Kinzhal,2,8994.12,5006.17,958.529,-1005.1,1388.89,-0.809112,2,0.12,81.9
Geran2,3,2504.87,4048.17,-41.9054,-414.554,416.667,-1.67154,2.8,1.1,81.9
Kalibr,1,7505.09,1983.17,248.162,-820.806,857.5,-1.27719,1.2,0.45,82
Kinzhal,2,8994.12,5006.17,958.529,-1005.1,1388.89,-0.809112,2,0.12,82
Geran2,3,2504.87,4048.17,-41.9054,-414.554,416.667,-1.67154,2.8,1.1,82
Kalibr,1,7505.09,1983.17,248.162,-820.806,857.5,-1.27719,1.2,0.45,82.1
Kinzhal,2,8994.12,5006.17,958.529,-1005.1,1388.89,-0.809112,2,0.12,82.1
Geran2,3,2504.87,4048.17,-41.9054,-414.554,416.667,-1.67154,2.8,1.1,82.1
Kalibr,1,7505.09,1983.17,248.162,-820.806,857.5,-1.27719,1.2,0.45,82.2
Kinzhal,2,8994.12,5006.17,958.529,-1005.1,1388.89,-0.809112,2,0.12,82.2
Geran2,3,2504.87,4048.17,-41.9054,-414.554,416.667,-1.67154,2.8,1.1,82.2
Kalibr,1,7505.09,1983.17,248.162,-820.806,857.5,-1.27719,1.2,0.45,82.3
Kinzhal,2,8994.12,5006.17,958.529,-1005.1,1388.89,-0.809112,2,0.12,82.3
Geran2,3,2504.87,4048.17,-41.9054,-414.554,416.667,-1.67154,2.8,1.1,82.3
Kalibr,1,7505.09,1983.17,248.162,-820.806,857.5,-1.27719,1.2,0.45,82.4
Kinzhal,2,8994.12,5006.17,958.529,-1005.1,1388.89,-0.809112,2,0.12,82.4
Geran2,3,2504.87,4048.17,-41.9054,-414.554,416.667,-1.67154,2.8,1.1,82.4
Kalibr,1,7505.09,1983.17,248.162,-820.806,857.5,-1.27719,1.2,0.45,82.5
Kinzhal,2,8994.12,5006.17,958.529,-1005.1,1388.89,-0.809112,2,0.12,82.5
Geran2,3,2504.87,4048.17,-41.9054,-414.554,416.667,-1.67154,2.8,1.1,82.5
Kalibr,1,7505.09,1983.17,248.162,-820.806,857.5,-1.27719,1.2,0.45,82.6
Kinzhal,2,8994.12,5006.17,958.529,-1005.1,1388.89,-0.809112,2,0.12,82.6
Geran2,3,2504.87,4048.17,-41.9054,-414.554,416.667,-1.67154,2.8,1.1,82.6
Kalibr,1,7505.09,1983.17,248.162,-820.806,857.5,-1.27719,1.2,0.45,82.7
Kinzhal,2,8994.12,5006.17,958.529,-1005.1,1388.89,-0.809112,2,0.12,82.7
Geran2,3,2504.87,4048.17,-41.9054,-414.554,416.667,-1.67154,2.8,1.1,82.7
Kalibr,1,7505.09,1983.17,248.162,-820.806,857.5,-1.27719,1.2,0.45,82.8
Kinzhal,2,8994.12,5006.17,958.529,-1005.1,1388.89,-0.809112,2,0.12,82.8
Geran2,3,2504.87,4048.17,-41.9054,-414.554,416.667,-1.67154,2.8,1.1,82.8
Kalibr,1,7505.09,1983.17,248.162,-820.806,857.5,-1.27719,1.2,0.45,82.9
Kinzhal,2,8994.12,5006.17,958.529,-1005.1,1388.89,-0.809112,2,0.12,82.9
Geran2,3,2504.87,4048.17,-41.9054,-414.554,416.667,-1.67154,2.8,1.1,82.9
Kalibr,1,7505.09,1983.17,248.162,-820.806,857.5,-1.27719,1.2,0.45,83
Kinzhal,2,8994.12,5006.17,958.529,-1005.1,1388.89,-0.809112,2,0.12,83
Geran2,3,2504.87,4048.17,-41.9054,-414.554,416.667,-1.67154,2.8,1.1,83
Kalibr,1,7505.09,1983.17,248.162,-820.806,857.5,-1.27719,1.2,0.45,83.1
Kinzhal,2,8994.12,5006.17,958.529,-1005.1,1388.89,-0.809112,2,0.12,83.1
Geran2,3,2504.87,4048.17,-41.9054,-414.554,416.667,-1.67154,2.8,1.1,83.1
Kalibr,1,7505.09,1983.17,248.162,-820.806,857.5,-1.27719,1.2,0.45,83.2
Kinzhal,2,8994.12,5006.17,958.529,-1005.1,1388.89,-0.809112,2,0.12,83.2
Geran2,3,2504.87,4048.17,-41.9054,-414.554,416.667,-1.67154,2.8,1.1,83.2
Kalibr,1,7505.09,1983.17,248.162,-820.806,857.5,-1.27719,1.2,0.45,83.3
Kinzhal,2,8994.12,5006.17,958.529,-1005.1,1388.89,-0.809112,2,0.12,83.3
Geran2,3,2504.87,4048.17,-41.9054,-414.554,416.667,-1.67154,2.8,1.1,83.3
Kalibr,1,7505.09,1983.17,248.162,-820.806,857.5,-1.27719,1.2,0.45,83.4
Kinzhal,2,8994.12,5006.17,958.529,-1005.1,1388.89,-0.809112,2,0.12,83.4
Geran2,3,2504.87,4048.17,-41.9054,-414.554,416.667,-1.67154,2.8,1.1,83.4
Kalibr,1,7505.09,1983.17,248.162,-820.806,857.5,-1.27719,1.2,0.45,83.5
Kinzhal,2,8994.12,5006.17,958.529,-1005.1,1388.89,-0.809112,2,0.12,83.5
Geran2,3,2504.87,4048.17,-41.9054,-414.554,416.667,-1.67154,2.8,1.1,83.5
Kalibr,1,7505.09,1983.17,248.162,-820.806,857.5,-1.27719,1.2,0.45,83.6
Kinzhal,2,8994.12,5006.17,958.529,-1005.1,1388.89,-0.809112,2,0.12,83.6
Geran2,3,2504.87,4048.17,-41.9054,-414.554,416.667,-1.67154,2.8,1.1,83.6
Kalibr,1,7505.09,1983.17,248.162,-820.806,857.5,-1.27719,1.2,0.45,83.7
Kinzhal,2,8994.12,5006.17,958.529,-1005.1,1388.89,-0.809112,2,0.12,83.7
Geran2,3,2504.87,4048.17,-41.9054,-414.554,416.667,-1.67154,2.8,1.1,83.7
Kalibr,1,7505.09,1983.17,248.162,-820.806,857.5,-1.27719,1.2,0.45,83.8
Kinzhal,2,8994.12,5006.17,958.529,-1005.1,1388.89,-0.809112,2,0.12,83.8
Geran2,3,2504.87,4048.17,-41.9054,-414.554,416.667,-1.67154,2.8,1.1,83.8
Kalibr,1,7505.09,1983.17,248.162,-820.806,857.5,-1.27719,1.2,0.45,83.9
Kinzhal,2,8994.12,5006.17,958.529,-1005.1,1388.89,-0.809112,2,0.12,83.9
Geran2,3,2504.87,4048.17,-41.9054,-414.554,416.667,-1.67154,2.8,1.1,83.9
Kalibr,1,7505.09,1983.17,248.162,-820.806,857.5,-1.27719,1.2,0.45,84
Kinzhal,2,8994.12,5006.17,958.529,-1005.1,1388.89,-0.809112,2,0.12,84
Geran2,3,2504.87,4048.17,-41.9054,-414.554,416.667,-1.67154,2.8,1.1,84
Kalibr,1,7505.09,1983.17,248.162,-820.806,857.5,-1.27719,1.2,0.45,84.1
Kinzhal,2,8994.12,5006.17,958.529,-1005.1,1388.89,-0.809112,2,0.12,84.1
Geran2,3,2504.87,4048.17,-41.9054,-414.554,416.667,-1.67154,2.8,1.1,84.1
Kalibr,1,7505.09,1983.17,248.162,-820.806,857.5,-1.27719,1.2,0.45,84.2
Kinzhal,2,8994.12,5006.17,958.529,-1005.1,1388.89,-0.809112,2,0.12,84.2
Geran2,3,2504.87,4048.17,-41.9054,-414.554,416.667,-1.67154,2.8,1.1,84.2
Kalibr,1,7505.09,1983.17,248.162,-820.806,857.5,-1.27719,1.2,0.45,84.3
Kinzhal,2,8994.12,5006.17,958.529,-1005.1,1388.89,-0.809112,2,0.12,84.3
Geran2,3,2504.87,4048.17,-41.9054,-414.554,416.667,-1.67154,2.8,1.1,84.3
Kalibr,1,7505.09,1983.17,248.162,-820.806,857.5,-1.27719,1.2,0.45,84.4
Kinzhal,2,8994.12,5006.17,958.529,-1005.1,1388.89,-0.809112,2,0.12,84.4
Geran2,3,2504.87,4048.17,-41.9054,-414.554,416.667,-1.67154,2.8,1.1,84.4
Kalibr,1,7505.09,1983.17,248.162,-820.806,857.5,-1.27719,1.2,0.45,84.5
Kinzhal,2,8994.12,5006.17,958.529,-1005.1,1388.89,-0.809112,2,0.12,84.5
Geran2,3,2504.87,4048.17,-41.9054,-414.554,416.667,-1.67154,2.8,1.1,84.5
Kalibr,1,7505.09,1983.17,248.162,-820.806,857.5,-1.27719,1.2,0.45,84.6
Kinzhal,2,8994.12,5006.17,958.529,-1005.1,1388.89,-0.809112,2,0.12,84.6
Geran2,3,2504.87,4048.17,-41.9054,-414.554,416.667,-1.67154,2.8,1.1,84.6
Kalibr,1,7505.09,1983.17,248.162,-820.806,857.5,-1.27719,1.2,0.45,84.7
Kinzhal,2,8994.12,5006.17,958.529,-1005.1,1388.89,-0.809112,2,0.12,84.7
Geran2,3,2504.87,4048.17,-41.9054,-414.554,416.667,-1.67154,2.8,1.1,84.7
Kalibr,1,7505.09,1983.17,248.162,-820.806,857.5,-1.27719,1.2,0.45,84.8
Kinzhal,2,8994.12,5006.17,958.529,-1005.1,1388.89,-0.809112,2,0.12,84.8
Geran2,3,2504.87,4048.17,-41.9054,-414.554,416.667,-1.67154,2.8,1.1,84.8
Kalibr,1,7505.09,1983.17,248.162,-820.806,857.5,-1.27719,1.2,0.45,84.9
Kinzhal,2,8994.12,5006.17,958.529,-1005.1,1388.89,-0.809112,2,0.12,84.9
Geran2,3,2504.87,4048.17,-41.9054,-414.554,416.667,-1.67154,2.8,1.1,84.9
Kalibr,1,7505.09,1983.17,248.162,-820.806,857.5,-1.27719,1.2,0.45,85
Kinzhal,2,8994.12,5006.17,958.529,-1005.1,1388.89,-0.809112,2,0.12,85
Geran2,3,2504.87,4048.17,-41.9054,-414.554,416.667,-1.67154,2.8,1.1,85
Kalibr,1,7505.09,1983.17,248.162,-820.806,857.5,-1.27719,1.2,0.45,85.1
Kinzhal,2,8994.12,5006.17,958.529,-1005.1,1388.89,-0.809112,2,0.12,85.1
Geran2,3,2504.87,4048.17,-41.9054,-414.554,416.667,-1.67154,2.8,1.1,85.1
Kalibr,1,7505.09,1983.17,248.162,-820.806,857.5,-1.27719,1.2,0.45,85.2
Kinzhal,2,8994.12,5006.17,958.529,-1005.1,1388.89,-0.809112,2,0.12,85.2
Geran2,3,2504.87,4048.17,-41.9054,-414.554,416.667,-1.67154,2.8,1.1,85.2
Kalibr,1,7505.09,1983.17,248.162,-820.806,857.5,-1.27719,1.2,0.45,85.3
Kinzhal,2,8994.12,5006.17,958.529,-1005.1,1388.89,-0.809112,2,0.12,85.3
Geran2,3,2504.87,4048.17,-41.9054,-414.554,416.667,-1.67154,2.8,1.1,85.3
Kalibr,1,7505.09,1983.17,248.162,-820.806,857.5,-1.27719,1.2,0.45,85.4
Kinzhal,2,8994.12,5006.17,958.529,-1005.1,1388.89,-0.809112,2,0.12,85.4
Geran2,3,2504.87,4048.17,-41.9054,-414.554,416.667,-1.67154,2.8,1.1,85.4
Kalibr,1,7505.09,1983.17,248.162,-820.806,857.5,-1.27719,1.2,0.45,85.5
Kinzhal,2,8994.12,5006.17,958.529,-1005.1,1388.89,-0.809112,2,0.12,85.5
Geran2,3,2504.87,4048.17,-41.9054,-414.554,416.667,-1.67154,2.8,1.1,85.5
Kalibr,1,7505.09,1983.17,248.162,-820.806,857.5,-1.27719,1.2,0.45,85.6
Kinzhal,2,8994.12,5006.17,958.529,-1005.1,1388.89,-0.809112,2,0.12,85.6
Geran2,3,2504.87,4048.17,-41.9054,-414.554,416.667,-1.67154,2.8,1.1,85.6
Kalibr,1,7505.09,1983.17,248.162,-820.806,857.5,-1.27719,1.2,0.45,85.7
Kinzhal,2,8994.12,5006.17,958.529,-1005.1,1388.89,-0.809112,2,0.12,85.7
Geran2,3,2504.87,4048.17,-41.9054,-414.554,416.667,-1.67154,2.8,1.1,85.7
Kalibr,1,7505.09,1983.17,248.162,-820.806,857.5,-1.27719,1.2,0.45,85.8
Kinzhal,2,8994.12,5006.17,958.529,-1005.1,1388.89,-0.809112,2,0.12,85.8
Geran2,3,2504.87,4048.17,-41.9054,-414.554,416.667,-1.67154,2.8,1.1,85.8
Kalibr,1,7505.09,1983.17,248.162,-820.806,857.5,-1.27719,1.2,0.45,85.9
Kinzhal,2,8994.12,5006.17,958.529,-1005.1,1388.89,-0.809112,2,0.12,85.9
Geran2,3,2504.87,4048.17,-41.9054,-414.554,416.667,-1.67154,2.8,1.1,85.9
Kalibr,1,7505.09,1983.17,248.162,-820.806,857.5,-1.27719,1.2,0.45,86
Kinzhal,2,8994.12,5006.17,958.529,-1005.1,1388.89,-0.809112,2,0.12,86
Geran2,3,2504.87,4048.17,-41.9054,-414.554,416.667,-1.67154,2.8,1.1,86
Kalibr,1,7505.09,1983.17,248.162,-820.806,857.5,-1.27719,1.2,0.45,86.1
Kinzhal,2,8994.12,5006.17,958.529,-1005.1,1388.89,-0.809112,2,0.12,86.1
Geran2,3,2504.87,4048.17,-41.9054,-414.554,416.667,-1.67154,2.8,1.1,86.1
Kalibr,1,7505.09,1983.17,248.162,-820.806,857.5,-1.27719,1.2,0.45,86.2
Kinzhal,2,8994.12,5006.17,958.529,-1005.1,1388.89,-0.809112,2,0.12,86.2
Geran2,3,2504.87,4048.17,-41.9054,-414.554,416.667,-1.67154,2.8,1.1,86.2
Kalibr,1,7505.09,1983.17,248.162,-820.806,857.5,-1.27719,1.2,0.45,86.3
Kinzhal,2,8994.12,5006.17,958.529,-1005.1,1388.89,-0.809112,2,0.12,86.3
Geran2,3,2504.87,4048.17,-41.9054,-414.554,416.667,-1.67154,2.8,1.1,86.3
Kalibr,1,7505.09,1983.17,248.162,-820.806,857.5,-1.27719,1.2,0.45,86.4
Kinzhal,2,8994.12,5006.17,958.529,-1005.1,1388.89,-0.809112,2,0.12,86.4
Geran2,3,2504.87,4048.17,-41.9054,-414.554,416.667,-1.67154,2.8,1.1,86.4
Kalibr,1,7505.09,1983.17,248.162,-820.806,857.5,-1.27719,1.2,0.45,86.5
Kinzhal,2,8994.12,5006.17,958.529,-1005.1,1388.89,-0.809112,2,0.12,86.5
Geran2,3,2504.87,4048.17,-41.9054,-414.554,416.667,-1.67154,2.8,1.1,86.5
Kalibr,1,7505.09,1983.17,248.162,-820.806,857.5,-1.27719,1.2,0.45,86.6
Kinzhal,2,8994.12,5006.17,958.529,-1005.1,1388.89,-0.809112,2,0.12,86.6
Geran2,3,2504.87,4048.17,-41.9054,-414.554,416.667,-1.67154,2.8,1.1,86.6
Kalibr,1,7505.09,1983.17,248.162,-820.806,857.5,-1.27719,1.2,0.45,86.7
Kinzhal,2,8994.12,5006.17,958.529,-1005.1,1388.89,-0.809112,2,0.12,86.7
Geran2,3,2504.87,4048.17,-41.9054,-414.554,416.667,-1.67154,2.8,1.1,86.7
Kalibr,1,7505.09,1983.17,248.162,-820.806,857.5,-1.27719,1.2,0.45,86.8
Kinzhal,2,8994.12,5006.17,958.529,-1005.1,1388.89,-0.809112,2,0.12,86.8
Geran2,3,2504.87,4048.17,-41.9054,-414.554,416.667,-1.67154,2.8,1.1,86.8
Kalibr,1,7505.09,1983.17,248.162,-820.806,857.5,-1.27719,1.2,0.45,86.9
Kinzhal,2,8994.12,5006.17,958.529,-1005.1,1388.89,-0.809112,2,0.12,86.9
Geran2,3,2504.87,4048.17,-41.9054,-414.554,416.667,-1.67154,2.8,1.1,86.9
Kalibr,1,7505.09,1983.17,248.162,-820.806,857.5,-1.27719,1.2,0.45,87
Kinzhal,2,8994.12,5006.17,958.529,-1005.1,1388.89,-0.809112,2,0.12,87
Geran2,3,2504.87,4048.17,-41.9054,-414.554,416.667,-1.67154,2.8,1.1,87
Kalibr,1,7505.09,1983.17,248.162,-820.806,857.5,-1.27719,1.2,0.45,87.1
Kinzhal,2,8994.12,5006.17,958.529,-1005.1,1388.89,-0.809112,2,0.12,87.1
Geran2,3,2504.87,4048.17,-41.9054,-414.554,416.667,-1.67154,2.8,1.1,87.1
Kalibr,1,7505.09,1983.17,248.162,-820.806,857.5,-1.27719,1.2,0.45,87.2
Kinzhal,2,8994.12,5006.17,958.529,-1005.1,1388.89,-0.809112,2,0.12,87.2
Geran2,3,2504.87,4048.17,-41.9054,-414.554,416.667,-1.67154,2.8,1.1,87.2
Kalibr,1,7505.09,1983.17,248.162,-820.806,857.5,-1.27719,1.2,0.45,87.3
Kinzhal,2,8994.12,5006.17,958.529,-1005.1,1388.89,-0.809112,2,0.12,87.3
Geran2,3,2504.87,4048.17,-41.9054,-414.554,416.667,-1.67154,2.8,1.1,87.3
Kalibr,1,7505.09,1983.17,248.162,-820.806,857.5,-1.27719,1.2,0.45,87.4
Kinzhal,2,8994.12,5006.17,958.529,-1005.1,1388.89,-0.809112,2,0.12,87.4
Geran2,3,2504.87,4048.17,-41.9054,-414.554,416.667,-1.67154,2.8,1.1,87.4
Kalibr,1,7505.09,1983.17,248.162,-820.806,857.5,-1.27719,1.2,0.45,87.5
Kinzhal,2,8994.12,5006.17,958.529,-1005.1,1388.89,-0.809112,2,0.12,87.5
Geran2,3,2504.87,4048.17,-41.9054,-414.554,416.667,-1.67154,2.8,1.1,87.5
Kalibr,1,7505.09,1983.17,248.162,-820.806,857.5,-1.27719,1.2,0.45,87.6
Kinzhal,2,8994.12,5006.17,958.529,-1005.1,1388.89,-0.809112,2,0.12,87.6
Geran2,3,2504.87,4048.17,-41.9054,-414.554,416.667,-1.67154,2.8,1.1,87.6
Kalibr,1,7505.09,1983.17,248.162,-820.806,857.5,-1.27719,1.2,0.45,87.7
Kinzhal,2,8994.12,5006.17,958.529,-1005.1,1388.89,-0.809112,2,0.12,87.7
Geran2,3,2504.87,4048.17,-41.9054,-414.554,416.667,-1.67154,2.8,1.1,87.7
Kalibr,1,7505.09,1983.17,248.162,-820.806,857.5,-1.27719,1.2,0.45,87.8
Kinzhal,2,8994.12,5006.17,958.529,-1005.1,1388.89,-0.809112,2,0.12,87.8
Geran2,3,2504.87,4048.17,-41.9054,-414.554,416.667,-1.67154,2.8,1.1,87.8
Kalibr,1,7505.09,1983.17,248.162,-820.806,857.5,-1.27719,1.2,0.45,87.9
Kinzhal,2,8994.12,5006.17,958.529,-1005.1,1388.89,-0.809112,2,0.12,87.9
Geran2,3,2504.87,4048.17,-41.9054,-414.554,416.667,-1.67154,2.8,1.1,87.9
Kalibr,1,7505.09,1983.17,248.162,-820.806,857.5,-1.27719,1.2,0.45,88
Kinzhal,2,8994.12,5006.17,958.529,-1005.1,1388.89,-0.809112,2,0.12,88
Geran2,3,2504.87,4048.17,-41.9054,-414.554,416.667,-1.67154,2.8,1.1,88
Kalibr,1,7505.09,1983.17,248.162,-820.806,857.5,-1.27719,1.2,0.45,88.1
Kinzhal,2,8994.12,5006.17,958.529,-1005.1,1388.89,-0.809112,2,0.12,88.1
Geran2,3,2504.87,4048.17,-41.9054,-414.554,416.667,-1.67154,2.8,1.1,88.1
Kalibr,1,7505.09,1983.17,248.162,-820.806,857.5,-1.27719,1.2,0.45,88.2
Kinzhal,2,8994.12,5006.17,958.529,-1005.1,1388.89,-0.809112,2,0.12,88.2
Geran2,3,2504.87,4048.17,-41.9054,-414.554,416.667,-1.67154,2.8,1.1,88.2
Kalibr,1,7505.09,1983.17,248.162,-820.806,857.5,-1.27719,1.2,0.45,88.3
Kinzhal,2,8994.12,5006.17,958.529,-1005.1,1388.89,-0.809112,2,0.12,88.3
Geran2,3,2504.87,4048.17,-41.9054,-414.554,416.667,-1.67154,2.8,1.1,88.3
Kalibr,1,7505.09,1983.17,248.162,-820.806,857.5,-1.27719,1.2,0.45,88.4
Kinzhal,2,8994.12,5006.17,958.529,-1005.1,1388.89,-0.809112,2,0.12,88.4
Geran2,3,2504.87,4048.17,-41.9054,-414.554,416.667,-1.67154,2.8,1.1,88.4
Kalibr,1,7505.09,1983.17,248.162,-820.806,857.5,-1.27719,1.2,0.45,88.5
Kinzhal,2,8994.12,5006.17,958.529,-1005.1,1388.89,-0.809112,2,0.12,88.5
Geran2,3,2504.87,4048.17,-41.9054,-414.554,416.667,-1.67154,2.8,1.1,88.5
Kalibr,1,7505.09,1983.17,248.162,-820.806,857.5,-1.27719,1.2,0.45,88.6
Kinzhal,2,8994.12,5006.17,958.529,-1005.1,1388.89,-0.809112,2,0.12,88.6
Geran2,3,2504.87,4048.17,-41.9054,-414.554,416.667,-1.67154,2.8,1.1,88.6
Kalibr,1,7505.09,1983.17,248.162,-820.806,857.5,-1.27719,1.2,0.45,88.7
Kinzhal,2,8994.12,5006.17,958.529,-1005.1,1388.89,-0.809112,2,0.12,88.7
Geran2,3,2504.87,4048.17,-41.9054,-414.554,416.667,-1.67154,2.8,1.1,88.7
Kalibr,1,7505.09,1983.17,248.162,-820.806,857.5,-1.27719,1.2,0.45,88.8
Kinzhal,2,8994.12,5006.17,958.529,-1005.1,1388.89,-0.809112,2,0.12,88.8
Geran2,3,2504.87,4048.17,-41.9054,-414.554,416.667,-1.67154,2.8,1.1,88.8
Kalibr,1,7505.09,1983.17,248.162,-820.806,857.5,-1.27719,1.2,0.45,88.9
Kinzhal,2,8994.12,5006.17,958.529,-1005.1,1388.89,-0.809112,2,0.12,88.9
Geran2,3,2504.87,4048.17,-41.9054,-414.554,416.667,-1.67154,2.8,1.1,88.9
Kalibr,1,7505.09,1983.17,248.162,-820.806,857.5,-1.27719,1.2,0.45,89
Kinzhal,2,8994.12,5006.17,958.529,-1005.1,1388.89,-0.809112,2,0.12,89
Geran2,3,2504.87,4048.17,-41.9054,-414.554,416.667,-1.67154,2.8,1.1,89
Kalibr,1,7505.09,1983.17,248.162,-820.806,857.5,-1.27719,1.2,0.45,89.1
Kinzhal,2,8994.12,5006.17,958.529,-1005.1,1388.89,-0.809112,2,0.12,89.1
Geran2,3,2504.87,4048.17,-41.9054,-414.554,416.667,-1.67154,2.8,1.1,89.1
Kalibr,1,7505.09,1983.17,248.162,-820.806,857.5,-1.27719,1.2,0.45,89.2
Kinzhal,2,8994.12,5006.17,958.529,-1005.1,1388.89,-0.809112,2,0.12,89.2
Geran2,3,2504.87,4048.17,-41.9054,-414.554,416.667,-1.67154,2.8,1.1,89.2
Kalibr,1,7505.09,1983.17,248.162,-820.806,857.5,-1.27719,1.2,0.45,89.3
Kinzhal,2,8994.12,5006.17,958.529,-1005.1,1388.89,-0.809112,2,0.12,89.3
Geran2,3,2504.87,4048.17,-41.9054,-414.554,416.667,-1.67154,2.8,1.1,89.3
Kalibr,1,7505.09,1983.17,248.162,-820.806,857.5,-1.27719,1.2,0.45,89.4
Kinzhal,2,8994.12,5006.17,958.529,-1005.1,1388.89,-0.809112,2,0.12,89.4
Geran2,3,2504.87,4048.17,-41.9054,-414.554,416.667,-1.67154,2.8,1.1,89.4
Kalibr,1,7505.09,1983.17,248.162,-820.806,857.5,-1.27719,1.2,0.45,89.5
Kinzhal,2,8994.12,5006.17,958.529,-1005.1,1388.89,-0.809112,2,0.12,89.5
Geran2,3,2504.87,4048.17,-41.9054,-414.554,416.667,-1.67154,2.8,1.1,89.5
Kalibr,1,7505.09,1983.17,248.162,-820.806,857.5,-1.27719,1.2,0.45,89.6
Kinzhal,2,8994.12,5006.17,958.529,-1005.1,1388.89,-0.809112,2,0.12,89.6
Geran2,3,2504.87,4048.17,-41.9054,-414.554,416.667,-1.67154,2.8,1.1,89.6
Kalibr,1,7505.09,1983.17,248.162,-820.806,857.5,-1.27719,1.2,0.45,89.7
Kinzhal,2,8994.12,5006.17,958.529,-1005.1,1388.89,-0.809112,2,0.12,89.7
Geran2,3,2504.87,4048.17,-41.9054,-414.554,416.667,-1.67154,2.8,1.1,89.7
Kalibr,1,7505.09,1983.17,248.162,-820.806,857.5,-1.27719,1.2,0.45,89.8
Kinzhal,2,8994.12,5006.17,958.529,-1005.1,1388.89,-0.809112,2,0.12,89.8
Geran2,3,2504.87,4048.17,-41.9054,-414.554,416.667,-1.67154,2.8,1.1,89.8
Kalibr,1,7505.09,1983.17,248.162,-820.806,857.5,-1.27719,1.2,0.45,89.9
Kinzhal,2,8994.12,5006.17,958.529,-1005.1,1388.89,-0.809112,2,0.12,89.9
Geran2,3,2504.87,4048.17,-41.9054,-414.554,416.667,-1.67154,2.8,1.1,89.9
Kalibr,1,7505.09,1983.17,248.162,-820.806,857.5,-1.27719,1.2,0.45,90
Kinzhal,2,8994.12,5006.17,958.529,-1005.1,1388.89,-0.809112,2,0.12,90
Geran2,3,2504.87,4048.17,-41.9054,-414.554,416.667,-1.67154,2.8,1.1,90
Kalibr,1,7505.09,1983.17,248.162,-820.806,857.5,-1.27719,1.2,0.45,90.1
Kinzhal,2,8994.12,5006.17,958.529,-1005.1,1388.89,-0.809112,2,0.12,90.1
Geran2,3,2504.87,4048.17,-41.9054,-414.554,416.667,-1.67154,2.8,1.1,90.1
Kalibr,1,7505.09,1983.17,248.162,-820.806,857.5,-1.27719,1.2,0.45,90.2
Kinzhal,2,8994.12,5006.17,958.529,-1005.1,1388.89,-0.809112,2,0.12,90.2
Geran2,3,2504.87,4048.17,-41.9054,-414.554,416.667,-1.67154,2.8,1.1,90.2
Kalibr,1,7505.09,1983.17,248.162,-820.806,857.5,-1.27719,1.2,0.45,90.3
Kinzhal,2,8994.12,5006.17,958.529,-1005.1,1388.89,-0.809112,2,0.12,90.3
Geran2,3,2504.87,4048.17,-41.9054,-414.554,416.667,-1.67154,2.8,1.1,90.3
Kalibr,1,7505.09,1983.17,248.162,-820.806,857.5,-1.27719,1.2,0.45,90.4
Kinzhal,2,8994.12,5006.17,958.529,-1005.1,1388.89,-0.809112,2,0.12,90.4
Geran2,3,2504.87,4048.17,-41.9054,-414.554,416.667,-1.67154,2.8,1.1,90.4
Kalibr,1,7505.09,1983.17,248.162,-820.806,857.5,-1.27719,1.2,0.45,90.5
Kinzhal,2,8994.12,5006.17,958.529,-1005.1,1388.89,-0.809112,2,0.12,90.5
Geran2,3,2504.87,4048.17,-41.9054,-414.554,416.667,-1.67154,2.8,1.1,90.5
Kalibr,1,7505.09,1983.17,248.162,-820.806,857.5,-1.27719,1.2,0.45,90.6
Kinzhal,2,8994.12,5006.17,958.529,-1005.1,1388.89,-0.809112,2,0.12,90.6
Geran2,3,2504.87,4048.17,-41.9054,-414.554,416.667,-1.67154,2.8,1.1,90.6
Kalibr,1,7505.09,1983.17,248.162,-820.806,857.5,-1.27719,1.2,0.45,90.7
Kinzhal,2,8994.12,5006.17,958.529,-1005.1,1388.89,-0.809112,2,0.12,90.7
Geran2,3,2504.87,4048.17,-41.9054,-414.554,416.667,-1.67154,2.8,1.1,90.7
Kalibr,1,7505.09,1983.17,248.162,-820.806,857.5,-1.27719,1.2,0.45,90.8
Kinzhal,2,8994.12,5006.17,958.529,-1005.1,1388.89,-0.809112,2,0.12,90.8
Geran2,3,2504.87,4048.17,-41.9054,-414.554,416.667,-1.67154,2.8,1.1,90.8
Kalibr,1,7505.09,1983.17,248.162,-820.806,857.5,-1.27719,1.2,0.45,90.9
Kinzhal,2,8994.12,5006.17,958.529,-1005.1,1388.89,-0.809112,2,0.12,90.9
Geran2,3,2504.87,4048.17,-41.9054,-414.554,416.667,-1.67154,2.8,1.1,90.9
Kalibr,1,7505.09,1983.17,248.162,-820.806,857.5,-1.27719,1.2,0.45,91
Kinzhal,2,8994.12,5006.17,958.529,-1005.1,1388.89,-0.809112,2,0.12,91
Geran2,3,2504.87,4048.17,-41.9054,-414.554,416.667,-1.67154,2.8,1.1,91
Kalibr,1,7505.09,1983.17,248.162,-820.806,857.5,-1.27719,1.2,0.45,91.1
Kinzhal,2,8994.12,5006.17,958.529,-1005.1,1388.89,-0.809112,2,0.12,91.1
Geran2,3,2504.87,4048.17,-41.9054,-414.554,416.667,-1.67154,2.8,1.1,91.1
Kalibr,1,7505.09,1983.17,248.162,-820.806,857.5,-1.27719,1.2,0.45,91.2
Kinzhal,2,8994.12,5006.17,958.529,-1005.1,1388.89,-0.809112,2,0.12,91.2
Geran2,3,2504.87,4048.17,-41.9054,-414.554,416.667,-1.67154,2.8,1.1,91.2
Kalibr,1,7505.09,1983.17,248.162,-820.806,857.5,-1.27719,1.2,0.45,91.3
Kinzhal,2,8994.12,5006.17,958.529,-1005.1,1388.89,-0.809112,2,0.12,91.3
Geran2,3,2504.87,4048.17,-41.9054,-414.554,416.667,-1.67154,2.8,1.1,91.3
Kalibr,1,7505.09,1983.17,248.162,-820.806,857.5,-1.27719,1.2,0.45,91.4
Kinzhal,2,8994.12,5006.17,958.529,-1005.1,1388.89,-0.809112,2,0.12,91.4
Geran2,3,2504.87,4048.17,-41.9054,-414.554,416.667,-1.67154,2.8,1.1,91.4
Kalibr,1,7505.09,1983.17,248.162,-820.806,857.5,-1.27719,1.2,0.45,91.5
Kinzhal,2,8994.12,5006.17,958.529,-1005.1,1388.89,-0.809112,2,0.12,91.5
Geran2,3,2504.87,4048.17,-41.9054,-414.554,416.667,-1.67154,2.8,1.1,91.5
Kalibr,1,7505.09,1983.17,248.162,-820.806,857.5,-1.27719,1.2,0.45,91.6
Kinzhal,2,8994.12,5006.17,958.529,-1005.1,1388.89,-0.809112,2,0.12,91.6
Geran2,3,2504.87,4048.17,-41.9054,-414.554,416.667,-1.67154,2.8,1.1,91.6
Kalibr,1,7505.09,1983.17,248.162,-820.806,857.5,-1.27719,1.2,0.45,91.7
Kinzhal,2,8994.12,5006.17,958.529,-1005.1,1388.89,-0.809112,2,0.12,91.7
Geran2,3,2504.87,4048.17,-41.9054,-414.554,416.667,-1.67154,2.8,1.1,91.7
Kalibr,1,7505.09,1983.17,248.162,-820.806,857.5,-1.27719,1.2,0.45,91.8
Kinzhal,2,8994.12,5006.17,958.529,-1005.1,1388.89,-0.809112,2,0.12,91.8
Geran2,3,2504.87,4048.17,-41.9054,-414.554,416.667,-1.67154,2.8,1.1,91.8
Kalibr,1,7505.09,1983.17,248.162,-820.806,857.5,-1.27719,1.2,0.45,91.9
Kinzhal,2,8994.12,5006.17,958.529,-1005.1,1388.89,-0.809112,2,0.12,91.9
Geran2,3,2504.87,4048.17,-41.9054,-414.554,416.667,-1.67154,2.8,1.1,91.9
Kalibr,1,7505.09,1983.17,248.162,-820.806,857.5,-1.27719,1.2,0.45,92
Kinzhal,2,8994.12,5006.17,958.529,-1005.1,1388.89,-0.809112,2,0.12,92
Geran2,3,2504.87,4048.17,-41.9054,-414.554,416.667,-1.67154,2.8,1.1,92
Kalibr,1,7505.09,1983.17,248.162,-820.806,857.5,-1.27719,1.2,0.45,92.1
Kinzhal,2,8994.12,5006.17,958.529,-1005.1,1388.89,-0.809112,2,0.12,92.1
Geran2,3,2504.87,4048.17,-41.9054,-414.554,416.667,-1.67154,2.8,1.1,92.1
Kalibr,1,7505.09,1983.17,248.162,-820.806,857.5,-1.27719,1.2,0.45,92.2
Kinzhal,2,8994.12,5006.17,958.529,-1005.1,1388.89,-0.809112,2,0.12,92.2
Geran2,3,2504.87,4048.17,-41.9054,-414.554,416.667,-1.67154,2.8,1.1,92.2
Kalibr,1,7505.09,1983.17,248.162,-820.806,857.5,-1.27719,1.2,0.45,92.3
Kinzhal,2,8994.12,5006.17,958.529,-1005.1,1388.89,-0.809112,2,0.12,92.3
Geran2,3,2504.87,4048.17,-41.9054,-414.554,416.667,-1.67154,2.8,1.1,92.3
Kalibr,1,7505.09,1983.17,248.162,-820.806,857.5,-1.27719,1.2,0.45,92.4
Kinzhal,2,8994.12,5006.17,958.529,-1005.1,1388.89,-0.809112,2,0.12,92.4
Geran2,3,2504.87,4048.17,-41.9054,-414.554,416.667,-1.67154,2.8,1.1,92.4
Kalibr,1,7505.09,1983.17,248.162,-820.806,857.5,-1.27719,1.2,0.45,92.5
Kinzhal,2,8994.12,5006.17,958.529,-1005.1,1388.89,-0.809112,2,0.12,92.5
Geran2,3,2504.87,4048.17,-41.9054,-414.554,416.667,-1.67154,2.8,1.1,92.5
Kalibr,1,7505.09,1983.17,248.162,-820.806,857.5,-1.27719,1.2,0.45,92.6
Kinzhal,2,8994.12,5006.17,958.529,-1005.1,1388.89,-0.809112,2,0.12,92.6
Geran2,3,2504.87,4048.17,-41.9054,-414.554,416.667,-1.67154,2.8,1.1,92.6
Kalibr,1,7505.09,1983.17,248.162,-820.806,857.5,-1.27719,1.2,0.45,92.7
Kinzhal,2,8994.12,5006.17,958.529,-1005.1,1388.89,-0.809112,2,0.12,92.7
Geran2,3,2504.87,4048.17,-41.9054,-414.554,416.667,-1.67154,2.8,1.1,92.7
Kalibr,1,7505.09,1983.17,248.162,-820.806,857.5,-1.27719,1.2,0.45,92.8
Kinzhal,2,8994.12,5006.17,958.529,-1005.1,1388.89,-0.809112,2,0.12,92.8
Geran2,3,2504.87,4048.17,-41.9054,-414.554,416.667,-1.67154,2.8,1.1,92.8
Kalibr,1,7505.09,1983.17,248.162,-820.806,857.5,-1.27719,1.2,0.45,92.9
Kinzhal,2,8994.12,5006.17,958.529,-1005.1,1388.89,-0.809112,2,0.12,92.9
Geran2,3,2504.87,4048.17,-41.9054,-414.554,416.667,-1.67154,2.8,1.1,92.9
Kalibr,1,7505.09,1983.17,248.162,-820.806,857.5,-1.27719,1.2,0.45,93
Kinzhal,2,8994.12,5006.17,958.529,-1005.1,1388.89,-0.809112,2,0.12,93
Geran2,3,2504.87,4048.17,-41.9054,-414.554,416.667,-1.67154,2.8,1.1,93
Kalibr,1,7505.09,1983.17,248.162,-820.806,857.5,-1.27719,1.2,0.45,93.1
Kinzhal,2,8994.12,5006.17,958.529,-1005.1,1388.89,-0.809112,2,0.12,93.1
Geran2,3,2504.87,4048.17,-41.9054,-414.554,416.667,-1.67154,2.8,1.1,93.1
Kalibr,1,7505.09,1983.17,248.162,-820.806,857.5,-1.27719,1.2,0.45,93.2
Kinzhal,2,8994.12,5006.17,958.529,-1005.1,1388.89,-0.809112,2,0.12,93.2
Geran2,3,2504.87,4048.17,-41.9054,-414.554,416.667,-1.67154,2.8,1.1,93.2
Kalibr,1,7505.09,1983.17,248.162,-820.806,857.5,-1.27719,1.2,0.45,93.3
Kinzhal,2,8994.12,5006.17,958.529,-1005.1,1388.89,-0.809112,2,0.12,93.3
Geran2,3,2504.87,4048.17,-41.9054,-414.554,416.667,-1.67154,2.8,1.1,93.3
Kalibr,1,7505.09,1983.17,248.162,-820.806,857.5,-1.27719,1.2,0.45,93.4
Kinzhal,2,8994.12,5006.17,958.529,-1005.1,1388.89,-0.809112,2,0.12,93.4
Geran2,3,2504.87,4048.17,-41.9054,-414.554,416.667,-1.67154,2.8,1.1,93.4
Kalibr,1,7505.09,1983.17,248.162,-820.806,857.5,-1.27719,1.2,0.45,93.5
Kinzhal,2,8994.12,5006.17,958.529,-1005.1,1388.89,-0.809112,2,0.12,93.5
Geran2,3,2504.87,4048.17,-41.9054,-414.554,416.667,-1.67154,2.8,1.1,93.5
Kalibr,1,7505.09,1983.17,248.162,-820.806,857.5,-1.27719,1.2,0.45,93.6
Kinzhal,2,8994.12,5006.17,958.529,-1005.1,1388.89,-0.809112,2,0.12,93.6
Geran2,3,2504.87,4048.17,-41.9054,-414.554,416.667,-1.67154,2.8,1.1,93.6
Kalibr,1,7505.09,1983.17,248.162,-820.806,857.5,-1.27719,1.2,0.45,93.7
Kinzhal,2,8994.12,5006.17,958.529,-1005.1,1388.89,-0.809112,2,0.12,93.7
Geran2,3,2504.87,4048.17,-41.9054,-414.554,416.667,-1.67154,2.8,1.1,93.7
Kalibr,1,7505.09,1983.17,248.162,-820.806,857.5,-1.27719,1.2,0.45,93.8
Kinzhal,2,8994.12,5006.17,958.529,-1005.1,1388.89,-0.809112,2,0.12,93.8
Geran2,3,2504.87,4048.17,-41.9054,-414.554,416.667,-1.67154,2.8,1.1,93.8
Kalibr,1,7505.09,1983.17,248.162,-820.806,857.5,-1.27719,1.2,0.45,93.9
Kinzhal,2,8994.12,5006.17,958.529,-1005.1,1388.89,-0.809112,2,0.12,93.9
Geran2,3,2504.87,4048.17,-41.9054,-414.554,416.667,-1.67154,2.8,1.1,93.9
Kalibr,1,7505.09,1983.17,248.162,-820.806,857.5,-1.27719,1.2,0.45,94
Kinzhal,2,8994.12,5006.17,958.529,-1005.1,1388.89,-0.809112,2,0.12,94
Geran2,3,2504.87,4048.17,-41.9054,-414.554,416.667,-1.67154,2.8,1.1,94
Kalibr,1,7505.09,1983.17,248.162,-820.806,857.5,-1.27719,1.2,0.45,94.1
Kinzhal,2,8994.12,5006.17,958.529,-1005.1,1388.89,-0.809112,2,0.12,94.1
Geran2,3,2504.87,4048.17,-41.9054,-414.554,416.667,-1.67154,2.8,1.1,94.1
Kalibr,1,7505.09,1983.17,248.162,-820.806,857.5,-1.27719,1.2,0.45,94.2
Kinzhal,2,8994.12,5006.17,958.529,-1005.1,1388.89,-0.809112,2,0.12,94.2
Geran2,3,2504.87,4048.17,-41.9054,-414.554,416.667,-1.67154,2.8,1.1,94.2
Kalibr,1,7505.09,1983.17,248.162,-820.806,857.5,-1.27719,1.2,0.45,94.3
Kinzhal,2,8994.12,5006.17,958.529,-1005.1,1388.89,-0.809112,2,0.12,94.3
Geran2,3,2504.87,4048.17,-41.9054,-414.554,416.667,-1.67154,2.8,1.1,94.3
Kalibr,1,7505.09,1983.17,248.162,-820.806,857.5,-1.27719,1.2,0.45,94.4
Kinzhal,2,8994.12,5006.17,958.529,-1005.1,1388.89,-0.809112,2,0.12,94.4
Geran2,3,2504.87,4048.17,-41.9054,-414.554,416.667,-1.67154,2.8,1.1,94.4
Kalibr,1,7505.09,1983.17,248.162,-820.806,857.5,-1.27719,1.2,0.45,94.5
Kinzhal,2,8994.12,5006.17,958.529,-1005.1,1388.89,-0.809112,2,0.12,94.5
Geran2,3,2504.87,4048.17,-41.9054,-414.554,416.667,-1.67154,2.8,1.1,94.5
Kalibr,1,7505.09,1983.17,248.162,-820.806,857.5,-1.27719,1.2,0.45,94.6
Kinzhal,2,8994.12,5006.17,958.529,-1005.1,1388.89,-0.809112,2,0.12,94.6
Geran2,3,2504.87,4048.17,-41.9054,-414.554,416.667,-1.67154,2.8,1.1,94.6
Kalibr,1,7505.09,1983.17,248.162,-820.806,857.5,-1.27719,1.2,0.45,94.7
Kinzhal,2,8994.12,5006.17,958.529,-1005.1,1388.89,-0.809112,2,0.12,94.7
Geran2,3,2504.87,4048.17,-41.9054,-414.554,416.667,-1.67154,2.8,1.1,94.7
Kalibr,1,7505.09,1983.17,248.162,-820.806,857.5,-1.27719,1.2,0.45,94.8
Kinzhal,2,8994.12,5006.17,958.529,-1005.1,1388.89,-0.809112,2,0.12,94.8
Geran2,3,2504.87,4048.17,-41.9054,-414.554,416.667,-1.67154,2.8,1.1,94.8
Kalibr,1,7505.09,1983.17,248.162,-820.806,857.5,-1.27719,1.2,0.45,94.9
Kinzhal,2,8994.12,5006.17,958.529,-1005.1,1388.89,-0.809112,2,0.12,94.9
Geran2,3,2504.87,4048.17,-41.9054,-414.554,416.667,-1.67154,2.8,1.1,94.9
Kalibr,1,7505.09,1983.17,248.162,-820.806,857.5,-1.27719,1.2,0.45,95
Kinzhal,2,8994.12,5006.17,958.529,-1005.1,1388.89,-0.809112,2,0.12,95
Geran2,3,2504.87,4048.17,-41.9054,-414.554,416.667,-1.67154,2.8,1.1,95
Kalibr,1,7505.09,1983.17,248.162,-820.806,857.5,-1.27719,1.2,0.45,95.1
Kinzhal,2,8994.12,5006.17,958.529,-1005.1,1388.89,-0.809112,2,0.12,95.1
Geran2,3,2504.87,4048.17,-41.9054,-414.554,416.667,-1.67154,2.8,1.1,95.1
Kalibr,1,7505.09,1983.17,248.162,-820.806,857.5,-1.27719,1.2,0.45,95.2
Kinzhal,2,8994.12,5006.17,958.529,-1005.1,1388.89,-0.809112,2,0.12,95.2
Geran2,3,2504.87,4048.17,-41.9054,-414.554,416.667,-1.67154,2.8,1.1,95.2
Kalibr,1,7505.09,1983.17,248.162,-820.806,857.5,-1.27719,1.2,0.45,95.3
Kinzhal,2,8994.12,5006.17,958.529,-1005.1,1388.89,-0.809112,2,0.12,95.3
Geran2,3,2504.87,4048.17,-41.9054,-414.554,416.667,-1.67154,2.8,1.1,95.3
Kalibr,1,7505.09,1983.17,248.162,-820.806,857.5,-1.27719,1.2,0.45,95.4
Kinzhal,2,8994.12,5006.17,958.529,-1005.1,1388.89,-0.809112,2,0.12,95.4
Geran2,3,2504.87,4048.17,-41.9054,-414.554,416.667,-1.67154,2.8,1.1,95.4
Kalibr,1,7505.09,1983.17,248.162,-820.806,857.5,-1.27719,1.2,0.45,95.5
Kinzhal,2,8994.12,5006.17,958.529,-1005.1,1388.89,-0.809112,2,0.12,95.5
Geran2,3,2504.87,4048.17,-41.9054,-414.554,416.667,-1.67154,2.8,1.1,95.5
Kalibr,1,7505.09,1983.17,248.162,-820.806,857.5,-1.27719,1.2,0.45,95.6
Kinzhal,2,8994.12,5006.17,958.529,-1005.1,1388.89,-0.809112,2,0.12,95.6
Geran2,3,2504.87,4048.17,-41.9054,-414.554,416.667,-1.67154,2.8,1.1,95.6
Kalibr,1,7505.09,1983.17,248.162,-820.806,857.5,-1.27719,1.2,0.45,95.7
Kinzhal,2,8994.12,5006.17,958.529,-1005.1,1388.89,-0.809112,2,0.12,95.7
Geran2,3,2504.87,4048.17,-41.9054,-414.554,416.667,-1.67154,2.8,1.1,95.7
Kalibr,1,7505.09,1983.17,248.162,-820.806,857.5,-1.27719,1.2,0.45,95.8
Kinzhal,2,8994.12,5006.17,958.529,-1005.1,1388.89,-0.809112,2,0.12,95.8
Geran2,3,2504.87,4048.17,-41.9054,-414.554,416.667,-1.67154,2.8,1.1,95.8
Kalibr,1,7505.09,1983.17,248.162,-820.806,857.5,-1.27719,1.2,0.45,95.9
Kinzhal,2,8994.12,5006.17,958.529,-1005.1,1388.89,-0.809112,2,0.12,95.9
Geran2,3,2504.87,4048.17,-41.9054,-414.554,416.667,-1.67154,2.8,1.1,95.9
Kalibr,1,7505.09,1983.17,248.162,-820.806,857.5,-1.27719,1.2,0.45,96
Kinzhal,2,8994.12,5006.17,958.529,-1005.1,1388.89,-0.809112,2,0.12,96
Geran2,3,2504.87,4048.17,-41.9054,-414.554,416.667,-1.67154,2.8,1.1,96
Kalibr,1,7505.09,1983.17,248.162,-820.806,857.5,-1.27719,1.2,0.45,96.1
Kinzhal,2,8994.12,5006.17,958.529,-1005.1,1388.89,-0.809112,2,0.12,96.1
Geran2,3,2504.87,4048.17,-41.9054,-414.554,416.667,-1.67154,2.8,1.1,96.1
Kalibr,1,7505.09,1983.17,248.162,-820.806,857.5,-1.27719,1.2,0.45,96.2
Kinzhal,2,8994.12,5006.17,958.529,-1005.1,1388.89,-0.809112,2,0.12,96.2
Geran2,3,2504.87,4048.17,-41.9054,-414.554,416.667,-1.67154,2.8,1.1,96.2
Kalibr,1,7505.09,1983.17,248.162,-820.806,857.5,-1.27719,1.2,0.45,96.3
Kinzhal,2,8994.12,5006.17,958.529,-1005.1,1388.89,-0.809112,2,0.12,96.3
Geran2,3,2504.87,4048.17,-41.9054,-414.554,416.667,-1.67154,2.8,1.1,96.3
Kalibr,1,7505.09,1983.17,248.162,-820.806,857.5,-1.27719,1.2,0.45,96.4
Kinzhal,2,8994.12,5006.17,958.529,-1005.1,1388.89,-0.809112,2,0.12,96.4
Geran2,3,2504.87,4048.17,-41.9054,-414.554,416.667,-1.67154,2.8,1.1,96.4
Kalibr,1,7505.09,1983.17,248.162,-820.806,857.5,-1.27719,1.2,0.45,96.5
Kinzhal,2,8994.12,5006.17,958.529,-1005.1,1388.89,-0.809112,2,0.12,96.5
Geran2,3,2504.87,4048.17,-41.9054,-414.554,416.667,-1.67154,2.8,1.1,96.5
Kalibr,1,7505.09,1983.17,248.162,-820.806,857.5,-1.27719,1.2,0.45,96.6
Kinzhal,2,8994.12,5006.17,958.529,-1005.1,1388.89,-0.809112,2,0.12,96.6
Geran2,3,2504.87,4048.17,-41.9054,-414.554,416.667,-1.67154,2.8,1.1,96.6
Kalibr,1,7505.09,1983.17,248.162,-820.806,857.5,-1.27719,1.2,0.45,96.7
Kinzhal,2,8994.12,5006.17,958.529,-1005.1,1388.89,-0.809112,2,0.12,96.7
Geran2,3,2504.87,4048.17,-41.9054,-414.554,416.667,-1.67154,2.8,1.1,96.7
Kalibr,1,7505.09,1983.17,248.162,-820.806,857.5,-1.27719,1.2,0.45,96.8
Kinzhal,2,8994.12,5006.17,958.529,-1005.1,1388.89,-0.809112,2,0.12,96.8
Geran2,3,2504.87,4048.17,-41.9054,-414.554,416.667,-1.67154,2.8,1.1,96.8
Kalibr,1,7505.09,1983.17,248.162,-820.806,857.5,-1.27719,1.2,0.45,96.9
Kinzhal,2,8994.12,5006.17,958.529,-1005.1,1388.89,-0.809112,2,0.12,96.9
Geran2,3,2504.87,4048.17,-41.9054,-414.554,416.667,-1.67154,2.8,1.1,96.9
Kalibr,1,7505.09,1983.17,248.162,-820.806,857.5,-1.27719,1.2,0.45,97
Kinzhal,2,8994.12,5006.17,958.529,-1005.1,1388.89,-0.809112,2,0.12,97
Geran2,3,2504.87,4048.17,-41.9054,-414.554,416.667,-1.67154,2.8,1.1,97
Kalibr,1,7505.09,1983.17,248.162,-820.806,857.5,-1.27719,1.2,0.45,97.1
Kinzhal,2,8994.12,5006.17,958.529,-1005.1,1388.89,-0.809112,2,0.12,97.1
Geran2,3,2504.87,4048.17,-41.9054,-414.554,416.667,-1.67154,2.8,1.1,97.1
Kalibr,1,7505.09,1983.17,248.162,-820.806,857.5,-1.27719,1.2,0.45,97.2
Kinzhal,2,8994.12,5006.17,958.529,-1005.1,1388.89,-0.809112,2,0.12,97.2
Geran2,3,2504.87,4048.17,-41.9054,-414.554,416.667,-1.67154,2.8,1.1,97.2
Kalibr,1,7505.09,1983.17,248.162,-820.806,857.5,-1.27719,1.2,0.45,97.3
Kinzhal,2,8994.12,5006.17,958.529,-1005.1,1388.89,-0.809112,2,0.12,97.3
Geran2,3,2504.87,4048.17,-41.9054,-414.554,416.667,-1.67154,2.8,1.1,97.3
Kalibr,1,7505.09,1983.17,248.162,-820.806,857.5,-1.27719,1.2,0.45,97.4
Kinzhal,2,8994.12,5006.17,958.529,-1005.1,1388.89,-0.809112,2,0.12,97.4
Geran2,3,2504.87,4048.17,-41.9054,-414.554,416.667,-1.67154,2.8,1.1,97.4
Kalibr,1,7505.09,1983.17,248.162,-820.806,857.5,-1.27719,1.2,0.45,97.5
Kinzhal,2,8994.12,5006.17,958.529,-1005.1,1388.89,-0.809112,2,0.12,97.5
Geran2,3,2504.87,4048.17,-41.9054,-414.554,416.667,-1.67154,2.8,1.1,97.5
Kalibr,1,7505.09,1983.17,248.162,-820.806,857.5,-1.27719,1.2,0.45,97.6
Kinzhal,2,8994.12,5006.17,958.529,-1005.1,1388.89,-0.809112,2,0.12,97.6
Geran2,3,2504.87,4048.17,-41.9054,-414.554,416.667,-1.67154,2.8,1.1,97.6
Kalibr,1,7505.09,1983.17,248.162,-820.806,857.5,-1.27719,1.2,0.45,97.7
Kinzhal,2,8994.12,5006.17,958.529,-1005.1,1388.89,-0.809112,2,0.12,97.7
Geran2,3,2504.87,4048.17,-41.9054,-414.554,416.667,-1.67154,2.8,1.1,97.7
Kalibr,1,7505.09,1983.17,248.162,-820.806,857.5,-1.27719,1.2,0.45,97.8
Kinzhal,2,8994.12,5006.17,958.529,-1005.1,1388.89,-0.809112,2,0.12,97.8
Geran2,3,2504.87,4048.17,-41.9054,-414.554,416.667,-1.67154,2.8,1.1,97.8
Kalibr,1,7505.09,1983.17,248.162,-820.806,857.5,-1.27719,1.2,0.45,97.9
Kinzhal,2,8994.12,5006.17,958.529,-1005.1,1388.89,-0.809112,2,0.12,97.9
Geran2,3,2504.87,4048.17,-41.9054,-414.554,416.667,-1.67154,2.8,1.1,97.9
Kalibr,1,7505.09,1983.17,248.162,-820.806,857.5,-1.27719,1.2,0.45,98
Kinzhal,2,8994.12,5006.17,958.529,-1005.1,1388.89,-0.809112,2,0.12,98
Geran2,3,2504.87,4048.17,-41.9054,-414.554,416.667,-1.67154,2.8,1.1,98
Kalibr,1,7505.09,1983.17,248.162,-820.806,857.5,-1.27719,1.2,0.45,98.1
Kinzhal,2,8994.12,5006.17,958.529,-1005.1,1388.89,-0.809112,2,0.12,98.1
Geran2,3,2504.87,4048.17,-41.9054,-414.554,416.667,-1.67154,2.8,1.1,98.1
Kalibr,1,7505.09,1983.17,248.162,-820.806,857.5,-1.27719,1.2,0.45,98.2
Kinzhal,2,8994.12,5006.17,958.529,-1005.1,1388.89,-0.809112,2,0.12,98.2
Geran2,3,2504.87,4048.17,-41.9054,-414.554,416.667,-1.67154,2.8,1.1,98.2
Kalibr,1,7505.09,1983.17,248.162,-820.806,857.5,-1.27719,1.2,0.45,98.3
Kinzhal,2,8994.12,5006.17,958.529,-1005.1,1388.89,-0.809112,2,0.12,98.3
Geran2,3,2504.87,4048.17,-41.9054,-414.554,416.667,-1.67154,2.8,1.1,98.3
Kalibr,1,7505.09,1983.17,248.162,-820.806,857.5,-1.27719,1.2,0.45,98.4
Kinzhal,2,8994.12,5006.17,958.529,-1005.1,1388.89,-0.809112,2,0.12,98.4
Geran2,3,2504.87,4048.17,-41.9054,-414.554,416.667,-1.67154,2.8,1.1,98.4
Kalibr,1,7505.09,1983.17,248.162,-820.806,857.5,-1.27719,1.2,0.45,98.5
Kinzhal,2,8994.12,5006.17,958.529,-1005.1,1388.89,-0.809112,2,0.12,98.5
Geran2,3,2504.87,4048.17,-41.9054,-414.554,416.667,-1.67154,2.8,1.1,98.5
Kalibr,1,7505.09,1983.17,248.162,-820.806,857.5,-1.27719,1.2,0.45,98.6
Kinzhal,2,8994.12,5006.17,958.529,-1005.1,1388.89,-0.809112,2,0.12,98.6
Geran2,3,2504.87,4048.17,-41.9054,-414.554,416.667,-1.67154,2.8,1.1,98.6
Kalibr,1,7505.09,1983.17,248.162,-820.806,857.5,-1.27719,1.2,0.45,98.7
Kinzhal,2,8994.12,5006.17,958.529,-1005.1,1388.89,-0.809112,2,0.12,98.7
Geran2,3,2504.87,4048.17,-41.9054,-414.554,416.667,-1.67154,2.8,1.1,98.7
Kalibr,1,7505.09,1983.17,248.162,-820.806,857.5,-1.27719,1.2,0.45,98.8
Kinzhal,2,8994.12,5006.17,958.529,-1005.1,1388.89,-0.809112,2,0.12,98.8
Geran2,3,2504.87,4048.17,-41.9054,-414.554,416.667,-1.67154,2.8,1.1,98.8
Kalibr,1,7505.09,1983.17,248.162,-820.806,857.5,-1.27719,1.2,0.45,98.9
Kinzhal,2,8994.12,5006.17,958.529,-1005.1,1388.89,-0.809112,2,0.12,98.9
Geran2,3,2504.87,4048.17,-41.9054,-414.554,416.667,-1.67154,2.8,1.1,98.9
Kalibr,1,7505.09,1983.17,248.162,-820.806,857.5,-1.27719,1.2,0.45,99
Kinzhal,2,8994.12,5006.17,958.529,-1005.1,1388.89,-0.809112,2,0.12,99
Geran2,3,2504.87,4048.17,-41.9054,-414.554,416.667,-1.67154,2.8,1.1,99
Kalibr,1,7505.09,1983.17,248.162,-820.806,857.5,-1.27719,1.2,0.45,99.1
Kinzhal,2,8994.12,5006.17,958.529,-1005.1,1388.89,-0.809112,2,0.12,99.1
Geran2,3,2504.87,4048.17,-41.9054,-414.554,416.667,-1.67154,2.8,1.1,99.1
Kalibr,1,7505.09,1983.17,248.162,-820.806,857.5,-1.27719,1.2,0.45,99.2
Kinzhal,2,8994.12,5006.17,958.529,-1005.1,1388.89,-0.809112,2,0.12,99.2
Geran2,3,2504.87,4048.17,-41.9054,-414.554,416.667,-1.67154,2.8,1.1,99.2
Kalibr,1,7505.09,1983.17,248.162,-820.806,857.5,-1.27719,1.2,0.45,99.3
Kinzhal,2,8994.12,5006.17,958.529,-1005.1,1388.89,-0.809112,2,0.12,99.3
Geran2,3,2504.87,4048.17,-41.9054,-414.554,416.667,-1.67154,2.8,1.1,99.3
Kalibr,1,7505.09,1983.17,248.162,-820.806,857.5,-1.27719,1.2,0.45,99.4
Kinzhal,2,8994.12,5006.17,958.529,-1005.1,1388.89,-0.809112,2,0.12,99.4
Geran2,3,2504.87,4048.17,-41.9054,-414.554,416.667,-1.67154,2.8,1.1,99.4
Kalibr,1,7505.09,1983.17,248.162,-820.806,857.5,-1.27719,1.2,0.45,99.5
Kinzhal,2,8994.12,5006.17,958.529,-1005.1,1388.89,-0.809112,2,0.12,99.5
Geran2,3,2504.87,4048.17,-41.9054,-414.554,416.667,-1.67154,2.8,1.1,99.5
Kalibr,1,7505.09,1983.17,248.162,-820.806,857.5,-1.27719,1.2,0.45,99.6
Kinzhal,2,8994.12,5006.17,958.529,-1005.1,1388.89,-0.809112,2,0.12,99.6
Geran2,3,2504.87,4048.17,-41.9054,-414.554,416.667,-1.67154,2.8,1.1,99.6
Kalibr,1,7505.09,1983.17,248.162,-820.806,857.5,-1.27719,1.2,0.45,99.7
Kinzhal,2,8994.12,5006.17,958.529,-1005.1,1388.89,-0.809112,2,0.12,99.7
Geran2,3,2504.87,4048.17,-41.9054,-414.554,416.667,-1.67154,2.8,1.1,99.7
Kalibr,1,7505.09,1983.17,248.162,-820.806,857.5,-1.27719,1.2,0.45,99.8
Kinzhal,2,8994.12,5006.17,958.529,-1005.1,1388.89,-0.809112,2,0.12,99.8
Geran2,3,2504.87,4048.17,-41.9054,-414.554,416.667,-1.67154,2.8,1.1,99.8
Kalibr,1,7505.09,1983.17,248.162,-820.806,857.5,-1.27719,1.2,0.45,99.9
Kinzhal,2,8994.12,5006.17,958.529,-1005.1,1388.89,-0.809112,2,0.12,99.9
Geran2,3,2504.87,4048.17,-41.9054,-414.554,416.667,-1.67154,2.8,1.1,99.9
