EnemyWeaponType,ID,UAV_ID,TrueX,TrueY,MeasuredX,MeasuredY,MeasuredX_Normalized,MeasuredY_Normalized,Vx,Vy,Tx,Ty,Speed,Speed_Normalized,Heading,TurnGain,MaxTurnRate,TargetX,TargetY,TargetType,RiskLevel,Damage_Potential,Time
Kalibr,1,1,4393.19,9830.68,4338.16,9784.87,0.405306,0.914181,-855.306,-61.2973,-0.997442,-0.0714838,857.5,0.453429,-3.07005,1.2,0.45,2500,4000,0,1,0.75,0
Kalibr,2,1,5061.43,9918.09,4977.62,9870.75,0.450268,0.892893,573.046,-637.906,0.668275,-0.743914,857.5,0.453429,-0.838909,1.2,0.45,2500,4000,0,1,0.75,0
Geran2,3,0,4267.69,9057.3,4444.46,8900.53,0.446747,0.89466,385.913,-157.107,0.92619,-0.377057,416.667,9.57307e-009,-0.386616,2.8,1.1,9000,5000,1,1,0.5,0
Kinzhal,4,2,3296.4,9148.81,3218.91,9106.82,0.333257,0.942836,441.991,-1169.25,0.353593,-0.9354,1250,0.857143,-1.20939,2.4,0.12,7500,2000,2,4,1,0
Kalibr,5,1,3952.94,8061.94,4062.35,8195.3,0.444123,0.895966,202.401,-833.271,0.236037,-0.971744,857.5,0.453429,-1.33251,1.2,0.45,9000,5000,1,2,0.75,0
Kinzhal,6,2,3079.01,9307.33,3161.14,9248.36,0.323434,0.946251,212.347,-1231.83,0.169878,-0.985465,1250,0.857143,-1.40009,2.4,0.12,2500,4000,0,2,1,0
Kalibr,7,1,3264.25,8685.05,3252.78,8933.11,0.342149,0.939645,-142.497,-845.577,-0.166177,-0.986096,857.5,0.453429,-1.73775,1.2,0.45,9000,5000,1,2,0.75,0
Kalibr,8,1,6629.25,8565.84,6573.03,8514.89,0.61106,0.791584,-311.425,-798.95,-0.363178,-0.93172,857.5,0.453429,-1.94247,1.2,0.45,2500,4000,0,1,0.75,0
Kinzhal,9,2,6392.38,8015.66,6373.83,8021.97,0.622088,0.782947,873.105,-894.532,0.698484,-0.715626,1250,0.857143,-0.797519,2.4,0.12,9000,5000,1,3,1,0
Geran2,10,0,5918.26,8002.15,5840.52,7909.33,0.594029,0.804444,-155.723,-386.473,-0.373736,-0.927535,416.667,9.57307e-009,-1.95383,2.8,1.1,2500,4000,0,0,0.5,0
Geran2,11,0,4351.52,8447.42,4241.81,8445.09,0.448844,0.89361,416,23.559,0.9984,0.0565417,416.667,9.57307e-009,0.0565718,2.8,1.1,9000,5000,1,1,0.5,0
Kinzhal,12,2,5869.8,9957.22,5880.93,10064.1,0.504523,0.863398,1015.81,-728.45,0.812644,-0.58276,1250,0.857143,-0.622121,2.4,0.12,9000,5000,1,3,1,0
Kinzhal,13,2,5811.8,9342.86,5847.87,9315.48,0.531678,0.846947,369.607,-1194.11,0.295686,-0.955285,1250,0.857143,-1.27062,2.4,0.12,9000,5000,1,3,1,0
Kalibr,14,1,3266.62,9293.7,3222.23,9310.39,0.327057,0.945005,857.5,0.845887,1,0.000986457,857.5,0.453429,0.000986457,1.2,0.45,9000,5000,1,2,0.75,0
Kalibr,15,1,6405.74,8289.71,6499.59,8531.11,0.606026,0.795445,-525.288,-677.775,-0.612581,-0.790408,857.5,0.453429,-2.23012,1.2,0.45,2500,4000,0,1,0.75,0
Geran2,16,0,4975.5,8656.5,5138.38,8610.86,0.512431,0.858729,-116.067,-400.174,-0.278562,-0.960418,416.667,9.57307e-009,-1.85309,2.8,1.1,7500,2000,2,2,0.5,0
Kalibr,17,1,5248.33,9250.12,5294.97,9219.45,0.498032,0.867159,-9.45313,-857.448,-0.0110241,-0.999939,857.5,0.453429,-1.58182,1.2,0.45,2500,4000,0,1,0.75,0
Kinzhal,18,2,4847.19,8639.18,4895.46,8656.3,0.492268,0.870444,1129.81,-534.809,0.903851,-0.427847,1250,0.857143,-0.442109,2.4,0.12,9000,5000,1,3,1,0
Kinzhal,19,2,5330.25,9952.54,5257.63,9888.35,0.469464,0.882951,-649.506,-1068.01,-0.519605,-0.854406,1250,0.857143,-2.11719,2.4,0.12,2500,4000,0,2,1,0
Geran2,20,0,4798.21,8285.77,4830.3,8410.77,0.498014,0.867169,413.312,-52.7705,0.991948,-0.126649,416.667,9.57307e-009,-0.12699,2.8,1.1,9000,5000,1,1,0.5,0
Kalibr,21,1,4422.43,8799.58,4243.29,8698,0.438454,0.898754,40.0416,-856.565,0.0466957,-0.998909,857.5,0.453429,-1.52408,1.2,0.45,9000,5000,1,2,0.75,0
Kinzhal,22,2,4968.04,8305.73,4917.28,8212.47,0.513711,0.857963,514.584,-1139.17,0.411667,-0.911334,1250,0.857143,-1.14651,2.4,0.12,7500,2000,2,4,1,0
Kinzhal,23,2,5476.99,8250.27,5467.39,8230.22,0.553339,0.832956,-335.332,-1204.18,-0.268266,-0.963345,1250,0.857143,-1.84239,2.4,0.12,2500,4000,0,2,1,0
Geran2,24,0,6062.9,9605.51,5983.99,9645.9,0.527164,0.849763,39.3531,-414.804,0.0944474,-0.99553,416.667,9.57307e-009,-1.47621,2.8,1.1,7500,2000,2,2,0.5,0
Geran2,25,0,3264.69,9775.55,3202.88,9694.75,0.313697,0.949523,105.027,-403.213,0.252066,-0.96771,416.667,9.57307e-009,-1.31598,2.8,1.1,7500,2000,2,2,0.5,0
Kalibr,26,1,4803.82,8633.68,4757.84,8612.62,0.483549,0.875318,-718.943,-467.362,-0.838418,-0.545028,857.5,0.453429,-2.56517,1.2,0.45,2500,4000,0,1,0.75,0
Kalibr,27,1,3540.62,8658.25,3629.63,8608.28,0.38852,0.92144,354.923,-780.6,0.413904,-0.91032,857.5,0.453429,-1.14406,1.2,0.45,7500,2000,2,3,0.75,0
Kinzhal,28,2,3811.9,9763.31,3753.34,9713.84,0.360421,0.93279,889.429,-878.303,0.711543,-0.702642,1250,0.857143,-0.779104,2.4,0.12,9000,5000,1,3,1,0
Kinzhal,29,2,4385.73,9969.85,4469.69,9985.41,0.408559,0.912732,1166.29,-449.738,0.933033,-0.359791,1250,0.857143,-0.368044,2.4,0.12,9000,5000,1,3,1,0
Kinzhal,30,2,3521.92,8360.25,3422.19,8334.45,0.379835,0.925054,680.422,-1048.58,0.544338,-0.838866,1250,0.857143,-0.995197,2.4,0.12,9000,5000,1,3,1,0
Kalibr,31,1,4694.45,8719.41,4552.25,8725.23,0.462562,0.886587,-851.853,-98.2453,-0.993415,-0.114572,857.5,0.453429,-3.02677,1.2,0.45,2500,4000,0,1,0.75,0
Kinzhal,32,2,3815.43,9912.71,3724.35,9721.92,0.357736,0.933823,482.056,-1153.31,0.385645,-0.922647,1250,0.857143,-1.17489,2.4,0.12,7500,2000,2,4,1,0
Kinzhal,33,2,5699.04,8452.32,5684,8453.83,0.557966,0.829864,1010.8,-735.377,0.808641,-0.588302,1250,0.857143,-0.628957,2.4,0.12,9000,5000,1,3,1,0
Kinzhal,34,2,5542.99,9074.88,5322.41,8985.37,0.509642,0.860386,789.267,-969.308,0.631414,-0.775446,1250,0.857143,-0.887421,2.4,0.12,7500,2000,2,4,1,0
Geran2,35,0,6177.81,8192.95,6315.44,8133.76,0.613285,0.789861,-78.6143,-409.183,-0.188674,-0.98204,416.667,9.57307e-009,-1.76061,2.8,1.1,2500,4000,0,0,0.5,0
Kalibr,36,1,6542.56,8504.55,6571.09,8641.65,0.605284,0.79601,11.1437,-857.428,0.0129955,-0.999916,857.5,0.453429,-1.5578,1.2,0.45,7500,2000,2,3,0.75,0
Geran2,37,0,4361.77,8124.96,4440,8012.59,0.484688,0.874687,141.668,-391.844,0.340002,-0.940425,416.667,9.57307e-009,-1.22388,2.8,1.1,2500,4000,0,0,0.5,0
Kinzhal,38,2,3593.82,8371.79,3573.71,8414.07,0.39093,0.92042,239.9,-1226.76,0.19192,-0.981411,1250,0.857143,-1.37768,2.4,0.12,7500,2000,2,4,1,0
Geran2,39,0,4337.62,8722.07,4295.73,8652,0.444705,0.895677,-326.621,-258.708,-0.78389,-0.620899,416.667,9.57307e-009,-2.4717,2.8,1.1,2500,4000,0,0,0.5,0
Geran2,40,0,6311.73,8956.31,6330.29,8966.06,0.576762,0.816912,-133.092,-394.839,-0.319421,-0.947613,416.667,9.57307e-009,-1.89591,2.8,1.1,2500,4000,0,0,0.5,0
Geran2,41,0,6115.35,8800.21,6134.31,8778.49,0.572795,0.819698,-319.443,-267.521,-0.766663,-0.64205,416.667,9.57307e-009,-2.44442,2.8,1.1,2500,4000,0,0,0.5,0
Kinzhal,42,2,6434.93,8928.64,6304.38,8939.84,0.576311,0.81723,-26.6775,-1249.72,-0.021342,-0.999772,1250,0.857143,-1.59214,2.4,0.12,7500,2000,2,4,1,0
Geran2,43,0,3276.07,8924.03,3132.32,9088.45,0.325839,0.945425,-188.092,-371.796,-0.451421,-0.892311,416.667,9.57307e-009,-2.03915,2.8,1.1,2500,4000,0,0,0.5,0
Kinzhal,44,2,3066.43,8938.07,2936.89,9119.9,0.306529,0.951861,344.996,-1201.45,0.275997,-0.961159,1250,0.857143,-1.29117,2.4,0.12,7500,2000,2,4,1,0
Geran2,45,0,3290.74,9075.86,3337.62,9179.89,0.341696,0.939811,-164.629,-382.764,-0.39511,-0.918634,416.667,9.57307e-009,-1.97698,2.8,1.1,2500,4000,0,0,0.5,0
Geran2,46,0,4456.26,8600.54,4641.48,8594.66,0.475178,0.87989,-330.105,-254.248,-0.792251,-0.610195,416.667,9.57307e-009,-2.48529,2.8,1.1,2500,4000,0,0,0.5,0
Kinzhal,47,2,6633.02,9280.44,6510.15,9239.4,0.575987,0.817459,261.15,-1222.42,0.20892,-0.977933,1250,0.857143,-1.36033,2.4,0.12,7500,2000,2,4,1,0
Kinzhal,48,2,3102,9676.97,3110.34,9640.16,0.307057,0.951691,46.1458,-1249.15,0.0369166,-0.999318,1250,0.857143,-1.53387,2.4,0.12,7500,2000,2,4,1,0
Kinzhal,49,2,4359.08,9630.62,4346.11,9688.93,0.409275,0.912411,917.369,-849.078,0.733895,-0.679263,1250,0.857143,-0.746757,2.4,0.12,7500,2000,2,4,1,0
Geran2,50,0,5651.36,8017.15,5678.02,7993.27,0.579112,0.815248,-414.176,-45.4859,-0.994024,-0.109166,416.667,9.57307e-009,-3.03221,2.8,1.1,2500,4000,0,0,0.5,0
Kalibr,1,1,4308.47,9820.74,4374.85,9817.68,0.407027,0.913416,-847.152,-99.3603,-0.993192,-0.116489,857.5,0.453429,-3.02484,1.2,0.45,2500,4000,0,1,0.75,0.1
Kalibr,2,1,5115.51,9852.13,4993.66,9919.94,0.449639,0.89321,540.752,-659.641,0.633972,-0.773356,857.5,0.453429,-0.884118,1.2,0.45,2500,4000,0,1,0.75,0.1
Geran2,3,0,4304.48,9038.29,4369.98,9177.64,0.429908,0.902873,367.86,-190.17,0.888318,-0.459228,416.667,9.57307e-009,-0.477126,2.8,1.1,9000,5000,1,1,0.5,0.1
Kinzhal,4,2,3341.72,9033.17,3367.86,9113.8,0.346624,0.938004,453.195,-1156.47,0.364862,-0.931061,1250,0.857143,-1.19731,2.4,0.12,7500,2000,2,4,1,0.1
Kalibr,5,1,3976.8,7980.05,4068.66,7922.1,0.456854,0.889542,238.583,-818.912,0.279712,-0.960084,857.5,0.453429,-1.2873,1.2,0.45,9000,5000,1,2,0.75,0.1
Kinzhal,6,2,3098.63,9184.68,3048.65,9128.49,0.316772,0.948502,196.208,-1226.5,0.157965,-0.987445,1250,0.857143,-1.41217,2.4,0.12,2500,4000,0,2,1,0.1
Kalibr,7,1,3253.9,8600.39,3163.99,8613.02,0.34482,0.938669,-103.585,-846.646,-0.121442,-0.992599,857.5,0.453429,-1.69254,1.2,0.45,9000,5000,1,2,0.75,0.1
Kalibr,8,1,6594.82,8487.8,6459.14,8485.93,0.605667,0.795718,-344.32,-780.431,-0.403652,-0.914913,857.5,0.453429,-1.9863,1.2,0.45,2500,4000,0,1,0.75,0.1
Kinzhal,9,2,6478.06,7925.73,6497.72,8033.01,0.628895,0.77749,856.789,-899.289,0.689792,-0.724008,1250,0.857143,-0.809595,2.4,0.12,9000,5000,1,3,1,0.1
Geran2,10,0,5899.36,7965.3,5751.99,7902.03,0.58851,0.80849,-189.02,-368.432,-0.45647,-0.889739,416.667,9.57307e-009,-2.04482,2.8,1.1,2500,4000,0,0,0.5,0.1
Geran2,11,0,4392.79,8445.19,4592.37,8418.02,0.47891,0.877864,412.686,-22.258,0.998549,-0.0538562,416.667,9.57307e-009,-0.0538822,2.8,1.1,9000,5000,1,1,0.5,0.1
Kinzhal,12,2,5969.86,9883.62,6024.91,9921.07,0.519067,0.854734,1000.57,-735.981,0.805548,-0.59253,1250,0.857143,-0.634196,2.4,0.12,9000,5000,1,3,1,0.1
Kinzhal,13,2,5849.96,9224.65,5770.95,9111.95,0.535056,0.844817,381.572,-1182.04,0.3072,-0.951645,1250,0.857143,-1.25855,2.4,0.12,9000,5000,1,3,1,0.1
Kalibr,14,1,3351.84,9289.93,3326.86,9232.13,0.339016,0.94078,852.125,-37.7079,0.999022,-0.0442083,857.5,0.453429,-0.0442227,1.2,0.45,9000,5000,1,2,0.75,0.1
Kalibr,15,1,6352.79,8222.73,6249.58,8217.68,0.605338,0.795969,-529.434,-669.812,-0.620103,-0.784521,857.5,0.453429,-2.23967,1.2,0.45,2500,4000,0,1,0.75,0.1
Geran2,16,0,4968.43,8615.78,4984.25,8721.41,0.496183,0.868218,-70.6708,-407.199,-0.170998,-0.985271,416.667,9.57307e-009,-1.74264,2.8,1.1,7500,2000,2,2,0.5,0.1
Kalibr,17,1,5243.54,9164.96,5436.57,9291.16,0.50503,0.863102,-47.9396,-851.611,-0.0562038,-0.998419,857.5,0.453429,-1.62703,1.2,0.45,2500,4000,0,1,0.75,0.1
Kinzhal,18,2,4958.81,8584.68,4730.33,8456.53,0.488185,0.87274,1116.17,-544.946,0.898619,-0.43873,1250,0.857143,-0.454185,2.4,0.12,9000,5000,1,3,1,0.1
Kinzhal,19,2,5267,9845.64,5268.78,9967.02,0.467342,0.884077,-632.538,-1068.97,-0.50925,-0.860619,1250,0.857143,-2.10511,2.4,0.12,2500,4000,0,2,1,0.1
Geran2,20,0,4838.38,8276.05,4738.95,8182.91,0.501153,0.865359,401.69,-97.2128,0.971942,-0.235219,416.667,9.57307e-009,-0.237444,2.8,1.1,9000,5000,1,1,0.5,0.1
Kalibr,21,1,4430.26,8714.64,4256,8716.21,0.438772,0.898598,78.2952,-849.358,0.0917925,-0.995778,857.5,0.453429,-1.47887,1.2,0.45,9000,5000,1,2,0.75,0.1
Kinzhal,22,2,5018.01,8192.01,4974.85,8203.17,0.518549,0.855048,499.708,-1137.17,0.402301,-0.915507,1250,0.857143,-1.15677,2.4,0.12,7500,2000,2,4,1,0.1
Kinzhal,23,2,5442.23,8131.03,5472.84,8093.54,0.560155,0.828388,-347.637,-1192.46,-0.279879,-0.960035,1250,0.857143,-1.85446,2.4,0.12,2500,4000,0,2,1,0.1
Geran2,24,0,6067.9,9564.25,6200.9,9399.17,0.550684,0.834714,49.9458,-412.648,0.12016,-0.992755,416.667,9.57307e-009,-1.45035,2.8,1.1,7500,2000,2,2,0.5,0.1
Geran2,25,0,3277.87,9736.21,3228.04,9816.76,0.312375,0.949959,131.796,-393.336,0.317713,-0.948187,416.667,9.57307e-009,-1.24748,2.8,1.1,7500,2000,2,2,0.5,0.1
Kalibr,26,1,4734.48,8584.01,4853.92,8591.92,0.491874,0.870666,-693.395,-496.732,-0.812929,-0.582363,857.5,0.453429,-2.51996,1.2,0.45,2500,4000,0,1,0.75,0.1
Kalibr,27,1,3576.99,8581,3612.17,8744.43,0.38179,0.924249,363.619,-772.444,0.425908,-0.904766,857.5,0.453429,-1.13083,1.2,0.45,7500,2000,2,3,0.75,0.1
Kinzhal,28,2,3901.05,9676.82,3850.56,9823.23,0.364949,0.931027,891.468,-864.984,0.717687,-0.696366,1250,0.857143,-0.770321,2.4,0.12,9000,5000,1,3,1,0.1
Kinzhal,29,2,4501.08,9923.76,4588.59,9937.44,0.419215,0.907887,1153.44,-460.857,0.92862,-0.371031,1250,0.857143,-0.380119,2.4,0.12,9000,5000,1,3,1,0.1
Kinzhal,30,2,3590.78,8256.87,3482.22,8169.08,0.392128,0.91991,688.654,-1033.71,0.554428,-0.832232,1250,0.857143,-0.983121,2.4,0.12,9000,5000,1,3,1,0.1
Kalibr,31,1,4610.24,8705.82,4517.8,8857.74,0.454355,0.890821,-842.06,-135.92,-0.987222,-0.159351,857.5,0.453429,-2.98156,1.2,0.45,2500,4000,0,1,0.75,0.1
Kinzhal,32,2,3864.43,9798.58,3803.06,9665.06,0.366159,0.930552,490.039,-1141.38,0.394515,-0.91889,1250,0.857143,-1.16526,2.4,0.12,7500,2000,2,4,1,0.1
Kinzhal,33,2,5798.59,8378.04,5766.54,8384.27,0.566686,0.823934,995.515,-742.804,0.801479,-0.598024,1250,0.857143,-0.641033,2.4,0.12,9000,5000,1,3,1,0.1
Kinzhal,34,2,5620.25,8977.62,5492.11,8988.66,0.521384,0.853322,772.59,-972.58,0.622004,-0.783014,1250,0.857143,-0.899497,2.4,0.12,7500,2000,2,4,1,0.1
Geran2,35,0,6165.59,8153.47,6069.77,8124.36,0.598516,0.801111,-122.239,-394.794,-0.295775,-0.955258,416.667,9.57307e-009,-1.87106,2.8,1.1,2500,4000,0,0,0.5,0.1
Kalibr,36,1,6545.04,8419.21,6290.17,8340.69,0.602121,0.798405,24.7913,-853.354,0.0290393,-0.999578,857.5,0.453429,-1.54175,1.2,0.45,7500,2000,2,3,0.75,0.1
Geran2,37,0,4371.45,8084.78,4226.27,8014.51,0.466447,0.884549,96.8194,-401.785,0.234267,-0.972172,416.667,9.57307e-009,-1.33433,2.8,1.1,2500,4000,0,0,0.5,0.1
Kinzhal,38,2,3619.12,8250.19,3678.09,8316.25,0.404483,0.914546,253.086,-1216.04,0.203757,-0.979021,1250,0.857143,-1.3656,2.4,0.12,7500,2000,2,4,1,0.1
Geran2,39,0,4308.25,8692.99,4376.18,8746.02,0.447473,0.894297,-293.711,-290.756,-0.710672,-0.703523,416.667,9.57307e-009,-2.36125,2.8,1.1,2500,4000,0,0,0.5,0.1
Geran2,40,0,6294.93,8918.47,6334.49,8653.95,0.590651,0.806927,-168.056,-378.378,-0.405913,-0.913912,416.667,9.57307e-009,-1.98877,2.8,1.1,2500,4000,0,0,0.5,0.1
Geran2,41,0,6085.31,8771.59,6094.03,8547.67,0.580516,0.814249,-300.424,-286.234,-0.723998,-0.689802,416.667,9.57307e-009,-2.38038,2.8,1.1,2500,4000,0,0,0.5,0.1
Kinzhal,42,2,6433.78,8804.44,6406.86,8892.05,0.58458,0.811336,-11.5114,-1242.04,-0.00926773,-0.999957,1250,0.857143,-1.58006,2.4,0.12,7500,2000,2,4,1,0.1
Geran2,43,0,3260.68,8885.57,3163.73,8948.5,0.333329,0.942811,-153.906,-384.558,-0.371564,-0.928407,416.667,9.57307e-009,-1.95149,2.8,1.1,2500,4000,0,0,0.5,0.1
Kinzhal,44,2,3102.15,8819.11,3180.18,8958.47,0.334537,0.942382,357.207,-1189.63,0.287583,-0.957756,1250,0.857143,-1.27909,2.4,0.12,7500,2000,2,4,1,0.1
Geran2,45,0,3277.09,9036.7,3319.46,9009.79,0.345711,0.938341,-136.567,-391.639,-0.329261,-0.944239,416.667,9.57307e-009,-1.90632,2.8,1.1,2500,4000,0,0,0.5,0.1
Geran2,46,0,4426.5,8571.86,4453.82,8435.73,0.466892,0.884314,-297.633,-286.74,-0.720162,-0.693806,416.667,9.57307e-009,-2.37483,2.8,1.1,2500,4000,0,0,0.5,0.1
Kinzhal,47,2,6657.51,9158.67,6536.05,9367.55,0.572214,0.820104,244.812,-1217.73,0.197096,-0.980384,1250,0.857143,-1.3724,2.4,0.12,7500,2000,2,4,1,0.1
Kinzhal,48,2,3108.08,9552.91,3143.31,9373.67,0.317934,0.948113,60.8394,-1240.61,0.0489812,-0.9988,1250,0.857143,-1.5218,2.4,0.12,7500,2000,2,4,1,0.1
Kinzhal,49,2,4449.21,9545.16,4537.4,9413.91,0.434187,0.900823,901.315,-854.657,0.725639,-0.688075,1250,0.857143,-0.758833,2.4,0.12,7500,2000,2,4,1,0.1
Geran2,50,0,5611.02,8008.14,5662.4,8160.3,0.570092,0.821581,-403.339,-90.1259,-0.975933,-0.218072,416.667,9.57307e-009,-2.92175,2.8,1.1,2500,4000,0,0,0.5,0.1
Kalibr,1,1,4224.7,9807.04,4060.73,9756.02,0.384271,0.923221,-837.674,-137.077,-0.986874,-0.161493,857.5,0.453429,-2.97939,1.2,0.45,2500,4000,0,1,0.75,0.2
Kalibr,2,1,5166.28,9784.11,5138.56,9678.75,0.468922,0.88324,507.746,-680.208,0.598181,-0.801361,857.5,0.453429,-0.929567,1.2,0.45,2500,4000,0,1,0.75,0.2
Geran2,3,0,4339.81,9016.98,4386.43,9114.4,0.433656,0.901078,353.318,-213.037,0.856372,-0.516359,416.667,9.57307e-009,-0.542594,2.8,1.1,9000,5000,1,1,0.5,0.2
Kinzhal,4,2,3388.17,8918.74,3469.78,9053.65,0.357865,0.933773,464.517,-1144.23,0.376149,-0.926559,1250,0.857143,-1.18516,2.4,0.12,7500,2000,2,4,1,0.2
Kalibr,5,1,4004.22,7899.72,3922.9,7808.12,0.448938,0.893563,274.204,-803.306,0.323043,-0.946384,857.5,0.453429,-1.24185,1.2,0.45,9000,5000,1,2,0.75,0.2
Kinzhal,6,2,3116.65,9062.51,3155.56,8958.34,0.332239,0.943195,180.243,-1221.7,0.145954,-0.989291,1250,0.857143,-1.42432,2.4,0.12,2500,4000,0,2,1,0.2
Kalibr,7,1,3247.43,8515.75,3228.04,8502.49,0.354938,0.93489,-64.6962,-846.347,-0.0762193,-0.997091,857.5,0.453429,-1.64709,1.2,0.45,9000,5000,1,2,0.75,0.2
Kalibr,8,1,6557.54,8411.51,6540.58,8241.73,0.62163,0.783311,-372.821,-762.861,-0.439083,-0.898446,857.5,0.453429,-2.02537,1.2,0.45,2500,4000,0,1,0.75,0.2
Kinzhal,9,2,6562.17,7835.3,6675.8,7773.09,0.651531,0.758622,841.031,-904.276,0.681036,-0.73225,1250,0.857143,-0.82162,2.4,0.12,9000,5000,1,3,1,0.2
Geran2,10,0,5878.16,7929.92,5942.52,7839.46,0.604086,0.796919,-212.076,-353.863,-0.514066,-0.857751,416.667,9.57307e-009,-2.11071,2.8,1.1,2500,4000,0,0,0.5,0.2
Geran2,11,0,4433.25,8438.44,4393.81,8408.08,0.463145,0.886283,404.581,-67.4688,0.986379,-0.164491,416.667,9.57307e-009,-0.165242,2.8,1.1,9000,5000,1,1,0.5,0.2
Kinzhal,12,2,6068.44,9809.25,5874.58,9931.46,0.509114,0.860699,985.827,-743.766,0.798288,-0.602275,1250,0.857143,-0.646349,2.4,0.12,9000,5000,1,3,1,0.2
Kinzhal,13,2,5889.32,9107.6,5851.26,9107.82,0.540512,0.841337,393.622,-1170.51,0.318741,-0.947842,1250,0.857143,-1.2464,2.4,0.12,9000,5000,1,3,1,0.2
Kalibr,14,1,3436.38,9282.32,3435.96,9162.07,0.35114,0.936323,845.405,-76.0127,0.995982,-0.0895515,857.5,0.453429,-0.0896716,1.2,0.45,9000,5000,1,2,0.75,0.2
Kalibr,15,1,6299.49,8156.46,6382.64,8069.38,0.620367,0.784312,-533.009,-662.641,-0.626769,-0.779205,857.5,0.453429,-2.2482,1.2,0.45,2500,4000,0,1,0.75,0.2
Geran2,16,0,4965.95,8574.84,5019.15,8421.2,0.511976,0.859,-24.793,-409.419,-0.0604459,-0.998172,416.667,9.57307e-009,-1.63128,2.8,1.1,7500,2000,2,2,0.5,0.2
Kalibr,17,1,5234.92,9080.52,5246.35,9092.45,0.499773,0.866157,-86.1609,-844.431,-0.101507,-0.994835,857.5,0.453429,-1.67248,1.2,0.45,2500,4000,0,1,0.75,0.2
Kinzhal,18,2,5069.11,8529.16,4859.61,8539.21,0.494608,0.869116,1103.06,-555.244,0.893221,-0.449617,1250,0.857143,-0.466337,2.4,0.12,9000,5000,1,3,1,0.2
Kinzhal,19,2,5205.4,9738.6,5299.28,9734.75,0.478116,0.878297,-615.925,-1070.36,-0.498754,-0.866743,1250,0.857143,-2.09296,2.4,0.12,2500,4000,0,2,1,0.2
Geran2,20,0,4876.92,8262.03,4790.69,8245.03,0.50239,0.864641,385.469,-140.185,0.939782,-0.341774,416.667,9.57307e-009,-0.348804,2.8,1.1,9000,5000,1,1,0.5,0.2
Kalibr,21,1,4441.88,8630.56,4434.1,8510.51,0.462061,0.886848,116.236,-840.819,0.136939,-0.990579,857.5,0.453429,-1.43343,1.2,0.45,9000,5000,1,2,0.75,0.2
Kinzhal,22,2,5066.8,8078.56,5080.28,8144.54,0.529245,0.848469,487.87,-1134.55,0.395036,-0.918665,1250,0.857143,-1.16469,2.4,0.12,7500,2000,2,4,1,0.2
Kinzhal,23,2,5406.23,8012.9,5476,7864.99,0.571395,0.820675,-360.011,-1181.29,-0.291524,-0.956563,1250,0.857143,-1.86662,2.4,0.12,2500,4000,0,2,1,0.2
Geran2,24,0,6073.65,9523.17,5976.78,9549.8,0.530519,0.847673,57.5364,-410.795,0.138707,-0.990333,416.667,9.57307e-009,-1.43164,2.8,1.1,7500,2000,2,2,0.5,0.2
Geran2,25,0,3292.93,9697.69,3286.19,9624.59,0.323122,0.946357,150.645,-385.202,0.364219,-0.931313,416.667,9.57307e-009,-1.198,2.8,1.1,7500,2000,2,2,0.5,0.2
Kalibr,26,1,4667.8,8531.5,4765,8414.21,0.492774,0.870157,-666.856,-525.158,-0.785631,-0.618695,857.5,0.453429,-2.47451,1.2,0.45,2500,4000,0,1,0.75,0.2
Kalibr,27,1,3614.11,8504.5,3491.71,8399.05,0.383876,0.923385,371.193,-765.052,0.43652,-0.899695,857.5,0.453429,-1.11907,1.2,0.45,7500,2000,2,3,0.75,0.2
Kinzhal,28,2,3990.27,9591.42,3807.21,9432.32,0.374294,0.92731,892.174,-854,0.722392,-0.691483,1250,0.857143,-0.763541,2.4,0.12,9000,5000,1,3,1,0.2
Kinzhal,29,2,4615.19,9876.55,4524.56,9950.42,0.413927,0.91031,1141.12,-472.098,0.924043,-0.382288,1250,0.857143,-0.392272,2.4,0.12,9000,5000,1,3,1,0.2
Kinzhal,30,2,3660.49,8154.94,3548.58,8226.61,0.396077,0.918217,697.116,-1019.35,0.5645,-0.825433,1250,0.857143,-0.970969,2.4,0.12,9000,5000,1,3,1,0.2
Kalibr,31,1,4527.15,8688.5,4607.76,8841.46,0.462158,0.886797,-830.959,-173.192,-0.978963,-0.204039,857.5,0.453429,-2.93611,1.2,0.45,2500,4000,0,1,0.75,0.2
Kinzhal,32,2,3913.99,9685.46,3958.98,9761.74,0.375829,0.926689,495.628,-1131.2,0.401315,-0.91594,1250,0.857143,-1.15784,2.4,0.12,7500,2000,2,4,1,0.2
Kinzhal,33,2,5896.66,8303,6024.67,8321.29,0.586441,0.809992,980.719,-750.488,0.794152,-0.607719,1250,0.857143,-0.653185,2.4,0.12,9000,5000,1,3,1,0.2
Kinzhal,34,2,5695.88,8879.99,5894.45,8875.21,0.553247,0.833018,756.322,-976.227,0.612443,-0.790515,1250,0.857143,-0.911649,2.4,0.12,7500,2000,2,4,1,0.2
Geran2,35,0,6149.17,8115.88,6234.89,8166.3,0.60684,0.794824,-164.108,-375.908,-0.4001,-0.916472,416.667,9.57307e-009,-1.98242,2.8,1.1,2500,4000,0,0,0.5,0.2
Kalibr,36,1,6548.72,8334.26,6490.21,8269.96,0.617374,0.78667,36.8413,-849.489,0.043328,-0.999061,857.5,0.453429,-1.52745,1.2,0.45,7500,2000,2,3,0.75,0.2
Geran2,37,0,4376.57,8044.09,4520.02,8166.06,0.484276,0.874915,51.1807,-406.963,0.12478,-0.992184,416.667,9.57307e-009,-1.44569,2.8,1.1,2500,4000,0,0,0.5,0.2
Kinzhal,38,2,3645.75,8129.6,3647.91,8181.99,0.407207,0.913336,266.298,-1205.87,0.215639,-0.976473,1250,0.857143,-1.35345,2.4,0.12,7500,2000,2,4,1,0.2
Geran2,39,0,4282.48,8661.08,4296.21,8573.9,0.447986,0.89404,-257.622,-319.169,-0.628088,-0.778142,416.667,9.57307e-009,-2.24989,2.8,1.1,2500,4000,0,0,0.5,0.2
Geran2,40,0,6275.7,8881.99,6379.55,8969.43,0.579601,0.8149,-192.337,-364.856,-0.466331,-0.88461,416.667,9.57307e-009,-2.05593,2.8,1.1,2500,4000,0,0,0.5,0.2
Geran2,41,0,6056.71,8741.69,5941.33,8600.62,0.568372,0.822771,-286.028,-299.008,-0.691248,-0.722618,416.667,9.57307e-009,-2.33401,2.8,1.1,2500,4000,0,0,0.5,0.2
Kinzhal,42,2,6434.14,8680.95,6522.81,8651.24,0.602029,0.798474,3.56178,-1234.92,0.0028842,-0.999996,1250,0.857143,-1.56791,2.4,0.12,7500,2000,2,4,1,0.2
Geran2,43,0,3247.81,8846.36,3370.21,8910.41,0.353773,0.935331,-128.721,-392.136,-0.311882,-0.950121,416.667,9.57307e-009,-1.88797,2.8,1.1,2500,4000,0,0,0.5,0.2
Kinzhal,44,2,3139.1,8701.27,3106.25,8576.25,0.340544,0.940229,369.49,-1178.35,0.2992,-0.95419,1250,0.857143,-1.26694,2.4,0.12,7500,2000,2,4,1,0.2
Geran2,45,0,3265.49,8997,3398.37,8990.57,0.353576,0.935406,-115.989,-396.918,-0.280494,-0.959856,416.667,9.57307e-009,-1.8551,2.8,1.1,2500,4000,0,0,0.5,0.2
Geran2,46,0,4400.3,8540.3,4538.78,8600.77,0.466717,0.884407,-261.933,-315.641,-0.638599,-0.76954,416.667,9.57307e-009,-2.26347,2.8,1.1,2500,4000,0,0,0.5,0.2
Kinzhal,47,2,6680.37,9037.31,6583.08,9104.47,0.585937,0.810357,228.669,-1213.57,0.185168,-0.982707,1250,0.857143,-1.38455,2.4,0.12,7500,2000,2,4,1,0.2
Kinzhal,48,2,3115.63,9429.65,2974.9,9571.7,0.296797,0.954941,75.4722,-1232.62,0.0611148,-0.998131,1250,0.857143,-1.50964,2.4,0.12,7500,2000,2,4,1,0.2
Kinzhal,49,2,4537.78,9459.1,4463.37,9546.76,0.423526,0.905884,885.719,-860.549,0.717224,-0.696842,1250,0.857143,-0.770985,2.4,0.12,7500,2000,2,4,1,0.2
Geran2,50,0,5572.23,7994.8,5424.75,7853.61,0.568334,0.822798,-387.877,-133.377,-0.945654,-0.325176,416.667,9.57307e-009,-2.8104,2.8,1.1,2500,4000,0,0,0.5,0.2
Kalibr,1,1,4142.02,9789.6,4119.22,9758.43,0.388891,0.921284,-826.843,-174.397,-0.978472,-0.206379,857.5,0.453429,-2.93372,1.2,0.45,2500,4000,0,1,0.75,0.3
Kalibr,2,1,5213.69,9714.15,5255.63,9832.47,0.471401,0.881919,474.041,-699.549,0.560972,-0.827835,857.5,0.453429,-0.975237,1.2,0.45,2500,4000,0,1,0.75,0.3
Geran2,3,0,4374.01,8994.09,4351.43,8821.35,0.442389,0.896823,342.014,-228.986,0.830953,-0.556342,416.667,9.57307e-009,-0.589977,2.8,1.1,9000,5000,1,1,0.5,0.3
Kinzhal,4,2,3435.77,8805.5,3515.83,8843.79,0.369426,0.92926,475.944,-1132.47,0.387446,-0.921893,1250,0.857143,-1.17294,2.4,0.12,7500,2000,2,4,1,0.3
Kalibr,5,1,4035.14,7821.08,3922.12,7725.07,0.452707,0.891659,309.209,-786.431,0.365912,-0.930649,857.5,0.453429,-1.19618,1.2,0.45,9000,5000,1,2,0.75,0.3
Kinzhal,6,2,3133.1,8940.77,3183.36,8829.64,0.339162,0.940728,164.427,-1217.36,0.133852,-0.991001,1250,0.857143,-1.43654,2.4,0.12,2500,4000,0,2,1,0.3
Kalibr,7,1,3244.84,8431.29,3366.38,8596.7,0.36463,0.931153,-25.8738,-844.639,-0.0306187,-0.999531,857.5,0.453429,-1.60142,1.2,0.45,9000,5000,1,2,0.75,0.3
Kalibr,8,1,6517.78,8336.87,6614.76,8287.5,0.623818,0.78157,-397.551,-746.375,-0.470113,-0.882606,857.5,0.453429,-2.06021,1.2,0.45,2500,4000,0,1,0.75,0.3
Kinzhal,9,2,6644.98,7744.56,6593.44,7849.88,0.643166,0.765727,828.111,-907.378,0.674107,-0.738633,1250,0.857143,-0.831041,2.4,0.12,9000,5000,1,3,1,0.3
Geran2,10,0,5855.34,7895.67,5758.45,7881.07,0.589964,0.80743,-228.178,-342.514,-0.554422,-0.832235,416.667,9.57307e-009,-2.15847,2.8,1.1,2500,4000,0,0,0.5,0.3
Geran2,11,0,4472.42,8427.29,4514.34,8399.36,0.473417,0.880838,391.718,-111.559,0.961757,-0.273903,416.667,9.57307e-009,-0.277449,2.8,1.1,9000,5000,1,1,0.5,0.3
Kinzhal,12,2,6165.59,9734.07,6181,9751.91,0.535348,0.844631,971.515,-751.775,0.790868,-0.611987,1250,0.857143,-0.658571,2.4,0.12,9000,5000,1,3,1,0.3
Kinzhal,13,2,5929.9,8991.65,5802.56,8894.7,0.546378,0.837539,405.748,-1159.47,0.330302,-0.943875,1250,0.857143,-1.23417,2.4,0.12,9000,5000,1,3,1,0.3
Kalibr,14,1,3520.11,9270.92,3450.36,9437.99,0.343357,0.939205,837.307,-114.019,0.990855,-0.134929,857.5,0.453429,-0.135341,1.2,0.45,9000,5000,1,2,0.75,0.3
Kalibr,15,1,6245.88,8090.84,6215.47,8073.37,0.61003,0.792378,-536.093,-656.185,-0.632682,-0.774412,857.5,0.453429,-2.25581,1.2,0.45,2500,4000,0,1,0.75,0.3
Geran2,16,0,4968.06,8534.17,5156.47,8641.3,0.512426,0.858732,21.0576,-406.75,0.0517013,-0.998663,416.667,9.57307e-009,-1.51907,2.8,1.1,7500,2000,2,2,0.5,0.3
Kalibr,17,1,5222.51,8996.93,5242.84,8843.85,0.509949,0.860204,-124.068,-835.877,-0.14682,-0.989163,857.5,0.453429,-1.71815,1.2,0.45,2500,4000,0,1,0.75,0.3
Kinzhal,18,2,5178.15,8472.59,5138.6,8389.66,0.522307,0.852757,1090.42,-565.687,0.887659,-0.460501,1250,0.857143,-0.478559,2.4,0.12,9000,5000,1,3,1,0.3
Kinzhal,19,2,5145.44,9631.39,5042.25,9685.81,0.461758,0.887006,-599.619,-1072.13,-0.488124,-0.872774,1250,0.857143,-2.08073,2.4,0.12,2500,4000,0,2,1,0.3
Geran2,20,0,4913.88,8244.69,4925.26,8260.09,0.512139,0.858902,369.518,-173.446,0.905238,-0.424905,416.667,9.57307e-009,-0.438857,2.8,1.1,9000,5000,1,1,0.5,0.3
Kalibr,21,1,4457.26,8547.47,4462.28,8692.5,0.456688,0.889627,153.813,-830.918,0.18202,-0.983295,857.5,0.453429,-1.38776,1.2,0.45,9000,5000,1,2,0.75,0.3
Kinzhal,22,2,5114.64,7965.4,5145.85,7991.9,0.541368,0.840786,478.405,-1131.58,0.389405,-0.921067,1250,0.857143,-1.17081,2.4,0.12,7500,2000,2,4,1,0.3
Kinzhal,23,2,5368.98,7895.84,5442.36,7950.56,0.564861,0.825186,-372.448,-1170.59,-0.303194,-0.952929,1250,0.857143,-1.87884,2.4,0.12,2500,4000,0,2,1,0.3
Geran2,24,0,6079.95,9482.24,6047.25,9528.63,0.535839,0.84432,62.9745,-409.239,0.152092,-0.988366,416.667,9.57307e-009,-1.41811,2.8,1.1,7500,2000,2,2,0.5,0.3
Geran2,25,0,3309.33,9659.82,3317.56,9699.82,0.323618,0.946188,163.97,-378.77,0.397273,-0.9177,416.667,9.57307e-009,-1.16225,2.8,1.1,7500,2000,2,2,0.5,0.3
Kalibr,26,1,4603.87,8476.24,4552.32,8411.27,0.475978,0.879457,-639.325,-552.583,-0.756566,-0.653917,857.5,0.453429,-2.42884,1.2,0.45,2500,4000,0,1,0.75,0.3
Kalibr,27,1,3651.89,8428.66,3625.88,8294.61,0.40054,0.916279,377.797,-758.363,0.445906,-0.89508,857.5,0.453429,-1.10861,1.2,0.45,7500,2000,2,3,0.75,0.3
Kinzhal,28,2,4079.46,9506.93,3975.53,9451.2,0.387733,0.921772,891.954,-844.884,0.726003,-0.687691,1250,0.857143,-0.758304,2.4,0.12,9000,5000,1,3,1,0.3
Kinzhal,29,2,4728.12,9828.21,4647.19,9828.52,0.427453,0.904037,1129.29,-483.447,0.919302,-0.393553,1250,0.857143,-0.404494,2.4,0.12,9000,5000,1,3,1,0.3
Kinzhal,30,2,3731.07,8054.4,3783.06,8248.9,0.416866,0.908968,705.782,-1005.42,0.574546,-0.818472,1250,0.857143,-0.958747,2.4,0.12,9000,5000,1,3,1,0.3
Kalibr,31,1,4445.29,8667.5,4494.99,8731.69,0.457703,0.889105,-818.523,-210.008,-0.968627,-0.24852,857.5,0.453429,-2.89044,1.2,0.45,2500,4000,0,1,0.75,0.3
Kinzhal,32,2,3963.94,9573.21,3984.53,9349.49,0.392057,0.919941,499.451,-1122.46,0.406532,-0.913637,1250,0.857143,-1.15214,2.4,0.12,7500,2000,2,4,1,0.3
Kinzhal,33,2,5993.3,8227.16,6001.38,8276.67,0.587018,0.809574,966.353,-758.399,0.786665,-0.617379,1250,0.857143,-0.665407,2.4,0.12,9000,5000,1,3,1,0.3
Kinzhal,34,2,5769.93,8781.97,5707.95,8698.91,0.548609,0.836079,740.41,-980.204,0.602736,-0.797941,1250,0.857143,-0.923871,2.4,0.12,7500,2000,2,4,1,0.3
Geran2,35,0,6129.61,8080.05,6040.56,8097.99,0.597911,0.801562,-195.651,-358.335,-0.479221,-0.877694,416.667,9.57307e-009,-2.07056,2.8,1.1,2500,4000,0,0,0.5,0.3
Kalibr,36,1,6553.47,8249.68,6377.06,8343.91,0.607235,0.794522,47.4875,-845.849,0.0560535,-0.998428,857.5,0.453429,-1.51471,1.2,0.45,7500,2000,2,3,0.75,0.3
Geran2,37,0,4377.09,8003.36,4374.43,8156.44,0.472634,0.881259,5.25343,-407.26,0.0128984,-0.999917,416.667,9.57307e-009,-1.5579,2.8,1.1,2500,4000,0,0,0.5,0.3
Kinzhal,38,2,3673.71,8009.98,3647.78,7833.01,0.422161,0.906521,279.535,-1196.19,0.227557,-0.973765,1250,0.857143,-1.34123,2.4,0.12,7500,2000,2,4,1,0.3
Geran2,39,0,4259.74,8627.17,4229.92,8607.93,0.441027,0.897494,-227.458,-339.036,-0.55713,-0.830425,416.667,9.57307e-009,-2.16172,2.8,1.1,2500,4000,0,0,0.5,0.3
Geran2,40,0,6254.76,8846.57,6606.61,8784.37,0.601067,0.799199,-209.33,-354.222,-0.50876,-0.860908,416.667,9.57307e-009,-2.10454,2.8,1.1,2500,4000,0,0,0.5,0.3
Geran2,41,0,6029.18,8710.91,6123,8688.96,0.576031,0.817428,-275.256,-307.803,-0.666598,-0.745417,416.667,9.57307e-009,-2.30043,2.8,1.1,2500,4000,0,0,0.5,0.3
Kinzhal,42,2,6435.99,8558.12,6456.22,8517.6,0.604065,0.796935,18.5562,-1228.28,0.0151058,-0.999886,1250,0.857143,-1.55569,2.4,0.12,7500,2000,2,4,1,0.3
Geran2,43,0,3236.78,8806.68,3056.68,8616.19,0.334344,0.942451,-110.272,-396.711,-0.267811,-0.963471,416.667,9.57307e-009,-1.84192,2.8,1.1,2500,4000,0,0,0.5,0.3
Kinzhal,44,2,3177.29,8584.51,3119.07,8440.83,0.346614,0.938008,381.841,-1167.56,0.31084,-0.950462,1250,0.857143,-1.25472,2.4,0.12,7500,2000,2,4,1,0.3
Geran2,45,0,3255.39,8957,3281.26,8730.65,0.351806,0.936073,-100.959,-400.091,-0.24467,-0.969606,416.667,9.57307e-009,-1.81798,2.8,1.1,2500,4000,0,0,0.5,0.3
Geran2,46,0,4376.92,8506.81,4342.51,8581.87,0.451498,0.892272,-233.797,-334.905,-0.572416,-0.819963,416.667,9.57307e-009,-2.18025,2.8,1.1,2500,4000,0,0,0.5,0.3
Kinzhal,47,2,6701.64,8916.32,6726.69,8881.84,0.603745,0.797178,212.692,-1209.86,0.173144,-0.984897,1250,0.857143,-1.39678,2.4,0.12,7500,2000,2,4,1,0.3
Kinzhal,48,2,3124.63,9307.14,3219.99,9350.51,0.3256,0.945508,90.0542,-1225.11,0.0733092,-0.997309,1250,0.857143,-1.49742,2.4,0.12,7500,2000,2,4,1,0.3
Kinzhal,49,2,4624.83,9372.43,4573.43,9547.98,0.431994,0.901876,870.522,-866.716,0.708654,-0.705556,1250,0.857143,-0.783207,2.4,0.12,7500,2000,2,4,1,0.3
Geran2,50,0,5535.44,7977.32,5489.96,8097.2,0.561181,0.827693,-367.907,-174.736,-0.903296,-0.429017,416.667,9.57307e-009,-2.69819,2.8,1.1,2500,4000,0,0,0.5,0.3
Kalibr,1,1,4060.56,9768.47,4141.95,9920.17,0.385292,0.922795,-814.636,-211.265,-0.967979,-0.251032,857.5,0.453429,-2.88785,1.2,0.45,2500,4000,0,1,0.75,0.4
Kalibr,2,1,5257.65,9642.39,5314.95,9545.33,0.486481,0.873691,439.66,-717.609,0.52242,-0.852688,857.5,0.453429,-1.02111,1.2,0.45,2500,4000,0,1,0.75,0.4
Geran2,3,0,4407.35,8970.07,4398.42,8916.37,0.442399,0.896819,333.405,-240.183,0.811382,-0.584516,416.667,9.57307e-009,-0.624283,2.8,1.1,9000,5000,1,1,0.5,0.4
Kinzhal,4,2,3484.52,8693.38,3463.82,8524.81,0.376435,0.926443,487.466,-1121.12,0.398743,-0.917063,1250,0.857143,-1.16065,2.4,0.12,7500,2000,2,4,1,0.4
Kalibr,5,1,4069.49,7744.25,4035.4,7508.85,0.473388,0.880854,343.539,-768.274,0.408205,-0.91289,857.5,0.453429,-1.15031,1.2,0.45,9000,5000,1,2,0.75,0.4
Kinzhal,6,2,3147.97,8819.43,3142.78,8914.12,0.332502,0.943103,148.738,-1213.42,0.121667,-0.992571,1250,0.857143,-1.44883,2.4,0.12,2500,4000,0,2,1,0.4
Kalibr,7,1,3246.12,8347.14,3186.25,8489.42,0.351386,0.936231,12.8336,-841.487,0.0152494,-0.999884,857.5,0.453429,-1.55555,1.2,0.45,9000,5000,1,2,0.75,0.4
Kalibr,8,1,6475.88,8263.77,6473.48,8300.39,0.614983,0.78854,-419.04,-731.035,-0.497307,-0.867575,857.5,0.453429,-2.09129,1.2,0.45,2500,4000,0,1,0.75,0.4
Kinzhal,9,2,6726.72,7653.65,6758.65,7802.75,0.654724,0.755868,817.469,-909.118,0.668632,-0.743594,1250,0.857143,-0.838429,2.4,0.12,9000,5000,1,3,1,0.4
Geran2,10,0,5831.39,7862.28,5711.36,7896.84,0.586036,0.810285,-239.497,-333.857,-0.582893,-0.812549,416.667,9.57307e-009,-2.19308,2.8,1.1,2500,4000,0,0,0.5,0.4
Geran2,11,0,4510.01,8412.2,4423,8482.29,0.462357,0.886694,375.897,-150.831,0.928074,-0.372396,416.667,9.57307e-009,-0.381589,2.8,1.1,9000,5000,1,1,0.5,0.4
Kinzhal,12,2,6261.35,9658.07,6133.85,9511.59,0.541961,0.840404,957.576,-759.981,0.783289,-0.621658,1250,0.857143,-0.670857,2.4,0.12,9000,5000,1,3,1,0.4
Kinzhal,13,2,5971.69,8876.77,6031.52,8900.05,0.561004,0.827813,417.943,-1148.85,0.341873,-0.939746,1250,0.857143,-1.22189,2.4,0.12,9000,5000,1,3,1,0.4
Kalibr,14,1,3602.89,9255.75,3617.21,9484.08,0.356359,0.934349,827.804,-151.674,0.983626,-0.180225,857.5,0.453429,-0.181215,1.2,0.45,9000,5000,1,2,0.75,0.4
Kalibr,15,1,6192.01,8025.81,6185.51,7980.11,0.612629,0.790371,-538.756,-650.374,-0.63793,-0.770094,857.5,0.453429,-2.2626,1.2,0.45,2500,4000,0,1,0.75,0.4
Geran2,16,0,4973.76,8494.01,5002.78,8540.65,0.505433,0.862866,57.0216,-401.577,0.140584,-0.990069,416.667,9.57307e-009,-1.42974,2.8,1.1,7500,2000,2,2,0.5,0.4
Kalibr,17,1,5206.64,8914.27,5093.41,9183.7,0.485014,0.874506,-158.738,-826.609,-0.18859,-0.982056,857.5,0.453429,-1.76052,1.2,0.45,2500,4000,0,1,0.75,0.4
Kinzhal,18,2,5285.97,8414.96,5318.04,8324.45,0.538364,0.842713,1078.17,-576.255,0.881935,-0.471372,1250,0.857143,-0.490846,2.4,0.12,9000,5000,1,3,1,0.4
Kinzhal,19,2,5087.08,9523.97,5227.79,9515.76,0.481503,0.876444,-583.581,-1074.22,-0.477364,-0.878706,1250,0.857143,-2.06845,2.4,0.12,2500,4000,0,2,1,0.4
Geran2,20,0,4949.53,8225.02,4950.46,8361.55,0.509457,0.860496,356.539,-196.666,0.875625,-0.482992,416.667,9.57307e-009,-0.504069,2.8,1.1,9000,5000,1,1,0.5,0.4
Kalibr,21,1,4476.36,8465.51,4292.03,8424.18,0.453965,0.89102,190.972,-819.63,0.22692,-0.973913,857.5,0.453429,-1.34188,1.2,0.45,9000,5000,1,2,0.75,0.4
Kinzhal,22,2,5161.72,7852.56,5278.64,7878.54,0.556618,0.830769,470.795,-1128.44,0.385043,-0.922899,1250,0.857143,-1.17554,2.4,0.12,7500,2000,2,4,1,0.4
Kinzhal,23,2,5330.49,7779.81,5509.92,7629.97,0.585448,0.81071,-384.941,-1160.32,-0.314879,-0.949132,1250,0.857143,-1.89113,2.4,0.12,2500,4000,0,2,1,0.4
Geran2,24,0,6086.63,9441.45,6096.11,9494.28,0.540296,0.841475,66.8679,-407.944,0.161756,-0.986831,416.667,9.57307e-009,-1.40833,2.8,1.1,7500,2000,2,2,0.5,0.4
Geran2,25,0,3326.67,9622.44,3483.21,9633.17,0.340039,0.940411,173.416,-373.796,0.420847,-0.907132,416.667,9.57307e-009,-1.13642,2.8,1.1,7500,2000,2,2,0.5,0.4
Kalibr,26,1,4542.79,8418.34,4671.57,8499.46,0.481671,0.876352,-610.808,-578.946,-0.725783,-0.687923,857.5,0.453429,-2.38297,1.2,0.45,2500,4000,0,1,0.75,0.4
Kalibr,27,1,3690.24,8353.43,3790.11,8522.31,0.406355,0.913716,383.561,-752.316,0.454213,-0.890893,857.5,0.453429,-1.09931,1.2,0.45,7500,2000,2,3,0.75,0.4
Kinzhal,28,2,4168.57,9423.2,4268.25,9362.31,0.414822,0.909902,891.106,-837.268,0.728779,-0.684749,1250,0.857143,-0.754259,2.4,0.12,9000,5000,1,3,1,0.4
Kinzhal,29,2,4839.9,9778.72,4970.08,9633.77,0.458484,0.888703,1117.86,-494.893,0.914397,-0.404818,1250,0.857143,-0.41678,2.4,0.12,9000,5000,1,3,1,0.4
Kinzhal,30,2,3802.53,7955.21,3818.59,7846.32,0.437601,0.899169,714.627,-991.883,0.584559,-0.811351,1250,0.857143,-0.94646,2.4,0.12,9000,5000,1,3,1,0.4
Kalibr,31,1,4364.82,8642.86,4380.46,8690.37,0.450111,0.892973,-804.733,-246.312,-0.956211,-0.292677,857.5,0.453429,-2.84457,1.2,0.45,2500,4000,0,1,0.75,0.4
Kinzhal,32,2,4014.14,9461.72,4047.41,9392.34,0.395746,0.91836,501.974,-1114.93,0.410539,-0.911843,1250,0.857143,-1.14775,2.4,0.12,7500,2000,2,4,1,0.4
Kinzhal,33,2,6088.53,8150.5,6316.65,8074.46,0.616158,0.787623,952.358,-766.509,0.779021,-0.626998,1250,0.857143,-0.677694,2.4,0.12,9000,5000,1,3,1,0.4
Kinzhal,34,2,5842.41,8683.53,5977.4,8793.21,0.562182,0.827013,724.808,-984.468,0.592887,-0.805286,1250,0.857143,-0.936158,2.4,0.12,7500,2000,2,4,1,0.4
Geran2,35,0,6107.85,8045.62,6201.6,8000.79,0.612632,0.790368,-217.576,-344.296,-0.534213,-0.84535,416.667,9.57307e-009,-2.13437,2.8,1.1,2500,4000,0,0,0.5,0.4
Kalibr,36,1,6559.16,8165.44,6535.68,8075.83,0.629088,0.777334,56.8994,-842.445,0.0673873,-0.997727,857.5,0.453429,-1.50336,1.2,0.45,7500,2000,2,3,0.75,0.4
Geran2,37,0,4373.05,7963.1,4448.59,7997.7,0.486096,0.873906,-40.4379,-402.618,-0.0999345,-0.994994,416.667,9.57307e-009,-1.6709,2.8,1.1,2500,4000,0,0,0.5,0.4
Kinzhal,38,2,3702.99,7891.29,3678.38,7878.56,0.423048,0.906107,292.795,-1186.93,0.239504,-0.970896,1250,0.857143,-1.32894,2.4,0.12,7500,2000,2,4,1,0.4
Geran2,39,0,4239.25,8591.97,4272.26,8576.54,0.445877,0.895094,-204.856,-352.01,-0.502985,-0.864295,416.667,9.57307e-009,-2.09785,2.8,1.1,2500,4000,0,0,0.5,0.4
Geran2,40,0,6232.63,8811.96,6258.29,8709.6,0.583529,0.812092,-221.296,-346.063,-0.538735,-0.842475,416.667,9.57307e-009,-2.13973,2.8,1.1,2500,4000,0,0,0.5,0.4
Geran2,41,0,6002.45,8679.52,6015.6,8733.95,0.567234,0.823557,-267.252,-313.893,-0.648272,-0.761409,416.667,9.57307e-009,-2.27611,2.8,1.1,2500,4000,0,0,0.5,0.4
Kinzhal,42,2,6439.34,8435.92,6449.25,8356.68,0.610962,0.79166,33.4838,-1222.05,0.0273895,-0.999625,1250,0.857143,-1.5434,2.4,0.12,7500,2000,2,4,1,0.4
Geran2,43,0,3227.1,8766.73,3108.49,8809.33,0.332755,0.943013,-96.8013,-399.508,-0.235487,-0.971878,416.667,9.57307e-009,-1.80852,2.8,1.1,2500,4000,0,0,0.5,0.4
Kinzhal,44,2,3216.71,8468.8,3251.31,8394.66,0.361164,0.932502,394.251,-1157.19,0.322494,-0.946571,1250,0.857143,-1.24243,2.4,0.12,7500,2000,2,4,1,0.4
Geran2,45,0,3246.39,8916.8,3182.42,9210.11,0.326589,0.945167,-90.0027,-402.003,-0.218477,-0.975842,416.667,9.57307e-009,-1.79105,2.8,1.1,2500,4000,0,0,0.5,0.4
Geran2,46,0,4355.65,8472.05,4403.98,8544.99,0.458122,0.888889,-212.709,-347.61,-0.521951,-0.852975,416.667,9.57307e-009,-2.11993,2.8,1.1,2500,4000,0,0,0.5,0.4
Kinzhal,47,2,6721.33,8795.67,6859.5,8709.97,0.61871,0.785619,196.86,-1206.55,0.16103,-0.98695,1250,0.857143,-1.40906,2.4,0.12,7500,2000,2,4,1,0.4
Kinzhal,48,2,3135.09,9185.34,3082.69,9090.93,0.321135,0.947034,104.594,-1218.02,0.0855568,-0.996333,1250,0.857143,-1.48513,2.4,0.12,7500,2000,2,4,1,0.4
Kinzhal,49,2,4710.4,9285.12,4812.3,9179.68,0.464302,0.885677,855.672,-873.126,0.699932,-0.714209,1250,0.857143,-0.795494,2.4,0.12,7500,2000,2,4,1,0.4
Geran2,50,0,5501.08,7955.95,5608.89,7946.11,0.576674,0.816974,-343.607,-213.707,-0.849159,-0.528137,416.667,9.57307e-009,-2.58519,2.8,1.1,2500,4000,0,0,0.5,0.4
Kalibr,1,1,3980.45,9743.71,3854.9,9659.67,0.370647,0.928774,-801.036,-247.62,-0.955394,-0.295336,857.5,0.453429,-2.84179,1.2,0.45,2500,4000,0,1,0.75,0.5
Kalibr,2,1,5298.12,9568.96,5184.84,9619.74,0.474453,0.880281,404.633,-734.334,0.482604,-0.875839,857.5,0.453429,-1.06717,1.2,0.45,2500,4000,0,1,0.75,0.5
Geran2,3,0,4440.04,8945.26,4395.47,8825.12,0.445827,0.895119,326.93,-248.083,0.796612,-0.604491,416.667,9.57307e-009,-0.649126,2.8,1.1,9000,5000,1,1,0.5,0.5
Kinzhal,4,2,3534.42,8582.37,3444.58,8504.47,0.375408,0.92686,499.07,-1110.12,0.410034,-0.91207,1250,0.857143,-1.14831,2.4,0.12,7500,2000,2,4,1,0.5
Kalibr,5,1,4107.21,7669.37,4143.86,7653.96,0.476102,0.87939,377.133,-748.829,0.449805,-0.893127,857.5,0.453429,-1.10425,1.2,0.45,9000,5000,1,2,0.75,0.5
Kinzhal,6,2,3161.29,8698.44,3190.94,8622.85,0.347055,0.937845,133.16,-1209.84,0.109404,-0.993997,1250,0.857143,-1.46117,2.4,0.12,2500,4000,0,2,1,0.5
Kalibr,7,1,3251.26,8263.45,3261.78,8351.13,0.363814,0.931472,51.3729,-836.86,0.0612723,-0.998121,857.5,0.453429,-1.50949,1.2,0.45,9000,5000,1,2,0.75,0.5
Kalibr,8,1,6432.11,8192.08,6613.51,8014.05,0.636493,0.771283,-437.743,-716.854,-0.52116,-0.853459,857.5,0.453429,-2.11901,1.2,0.45,2500,4000,0,1,0.75,0.5
Kinzhal,9,2,6807.59,7562.66,6661.84,7443.28,0.66691,0.745139,808.66,-909.881,0.664308,-0.747459,1250,0.857143,-0.844229,2.4,0.12,9000,5000,1,3,1,0.5
Geran2,10,0,5806.64,7829.55,5804.94,7756.06,0.5992,0.800599,-247.493,-327.335,-0.603102,-0.797664,416.667,9.57307e-009,-2.21818,2.8,1.1,2500,4000,0,0,0.5,0.5
Geran2,11,0,4546.27,8394.38,4659.74,8316.33,0.48881,0.87239,362.556,-178.241,0.897414,-0.441189,416.667,9.57307e-009,-0.456924,2.8,1.1,9000,5000,1,1,0.5,0.5
Kinzhal,12,2,6355.74,9581.23,6202.07,9648.04,0.540743,0.841188,943.961,-768.358,0.775555,-0.63128,1250,0.857143,-0.683203,2.4,0.12,9000,5000,1,3,1,0.5
Kinzhal,13,2,6014.71,8762.91,6074.46,8669.83,0.573816,0.818984,430.197,-1138.58,0.353449,-0.935454,1250,0.857143,-1.20954,2.4,0.12,9000,5000,1,3,1,0.5
Kalibr,14,1,3684.58,9236.86,3689.02,9289.44,0.369082,0.929397,816.874,-188.92,0.974284,-0.225324,857.5,0.453429,-0.227276,1.2,0.45,9000,5000,1,2,0.75,0.5
Kalibr,15,1,6137.9,7961.29,6080.04,8056.18,0.602401,0.798194,-541.059,-645.142,-0.642593,-0.766208,857.5,0.453429,-2.26867,1.2,0.45,2500,4000,0,1,0.75,0.5
Geran2,16,0,4982.02,8454.38,4941.8,8390.33,0.507501,0.861651,82.6522,-396.301,0.204166,-0.978936,416.667,9.57307e-009,-1.36518,2.8,1.1,7500,2000,2,2,0.5,0.5
Kalibr,17,1,5187.72,8832.55,5225.56,8923.42,0.50533,0.862926,-189.226,-817.218,-0.225581,-0.974225,857.5,0.453429,-1.79834,1.2,0.45,2500,4000,0,1,0.75,0.5
Kinzhal,18,2,5392.6,8356.27,5267.67,8400.65,0.531251,0.847215,1066.28,-586.935,0.876048,-0.482224,1250,0.857143,-0.503191,2.4,0.12,9000,5000,1,3,1,0.5
Kinzhal,19,2,5030.31,9416.31,5032.79,9348.52,0.474025,0.880512,-567.772,-1076.6,-0.46648,-0.884532,1250,0.857143,-2.0561,2.4,0.12,2500,4000,0,2,1,0.5
Geran2,20,0,4984.17,8203.72,4936.76,8055.11,0.522543,0.852613,346.407,-213.015,0.851833,-0.523814,416.667,9.57307e-009,-0.551322,2.8,1.1,9000,5000,1,1,0.5,0.5
Kalibr,21,1,4499.13,8384.81,4513.21,8330.57,0.47635,0.879256,227.654,-806.937,0.271523,-0.962432,857.5,0.453429,-1.29582,1.2,0.45,9000,5000,1,2,0.75,0.5
Kinzhal,22,2,5208.18,7740.03,5234.13,7682.58,0.563043,0.826427,464.64,-1125.25,0.381664,-0.924301,1250,0.857143,-1.1792,2.4,0.12,7500,2000,2,4,1,0.5
Kinzhal,23,2,5290.74,7664.77,5462.06,7769.93,0.575094,0.818087,-397.485,-1150.41,-0.326572,-0.945172,1250,0.857143,-1.90347,2.4,0.12,2500,4000,0,2,1,0.5
Geran2,24,0,6093.6,9400.76,6163.86,9391.19,0.548712,0.836011,69.652,-406.866,0.168737,-0.985661,416.667,9.57307e-009,-1.40125,2.8,1.1,7500,2000,2,2,0.5,0.5
Geran2,25,0,3344.68,9585.44,3353.92,9691.22,0.327047,0.945008,180.123,-369.996,0.437711,-0.899115,416.667,9.57307e-009,-1.11774,2.8,1.1,7500,2000,2,2,0.5,0.5
Kalibr,26,1,4484.63,8357.95,4469.66,8216.13,0.477874,0.878428,-581.547,-603.987,-0.693598,-0.720362,857.5,0.453429,-2.33727,1.2,0.45,2500,4000,0,1,0.75,0.5
Kalibr,27,1,3729.1,8278.75,3608.75,8348.05,0.396798,0.917906,388.596,-746.854,0.461569,-0.887104,857.5,0.453429,-1.09103,1.2,0.45,7500,2000,2,3,0.75,0.5
Kinzhal,28,2,4257.56,9340.11,4158.22,9299.43,0.408198,0.912893,889.844,-830.862,0.730916,-0.682468,1250,0.857143,-0.751134,2.4,0.12,9000,5000,1,3,1,0.5
Kinzhal,29,2,4950.58,9728.08,4928.31,9681.96,0.453633,0.891189,1106.78,-506.424,0.90933,-0.416076,1250,0.857143,-0.429126,2.4,0.12,9000,5000,1,3,1,0.5
Kinzhal,30,2,3874.9,7857.34,3818.6,8036.41,0.429176,0.903221,723.628,-978.671,0.59453,-0.804073,1250,0.857143,-0.934115,2.4,0.12,9000,5000,1,3,1,0.5
Kalibr,31,1,4285.86,8614.66,4438.79,8605.69,0.45841,0.888741,-789.572,-282.045,-0.941721,-0.336395,857.5,0.453429,-2.79851,1.2,0.45,2500,4000,0,1,0.75,0.5
Kinzhal,32,2,4064.49,9350.88,4188.15,9475.17,0.404281,0.914635,503.547,-1108.4,0.413617,-0.910451,1250,0.857143,-1.14437,2.4,0.12,7500,2000,2,4,1,0.5
Kinzhal,33,2,6182.4,8073.02,6128.85,8171.18,0.600029,0.799978,938.686,-774.793,0.771221,-0.636567,1250,0.857143,-0.690039,2.4,0.12,9000,5000,1,3,1,0.5
Kinzhal,34,2,5913.35,8584.63,5897.15,8568.75,0.566929,0.823767,709.472,-988.982,0.5829,-0.812544,1250,0.857143,-0.948503,2.4,0.12,7500,2000,2,4,1,0.5
Geran2,35,0,6084.56,8012.27,6000.9,8207.11,0.590234,0.807232,-232.959,-333.457,-0.572703,-0.819763,416.667,9.57307e-009,-2.1806,2.8,1.1,2500,4000,0,0,0.5,0.5
Kalibr,36,1,6565.69,8081.51,6505.14,8284.07,0.6176,0.786492,65.2254,-839.277,0.0774826,-0.996994,857.5,0.453429,-1.49324,1.2,0.45,7500,2000,2,3,0.75,0.5
Geran2,37,0,4365.2,7923.58,4178.28,7815.76,0.471456,0.88189,-78.4861,-395.226,-0.194782,-0.980847,416.667,9.57307e-009,-1.76683,2.8,1.1,2500,4000,0,0,0.5,0.5
Kinzhal,38,2,3733.59,7773.48,3489.02,7817.14,0.407575,0.913172,306.076,-1178.03,0.251471,-0.967865,1250,0.857143,-1.3166,2.4,0.12,7500,2000,2,4,1,0.5
Geran2,39,0,4220.44,8555.91,4288.62,8773.41,0.43916,0.898409,-188.105,-360.662,-0.462437,-0.886652,416.667,9.57307e-009,-2.05154,2.8,1.1,2500,4000,0,0,0.5,0.5
Geran2,40,0,6209.66,8777.97,6109.92,8803.23,0.570179,0.82152,-229.759,-339.894,-0.560026,-0.828475,416.667,9.57307e-009,-2.16521,2.8,1.1,2500,4000,0,0,0.5,0.5
Geran2,41,0,5976.32,8647.71,5790.6,8610.01,0.558071,0.829793,-261.324,-318.12,-0.634756,-0.772712,416.667,9.57307e-009,-2.25849,2.8,1.1,2500,4000,0,0,0.5,0.5
Kinzhal,42,2,6444.18,8314.3,6561.99,8220.2,0.623873,0.781526,48.3546,-1216.18,0.0397279,-0.99921,1250,0.857143,-1.53106,2.4,0.12,7500,2000,2,4,1,0.5
Geran2,43,0,3218.4,8726.61,3041.14,8870.78,0.324298,0.945955,-86.9842,-401.231,-0.211872,-0.977298,416.667,9.57307e-009,-1.78429,2.8,1.1,2500,4000,0,0,0.5,0.5
Kinzhal,44,2,3257.38,8354.08,3396.82,8388.77,0.375322,0.926894,406.714,-1147.18,0.334155,-0.942518,1250,0.857143,-1.23009,2.4,0.12,7500,2000,2,4,1,0.5
Geran2,45,0,3238.19,8876.48,3225.63,8889.87,0.341084,0.940033,-82.0257,-403.146,-0.199379,-0.979922,416.667,9.57307e-009,-1.77152,2.8,1.1,2500,4000,0,0,0.5,0.5
Geran2,46,0,4335.95,8436.43,4203.96,8438.93,0.445897,0.895084,-197.074,-356.151,-0.484163,-0.874978,416.667,9.57307e-009,-2.0762,2.8,1.1,2500,4000,0,0,0.5,0.5
Kinzhal,47,2,6739.54,8675.32,6883.28,8727.78,0.619252,0.785192,182.164,-1203.45,0.149664,-0.988737,1250,0.857143,-1.42057,2.4,0.12,7500,2000,2,4,1,0.5
Kinzhal,48,2,3147,9064.21,3262.53,9216.35,0.333702,0.942679,119.098,-1211.3,0.0978502,-0.995201,1250,0.857143,-1.47279,2.4,0.12,7500,2000,2,4,1,0.5
Kinzhal,49,2,4794.51,9197.14,4730.59,9167.88,0.45855,0.888669,841.121,-879.745,0.691062,-0.722796,1250,0.857143,-0.807839,2.4,0.12,7500,2000,2,4,1,0.5
Geran2,50,0,5469.25,7931.29,5601.73,7875.63,0.579612,0.814893,-318.332,-246.601,-0.790542,-0.612407,416.667,9.57307e-009,-2.48249,2.8,1.1,2500,4000,0,0,0.5,0.5
Kalibr,1,1,3901.85,9715.37,3950.51,9456.85,0.38546,0.922725,-786.033,-283.402,-0.940723,-0.339175,857.5,0.453429,-2.79555,1.2,0.45,2500,4000,0,1,0.75,0.6
Kalibr,2,1,5335.02,9493.99,5243.25,9345.65,0.489292,0.87212,368.993,-749.672,0.44161,-0.897207,857.5,0.453429,-1.1134,1.2,0.45,2500,4000,0,1,0.75,0.6
Geran2,3,0,4472.25,8919.89,4484.46,8856.28,0.451747,0.892146,322.094,-253.673,0.785607,-0.618725,416.667,9.57307e-009,-0.667119,2.8,1.1,9000,5000,1,1,0.5,0.6
Kinzhal,4,2,3585.5,8472.43,3513.78,8280.13,0.390644,0.920542,510.744,-1099.43,0.421311,-0.906916,1250,0.857143,-1.13591,2.4,0.12,7500,2000,2,4,1,0.6
Kalibr,5,1,4148.2,7596.56,4377.76,7664.46,0.495974,0.868337,409.928,-728.095,0.490602,-0.871384,857.5,0.453429,-1.05802,1.2,0.45,9000,5000,1,2,0.75,0.6
Kinzhal,6,2,3173.05,8577.79,3107.48,8613.33,0.339365,0.940655,117.676,-1206.55,0.0970707,-0.995277,1250,0.857143,-1.47357,2.4,0.12,2500,4000,0,2,1,0.6
Kalibr,7,1,3260.23,8180.38,3148.76,8174.16,0.359461,0.93316,89.6863,-830.735,0.107337,-0.994223,857.5,0.453429,-1.46325,1.2,0.45,9000,5000,1,2,0.75,0.6
Kalibr,8,1,6386.7,8121.7,6407.88,8200.61,0.615713,0.78797,-454.047,-703.814,-0.542104,-0.840311,857.5,0.453429,-2.14374,1.2,0.45,2500,4000,0,1,0.75,0.6
Kinzhal,9,2,6887.72,7471.67,6907.44,7349.41,0.684857,0.728677,801.329,-909.951,0.660894,-0.750479,1250,0.857143,-0.848787,2.4,0.12,9000,5000,1,3,1,0.6
Geran2,10,0,5781.32,7797.3,5849.77,7790.09,0.600473,0.799645,-253.159,-322.457,-0.61752,-0.786555,416.667,9.57307e-009,-2.23638,2.8,1.1,2500,4000,0,0,0.5,0.6
Geran2,11,0,4581.46,8374.62,4620.1,8332.94,0.484896,0.874572,351.952,-197.545,0.872028,-0.489456,416.667,9.57307e-009,-0.511465,2.8,1.1,9000,5000,1,1,0.5,0.6
Kinzhal,12,2,6448.81,9503.54,6555.13,9487.82,0.568427,0.822734,930.622,-776.882,0.767668,-0.640848,1250,0.857143,-0.695602,2.4,0.12,9000,5000,1,3,1,0.6
Kinzhal,13,2,6058.96,8650.05,6046.52,8604.89,0.574935,0.818199,442.504,-1128.62,0.36502,-0.931,1250,0.857143,-1.19714,2.4,0.12,9000,5000,1,3,1,0.6
Kalibr,14,1,3765.03,9214.29,3821.61,9123.73,0.386343,0.922355,804.503,-225.695,0.962829,-0.270111,857.5,0.453429,-0.273509,1.2,0.45,9000,5000,1,2,0.75,0.6
Kalibr,15,1,6083.6,7897.25,5946.39,7840.35,0.604293,0.796763,-543.051,-640.432,-0.646738,-0.762713,857.5,0.453429,-2.2741,1.2,0.45,2500,4000,0,1,0.75,0.6
Geran2,16,0,4992.12,8415.21,5019.62,8562.94,0.505717,0.862699,100.981,-391.711,0.249632,-0.968341,416.667,9.57307e-009,-1.3185,2.8,1.1,7500,2000,2,2,0.5,0.6
Kalibr,17,1,5166.11,8751.75,5077.62,8662.09,0.505708,0.862705,-216.05,-807.955,-0.258327,-0.966057,857.5,0.453429,-1.83209,1.2,0.45,2500,4000,0,1,0.75,0.6
Kinzhal,18,2,5498.07,8296.5,5508.83,8322.08,0.551977,0.83386,1054.68,-597.709,0.870002,-0.493049,1250,0.857143,-0.515591,2.4,0.12,9000,5000,1,3,1,0.6
Kinzhal,19,2,4975.01,9308.43,5020.81,9377.23,0.472024,0.881586,-552.968,-1078.82,-0.456138,-0.889909,1250,0.857143,-2.04445,2.4,0.12,2500,4000,0,2,1,0.6
Geran2,20,0,5018.04,8181.26,4794.43,8116.54,0.508595,0.861006,338.69,-224.607,0.833394,-0.552679,416.667,9.57307e-009,-0.585575,2.8,1.1,9000,5000,1,1,0.5,0.6
Kalibr,21,1,4525.51,8305.53,4577.5,8363.26,0.480122,0.877201,263.798,-792.827,0.315713,-0.948855,857.5,0.453429,-1.24959,1.2,0.45,9000,5000,1,2,0.75,0.6
Kinzhal,22,2,5254.15,7627.82,5293.73,7413.98,0.581096,0.813835,459.632,-1122.11,0.379046,-0.925378,1250,0.857143,-1.18203,2.4,0.12,7500,2000,2,4,1,0.6
Kinzhal,23,2,5249.73,7550.69,5368.64,7548.22,0.579596,0.814904,-410.071,-1140.81,-0.338266,-0.94105,1250,0.857143,-1.91587,2.4,0.12,2500,4000,0,2,1,0.6
Geran2,24,0,6100.76,9360.17,6152.16,9372.8,0.548735,0.835996,71.6392,-405.966,0.173781,-0.984784,416.667,9.57307e-009,-1.39613,2.8,1.1,7500,2000,2,2,0.5,0.6
Geran2,25,0,3363.17,9548.73,3255.95,9341.21,0.329136,0.944282,184.888,-367.111,0.449806,-0.893126,416.667,9.57307e-009,-1.10425,2.8,1.1,7500,2000,2,2,0.5,0.6
Kalibr,26,1,4429.17,8295.42,4410.15,8260.55,0.470965,0.882152,-554.598,-625.242,-0.66358,-0.748105,857.5,0.453429,-2.29639,1.2,0.45,2500,4000,0,1,0.75,0.6
Kalibr,27,1,3768.4,8204.55,3616.85,8189.45,0.404,0.914759,392.998,-741.925,0.468087,-0.883682,857.5,0.453429,-1.08367,1.2,0.45,7500,2000,2,3,0.75,0.6
Kinzhal,28,2,4346.39,9257.57,4343.81,9211.84,0.426507,0.904484,888.325,-825.436,0.732562,-0.6807,1250,0.857143,-0.748718,2.4,0.12,9000,5000,1,3,1,0.6
Kinzhal,29,2,5060.18,9676.27,4997.75,9621.32,0.460965,0.887418,1096.02,-518.027,0.904101,-0.427319,1250,0.857143,-0.441525,2.4,0.12,9000,5000,1,3,1,0.6
Kinzhal,30,2,3948.17,7760.77,3912.47,7753.34,0.450508,0.892772,732.763,-965.744,0.604455,-0.79664,1250,0.857143,-0.921715,2.4,0.12,9000,5000,1,3,1,0.6
Kalibr,31,1,4208.56,8582.95,4287.84,8632.42,0.444858,0.895601,-773.035,-317.145,-0.925168,-0.379559,857.5,0.453429,-2.75227,1.2,0.45,2500,4000,0,1,0.75,0.6
Kinzhal,32,2,4114.93,9240.61,4041.09,9079.17,0.406635,0.913591,504.428,-1102.72,0.415984,-0.909372,1250,0.857143,-1.14177,2.4,0.12,7500,2000,2,4,1,0.6
Kinzhal,33,2,6274.93,7994.7,6424.61,7920.76,0.629943,0.776642,925.289,-783.226,0.763269,-0.646081,1250,0.857143,-0.702439,2.4,0.12,9000,5000,1,3,1,0.6
Kinzhal,34,2,5982.79,8485.26,6059.4,8687.26,0.572087,0.820193,694.365,-993.71,0.57278,-0.819709,1250,0.857143,-0.960903,2.4,0.12,7500,2000,2,4,1,0.6
Geran2,35,0,6060.17,7979.75,6131.38,8030.64,0.606844,0.794821,-243.838,-325.258,-0.599833,-0.800125,416.667,9.57307e-009,-2.21409,2.8,1.1,2500,4000,0,0,0.5,0.6
Kalibr,36,1,6572.95,7997.87,6421.54,7976.71,0.627084,0.778952,72.5952,-836.341,0.0864758,-0.996254,857.5,0.453429,-1.48421,1.2,0.45,7500,2000,2,3,0.75,0.6
Geran2,37,0,4354.64,7884.76,4292.56,7960.89,0.474608,0.880197,-105.587,-388.158,-0.262482,-0.964937,416.667,9.57307e-009,-1.83639,2.8,1.1,2500,4000,0,0,0.5,0.6
Kinzhal,38,2,3765.53,7656.54,3684.85,7554.16,0.438414,0.898773,319.376,-1169.45,0.263453,-0.964672,1250,0.857143,-1.3042,2.4,0.12,7500,2000,2,4,1,0.6
Geran2,39,0,4202.86,8519.25,4363.29,8469.87,0.457958,0.888974,-175.775,-366.537,-0.432407,-0.901679,416.667,9.57307e-009,-2.01796,2.8,1.1,2500,4000,0,0,0.5,0.6
Geran2,40,0,6186.08,8744.44,6014.73,8569.28,0.574502,0.818503,-235.763,-335.27,-0.575219,-0.817999,416.667,9.57307e-009,-2.18367,2.8,1.1,2500,4000,0,0,0.5,0.6
Geran2,41,0,5950.63,8615.6,5921.11,8593.89,0.567362,0.823468,-256.94,-321.053,-0.624841,-0.780752,416.667,9.57307e-009,-2.24572,2.8,1.1,2500,4000,0,0,0.5,0.6
Kinzhal,42,2,6450.49,8193.23,6398.67,8043.6,0.622545,0.782584,63.1767,-1210.62,0.0521143,-0.998641,1250,0.857143,-1.51866,2.4,0.12,7500,2000,2,4,1,0.6
Geran2,43,0,3210.42,8686.38,3054.42,8778.12,0.328632,0.944458,-79.8365,-402.29,-0.194659,-0.980871,416.667,9.57307e-009,-1.76671,2.8,1.1,2500,4000,0,0,0.5,0.6
Kinzhal,44,2,3299.3,8240.33,3274.93,8386.19,0.363761,0.931492,419.223,-1137.48,0.345816,-0.938302,1250,0.857143,-1.21769,2.4,0.12,7500,2000,2,4,1,0.6
Geran2,45,0,3230.57,8836.1,3248.59,8817.07,0.345724,0.938336,-76.2202,-403.809,-0.185478,-0.982648,416.667,9.57307e-009,-1.75735,2.8,1.1,2500,4000,0,0,0.5,0.6
Geran2,46,0,4317.39,8400.23,4408.79,8539.11,0.458767,0.888557,-185.561,-361.989,-0.456171,-0.889892,416.667,9.57307e-009,-2.04448,2.8,1.1,2500,4000,0,0,0.5,0.6
Kinzhal,47,2,6756.62,8555.3,6976.93,8533.02,0.632986,0.774163,170.784,-1200.24,0.140873,-0.990028,1250,0.857143,-1.42945,2.4,0.12,7500,2000,2,4,1,0.6
Kinzhal,48,2,3160.36,8943.72,3257.15,8871.44,0.344654,0.93873,133.571,-1204.89,0.110182,-0.993911,1250,0.857143,-1.46039,2.4,0.12,7500,2000,2,4,1,0.6
Kinzhal,49,2,4877.2,9108.49,4893.7,8973.99,0.478762,0.877945,826.826,-886.545,0.682047,-0.731309,1250,0.857143,-0.820239,2.4,0.12,7500,2000,2,4,1,0.6
Geran2,50,0,5439.4,7904.39,5438.22,7937.28,0.565211,0.824946,-298.539,-269.039,-0.742857,-0.669451,416.667,9.57307e-009,-2.40812,2.8,1.1,2500,4000,0,0,0.5,0.6
Kalibr,1,1,3824.89,9683.51,3746.98,9639.81,0.362293,0.932064,-769.621,-318.546,-0.923982,-0.382436,857.5,0.453429,-2.74916,1.2,0.45,2500,4000,0,1,0.75,0.7
Kalibr,2,1,5368.29,9417.63,5494.6,9117.33,0.516167,0.856488,332.782,-763.573,0.399527,-0.916721,857.5,0.453429,-1.1598,1.2,0.45,2500,4000,0,1,0.75,0.7
Geran2,3,0,4504.1,8894.13,4622.05,8952.85,0.458739,0.888571,318.495,-257.635,0.777478,-0.628911,416.667,9.57307e-009,-0.680151,2.8,1.1,9000,5000,1,1,0.5,0.7
Kinzhal,4,2,3637.74,8363.53,3884.97,8366.92,0.42114,0.906995,522.478,-1089,0.432569,-0.901601,1250,0.857143,-1.12346,2.4,0.12,7500,2000,2,4,1,0.7
Kalibr,5,1,4192.38,7525.95,4286.26,7418.91,0.500258,0.865876,441.861,-706.078,0.530484,-0.847695,857.5,0.453429,-1.01162,1.2,0.45,9000,5000,1,2,0.75,0.7
Kinzhal,6,2,3183.28,8457.44,3165.96,8540.33,0.347592,0.937646,102.273,-1203.51,0.0846732,-0.996409,1250,0.857143,-1.48602,2.4,0.12,2500,4000,0,2,1,0.7
Kalibr,7,1,3273,8098.07,3120.52,8030.8,0.362187,0.932105,127.713,-823.09,0.153328,-0.988175,857.5,0.453429,-1.41686,1.2,0.45,9000,5000,1,2,0.75,0.7
Kalibr,8,1,6339.87,8052.51,6372.99,7972.75,0.624384,0.781118,-468.282,-691.872,-0.560516,-0.828144,857.5,0.453429,-2.1658,1.2,0.45,2500,4000,0,1,0.75,0.7
Kinzhal,9,2,6967.24,7380.71,6989.76,7426.74,0.685359,0.728206,795.192,-909.538,0.658198,-0.752845,1250,0.857143,-0.852374,2.4,0.12,9000,5000,1,3,1,0.7
Geran2,10,0,5755.6,7765.42,5746.17,7700.3,0.598062,0.80145,-257.18,-318.823,-0.627849,-0.778335,416.667,9.57307e-009,-2.24958,2.8,1.1,2500,4000,0,0,0.5,0.7
Geran2,11,0,4615.84,8353.5,4524.07,8373.78,0.47533,0.879807,343.805,-211.248,0.852016,-0.523515,416.667,9.57307e-009,-0.550972,2.8,1.1,9000,5000,1,1,0.5,0.7
Kinzhal,12,2,6540.56,9424.99,6567.53,9520.29,0.567839,0.82314,917.52,-785.531,0.759631,-0.650355,1250,0.857143,-0.708051,2.4,0.12,9000,5000,1,3,1,0.7
Kinzhal,13,2,6104.45,8538.15,6157.09,8542.51,0.58471,0.811242,454.854,-1118.93,0.376582,-0.926383,1250,0.857143,-1.18469,2.4,0.12,9000,5000,1,3,1,0.7
Kalibr,14,1,3844.09,9188.1,3783.68,9208.34,0.380063,0.92496,790.681,-261.936,0.949267,-0.314472,857.5,0.453429,-0.3199,1.2,0.45,9000,5000,1,2,0.75,0.7
Kalibr,15,1,6029.12,7833.63,6051.01,7749.46,0.615438,0.788185,-544.774,-636.192,-0.650424,-0.759571,857.5,0.453429,-2.27894,1.2,0.45,2500,4000,0,1,0.75,0.7
Geran2,16,0,5003.53,8376.41,4971.03,8369.69,0.510655,0.859786,114.129,-388.005,0.28219,-0.959359,416.667,9.57307e-009,-1.28472,2.8,1.1,7500,2000,2,2,0.5,0.7
Kalibr,17,1,5142.15,8671.85,5053.86,8589.17,0.507125,0.861872,-239.668,-798.992,-0.287315,-0.957836,857.5,0.453429,-1.86222,1.2,0.45,2500,4000,0,1,0.75,0.7
Kinzhal,18,2,5602.4,8235.64,5680.21,8410.41,0.559688,0.828703,1043.34,-608.564,0.863796,-0.503841,1250,0.857143,-0.52804,2.4,0.12,9000,5000,1,3,1,0.7
Kinzhal,19,2,4920.88,9200.44,4777.97,9270.8,0.458116,0.888892,-541.248,-1079.85,-0.448089,-0.893989,1250,0.857143,-2.03542,2.4,0.12,2500,4000,0,2,1,0.7
Geran2,20,0,5051.33,8157.97,4987.1,8079.82,0.525236,0.850957,332.902,-232.875,0.819413,-0.573203,416.667,9.57307e-009,-0.61041,2.8,1.1,9000,5000,1,1,0.5,0.7
Kalibr,21,1,4555.44,8227.8,4560.38,8180.21,0.486933,0.873439,299.338,-777.293,0.359376,-0.933193,857.5,0.453429,-1.2032,1.2,0.45,9000,5000,1,2,0.75,0.7
Kinzhal,22,2,5299.7,7515.91,5283.5,7454.69,0.578243,0.815865,455.529,-1119.08,0.37702,-0.926205,1250,0.857143,-1.18422,2.4,0.12,7500,2000,2,4,1,0.7
Kinzhal,23,2,5207.46,7437.54,5028.87,7549.4,0.55439,0.832257,-422.693,-1131.47,-0.349955,-0.936767,1250,0.857143,-1.92832,2.4,0.12,2500,4000,0,2,1,0.7
Geran2,24,0,6108.07,9319.65,6122.24,9332.33,0.548525,0.836134,73.0538,-405.207,0.177427,-0.984134,416.667,9.57307e-009,-1.39242,2.8,1.1,7500,2000,2,2,0.5,0.7
Geran2,25,0,3382,9512.23,3259.76,9469.98,0.325477,0.94555,188.271,-364.921,0.458498,-0.888695,416.667,9.57307e-009,-1.09449,2.8,1.1,7500,2000,2,2,0.5,0.7
Kalibr,26,1,4376.18,8231.09,4498.14,8056.08,0.487508,0.873119,-529.897,-643.325,-0.635779,-0.771871,857.5,0.453429,-2.25981,1.2,0.45,2500,4000,0,1,0.75,0.7
Kalibr,27,1,3808.09,8130.81,3923.34,8174.84,0.432679,0.901548,396.849,-737.478,0.473864,-0.880598,857.5,0.453429,-1.07712,1.2,0.45,7500,2000,2,3,0.75,0.7
Kinzhal,28,2,4435.06,9175.49,4448.5,9203.08,0.435196,0.900336,886.662,-820.811,0.733832,-0.679331,1250,0.857143,-0.746851,2.4,0.12,9000,5000,1,3,1,0.7
Kinzhal,29,2,5168.73,9623.3,5180.49,9533.15,0.477473,0.878646,1085.51,-529.691,0.898711,-0.438541,1250,0.857143,-0.453974,2.4,0.12,9000,5000,1,3,1,0.7
Kinzhal,30,2,4022.37,7665.46,3936.92,7716.19,0.454478,0.890758,742.012,-953.058,0.614325,-0.789053,1250,0.857143,-0.909266,2.4,0.12,9000,5000,1,3,1,0.7
Kalibr,31,1,4133.05,8547.79,4060.12,8660.08,0.424495,0.90543,-755.118,-351.546,-0.90657,-0.422055,857.5,0.453429,-2.70588,1.2,0.45,2500,4000,0,1,0.75,0.7
Kinzhal,32,2,4165.41,9130.83,4191.19,9191.31,0.414895,0.909869,504.813,-1097.74,0.417805,-0.908537,1250,0.857143,-1.13977,2.4,0.12,7500,2000,2,4,1,0.7
Kinzhal,33,2,6366.14,7915.52,6366.67,7915.49,0.626751,0.77922,912.128,-791.785,0.755167,-0.655533,1250,0.857143,-0.714888,2.4,0.12,9000,5000,1,3,1,0.7
Kinzhal,34,2,6050.74,8385.4,6004.67,8439.06,0.579752,0.814793,679.454,-998.621,0.562532,-0.826776,1250,0.857143,-0.973352,2.4,0.12,7500,2000,2,4,1,0.7
Geran2,35,0,6035.02,7947.83,6106.44,7977.08,0.607847,0.794054,-251.579,-319.139,-0.619079,-0.785329,416.667,9.57307e-009,-2.23837,2.8,1.1,2500,4000,0,0,0.5,0.7
Kalibr,36,1,6580.86,7914.51,6582.64,7880.04,0.641101,0.767457,79.1225,-833.63,0.0944886,-0.995526,857.5,0.453429,-1.47617,1.2,0.45,7500,2000,2,3,0.75,0.7
Geran2,37,0,4342.14,7846.54,4389.5,7706.48,0.494931,0.868932,-124.984,-382.179,-0.310831,-0.950465,416.667,9.57307e-009,-1.88686,2.8,1.1,2500,4000,0,0,0.5,0.7
Kinzhal,38,2,3798.8,7540.43,3797.54,7367.51,0.458162,0.888869,332.692,-1161.13,0.275441,-0.961318,1250,0.857143,-1.29175,2.4,0.12,7500,2000,2,4,1,0.7
Geran2,39,0,4186.19,8482.19,4069.97,8551.4,0.429751,0.902948,-166.741,-370.588,-0.410317,-0.911943,416.667,9.57307e-009,-1.9936,2.8,1.1,2500,4000,0,0,0.5,0.7
Geran2,40,0,6162.08,8711.26,6144.16,8590.57,0.581742,0.813374,-240.028,-331.819,-0.586102,-0.810237,416.667,9.57307e-009,-2.19704,2.8,1.1,2500,4000,0,0,0.5,0.7
Geran2,41,0,5925.26,8583.29,6010.61,8620.15,0.571961,0.820281,-253.697,-323.08,-0.617593,-0.786498,416.667,9.57307e-009,-2.23647,2.8,1.1,2500,4000,0,0,0.5,0.7
Kinzhal,42,2,6458.29,8072.7,6389.19,8015.27,0.623325,0.781963,77.9572,-1205.33,0.0645421,-0.997915,1250,0.857143,-1.50621,2.4,0.12,7500,2000,2,4,1,0.7
Geran2,43,0,3202.96,8646.09,3253.64,8786.03,0.347272,0.937764,-74.6345,-402.93,-0.182131,-0.983274,416.667,9.57307e-009,-1.75395,2.8,1.1,2500,4000,0,0,0.5,0.7
Kinzhal,44,2,3342.48,8127.53,3303.9,8153.8,0.37554,0.926806,431.77,-1128.04,0.35747,-0.933925,1250,0.857143,-1.20524,2.4,0.12,7500,2000,2,4,1,0.7
Geran2,45,0,3223.37,8795.68,3272.35,8853.82,0.346676,0.937985,-71.9949,-404.169,-0.17537,-0.984503,416.667,9.57307e-009,-1.74708,2.8,1.1,2500,4000,0,0,0.5,0.7
Geran2,46,0,4299.68,8363.63,4208.37,8436.04,0.446395,0.894836,-177.12,-366.034,-0.435575,-0.900152,416.667,9.57307e-009,-2.02147,2.8,1.1,2500,4000,0,0,0.5,0.7
Kinzhal,47,2,6772.82,8435.59,6626.43,8499.94,0.614829,0.788661,161.957,-1197.06,0.134075,-0.990971,1250,0.857143,-1.43632,2.4,0.12,7500,2000,2,4,1,0.7
Kinzhal,48,2,3175.16,8823.84,3260.26,8649.86,0.352694,0.935739,148.018,-1198.75,0.122547,-0.992463,1250,0.857143,-1.44794,2.4,0.12,7500,2000,2,4,1,0.7
Kinzhal,49,2,4958.47,9019.14,4942.17,9000.91,0.481296,0.876558,812.75,-893.498,0.67289,-0.739743,1250,0.857143,-0.832688,2.4,0.12,7500,2000,2,4,1,0.7
Geran2,50,0,5411.05,7875.93,5376.08,7797.88,0.567607,0.8233,-283.468,-284.586,-0.705714,-0.708496,416.667,9.57307e-009,-2.35423,2.8,1.1,2500,4000,0,0,0.5,0.7
Kalibr,1,1,3749.71,9648.21,3770.77,9596.85,0.365701,0.930732,-751.802,-352.986,-0.905191,-0.425006,857.5,0.453429,-2.70262,1.2,0.45,2500,4000,0,1,0.75,0.8
Kalibr,2,1,5397.9,9340.03,5444.96,9343.85,0.503483,0.864005,296.047,-775.991,0.356449,-0.934315,857.5,0.453429,-1.20633,1.2,0.45,2500,4000,0,1,0.75,0.8
Geran2,3,0,4535.69,8868.08,4413.47,8751.43,0.450292,0.892881,315.821,-260.441,0.771506,-0.636222,416.667,9.57307e-009,-0.689591,2.8,1.1,9000,5000,1,1,0.5,0.8
Kinzhal,4,2,3691.17,8255.65,3852.58,8203.96,0.425065,0.905163,534.261,-1078.79,0.443799,-0.896126,1250,0.857143,-1.11096,2.4,0.12,7500,2000,2,4,1,0.8
Kalibr,5,1,4239.67,7457.67,4456.18,7499.58,0.510818,0.859689,472.866,-682.79,0.569345,-0.822099,857.5,0.453429,-0.965088,1.2,0.45,9000,5000,1,2,0.75,0.8
Kinzhal,6,2,3191.98,8337.37,3197.47,8085.71,0.367738,0.92993,86.9379,-1200.69,0.0722175,-0.997389,1250,0.857143,-1.49852,2.4,0.12,2500,4000,0,2,1,0.8
Kalibr,7,1,3289.54,8016.68,3354.22,7998.86,0.386713,0.9222,165.388,-813.911,0.199132,-0.979973,857.5,0.453429,-1.37032,1.2,0.45,9000,5000,1,2,0.75,0.8
Kalibr,8,1,6291.8,7984.42,6318.66,8051.56,0.617365,0.786677,-480.731,-680.974,-0.576718,-0.816943,857.5,0.453429,-2.1855,1.2,0.45,2500,4000,0,1,0.75,0.8
Kinzhal,9,2,7046.24,7289.83,7037.92,7334.93,0.692347,0.721565,790.025,-908.797,0.656068,-0.754701,1250,0.857143,-0.855199,2.4,0.12,9000,5000,1,3,1,0.8
Geran2,10,0,5729.6,7733.81,5753.28,7466.64,0.610358,0.792126,-260.035,-316.119,-0.635273,-0.772288,416.667,9.57307e-009,-2.25916,2.8,1.1,2500,4000,0,0,0.5,0.8
Geran2,11,0,4649.61,8331.4,4502.72,8234.97,0.479748,0.877406,337.68,-221.042,0.836685,-0.547685,416.667,9.57307e-009,-0.579595,2.8,1.1,9000,5000,1,1,0.5,0.8
Kinzhal,12,2,6631.02,9345.56,6539.68,9318.35,0.574454,0.818537,904.617,-794.284,0.751446,-0.659795,1250,0.857143,-0.720546,2.4,0.12,9000,5000,1,3,1,0.8
Kinzhal,13,2,6151.17,8427.21,6096.17,8499.58,0.582823,0.812599,467.24,-1109.46,0.388127,-0.921606,1250,0.857143,-1.1722,2.4,0.12,9000,5000,1,3,1,0.8
Kalibr,14,1,3921.73,9158.56,3984.48,9205.99,0.397206,0.91773,776.354,-295.391,0.934633,-0.355613,857.5,0.453429,-0.36357,1.2,0.45,9000,5000,1,2,0.75,0.8
Kalibr,15,1,5974.49,7770.39,6001.86,7854.1,0.607181,0.794564,-546.268,-632.375,-0.653706,-0.756748,857.5,0.453429,-2.28327,1.2,0.45,2500,4000,0,1,0.75,0.8
Geran2,16,0,5015.89,8337.89,4933.29,8360.39,0.508199,0.86124,123.589,-385.139,0.305548,-0.952177,416.667,9.57307e-009,-1.26028,2.8,1.1,7500,2000,2,2,0.5,0.8
Kalibr,17,1,5116.1,8592.81,5124.81,8427.03,0.5196,0.854409,-260.48,-790.44,-0.312982,-0.949759,857.5,0.453429,-1.88913,1.2,0.45,2500,4000,0,1,0.75,0.8
Kinzhal,18,2,5705.62,8173.69,5719.48,8330.58,0.566005,0.824402,1032.21,-619.486,0.857434,-0.514594,1250,0.857143,-0.540534,2.4,0.12,9000,5000,1,3,1,0.8
Kinzhal,19,2,4867.69,9092.43,4939.42,9151.45,0.474973,0.88,-531.94,-1080.06,-0.44183,-0.897099,1250,0.857143,-2.02843,2.4,0.12,2500,4000,0,2,1,0.8
Geran2,20,0,5084.19,8134.09,5087.3,8218.81,0.526314,0.85029,328.607,-238.797,0.808958,-0.587866,416.667,9.57307e-009,-0.628418,2.8,1.1,9000,5000,1,1,0.5,0.8
Kalibr,21,1,4588.86,8151.77,4630.14,8140.56,0.494399,0.869235,334.211,-760.334,0.402399,-0.915464,857.5,0.453429,-1.15666,1.2,0.45,9000,5000,1,2,0.75,0.8
Kinzhal,22,2,5344.91,7404.29,5324.72,7337.36,0.587339,0.809341,452.145,-1116.18,0.37545,-0.926843,1250,0.857143,-1.18591,2.4,0.12,7500,2000,2,4,1,0.8
Kinzhal,23,2,5163.93,7325.3,5237.88,7529.1,0.571083,0.820893,-435.345,-1122.36,-0.361632,-0.932321,1250,0.857143,-1.94081,2.4,0.12,2500,4000,0,2,1,0.8
Geran2,24,0,6115.47,9279.19,6261.28,9249.94,0.560553,0.828118,74.0572,-404.563,0.180063,-0.983655,416.667,9.57307e-009,-1.38975,2.8,1.1,7500,2000,2,2,0.5,0.8
Geran2,25,0,3401.06,9475.91,3530.38,9242.11,0.35684,0.934165,190.668,-363.257,0.464754,-0.88544,416.667,9.57307e-009,-1.08744,2.8,1.1,7500,2000,2,2,0.5,0.8
Kalibr,26,1,4325.45,8165.21,4385.68,8079.28,0.477074,0.878863,-507.34,-658.748,-0.610172,-0.792269,857.5,0.453429,-2.22707,1.2,0.45,2500,4000,0,1,0.75,0.8
Kalibr,27,1,3848.11,8057.46,3854.7,8042.7,0.432203,0.901776,400.22,-733.469,0.478987,-0.877822,857.5,0.453429,-1.0713,1.2,0.45,7500,2000,2,3,0.75,0.8
Kinzhal,28,2,4523.55,9093.8,4792.47,9093.21,0.466247,0.884655,884.935,-816.843,0.734812,-0.678271,1250,0.857143,-0.745407,2.4,0.12,9000,5000,1,3,1,0.8
Kinzhal,29,2,5276.26,9569.16,5252.67,9607.22,0.479722,0.877421,1075.22,-541.407,0.893162,-0.449735,1250,0.857143,-0.466469,2.4,0.12,9000,5000,1,3,1,0.8
Kinzhal,30,2,4097.51,7571.4,4079.22,7595.81,0.473126,0.880995,751.356,-940.576,0.624135,-0.781316,1250,0.857143,-0.896772,2.4,0.12,9000,5000,1,3,1,0.8
Kalibr,31,1,4059.46,8509.27,4204.87,8465.24,0.444863,0.895599,-735.825,-385.183,-0.885955,-0.463772,857.5,0.453429,-2.65935,1.2,0.45,2500,4000,0,1,0.75,0.8
Kinzhal,32,2,4215.9,9021.5,4168.51,8908.5,0.423821,0.905746,504.845,-1093.36,0.419206,-0.907891,1250,0.857143,-1.13823,2.4,0.12,7500,2000,2,4,1,0.8
Kinzhal,33,2,6456.06,7835.48,6659.14,7692.4,0.654504,0.756059,899.165,-800.45,0.746918,-0.664917,1250,0.857143,-0.727382,2.4,0.12,9000,5000,1,3,1,0.8
Kinzhal,34,2,6117.21,8285.03,6147.2,8334.74,0.593562,0.804788,664.707,-1003.68,0.552158,-0.83374,1250,0.857143,-0.985846,2.4,0.12,7500,2000,2,4,1,0.8
Geran2,35,0,6009.3,7916.37,6116,7867.9,0.613723,0.789521,-257.115,-314.613,-0.632802,-0.774314,416.667,9.57307e-009,-2.25596,2.8,1.1,2500,4000,0,0,0.5,0.8
Kalibr,36,1,6589.35,7831.4,6709.43,7852.28,0.649613,0.760265,84.9069,-831.133,0.101629,-0.994822,857.5,0.453429,-1.46899,1.2,0.45,7500,2000,2,3,0.75,0.8
Geran2,37,0,4328.25,7808.8,4096.66,7931.36,0.458913,0.888481,-138.931,-377.428,-0.345439,-0.938441,416.667,9.57307e-009,-1.9235,2.8,1.1,2500,4000,0,0,0.5,0.8
Kinzhal,38,2,3833.4,7425.12,3890.07,7371.56,0.466715,0.884408,346.019,-1153.03,0.28743,-0.957801,1250,0.857143,-1.27925,2.4,0.12,7500,2000,2,4,1,0.8
Geran2,39,0,4170.18,8444.85,4281.25,8348.88,0.456297,0.889827,-160.141,-373.416,-0.394138,-0.919051,416.667,9.57307e-009,-1.97593,2.8,1.1,2500,4000,0,0,0.5,0.8
Geran2,40,0,6137.77,8678.34,6041.34,8655.56,0.572346,0.820012,-243.059,-329.249,-0.593919,-0.804525,416.667,9.57307e-009,-2.20672,2.8,1.1,2500,4000,0,0,0.5,0.8
Geran2,41,0,5900.13,8550.85,5820.5,8651.93,0.558184,0.829717,-251.292,-324.471,-0.612309,-0.790619,416.667,9.57307e-009,-2.22977,2.8,1.1,2500,4000,0,0,0.5,0.8
Kinzhal,42,2,6467.56,7952.68,6460.49,8033.57,0.626682,0.779275,92.7013,-1200.26,0.077005,-0.997031,1250,0.857143,-1.49372,2.4,0.12,7500,2000,2,4,1,0.8
Geran2,43,0,3195.87,8605.76,3213.19,8850.02,0.341274,0.939964,-70.8485,-403.301,-0.173022,-0.984918,416.667,9.57307e-009,-1.74469,2.8,1.1,2500,4000,0,0,0.5,0.8
Kinzhal,44,2,3386.92,8015.64,3410.04,7912.76,0.395767,0.918351,444.348,-1118.83,0.36911,-0.929386,1250,0.857143,-1.19274,2.4,0.12,7500,2000,2,4,1,0.8
Geran2,45,0,3216.48,8755.25,3168.12,8811.69,0.338333,0.941027,-68.9185,-404.337,-0.168025,-0.985783,416.667,9.57307e-009,-1.73962,2.8,1.1,2500,4000,0,0,0.5,0.8
Geran2,46,0,4282.58,8326.74,4461.07,8448.38,0.466939,0.884289,-170.951,-368.866,-0.420486,-0.907299,416.667,9.57307e-009,-2.00478,2.8,1.1,2500,4000,0,0,0.5,0.8
Kinzhal,47,2,6788.33,8316.19,6730.09,8287.13,0.630412,0.776261,155.098,-1193.98,0.128817,-0.991668,1250,0.857143,-1.44162,2.4,0.12,7500,2000,2,4,1,0.8
Kinzhal,48,2,3191.4,8704.56,3091.14,8617.73,0.337632,0.941278,162.442,-1192.82,0.134937,-0.990854,1250,0.857143,-1.43545,2.4,0.12,7500,2000,2,4,1,0.8
Kinzhal,49,2,5038.36,8929.08,5141.08,8918.78,0.499404,0.866369,798.859,-900.579,0.663595,-0.748092,1250,0.857143,-0.845182,2.4,0.12,7500,2000,2,4,1,0.8
Geran2,50,0,5383.83,7846.38,5486.4,7854.74,0.572627,0.819816,-272.193,-295.508,-0.677495,-0.735527,416.667,9.57307e-009,-2.31515,2.8,1.1,2500,4000,0,0,0.5,0.8
Kalibr,1,1,3676.45,9609.55,3685.51,9562.26,0.359635,0.933093,-732.583,-386.656,-0.884377,-0.466773,857.5,0.453429,-2.65595,1.2,0.45,2500,4000,0,1,0.75,0.9
Kalibr,2,1,5423.78,9261.35,5293.95,9195.63,0.498929,0.866643,258.839,-786.882,0.312471,-0.949927,857.5,0.453429,-1.253,1.2,0.45,2500,4000,0,1,0.75,0.9
Geran2,3,0,4567.07,8841.84,4689.83,8720.21,0.473656,0.88071,313.831,-262.427,0.767137,-0.641483,416.667,9.57307e-009,-0.69643,2.8,1.1,9000,5000,1,1,0.5,0.9
Kinzhal,4,2,3745.78,8148.78,3792.79,8091.7,0.424416,0.905467,546.083,-1068.76,0.454998,-0.890492,1250,0.857143,-1.09843,2.4,0.12,7500,2000,2,4,1,0.9
Kalibr,5,1,4289.96,7391.85,4300.99,7303.53,0.50744,0.861687,502.88,-658.249,0.607079,-0.794642,857.5,0.453429,-0.918417,1.2,0.45,9000,5000,1,2,0.75,0.9
Kinzhal,6,2,3199.14,8217.56,3130.94,8182.52,0.35737,0.933963,71.6623,-1198.05,0.0597092,-0.998216,1250,0.857143,-1.51105,2.4,0.12,2500,4000,0,2,1,0.9
Kalibr,7,1,3309.8,7936.36,3384.31,7925.47,0.392711,0.919662,202.645,-803.19,0.244634,-0.969615,857.5,0.453429,-1.32365,1.2,0.45,9000,5000,1,2,0.75,0.9
Kalibr,8,1,6242.64,7917.31,6316.31,7719.86,0.633241,0.773954,-491.635,-671.055,-0.590995,-0.806675,857.5,0.453429,-2.20309,1.2,0.45,2500,4000,0,1,0.75,0.9
Kinzhal,9,2,7124.81,7199.05,7265.98,7232.74,0.708726,0.705484,785.65,-907.843,0.654385,-0.756162,1250,0.857143,-0.857428,2.4,0.12,9000,5000,1,3,1,0.9
Geran2,10,0,5703.4,7702.4,5722.01,7722.4,0.595343,0.803472,-262.057,-314.105,-0.640621,-0.767857,416.667,9.57307e-009,-2.2661,2.8,1.1,2500,4000,0,0,0.5,0.9
Geran2,11,0,4682.93,8308.59,4612.68,8275.33,0.486875,0.873472,333.142,-228.08,0.825146,-0.56492,416.667,9.57307e-009,-0.600336,2.8,1.1,9000,5000,1,1,0.5,0.9
Kinzhal,12,2,6720.21,9265.25,6640.67,9221.95,0.584355,0.811498,891.88,-803.122,0.743116,-0.669163,1250,0.857143,-0.733081,2.4,0.12,9000,5000,1,3,1,0.9
Kinzhal,13,2,6199.14,8317.19,6397.75,8170.31,0.616523,0.787337,479.654,-1100.18,0.399649,-0.916668,1250,0.857143,-1.15966,2.4,0.12,9000,5000,1,3,1,0.9
Kalibr,14,1,3997.98,9126.1,4006,9413.01,0.391594,0.920138,762.517,-324.593,0.920104,-0.391675,857.5,0.453429,-0.402451,1.2,0.45,9000,5000,1,2,0.75,0.9
Kalibr,15,1,5919.74,7707.5,5857.96,7636.24,0.608661,0.79343,-547.561,-628.937,-0.656629,-0.754214,857.5,0.453429,-2.28714,1.2,0.45,2500,4000,0,1,0.75,0.9
Geran2,16,0,5028.93,8299.6,5160.36,8108.29,0.536915,0.843636,130.411,-382.982,0.322339,-0.946624,416.667,9.57307e-009,-1.2426,2.8,1.1,7500,2000,2,2,0.5,0.9
Kalibr,17,1,5088.21,8514.57,5030.48,8372.33,0.515029,0.857173,-278.837,-782.368,-0.335717,-0.941963,857.5,0.453429,-1.91316,1.2,0.45,2500,4000,0,1,0.75,0.9
Kinzhal,18,2,5807.75,8110.65,5781.1,8364.08,0.568584,0.822625,1021.26,-630.462,0.850916,-0.525302,1250,0.857143,-0.55307,2.4,0.12,9000,5000,1,3,1,0.9
Kinzhal,19,2,4815.24,8984.46,4708.38,8871.24,0.468808,0.8833,-524.519,-1079.7,-0.436966,-0.899478,1250,0.857143,-2.02302,2.4,0.12,2500,4000,0,2,1,0.9
Geran2,20,0,5116.73,8109.79,5001.78,8166.96,0.522275,0.852777,325.442,-243.054,0.801212,-0.598381,416.667,9.57307e-009,-0.641478,2.8,1.1,9000,5000,1,1,0.5,0.9
Kalibr,21,1,4625.7,8077.57,4505.64,8034.65,0.489119,0.872217,368.348,-741.957,0.444671,-0.895694,857.5,0.453429,-1.10999,1.2,0.45,9000,5000,1,2,0.75,0.9
Kinzhal,22,2,5389.85,7292.95,5580.47,7495.54,0.597176,0.802111,449.335,-1113.43,0.374233,-0.927335,1250,0.857143,-1.18723,2.4,0.12,7500,2000,2,4,1,0.9
Kinzhal,23,2,5119.13,7213.96,5186.65,7176.63,0.585752,0.81049,-448.019,-1113.43,-0.37329,-0.927715,1250,0.857143,-1.95335,2.4,0.12,2500,4000,0,2,1,0.9
Geran2,24,0,6122.95,9238.79,6113.61,9111.01,0.557196,0.830381,74.7655,-404.009,0.181969,-0.983304,416.667,9.57307e-009,-1.38781,2.8,1.1,7500,2000,2,2,0.5,0.9
Geran2,25,0,3420.3,9439.71,3514.13,9337.61,0.352224,0.935916,192.361,-361.985,0.469262,-0.883059,416.667,9.57307e-009,-1.08234,2.8,1.1,7500,2000,2,2,0.5,0.9
Kalibr,26,1,4276.77,8098.02,4350.66,8087.64,0.473743,0.880663,-486.802,-671.936,-0.586689,-0.809812,857.5,0.453429,-2.19776,1.2,0.45,2500,4000,0,1,0.75,0.9
Kalibr,27,1,3888.43,7984.47,3868.88,8003.65,0.43521,0.900329,403.174,-729.855,0.483532,-0.875327,857.5,0.453429,-1.06611,1.2,0.45,7500,2000,2,3,0.75,0.9
Kinzhal,28,2,4611.87,9012.46,4770.88,8926.74,0.471353,0.881945,883.202,-813.417,0.735569,-0.677449,1250,0.857143,-0.74429,2.4,0.12,9000,5000,1,3,1,0.9
Kinzhal,29,2,5382.77,9513.85,5395.15,9516.07,0.4932,0.869916,1065.11,-553.162,0.887454,-0.460896,1250,0.857143,-0.479004,2.4,0.12,9000,5000,1,3,1,0.9
Kinzhal,30,2,4173.59,7478.58,4089.4,7454.93,0.480942,0.876752,760.776,-928.263,0.63388,-0.773431,1250,0.857143,-0.884236,2.4,0.12,9000,5000,1,3,1,0.9
Kalibr,31,1,3987.95,8467.47,3988.46,8477.64,0.425708,0.90486,-715.167,-417.99,-0.863353,-0.5046,857.5,0.453429,-2.61267,1.2,0.45,2500,4000,0,1,0.75,0.9
Kinzhal,32,2,4266.36,8912.55,4173.32,8932.85,0.423273,0.906002,504.633,-1089.5,0.420285,-0.907392,1250,0.857143,-1.13704,2.4,0.12,7500,2000,2,4,1,0.9
Kinzhal,33,2,6544.7,7754.56,6545.11,7939.22,0.636108,0.7716,886.368,-809.2,0.738524,-0.674227,1250,0.857143,-0.739918,2.4,0.12,9000,5000,1,3,1,0.9
Kinzhal,34,2,6182.22,8184.14,6124.24,8117.41,0.602275,0.798289,650.098,-1008.87,0.541663,-0.840596,1250,0.857143,-0.998382,2.4,0.12,7500,2000,2,4,1,0.9
Geran2,35,0,5983.19,7885.25,6100.28,7977.17,0.607456,0.794353,-261.088,-311.284,-0.642628,-0.766178,416.667,9.57307e-009,-2.26872,2.8,1.1,2500,4000,0,0,0.5,0.9
Kalibr,36,1,6598.35,7748.51,6574.63,7684.21,0.650116,0.759835,90.0358,-828.84,0.107993,-0.994152,857.5,0.453429,-1.46259,1.2,0.45,7500,2000,2,3,0.75,0.9
Geran2,37,0,4313.35,7771.42,4324.49,7832.47,0.483346,0.87543,-148.999,-373.792,-0.370282,-0.928919,416.667,9.57307e-009,-1.95011,2.8,1.1,2500,4000,0,0,0.5,0.9
Kinzhal,38,2,3869.34,7310.61,3777.77,7303.88,0.459413,0.888223,359.354,-1145.13,0.299414,-0.954123,1250,0.857143,-1.26672,2.4,0.12,7500,2000,2,4,1,0.9
Geran2,39,0,4154.64,8407.31,4085.06,8306.54,0.441309,0.897355,-155.329,-375.411,-0.382323,-0.924029,416.667,9.57307e-009,-1.9631,2.8,1.1,2500,4000,0,0,0.5,0.9
Geran2,40,0,6113.25,8645.6,6111.81,8514.68,0.583125,0.812382,-245.21,-327.333,-0.599547,-0.80034,416.667,9.57307e-009,-2.21373,2.8,1.1,2500,4000,0,0,0.5,0.9
Geran2,41,0,5875.18,8518.31,5824.3,8401.53,0.56973,0.821832,-249.503,-325.413,-0.608462,-0.793583,416.667,9.57307e-009,-2.22492,2.8,1.1,2500,4000,0,0,0.5,0.9
Kinzhal,42,2,6478.3,7833.14,6624.26,7654.81,0.654372,0.756173,107.414,-1195.37,0.0894972,-0.995987,1250,0.857143,-1.48118,2.4,0.12,7500,2000,2,4,1,0.9
Geran2,43,0,3189.06,8565.41,3067.45,8592.08,0.336224,0.941782,-68.0922,-403.5,-0.166401,-0.986058,416.667,9.57307e-009,-1.73798,2.8,1.1,2500,4000,0,0,0.5,0.9
Kinzhal,44,2,3432.61,7904.66,3289.08,8101.44,0.376168,0.926551,456.95,-1109.8,0.380732,-0.924686,1250,0.857143,-1.18021,2.4,0.12,7500,2000,2,4,1,0.9
Geran2,45,0,3209.81,8714.81,3156.92,8632.41,0.343459,0.939168,-66.677,-404.381,-0.16269,-0.986677,416.667,9.57307e-009,-1.73421,2.8,1.1,2500,4000,0,0,0.5,0.9
Geran2,46,0,4265.94,8289.65,4141.57,8164.27,0.4524,0.891815,-166.45,-370.867,-0.409464,-0.912326,416.667,9.57307e-009,-1.99266,2.8,1.1,2500,4000,0,0,0.5,0.9
Kinzhal,47,2,6803.3,8197.09,6712.51,8192.5,0.633778,0.773515,149.757,-1191.06,0.124752,-0.992188,1250,0.857143,-1.44572,2.4,0.12,7500,2000,2,4,1,0.9
Kinzhal,48,2,3209.09,8585.85,3258.13,8561.7,0.355664,0.934614,176.845,-1187.09,0.147347,-0.989085,1250,0.857143,-1.42291,2.4,0.12,7500,2000,2,4,1,0.9
Kinzhal,49,2,5116.87,8838.3,5221.17,8996.29,0.501957,0.864893,785.122,-907.765,0.654165,-0.756352,1250,0.857143,-0.857718,2.4,0.12,7500,2000,2,4,1,0.9
Geran2,50,0,5357.44,7816.05,5383.3,7989.95,0.558766,0.829326,-263.857,-303.273,-0.656379,-0.754432,416.667,9.57307e-009,-2.2868,2.8,1.1,2500,4000,0,0,0.5,0.9
Kalibr,1,1,3605.25,9567.6,3617.31,9430.27,0.358141,0.933668,-711.976,-419.488,-0.861575,-0.50763,857.5,0.453429,-2.60916,1.2,0.45,2500,4000,0,1,0.75,1
Kalibr,2,1,5445.9,9181.73,5602.26,9074.29,0.525327,0.850901,221.214,-796.206,0.267695,-0.963504,857.5,0.453429,-1.2998,1.2,0.45,2500,4000,0,1,0.75,1
Geran2,3,0,4598.3,8815.46,4579.43,8883.83,0.458187,0.888856,312.347,-263.826,0.76395,-0.645276,416.667,9.57307e-009,-0.701384,2.8,1.1,9000,5000,1,1,0.5,1
Kinzhal,4,2,3801.57,8042.89,3640.25,8083.22,0.410628,0.911803,557.935,-1058.88,0.466158,-0.884701,1250,0.857143,-1.08585,2.4,0.12,7500,2000,2,4,1,1
Kalibr,5,1,4343.14,7328.6,4298.04,7247.33,0.510094,0.860119,531.836,-632.479,0.643585,-0.765375,857.5,0.453429,-0.871624,1.2,0.45,9000,5000,1,2,0.75,1
Kinzhal,6,2,3204.79,8098.01,3126.08,8195.84,0.356379,0.934342,56.4372,-1195.55,0.0471536,-0.998888,1250,0.857143,-1.52363,2.4,0.12,2500,4000,0,2,1,1
Kalibr,7,1,3333.74,7857.27,3455.87,7798.32,0.405154,0.914248,239.416,-790.923,0.289722,-0.957111,857.5,0.453429,-1.27686,1.2,0.45,9000,5000,1,2,0.75,1
Kalibr,8,1,6192.52,7851.11,6153.21,8044.83,0.60753,0.794297,-501.199,-662.047,-0.603588,-0.797296,857.5,0.453429,-2.21879,1.2,0.45,2500,4000,0,1,0.75,1
Kinzhal,9,2,7203,7108.37,7059.44,7125.51,0.703806,0.710393,781.924,-906.759,0.653052,-0.757313,1250,0.857143,-0.859189,2.4,0.12,9000,5000,1,3,1,1
Geran2,10,0,5677.05,7671.14,5581.45,7617.63,0.591032,0.806648,-263.486,-312.602,-0.644482,-0.764619,416.667,9.57307e-009,-2.27114,2.8,1.1,2500,4000,0,0,0.5,1
Geran2,11,0,4715.91,8285.27,4613.47,8218.58,0.489496,0.872005,329.818,-233.162,0.816561,-0.577259,416.667,9.57307e-009,-0.615368,2.8,1.1,9000,5000,1,1,0.5,1
Kinzhal,12,2,6808.13,9184.05,6830.24,9330.71,0.590673,0.806911,879.279,-812.026,0.734644,-0.678453,1250,0.857143,-0.745655,2.4,0.12,9000,5000,1,3,1,1
Kinzhal,13,2,6248.35,8208.09,6339.13,8226.15,0.610395,0.792097,492.088,-1091.04,0.411143,-0.911571,1250,0.857143,-1.14709,2.4,0.12,9000,5000,1,3,1,1
Kalibr,14,1,4072.92,9091.09,4268.85,9096.8,0.424819,0.905278,749.354,-350.107,0.905994,-0.423291,857.5,0.453429,-0.437075,1.2,0.45,9000,5000,1,2,0.75,1
Kalibr,15,1,5864.87,7644.92,5935.52,7560.55,0.617506,0.786566,-548.683,-625.841,-0.659234,-0.751938,857.5,0.453429,-2.2906,1.2,0.45,2500,4000,0,1,0.75,1
Geran2,16,0,5042.47,8261.46,5092.55,8211.32,0.527054,0.849832,135.34,-381.391,0.334427,-0.942422,416.667,9.57307e-009,-1.2298,2.8,1.1,7500,2000,2,2,0.5,1
Kalibr,17,1,5058.71,8437.09,5218.3,8454.21,0.525244,0.850952,-295.044,-774.814,-0.355865,-0.934537,857.5,0.453429,-1.93464,1.2,0.45,2500,4000,0,1,0.75,1
Kinzhal,18,2,5908.79,8046.5,5759.43,8104.83,0.579256,0.815145,1010.46,-641.478,0.844244,-0.535959,1250,0.857143,-0.565643,2.4,0.12,9000,5000,1,3,1,1
Kinzhal,19,2,4763.38,8876.57,4833.05,8773.69,0.482495,0.875899,-518.578,-1078.97,-0.433187,-0.901304,1250,0.857143,-2.01882,2.4,0.12,2500,4000,0,2,1,1
Geran2,20,0,5149.05,8085.17,5081.18,8129.18,0.530032,0.847978,323.121,-246.123,0.795508,-0.605943,416.667,9.57307e-009,-0.650951,2.8,1.1,9000,5000,1,1,0.5,1
Kalibr,21,1,4665.86,8005.35,4862.89,8123.61,0.51362,0.858018,401.681,-722.172,0.486081,-0.873914,857.5,0.453429,-1.0632,1.2,0.45,9000,5000,1,2,0.75,1
Kinzhal,22,2,5434.54,7181.86,5504.88,7198.6,0.607455,0.794354,446.986,-1110.86,0.373291,-0.927714,1250,0.857143,-1.18824,2.4,0.12,7500,2000,2,4,1,1
Kinzhal,23,2,5073.06,7103.49,5111.5,7035.53,0.587777,0.809023,-460.709,-1104.66,-0.384925,-0.922948,1250,0.857143,-1.96592,2.4,0.12,2500,4000,0,2,1,1
Geran2,24,0,6130.48,9198.44,6448.14,8979.99,0.583264,0.812282,75.2621,-403.53,0.183348,-0.983048,416.667,9.57307e-009,-1.38641,2.8,1.1,7500,2000,2,2,0.5,1
Geran2,25,0,3439.66,9403.61,3555.66,9494.09,0.350723,0.936479,193.55,-361.007,0.472513,-0.881324,416.667,9.57307e-009,-1.07866,2.8,1.1,7500,2000,2,2,0.5,1
Kalibr,26,1,4229.95,8029.7,4218.62,7912.96,0.470447,0.882428,-468.144,-683.243,-0.565228,-0.824935,857.5,0.453429,-2.17151,1.2,0.45,2500,4000,0,1,0.75,1
Kalibr,27,1,3929,7911.81,3843.59,7883.4,0.438242,0.898857,405.762,-726.599,0.487567,-0.873086,857.5,0.453429,-1.0615,1.2,0.45,7500,2000,2,3,0.75,1
Kinzhal,28,2,4700.02,8931.42,4679.81,8983.39,0.462009,0.886875,881.501,-810.443,0.736155,-0.676813,1250,0.857143,-0.743425,2.4,0.12,9000,5000,1,3,1,1
Kinzhal,29,2,5488.28,9457.35,5440.23,9523.74,0.496008,0.868318,1055.16,-564.948,0.881589,-0.472018,1250,0.857143,-0.491578,2.4,0.12,9000,5000,1,3,1,1
Kinzhal,30,2,4250.61,7386.97,4212.29,7552.03,0.487119,0.873336,770.257,-916.091,0.643555,-0.7654,1250,0.857143,-0.871663,2.4,0.12,9000,5000,1,3,1,1
Kalibr,31,1,3918.63,8422.48,3935.62,8440.64,0.42259,0.906321,-693.16,-449.899,-0.838805,-0.544432,857.5,0.453429,-2.56588,1.2,0.45,2500,4000,0,1,0.75,1
Kinzhal,32,2,4316.79,8803.94,4230.36,8649.44,0.439357,0.898313,504.256,-1086.08,0.421115,-0.907007,1250,0.857143,-1.13612,2.4,0.12,7500,2000,2,4,1,1
Kinzhal,33,2,6632.07,7672.76,6587.45,7757.21,0.647296,0.762239,873.707,-818.018,0.729988,-0.68346,1250,0.857143,-0.752491,2.4,0.12,9000,5000,1,3,1,1
Kinzhal,34,2,6245.78,8082.72,6178.34,8090.78,0.606909,0.794771,635.604,-1014.16,0.531051,-0.84734,1250,0.857143,-1.01096,2.4,0.12,7500,2000,2,4,1,1
Geran2,35,0,5956.8,7854.36,5981.94,7920.72,0.602666,0.797994,-263.948,-308.847,-0.649687,-0.760202,416.667,9.57307e-009,-2.27797,2.8,1.1,2500,4000,0,0,0.5,1
Kalibr,36,1,6607.81,7665.84,6528.56,7733.19,0.645084,0.764112,94.5859,-826.736,0.113667,-0.993519,857.5,0.453429,-1.45688,1.2,0.45,7500,2000,2,3,0.75,1
Geran2,37,0,4297.72,7734.31,4267.69,7721.54,0.483731,0.875217,-156.294,-371.08,-0.388162,-0.921591,416.667,9.57307e-009,-1.96943,2.8,1.1,2500,4000,0,0,0.5,1
Kinzhal,38,2,3906.61,7196.87,4002.45,7073.32,0.492476,0.870326,372.692,-1137.37,0.311387,-0.950283,1250,0.857143,-1.25414,2.4,0.12,7500,2000,2,4,1,1
Geran2,39,0,4139.46,8369.63,4173.76,8325.9,0.448142,0.893962,-151.825,-376.829,-0.373709,-0.927546,416.667,9.57307e-009,-1.9538,2.8,1.1,2500,4000,0,0,0.5,1
Geran2,40,0,6088.58,8613.01,6090.45,8657.74,0.575365,0.817897,-246.733,-325.901,-0.603606,-0.797283,416.667,9.57307e-009,-2.21881,2.8,1.1,2500,4000,0,0,0.5,1
Geran2,41,0,5850.36,8485.7,5769.57,8523.38,0.56056,0.828114,-248.166,-326.039,-0.605666,-0.795719,416.667,9.57307e-009,-2.2214,2.8,1.1,2500,4000,0,0,0.5,1
Kinzhal,42,2,6490.51,7714.07,6495.9,7903.15,0.634975,0.772533,122.097,-1190.63,0.102013,-0.994783,1250,0.857143,-1.46861,2.4,0.12,7500,2000,2,4,1,1
Geran2,43,0,3182.45,8525.05,3202.37,8406.72,0.355977,0.934495,-66.0843,-403.585,-0.161591,-0.986858,416.667,9.57307e-009,-1.7331,2.8,1.1,2500,4000,0,0,0.5,1
Kinzhal,44,2,3479.57,7794.57,3337.84,7780.53,0.394251,0.919003,469.569,-1100.92,0.392328,-0.919825,1250,0.857143,-1.16764,2.4,0.12,7500,2000,2,4,1,1
Geran2,45,0,3203.3,8674.38,3257.18,8721.99,0.349846,0.936807,-65.042,-404.346,-0.158816,-0.987308,416.667,9.57307e-009,-1.73029,2.8,1.1,2500,4000,0,0,0.5,1
Geran2,46,0,4249.62,8252.43,4123.53,8163.95,0.450845,0.892602,-163.171,-372.29,-0.401426,-0.915891,416.667,9.57307e-009,-1.98387,2.8,1.1,2500,4000,0,0,0.5,1
Kinzhal,47,2,6817.86,8078.26,6863.26,8045.27,0.649008,0.760782,145.587,-1188.3,0.121607,-0.992578,1250,0.857143,-1.44889,2.4,0.12,7500,2000,2,4,1,1
Kinzhal,48,2,3228.21,8467.7,3226.33,8511.95,0.35443,0.935083,191.227,-1181.5,0.159772,-0.987154,1250,0.857143,-1.41034,2.4,0.12,7500,2000,2,4,1,1
Kinzhal,49,2,5194.02,8746.8,5283.16,8587.7,0.523984,0.851728,771.512,-915.034,0.644604,-0.764517,1250,0.857143,-0.870292,2.4,0.12,7500,2000,2,4,1,1
Geran2,50,0,5331.67,7785.17,5304.51,7802.32,0.562233,0.826979,-257.746,-308.85,-0.640729,-0.767767,416.667,9.57307e-009,-2.26624,2.8,1.1,2500,4000,0,0,0.5,1
Kalibr,1,1,3536.25,9522.46,3610.06,9576.2,0.352749,0.935718,-690,-451.413,-0.836825,-0.54747,857.5,0.453429,-2.56225,1.2,0.45,2500,4000,0,1,0.75,1.1
Kalibr,2,1,5464.23,9101.33,5385.11,9007.66,0.51313,0.858311,183.233,-803.928,0.222224,-0.974996,857.5,0.453429,-1.3467,1.2,0.45,2500,4000,0,1,0.75,1.1
Geran2,3,0,4629.43,8788.98,4625.26,8812.56,0.464729,0.885453,311.235,-264.807,0.761629,-0.648013,416.667,9.57307e-009,-0.704973,2.8,1.1,9000,5000,1,1,0.5,1.1
Kinzhal,4,2,3858.55,7937.98,3834.72,7855.44,0.438682,0.898643,569.806,-1049.12,0.477275,-0.878754,1250,0.857143,-1.07324,2.4,0.12,7500,2000,2,4,1,1.1
Kalibr,5,1,4399.11,7268.05,4331.28,7292.55,0.510655,0.859786,559.671,-605.51,0.678764,-0.734356,857.5,0.453429,-0.824718,1.2,0.45,9000,5000,1,2,0.75,1.1
Kinzhal,6,2,3208.91,7978.69,3056.55,8055.11,0.354772,0.934953,41.2556,-1193.16,0.0345561,-0.999403,1250,0.857143,-1.53623,2.4,0.12,2500,4000,0,2,1,1.1
Kalibr,7,1,3361.31,7779.56,3489.87,7991.52,0.400201,0.916427,275.629,-777.112,0.33428,-0.942474,857.5,0.453429,-1.22995,1.2,0.45,9000,5000,1,2,0.75,1.1
Kalibr,8,1,6141.56,7785.72,6020.72,7702.08,0.615864,0.787852,-509.6,-653.883,-0.61471,-0.788753,857.5,0.453429,-2.23282,1.2,0.45,2500,4000,0,1,0.75,1.1
Kinzhal,9,2,7280.87,7017.81,7289.5,7189.28,0.711984,0.702195,778.732,-905.606,0.651996,-0.758222,1250,0.857143,-0.860582,2.4,0.12,9000,5000,1,3,1,1.1
Geran2,10,0,5650.6,7639.99,5753.66,7589.99,0.604102,0.796907,-264.49,-311.475,-0.647273,-0.762259,416.667,9.57307e-009,-2.2748,2.8,1.1,2500,4000,0,0,0.5,1.1
Geran2,11,0,4748.65,8261.59,4707.48,8144.25,0.50043,0.865777,327.405,-236.847,0.810223,-0.586121,416.667,9.57307e-009,-0.626263,2.8,1.1,9000,5000,1,1,0.5,1.1
Kinzhal,12,2,6894.81,9101.95,6841.65,9030.07,0.603896,0.797063,866.789,-820.98,0.726031,-0.687661,1250,0.857143,-0.758263,2.4,0.12,9000,5000,1,3,1,1.1
Kinzhal,13,2,6298.8,8099.88,6241.09,8146.43,0.608155,0.793818,504.534,-1082.02,0.422603,-0.906315,1250,0.857143,-1.13448,2.4,0.12,9000,5000,1,3,1,1.1
Kalibr,14,1,4146.61,9053.85,4226.65,8991.17,0.425427,0.904993,736.973,-372.425,0.892511,-0.451025,857.5,0.453429,-0.467913,1.2,0.45,9000,5000,1,2,0.75,1.1
Kalibr,15,1,5809.9,7582.61,5755.92,7418.48,0.61301,0.790075,-549.656,-623.052,-0.661557,-0.749895,857.5,0.453429,-2.29369,1.2,0.45,2500,4000,0,1,0.75,1.1
Geran2,16,0,5056.36,8223.43,5095.14,8343,0.5212,0.853435,138.909,-380.235,0.343142,-0.939283,416.667,9.57307e-009,-1.22054,2.8,1.1,7500,2000,2,2,0.5,1.1
Kalibr,17,1,5027.77,8360.31,5178.69,8341.04,0.527473,0.849572,-309.366,-767.79,-0.373732,-0.927537,857.5,0.453429,-1.95383,1.2,0.45,2500,4000,0,1,0.75,1.1
Kinzhal,18,2,6008.77,7981.25,6096.42,8066.29,0.602952,0.797778,999.772,-652.523,0.83742,-0.546561,1250,0.857143,-0.578252,2.4,0.12,9000,5000,1,3,1,1.1
Kinzhal,19,2,4712,8768.77,4911.54,8697.61,0.491716,0.870756,-513.798,-1078,-0.430251,-0.902709,1250,0.857143,-2.01557,2.4,0.12,2500,4000,0,2,1,1.1
Geran2,20,0,5181.19,8060.34,5132.24,8057.06,0.537249,0.843424,321.426,-248.34,0.791326,-0.611394,416.667,9.57307e-009,-0.657821,2.8,1.1,9000,5000,1,1,0.5,1.1
Kalibr,21,1,4709.28,7935.25,4611.55,7848.93,0.506574,0.862196,434.142,-700.995,0.526523,-0.850161,857.5,0.453429,-1.01629,1.2,0.45,9000,5000,1,2,0.75,1.1
Kinzhal,22,2,5479.05,7071.02,5458.67,7108.96,0.609026,0.79315,445.007,-1108.46,0.37256,-0.928008,1250,0.857143,-1.18903,2.4,0.12,7500,2000,2,4,1,1.1
Kinzhal,23,2,5025.71,6993.89,5145.99,6795.2,0.603717,0.797199,-473.407,-1096,-0.396531,-0.918021,1250,0.857143,-1.97853,2.4,0.12,2500,4000,0,2,1,1.1
Geran2,24,0,6138.04,9158.12,6178.97,9290.48,0.553789,0.832657,75.6072,-403.111,0.184345,-0.982862,416.667,9.57307e-009,-1.38539,2.8,1.1,7500,2000,2,2,0.5,1.1
Geran2,25,0,3459.09,9367.58,3520.64,9375.25,0.351555,0.936167,194.38,-360.246,0.474859,-0.880062,416.667,9.57307e-009,-1.07599,2.8,1.1,7500,2000,2,2,0.5,1.1
Kalibr,26,1,4184.83,7960.4,4238.84,7878.38,0.473808,0.880628,-451.226,-692.963,-0.545668,-0.838001,857.5,0.453429,-2.14798,1.2,0.45,2500,4000,0,1,0.75,1.1
Kalibr,27,1,3969.81,7839.45,3826.4,7788.58,0.440944,0.897535,408.033,-723.665,0.491149,-0.871076,857.5,0.453429,-1.05739,1.2,0.45,7500,2000,2,3,0.75,1.1
Kinzhal,28,2,4788.01,8850.63,4550.53,8984.74,0.451827,0.892105,879.859,-807.848,0.736608,-0.67632,1250,0.857143,-0.742756,2.4,0.12,9000,5000,1,3,1,1.1
Kinzhal,29,2,5592.82,9399.68,5525.18,9232.98,0.513497,0.858091,1045.32,-576.754,0.875568,-0.483095,1250,0.857143,-0.504186,2.4,0.12,9000,5000,1,3,1,1.1
Kinzhal,30,2,4328.59,7296.57,4411.33,7242.27,0.520204,0.854042,779.782,-904.03,0.653154,-0.757225,1250,0.857143,-0.859054,2.4,0.12,9000,5000,1,3,1,1.1
Kalibr,31,1,3851.65,8374.4,3737.4,8383.05,0.407194,0.913342,-669.823,-480.844,-0.812355,-0.583163,857.5,0.453429,-2.51898,1.2,0.45,2500,4000,0,1,0.75,1.1
Kinzhal,32,2,4367.17,8695.63,4326.76,8714.41,0.444709,0.895675,503.772,-1083.03,0.421755,-0.90671,1250,0.857143,-1.13542,2.4,0.12,7500,2000,2,4,1,1.1
Kinzhal,33,2,6718.18,7590.07,6776.91,7616.34,0.664738,0.747077,861.156,-826.886,0.721313,-0.692609,1250,0.857143,-0.7651,2.4,0.12,9000,5000,1,3,1,1.1
Kinzhal,34,2,6307.9,7980.77,6321.36,8052.31,0.617492,0.786577,621.203,-1019.53,0.520326,-0.853968,1250,0.857143,-1.02356,2.4,0.12,7500,2000,2,4,1,1.1
Geran2,35,0,5930.2,7823.65,5834.22,7784.19,0.599742,0.800194,-266.012,-307.068,-0.65477,-0.755828,416.667,9.57307e-009,-2.28467,2.8,1.1,2500,4000,0,0,0.5,1.1
Kalibr,36,1,6617.67,7583.36,6563.15,7685.38,0.649404,0.760444,98.6245,-824.811,0.118727,-0.992927,857.5,0.453429,-1.45179,1.2,0.45,7500,2000,2,3,0.75,1.1
Geran2,37,0,4281.56,7697.4,4410.53,7613.79,0.501253,0.865301,-161.596,-369.098,-0.401058,-0.916052,416.667,9.57307e-009,-1.98347,2.8,1.1,2500,4000,0,0,0.5,1.1
Kinzhal,38,2,3945.21,7083.9,3769.48,7005.29,0.473847,0.880607,386.031,-1129.74,0.323343,-0.946282,1250,0.857143,-1.24154,2.4,0.12,7500,2000,2,4,1,1.1
Geran2,39,0,4124.53,8331.84,4049.87,8297.2,0.438638,0.898664,-149.277,-377.844,-0.367438,-0.930048,416.667,9.57307e-009,-1.94705,2.8,1.1,2500,4000,0,0,0.5,1.1
Geran2,40,0,6063.8,8580.53,6193.61,8735.14,0.578404,0.815751,-247.806,-324.827,-0.606536,-0.795056,416.667,9.57307e-009,-2.22249,2.8,1.1,2500,4000,0,0,0.5,1.1
Geran2,41,0,5825.65,8453.06,5886.25,8487.07,0.569903,0.821712,-247.161,-326.442,-0.603634,-0.797261,416.667,9.57307e-009,-2.21885,2.8,1.1,2500,4000,0,0,0.5,1.1
Kinzhal,42,2,6504.19,7595.47,6783.95,7642.72,0.66384,0.747875,136.754,-1186.01,0.114547,-0.993418,1250,0.857143,-1.456,2.4,0.12,7500,2000,2,4,1,1.1
Geran2,43,0,3175.99,8484.69,2975.98,8563.56,0.32826,0.944587,-64.6204,-403.597,-0.158098,-0.987423,416.667,9.57307e-009,-1.72956,2.8,1.1,2500,4000,0,0,0.5,1.1
Kinzhal,44,2,3527.79,7685.35,3584.13,7625.51,0.425375,0.905017,482.197,-1092.16,0.403894,-0.914806,1250,0.857143,-1.15503,2.4,0.12,7500,2000,2,4,1,1.1
Geran2,45,0,3196.92,8633.95,3267.41,8587.48,0.355614,0.934633,-63.8479,-404.263,-0.156003,-0.987757,416.667,9.57307e-009,-1.72744,2.8,1.1,2500,4000,0,0,0.5,1.1
Geran2,46,0,4233.54,8215.09,4302.17,8278.6,0.461125,0.887335,-160.785,-373.306,-0.395574,-0.918434,416.667,9.57307e-009,-1.97749,2.8,1.1,2500,4000,0,0,0.5,1.1
Kinzhal,47,2,6832.09,7959.68,6845.74,7888.34,0.655432,0.755254,142.323,-1185.73,0.119174,-0.992873,1250,0.857143,-1.45134,2.4,0.12,7500,2000,2,4,1,1.1
Kinzhal,48,2,3248.77,8350.1,3306.42,8260.65,0.3716,0.928393,205.59,-1176.04,0.172205,-0.985061,1250,0.857143,-1.39773,2.4,0.12,7500,2000,2,4,1,1.1
Kinzhal,49,2,5269.82,8654.56,5343.59,8633.79,0.526273,0.850315,758.006,-922.366,0.634914,-0.772583,1250,0.857143,-0.8829,2.4,0.12,7500,2000,2,4,1,1.1
Geran2,50,0,5306.34,7753.88,5263.93,7854.47,0.556721,0.8307,-253.298,-312.892,-0.629206,-0.777239,416.667,9.57307e-009,-2.25133,2.8,1.1,2500,4000,0,0,0.5,1.1
Kalibr,1,1,3469.58,9474.22,3437.16,9382.62,0.343978,0.938978,-666.679,-482.365,-0.810174,-0.586189,857.5,0.453429,-2.51525,1.2,0.45,2500,4000,0,1,0.75,1.2
Kalibr,2,1,5478.72,9020.33,5509.85,8942.18,0.524579,0.851362,144.96,-810.014,0.176162,-0.984361,857.5,0.453429,-1.39371,1.2,0.45,2500,4000,0,1,0.75,1.2
Geran2,3,0,4660.47,8762.43,4532.97,8838.01,0.456369,0.889791,310.398,-265.489,0.759942,-0.649991,416.667,9.57307e-009,-0.707573,2.8,1.1,9000,5000,1,1,0.5,1.2
Kinzhal,4,2,3916.72,7834.03,3962.12,7797.29,0.453011,0.891505,581.687,-1039.45,0.488344,-0.872651,1250,0.857143,-1.06061,2.4,0.12,7500,2000,2,4,1,1.2
Kalibr,5,1,4457.59,7210.14,4415.26,7315.09,0.516749,0.856137,584.774,-579.091,0.710551,-0.703646,857.5,0.453429,-0.780516,1.2,0.45,9000,5000,1,2,0.75,1.2
Kinzhal,6,2,3211.52,7859.61,3249.75,7764.34,0.386093,0.92246,26.1117,-1190.86,0.0219216,-0.99976,1250,0.857143,-1.54887,2.4,0.12,2500,4000,0,2,1,1.2
Kalibr,7,1,3392.43,7703.38,3442.8,7664.68,0.40974,0.912202,311.214,-761.762,0.3782,-0.925724,857.5,0.453429,-1.18295,1.2,0.45,9000,5000,1,2,0.75,1.2
Kalibr,8,1,6089.86,7721.07,6120.06,7840.47,0.615312,0.788283,-516.989,-646.493,-0.624544,-0.78099,857.5,0.453429,-2.24534,1.2,0.45,2500,4000,0,1,0.75,1.2
Kinzhal,9,2,7358.47,6927.37,7515.6,7060.22,0.728843,0.684681,775.984,-904.429,0.651158,-0.758942,1250,0.857143,-0.861686,2.4,0.12,9000,5000,1,3,1,1.2
Geran2,10,0,5624.08,7608.93,5703.83,7583.97,0.601069,0.799197,-265.19,-310.626,-0.649292,-0.760539,416.667,9.57307e-009,-2.27745,2.8,1.1,2500,4000,0,0,0.5,1.2
Geran2,11,0,4781.21,8237.63,4646.16,8225.61,0.491809,0.870703,325.667,-239.53,0.805569,-0.592502,416.667,9.57307e-009,-0.634161,2.8,1.1,9000,5000,1,1,0.5,1.2
Kinzhal,12,2,6980.25,9018.95,6775.74,8987.11,0.602011,0.798488,854.385,-829.968,0.717282,-0.696783,1250,0.857143,-0.770903,2.4,0.12,9000,5000,1,3,1,1.2
Kinzhal,13,2,6350.5,7992.57,6288.17,7938.7,0.620907,0.783884,516.985,-1073.1,0.434024,-0.900901,1250,0.857143,-1.12184,2.4,0.12,9000,5000,1,3,1,1.2
Kalibr,14,1,4219.16,9014.65,4149.87,8909.62,0.422221,0.906493,725.431,-391.969,0.879786,-0.475371,857.5,0.453429,-0.495385,1.2,0.45,9000,5000,1,2,0.75,1.2
Kalibr,15,1,5754.85,7520.56,5758.73,7379.33,0.615221,0.788354,-550.499,-620.539,-0.663629,-0.748062,857.5,0.453429,-2.29646,1.2,0.45,2500,4000,0,1,0.75,1.2
Geran2,16,0,5070.51,8185.49,4956.94,8193.35,0.517635,0.855602,141.497,-379.408,0.349432,-0.936962,416.667,9.57307e-009,-1.21383,2.8,1.1,7500,2000,2,2,0.5,1.2
Kalibr,17,1,4995.57,8284.18,5068.16,8118.25,0.529567,0.848268,-322.034,-761.295,-0.389587,-0.92099,857.5,0.453429,-1.97098,1.2,0.45,2500,4000,0,1,0.75,1.2
Kinzhal,18,2,6107.69,7914.89,6023.66,7920.26,0.605355,0.795956,989.177,-663.587,0.830445,-0.557101,1250,0.857143,-0.590891,2.4,0.12,9000,5000,1,3,1,1.2
Kinzhal,19,2,4661.01,8661.08,4598.24,8519.21,0.474978,0.879997,-509.932,-1076.88,-0.42797,-0.903793,1250,0.857143,-2.01304,2.4,0.12,2500,4000,0,2,1,1.2
Geran2,20,0,5213.21,8035.35,5327.43,8108.11,0.549123,0.835741,320.191,-249.944,0.788269,-0.615331,416.667,9.57307e-009,-0.662805,2.8,1.1,9000,5000,1,1,0.5,1.2
Kalibr,21,1,4755.84,7867.41,4951.31,7968.84,0.527758,0.849395,465.663,-678.45,0.565892,-0.824479,857.5,0.453429,-0.969282,1.2,0.45,9000,5000,1,2,0.75,1.2
Kinzhal,22,2,5523.38,6960.39,5515.78,7063.23,0.61548,0.788152,443.33,-1106.24,0.371994,-0.928235,1250,0.857143,-1.18964,2.4,0.12,7500,2000,2,4,1,1.2
Kinzhal,23,2,4977.1,6885.15,5025.69,6967.27,0.585015,0.811023,-486.108,-1087.44,-0.408102,-0.912936,1250,0.857143,-1.99117,2.4,0.12,2500,4000,0,2,1,1.2
Geran2,24,0,6145.62,9117.85,6123.09,9116.94,0.557542,0.830149,75.8439,-402.742,0.185066,-0.982726,416.667,9.57307e-009,-1.38466,2.8,1.1,7500,2000,2,2,0.5,1.2
Geran2,25,0,3478.59,9331.62,3457.8,9463.38,0.343196,0.939264,194.953,-359.649,0.476553,-0.879146,416.667,9.57307e-009,-1.07407,2.8,1.1,7500,2000,2,2,0.5,1.2
Kalibr,26,1,4141.24,7890.27,4171.01,7990.22,0.462758,0.886485,-435.907,-701.342,-0.52788,-0.849319,857.5,0.453429,-2.1269,1.2,0.45,2500,4000,0,1,0.75,1.2
Kalibr,27,1,4010.81,7767.35,4019.83,7706.41,0.462484,0.886628,410.024,-721.023,0.494331,-0.869274,857.5,0.453429,-1.05373,1.2,0.45,7500,2000,2,3,0.75,1.2
Kinzhal,28,2,4875.84,8770.08,4704.1,8818.25,0.470669,0.88231,878.294,-805.572,0.736958,-0.675939,1250,0.857143,-0.742238,2.4,0.12,9000,5000,1,3,1,1.2
Kinzhal,29,2,5696.37,9340.82,5831.2,9439.15,0.525567,0.850752,1035.57,-588.571,0.869392,-0.494123,1250,0.857143,-0.516826,2.4,0.12,9000,5000,1,3,1,1.2
Kinzhal,30,2,4407.52,7207.36,4610.38,7137.14,0.542606,0.839987,789.337,-892.057,0.662672,-0.748909,1250,0.857143,-0.846415,2.4,0.12,9000,5000,1,3,1,1.2
Kalibr,31,1,3787.13,8323.32,3674.72,8429.31,0.399623,0.91668,-645.184,-510.757,-0.784054,-0.620693,857.5,0.453429,-2.47197,1.2,0.45,2500,4000,0,1,0.75,1.2
Kinzhal,32,2,4417.49,8587.6,4304.32,8663.61,0.444939,0.895561,503.225,-1080.32,0.422248,-0.90648,1250,0.857143,-1.13487,2.4,0.12,7500,2000,2,4,1,1.2
Kinzhal,33,2,6803.05,7506.49,6941.88,7383.42,0.684987,0.728556,848.691,-835.789,0.712502,-0.70167,1250,0.857143,-0.777739,2.4,0.12,9000,5000,1,3,1,1.2
Kinzhal,34,2,6368.58,7878.28,6374.36,7830.89,0.631293,0.775544,606.876,-1024.95,0.509491,-0.860476,1250,0.857143,-1.0362,2.4,0.12,7500,2000,2,4,1,1.2
Geran2,35,0,5903.45,7793.08,5879.44,7668.62,0.608442,0.793598,-267.503,-305.772,-0.658438,-0.752635,416.667,9.57307e-009,-2.28954,2.8,1.1,2500,4000,0,0,0.5,1.2
Kalibr,36,1,6627.89,7501.05,6512.94,7478.02,0.656771,0.75409,102.211,-823.05,0.123239,-0.992377,857.5,0.453429,-1.44724,1.2,0.45,7500,2000,2,3,0.75,1.2
Geran2,37,0,4265.02,7660.64,4324.3,7597.56,0.494658,0.869088,-165.46,-367.675,-0.410378,-0.911915,416.667,9.57307e-009,-1.99367,2.8,1.1,2500,4000,0,0,0.5,1.2
Kinzhal,38,2,3985.15,6971.68,3962.35,6882.03,0.498962,0.866624,399.363,-1122.2,0.335278,-0.942119,1250,0.857143,-1.2289,2.4,0.12,7500,2000,2,4,1,1.2
Geran2,39,0,4109.79,8293.99,3949.59,8275.61,0.430718,0.902487,-147.424,-378.573,-0.362877,-0.931837,416.667,9.57307e-009,-1.94215,2.8,1.1,2500,4000,0,0,0.5,1.2
Geran2,40,0,6038.94,8548.13,6016.1,8576.64,0.57426,0.818673,-248.557,-324.017,-0.608654,-0.793436,416.667,9.57307e-009,-2.22516,2.8,1.1,2500,4000,0,0,0.5,1.2
Geran2,41,0,5801.01,8420.39,5957.92,8384.28,0.57925,0.81515,-246.399,-326.689,-0.60216,-0.798376,416.667,9.57307e-009,-2.217,2.8,1.1,2500,4000,0,0,0.5,1.2
Kinzhal,42,2,6519.32,7477.32,6442.44,7365.66,0.658359,0.752704,151.387,-1181.48,0.127094,-0.991891,1250,0.857143,-1.44336,2.4,0.12,7500,2000,2,4,1,1.2
Geran2,43,0,3169.64,8444.33,3224.26,8352.82,0.360111,0.932909,-63.5518,-403.562,-0.15556,-0.987826,416.667,9.57307e-009,-1.72699,2.8,1.1,2500,4000,0,0,0.5,1.2
Kinzhal,44,2,3577.27,7577.01,3398.83,7585.84,0.408884,0.912587,494.829,-1083.5,0.415424,-0.909628,1250,0.857143,-1.14239,2.4,0.12,7500,2000,2,4,1,1.2
Geran2,45,0,3190.62,8593.54,3229.75,8491.85,0.355491,0.93468,-62.9741,-404.15,-0.153961,-0.988077,416.667,9.57307e-009,-1.72537,2.8,1.1,2500,4000,0,0,0.5,1.2
Geran2,46,0,4217.64,8177.69,4168.71,8186.11,0.45379,0.891109,-159.048,-374.034,-0.391315,-0.920257,416.667,9.57307e-009,-1.97286,2.8,1.1,2500,4000,0,0,0.5,1.2
Kinzhal,47,2,6846.07,7841.35,6956.76,7847.45,0.663364,0.748296,139.761,-1183.35,0.117291,-0.993098,1250,0.857143,-1.45323,2.4,0.12,7500,2000,2,4,1,1.2
Kinzhal,48,2,3270.76,8233.03,3248.35,8327.15,0.363419,0.931626,219.934,-1170.66,0.184641,-0.982806,1250,0.857143,-1.38509,2.4,0.12,7500,2000,2,4,1,1.2
Kinzhal,49,2,5344.28,8561.59,5399.02,8397.37,0.540808,0.841146,744.581,-929.742,0.625098,-0.780546,1250,0.857143,-0.895539,2.4,0.12,7500,2000,2,4,1,1.2
Geran2,50,0,5281.33,7722.3,5466.94,7695.62,0.579136,0.815231,-250.079,-315.846,-0.620756,-0.784004,416.667,9.57307e-009,-2.2405,2.8,1.1,2500,4000,0,0,0.5,1.2
Kalibr,1,1,3405.38,9422.99,3439.44,9627.43,0.336429,0.941709,-642.041,-512.275,-0.781675,-0.623687,857.5,0.453429,-2.46814,1.2,0.45,2500,4000,0,1,0.75,1.3
Kalibr,2,1,5489.37,8938.89,5563.64,8803.11,0.534253,0.845325,106.462,-814.437,0.129616,-0.991564,857.5,0.453429,-1.44081,1.2,0.45,2500,4000,0,1,0.75,1.3
Geran2,3,0,4691.44,8735.83,4587.24,8723.75,0.465412,0.885094,309.762,-265.957,0.758716,-0.651422,416.667,9.57307e-009,-0.709457,2.8,1.1,9000,5000,1,1,0.5,1.3
Kinzhal,4,2,3975.79,7730.87,3830.2,7720.14,0.444439,0.895809,590.636,-1031.58,0.496876,-0.867822,1250,0.857143,-1.0508,2.4,0.12,7500,2000,2,4,1,1.3
Kalibr,5,1,4518.21,7154.67,4464.2,7073.85,0.533694,0.845678,606.254,-554.701,0.737779,-0.675042,857.5,0.453429,-0.741022,1.2,0.45,9000,5000,1,2,0.75,1.3
Kinzhal,6,2,3212.62,7740.75,3248.74,7729.35,0.387477,0.921879,11.0008,-1188.61,0.00925478,-0.999957,1250,0.857143,-1.56154,2.4,0.12,2500,4000,0,2,1,1.3
Kalibr,7,1,3427.04,7628.89,3476.11,7635.07,0.414358,0.910114,346.098,-744.888,0.421369,-0.906889,857.5,0.453429,-1.13584,1.2,0.45,9000,5000,1,2,0.75,1.3
Kalibr,8,1,6037.51,7657.09,5969.66,7628.02,0.616302,0.78751,-523.497,-639.813,-0.633248,-0.773949,857.5,0.453429,-2.25654,1.2,0.45,2500,4000,0,1,0.75,1.3
Kinzhal,9,2,7435.83,6837.04,7293.96,6947.04,0.724117,0.689677,773.605,-903.258,0.650492,-0.759513,1250,0.857143,-0.862564,2.4,0.12,9000,5000,1,3,1,1.3
Geran2,10,0,5597.51,7577.93,5690.15,7580.42,0.600327,0.799755,-265.672,-309.982,-0.650754,-0.759288,416.667,9.57307e-009,-2.27937,2.8,1.1,2500,4000,0,0,0.5,1.3
Geran2,11,0,4813.66,8213.48,4806.01,8200.12,0.505644,0.862742,324.425,-241.491,0.802164,-0.597104,416.667,9.57307e-009,-0.639886,2.8,1.1,9000,5000,1,1,0.5,1.3
Kinzhal,12,2,7064.46,8935.06,7027.12,8894.03,0.619944,0.784646,842.046,-838.975,0.708397,-0.705814,1250,0.857143,-0.783571,2.4,0.12,9000,5000,1,3,1,1.3
Kinzhal,13,2,6403.44,7886.15,6460.66,7904.2,0.632861,0.774265,529.433,-1064.25,0.445402,-0.89533,1250,0.857143,-1.10917,2.4,0.12,9000,5000,1,3,1,1.3
Kalibr,14,1,4290.63,8973.74,4296.96,8933.79,0.433448,0.901179,714.746,-409.106,0.867887,-0.496761,857.5,0.453429,-0.519863,1.2,0.45,9000,5000,1,2,0.75,1.3
Kalibr,15,1,5699.73,7458.73,5782.28,7361.5,0.617706,0.786409,-551.232,-618.275,-0.665478,-0.746417,857.5,0.453429,-2.29893,1.2,0.45,2500,4000,0,1,0.75,1.3
Geran2,16,0,5084.85,8147.61,5159.01,8073.08,0.538479,0.842639,143.377,-378.823,0.353974,-0.935255,416.667,9.57307e-009,-1.20898,2.8,1.1,7500,2000,2,2,0.5,1.3
Kalibr,17,1,4962.25,8208.65,5000.13,8016.95,0.529202,0.848496,-333.252,-755.314,-0.403666,-0.914907,857.5,0.453429,-1.98632,1.2,0.45,2500,4000,0,1,0.75,1.3
Kinzhal,18,2,6205.55,7847.42,6129.74,7900.3,0.61301,0.790075,978.65,-674.657,0.82332,-0.567577,1250,0.857143,-0.60356,2.4,0.12,9000,5000,1,3,1,1.3
Kinzhal,19,2,4610.33,8553.51,4616.76,8570.82,0.474236,0.880398,-506.789,-1075.69,-0.426199,-0.90463,1250,0.857143,-2.01108,2.4,0.12,2500,4000,0,2,1,1.3
Geran2,20,0,5245.14,8010.23,5302,8144.32,0.545581,0.838058,319.293,-251.107,0.786039,-0.618177,416.667,9.57307e-009,-0.666421,2.8,1.1,9000,5000,1,1,0.5,1.3
Kalibr,21,1,4805.34,7801.85,4851.67,7584.91,0.538844,0.842406,494.98,-655.555,0.602579,-0.798059,857.5,0.453429,-0.924068,1.2,0.45,9000,5000,1,2,0.75,1.3
Kinzhal,22,2,5567.57,6849.98,5722.88,6906.12,0.638062,0.769985,441.898,-1104.18,0.371555,-0.928411,1250,0.857143,-1.19011,2.4,0.12,7500,2000,2,4,1,1.3
Kinzhal,23,2,4927.22,6777.26,4988.99,6622.6,0.6017,0.798722,-498.804,-1078.94,-0.419635,-0.907693,1250,0.857143,-2.00384,2.4,0.12,2500,4000,0,2,1,1.3
Geran2,24,0,6153.22,9077.61,6139.94,8989.27,0.56402,0.825761,76.0035,-402.414,0.185588,-0.982628,416.667,9.57307e-009,-1.38413,2.8,1.1,7500,2000,2,2,0.5,1.3
Geran2,25,0,3498.12,9295.7,3458.48,9330.04,0.347571,0.937654,195.343,-359.174,0.477777,-0.878481,416.667,9.57307e-009,-1.07267,2.8,1.1,7500,2000,2,2,0.5,1.3
Kalibr,26,1,4099.03,7819.41,4148.07,7863.77,0.466561,0.884489,-422.052,-708.583,-0.511731,-0.859146,857.5,0.453429,-2.108,1.2,0.45,2500,4000,0,1,0.75,1.3
Kalibr,27,1,4051.98,7695.48,4083.87,7887.08,0.459809,0.888018,411.773,-718.642,0.497158,-0.86766,857.5,0.453429,-1.05048,1.2,0.45,7500,2000,2,3,0.75,1.3
Kinzhal,28,2,4963.52,8689.72,5019.98,8713.49,0.499198,0.866488,876.815,-803.568,0.737229,-0.675643,1250,0.857143,-0.741836,2.4,0.12,9000,5000,1,3,1,1.3
Kinzhal,29,2,5798.96,9280.78,5806.91,9454.18,0.523375,0.852103,1025.89,-600.39,0.863063,-0.505097,1250,0.857143,-0.529494,2.4,0.12,9000,5000,1,3,1,1.3
Kinzhal,30,2,4487.42,7119.34,4566.12,7287.79,0.53094,0.84741,798.908,-880.151,0.672107,-0.740455,1250,0.857143,-0.833746,2.4,0.12,9000,5000,1,3,1,1.3
Kalibr,31,1,3725.2,8269.37,3605.93,8190.16,0.402951,0.915222,-619.275,-539.573,-0.753958,-0.656922,857.5,0.453429,-2.42486,1.2,0.45,2500,4000,0,1,0.75,1.3
Kinzhal,32,2,4467.75,8479.81,4638.8,8494.1,0.479302,0.87765,502.645,-1077.89,0.422628,-0.906303,1250,0.857143,-1.13445,2.4,0.12,7500,2000,2,4,1,1.3
Kinzhal,33,2,6886.68,7422.02,6774.08,7474.22,0.67155,0.740959,836.29,-844.711,0.703556,-0.71064,1250,0.857143,-0.790408,2.4,0.12,9000,5000,1,3,1,1.3
Kinzhal,34,2,6427.84,7775.24,6426.49,7699.63,0.64078,0.767724,592.607,-1030.41,0.49855,-0.866861,1250,0.857143,-1.04887,2.4,0.12,7500,2000,2,4,1,1.3
Geran2,35,0,5876.59,7762.59,5941.2,7734.45,0.609171,0.793039,-268.582,-304.83,-0.661088,-0.750309,416.667,9.57307e-009,-2.29306,2.8,1.1,2500,4000,0,0,0.5,1.3
Kalibr,36,1,6638.43,7418.91,6721.46,7294.3,0.677641,0.735393,105.398,-821.443,0.127265,-0.991869,857.5,0.453429,-1.44319,1.2,0.45,7500,2000,2,3,0.75,1.3
Geran2,37,0,4248.19,7623.97,4410.92,7700.91,0.497022,0.867738,-168.286,-366.67,-0.417123,-0.90885,416.667,9.57307e-009,-2.00107,2.8,1.1,2500,4000,0,0,0.5,1.3
Kinzhal,38,2,4026.42,6860.21,4057.5,6967.91,0.503212,0.864163,412.687,-1114.72,0.347186,-0.937796,1250,0.857143,-1.21623,2.4,0.12,7500,2000,2,4,1,1.3
Geran2,39,0,4095.18,8256.08,4224.67,8281.33,0.454428,0.890784,-146.078,-379.099,-0.359561,-0.933122,416.667,9.57307e-009,-1.93859,2.8,1.1,2500,4000,0,0,0.5,1.3
Geran2,40,0,6014.03,8515.79,6086.39,8479.93,0.583095,0.812404,-249.078,-323.4,-0.610186,-0.792258,416.667,9.57307e-009,-2.22709,2.8,1.1,2500,4000,0,0,0.5,1.3
Geran2,41,0,5776.43,8387.71,5871.77,8452.53,0.570525,0.821281,-245.817,-326.827,-0.60109,-0.799181,416.667,9.57307e-009,-2.21566,2.8,1.1,2500,4000,0,0,0.5,1.3
Kinzhal,42,2,6535.85,7359.61,6290.64,7291.46,0.653231,0.757158,165.217,-1177.13,0.138993,-0.990293,1250,0.857143,-1.43135,2.4,0.12,7500,2000,2,4,1,1.3
Geran2,43,0,3163.36,8403.99,3096.84,8386.33,0.346408,0.938084,-62.7706,-403.497,-0.153717,-0.988115,416.667,9.57307e-009,-1.72513,2.8,1.1,2500,4000,0,0,0.5,1.3
Kinzhal,44,2,3628.02,7469.52,3510.75,7546.2,0.421819,0.90668,507.457,-1074.9,0.426914,-0.904292,1250,0.857143,-1.12972,2.4,0.12,7500,2000,2,4,1,1.3
Geran2,45,0,3184.39,8553.13,3260.63,8541.52,0.356637,0.934243,-62.3333,-404.021,-0.152478,-0.988307,416.667,9.57307e-009,-1.72387,2.8,1.1,2500,4000,0,0,0.5,1.3
Geran2,46,0,4201.86,8140.24,4072.61,8035.76,0.452067,0.891984,-157.786,-374.557,-0.388219,-0.921567,416.667,9.57307e-009,-1.96949,2.8,1.1,2500,4000,0,0,0.5,1.3
Kinzhal,47,2,6859.85,7723.24,6901.06,7502.47,0.676992,0.73599,137.743,-1181.14,0.115834,-0.993269,1250,0.857143,-1.4547,2.4,0.12,7500,2000,2,4,1,1.3
Kinzhal,48,2,3294.19,8116.5,3223.73,8091.07,0.370134,0.928978,234.258,-1165.35,0.197077,-0.980388,1250,0.857143,-1.37242,2.4,0.12,7500,2000,2,4,1,1.3
Kinzhal,49,2,5417.4,8467.88,5377.01,8434.56,0.537556,0.843228,731.217,-937.145,0.61516,-0.788402,1250,0.857143,-0.908208,2.4,0.12,7500,2000,2,4,1,1.3
Geran2,50,0,5256.56,7690.49,5219.17,7463.53,0.573072,0.819505,-247.763,-318.021,-0.614579,-0.788855,416.667,9.57307e-009,-2.23265,2.8,1.1,2500,4000,0,0,0.5,1.3
Kalibr,1,1,3343.77,9368.89,3474.24,9333.08,0.348863,0.937174,-616.12,-541.077,-0.751383,-0.659866,857.5,0.453429,-2.42095,1.2,0.45,2500,4000,0,1,0.75,1.4
Kalibr,2,1,5496.15,8857.17,5419.44,8659.72,0.5305,0.847685,67.8102,-817.172,0.0826973,-0.996575,857.5,0.453429,-1.488,1.2,0.45,2500,4000,0,1,0.75,1.4
Geran2,3,0,4722.37,8709.21,4630.09,8711.08,0.469339,0.883018,309.276,-266.274,0.757826,-0.652457,416.667,9.57307e-009,-0.710822,2.8,1.1,9000,5000,1,1,0.5,1.4
Kinzhal,4,2,4035.52,7628.35,4256.65,7609.08,0.488216,0.872723,597.322,-1025.18,0.503429,-0.864036,1250,0.857143,-1.04323,2.4,0.12,7500,2000,2,4,1,1.4
Kalibr,5,1,4580.68,7101.44,4512.47,7058.32,0.538642,0.842535,624.675,-532.299,0.761142,-0.648585,857.5,0.453429,-0.705724,1.2,0.45,9000,5000,1,2,0.75,1.4
Kinzhal,6,2,3212.21,7622.11,3221.3,7775.62,0.382738,0.923857,-4.08099,-1186.4,-0.00343978,-0.999994,1250,0.857143,-1.57424,2.4,0.12,2500,4000,0,2,1,1.4
Kalibr,7,1,3465.06,7556.24,3651.4,7617.34,0.432258,0.90175,380.209,-726.505,0.46368,-0.886003,857.5,0.453429,-1.08865,1.2,0.45,9000,5000,1,2,0.75,1.4
Kalibr,8,1,5984.58,7593.71,5748.13,7590.17,0.603724,0.797193,-529.237,-633.781,-0.64096,-0.767574,857.5,0.453429,-2.26654,1.2,0.45,2500,4000,0,1,0.75,1.4
Kinzhal,9,2,7512.99,6746.83,7476.38,6829.66,0.738318,0.674453,771.536,-902.117,0.649962,-0.759967,1250,0.857143,-0.863262,2.4,0.12,9000,5000,1,3,1,1.4
Geran2,10,0,5570.91,7546.98,5561.23,7449.09,0.598237,0.801319,-266,-309.489,-0.651814,-0.758379,416.667,9.57307e-009,-2.28077,2.8,1.1,2500,4000,0,0,0.5,1.4
Geran2,11,0,4846.01,8189.19,4872.68,8129.37,0.514112,0.857723,323.546,-242.93,0.799679,-0.600428,416.667,9.57307e-009,-0.644036,2.8,1.1,9000,5000,1,1,0.5,1.4
Kinzhal,12,2,7147.43,8850.26,7099.04,8874.55,0.624663,0.780895,829.753,-847.987,0.699381,-0.71475,1250,0.857143,-0.796266,2.4,0.12,9000,5000,1,3,1,1.4
Kinzhal,13,2,6457.63,7780.61,6207.51,7810.86,0.622176,0.782878,541.872,-1055.44,0.456732,-0.889604,1250,0.857143,-1.09648,2.4,0.12,9000,5000,1,3,1,1.4
Kalibr,14,1,4361.12,8931.33,4499.09,8822.25,0.454306,0.890846,704.908,-424.151,0.856846,-0.515573,857.5,0.453429,-0.541676,1.2,0.45,9000,5000,1,2,0.75,1.4
Kalibr,15,1,5644.54,7397.1,5751.49,7341.52,0.616703,0.787196,-551.867,-616.234,-0.66713,-0.744941,857.5,0.453429,-2.30115,1.2,0.45,2500,4000,0,1,0.75,1.4
Geran2,16,0,5099.32,8109.77,5036.45,8111.16,0.527509,0.849549,144.744,-378.417,0.357257,-0.934006,416.667,9.57307e-009,-1.20547,2.8,1.1,7500,2000,2,2,0.5,1.4
Kalibr,17,1,4927.93,8133.67,4813.23,8094.55,0.511096,0.859524,-343.194,-749.827,-0.416176,-0.909284,857.5,0.453429,-2.00003,1.2,0.45,2500,4000,0,1,0.75,1.4
Kinzhal,18,2,6302.37,7778.85,6379.88,7839.84,0.631189,0.775629,968.17,-685.725,0.816049,-0.577983,1250,0.857143,-0.616254,2.4,0.12,9000,5000,1,3,1,1.4
Kinzhal,19,2,4559.91,8446.06,4608.03,8425.15,0.479854,0.877348,-504.217,-1074.47,-0.424822,-0.905277,1250,0.857143,-2.00956,2.4,0.12,2500,4000,0,2,1,1.4
Geran2,20,0,5277,7985.04,5333.9,8002.37,0.554627,0.832099,318.642,-251.95,0.784415,-0.620237,416.667,9.57307e-009,-0.669044,2.8,1.1,9000,5000,1,1,0.5,1.4
Kalibr,21,1,4857.37,7738.44,4686.77,7745.3,0.517708,0.855558,520.322,-634.141,0.634318,-0.773073,857.5,0.453429,-0.883671,1.2,0.45,9000,5000,1,2,0.75,1.4
Kinzhal,22,2,5611.64,6739.75,5469.54,6737.91,0.630244,0.776397,440.67,-1102.28,0.371214,-0.928547,1250,0.857143,-1.19048,2.4,0.12,7500,2000,2,4,1,1.4
Kinzhal,23,2,4876.07,6670.21,4937.83,6789.54,0.58817,0.808737,-511.49,-1070.49,-0.431123,-0.902293,1250,0.857143,-2.01653,2.4,0.12,2500,4000,0,2,1,1.4
Geran2,24,0,6160.83,9037.4,6100.17,9115.34,0.556168,0.83107,76.1083,-402.122,0.185965,-0.982556,416.667,9.57307e-009,-1.38374,2.8,1.1,7500,2000,2,2,0.5,1.4
Geran2,25,0,3517.68,9259.82,3590.07,9267.26,0.361235,0.932475,195.604,-358.792,0.478661,-0.878,416.667,9.57307e-009,-1.07167,2.8,1.1,7500,2000,2,2,0.5,1.4
Kalibr,26,1,4058.08,7747.92,4254.31,7698.77,0.483662,0.875255,-409.531,-714.857,-0.497091,-0.867698,857.5,0.453429,-2.09104,1.2,0.45,2500,4000,0,1,0.75,1.4
Kalibr,27,1,4093.32,7623.83,3926.15,7570.44,0.460386,0.887719,413.308,-716.498,0.499671,-0.866215,857.5,0.453429,-1.04758,1.2,0.45,7500,2000,2,3,0.75,1.4
Kinzhal,28,2,5051.06,8609.54,4980.89,8590.27,0.501607,0.865095,875.428,-801.796,0.73744,-0.675413,1250,0.857143,-0.741525,2.4,0.12,9000,5000,1,3,1,1.4
Kinzhal,29,2,5900.59,9219.56,5972.34,9124.99,0.547635,0.836718,1016.26,-612.203,0.856581,-0.516012,1250,0.857143,-0.542189,2.4,0.12,9000,5000,1,3,1,1.4
Kinzhal,30,2,4568.26,7032.52,4450.75,6922.31,0.540818,0.84114,808.482,-868.29,0.681452,-0.731863,1250,0.857143,-0.821052,2.4,0.12,9000,5000,1,3,1,1.4
Kalibr,31,1,3665.99,8212.64,3793.98,8332.83,0.414375,0.910106,-592.133,-567.228,-0.72213,-0.691757,857.5,0.453429,-2.37767,1.2,0.45,2500,4000,0,1,0.75,1.4
Kinzhal,32,2,4517.96,8372.24,4678.18,8410.38,0.486099,0.873904,502.055,-1075.72,0.422921,-0.906166,1250,0.857143,-1.13413,2.4,0.12,7500,2000,2,4,1,1.4
Kinzhal,33,2,6969.07,7336.65,6975.03,7251.48,0.693236,0.720711,823.936,-853.639,0.694478,-0.719514,1250,0.857143,-0.803102,2.4,0.12,9000,5000,1,3,1,1.4
Kinzhal,34,2,6485.68,7671.65,6522.85,7645,0.649069,0.76073,578.381,-1035.88,0.487505,-0.87312,1250,0.857143,-1.06157,2.4,0.12,7500,2000,2,4,1,1.4
Geran2,35,0,5849.65,7732.18,5918.41,7708.23,0.608999,0.793171,-269.364,-304.146,-0.663004,-0.748615,416.667,9.57307e-009,-2.29562,2.8,1.1,2500,4000,0,0,0.5,1.4
Kalibr,36,1,6649.26,7336.91,6690.68,7457,0.667827,0.744317,108.23,-819.976,0.130857,-0.991401,857.5,0.453429,-1.43956,1.2,0.45,7500,2000,2,3,0.75,1.4
Geran2,37,0,4231.15,7587.37,4327.66,7596.12,0.495019,0.868882,-170.358,-365.975,-0.42201,-0.906591,416.667,9.57307e-009,-2.00646,2.8,1.1,2500,4000,0,0,0.5,1.4
Kinzhal,38,2,4069.02,6749.48,4044.77,6927.15,0.504237,0.863566,425.996,-1107.29,0.359063,-0.933314,1250,0.857143,-1.20353,2.4,0.12,7500,2000,2,4,1,1.4
Geran2,39,0,4080.67,8218.13,4011.04,8111.4,0.443261,0.896393,-145.101,-379.479,-0.357151,-0.934047,416.667,9.57307e-009,-1.93601,2.8,1.1,2500,4000,0,0,0.5,1.4
Geran2,40,0,5989.09,8483.5,6038.06,8386.1,0.584309,0.811531,-249.435,-322.928,-0.611295,-0.791403,416.667,9.57307e-009,-2.22849,2.8,1.1,2500,4000,0,0,0.5,1.4
Geran2,41,0,5751.89,8355.02,5663.2,8285.8,0.564274,0.825587,-245.368,-326.89,-0.600314,-0.799765,416.667,9.57307e-009,-2.21469,2.8,1.1,2500,4000,0,0,0.5,1.4
Kinzhal,42,2,6553.43,7242.28,6425.14,7461.77,0.652507,0.757782,175.837,-1173.36,0.148202,-0.988957,1250,0.857143,-1.42205,2.4,0.12,7500,2000,2,4,1,1.4
Geran2,43,0,3157.14,8363.64,3069.27,8291.14,0.347163,0.937805,-62.1984,-403.415,-0.152379,-0.988322,416.667,9.57307e-009,-1.72377,2.8,1.1,2500,4000,0,0,0.5,1.4
Kinzhal,44,2,3680.02,7362.88,3554.53,7337.98,0.435948,0.899972,520.074,-1066.35,0.438359,-0.8988,1250,0.857143,-1.11702,2.4,0.12,7500,2000,2,4,1,1.4
Geran2,45,0,3178.2,8512.75,3407.93,8467.39,0.373371,0.927682,-61.8621,-403.884,-0.151402,-0.988472,416.667,9.57307e-009,-1.72278,2.8,1.1,2500,4000,0,0,0.5,1.4
Geran2,46,0,4186.17,8102.74,4180.29,7941.18,0.465809,0.884885,-156.868,-374.933,-0.385969,-0.922512,416.667,9.57307e-009,-1.96705,2.8,1.1,2500,4000,0,0,0.5,1.4
Kinzhal,47,2,6873.46,7605.32,6743.83,7516.18,0.66783,0.744314,136.149,-1179.11,0.114705,-0.9934,1250,0.857143,-1.45584,2.4,0.12,7500,2000,2,4,1,1.4
Kinzhal,48,2,3319.05,8000.49,3359.89,8019.99,0.386401,0.922331,248.561,-1160.08,0.209506,-0.977807,1250,0.857143,-1.35973,2.4,0.12,7500,2000,2,4,1,1.4
Kinzhal,49,2,5489.19,8373.42,5484.19,8334.16,0.5497,0.835362,717.9,-944.559,0.605102,-0.796148,1250,0.857143,-0.920902,2.4,0.12,7500,2000,2,4,1,1.4
Geran2,50,0,5231.94,7658.53,5267.63,7753.93,0.561942,0.827177,-246.107,-319.637,-0.610073,-0.792345,416.667,9.57307e-009,-2.22695,2.8,1.1,2500,4000,0,0,0.5,1.4
Kalibr,1,1,3284.87,9312.02,3274.86,9227.54,0.334462,0.942409,-588.955,-568.708,-0.719364,-0.694633,857.5,0.453429,-2.37368,1.2,0.45,2500,4000,0,1,0.75,1.5
Kalibr,2,1,5499.06,8775.35,5416.27,8688.54,0.52901,0.848615,29.0766,-818.2,0.0355148,-0.999369,857.5,0.453429,-1.53527,1.2,0.45,2500,4000,0,1,0.75,1.5
Geran2,3,0,4753.26,8682.56,4854.66,8577.14,0.492573,0.870271,308.9,-266.483,0.75718,-0.653206,416.667,9.57307e-009,-0.711811,2.8,1.1,9000,5000,1,1,0.5,1.5
Kinzhal,4,2,4095.75,7526.36,4045.28,7450.71,0.477147,0.878823,602.296,-1019.97,0.50847,-0.86108,1250,0.857143,-1.03739,2.4,0.12,7500,2000,2,4,1,1.5
Kalibr,5,1,4644.73,7050.26,4633.21,7171.86,0.54264,0.839965,640.513,-511.807,0.781227,-0.624247,857.5,0.453429,-0.674167,1.2,0.45,9000,5000,1,2,0.75,1.5
Kinzhal,6,2,3210.3,7503.68,3134.03,7396.85,0.390125,0.920762,-19.1367,-1184.21,-0.0161577,-0.99987,1250,0.857143,-1.58695,2.4,0.12,2500,4000,0,2,1,1.5
Kalibr,7,1,3506.41,7485.58,3551.89,7483.37,0.42879,0.903404,413.474,-706.637,0.505028,-0.863103,857.5,0.453429,-1.04138,1.2,0.45,9000,5000,1,2,0.75,1.5
Kalibr,8,1,5931.15,7530.88,6101.93,7427.47,0.634789,0.772686,-534.303,-628.339,-0.6478,-0.76181,857.5,0.453429,-2.27549,1.2,0.45,2500,4000,0,1,0.75,1.5
Kinzhal,9,2,7589.96,6656.73,7616.51,6751.71,0.748313,0.663346,769.728,-901.019,0.649538,-0.760329,1250,0.857143,-0.863819,2.4,0.12,9000,5000,1,3,1,1.5
Geran2,10,0,5544.29,7516.07,5403.73,7482.83,0.585453,0.810707,-266.218,-309.108,-0.652582,-0.757718,416.667,9.57307e-009,-2.28178,2.8,1.1,2500,4000,0,0,0.5,1.5
Geran2,11,0,4878.3,8164.79,4897.12,8169.75,0.514131,0.857712,322.93,-243.99,0.797869,-0.602831,416.667,9.57307e-009,-0.647044,2.8,1.1,9000,5000,1,1,0.5,1.5
Kinzhal,12,2,7229.18,8764.56,7354.49,9003.2,0.632631,0.774453,817.489,-856.991,0.690234,-0.723587,1250,0.857143,-0.808985,2.4,0.12,9000,5000,1,3,1,1.5
Kinzhal,13,2,6513.06,7675.94,6399.22,7563.75,0.645891,0.76343,554.294,-1046.65,0.468009,-0.883723,1250,0.857143,-1.08376,2.4,0.12,9000,5000,1,3,1,1.5
Kalibr,14,1,4430.71,8887.59,4343.87,8981.35,0.435403,0.900236,695.892,-437.375,0.84666,-0.532134,857.5,0.453429,-0.561119,1.2,0.45,9000,5000,1,2,0.75,1.5
Kalibr,15,1,5589.3,7335.67,5422.04,7107.04,0.606549,0.795046,-552.419,-614.394,-0.668607,-0.743616,857.5,0.453429,-2.30313,1.2,0.45,2500,4000,0,1,0.75,1.5
Geran2,16,0,5113.9,8071.96,5191.52,8074.93,0.540794,0.841155,145.742,-378.14,0.359631,-0.933095,416.667,9.57307e-009,-1.20292,2.8,1.1,7500,2000,2,2,0.5,1.5
Kalibr,17,1,4892.72,8059.19,4833.61,8108.1,0.512059,0.85895,-352.013,-744.807,-0.427302,-0.904109,857.5,0.453429,-2.0123,1.2,0.45,2500,4000,0,1,0.75,1.5
Kinzhal,18,2,6398.14,7709.17,6350.81,7785.06,0.632117,0.774873,957.716,-696.78,0.808632,-0.588315,1250,0.857143,-0.628973,2.4,0.12,9000,5000,1,3,1,1.5
Kinzhal,19,2,4509.7,8338.74,4549.3,8334.79,0.4791,0.877761,-502.101,-1073.25,-0.423751,-0.905779,1250,0.857143,-2.00838,2.4,0.12,2500,4000,0,2,1,1.5
Geran2,20,0,5308.82,7959.78,5489.57,7811.63,0.574968,0.818176,318.17,-252.562,0.783233,-0.621728,416.667,9.57307e-009,-0.670947,2.8,1.1,9000,5000,1,1,0.5,1.5
Kalibr,21,1,4911.6,7677.01,4882.65,7572.15,0.541923,0.840428,542.267,-614.26,0.661809,-0.749672,857.5,0.453429,-0.847567,1.2,0.45,9000,5000,1,2,0.75,1.5
Kinzhal,22,2,5655.6,6629.69,5601.99,6597.27,0.647267,0.762263,439.608,-1100.54,0.370949,-0.928653,1250,0.857143,-1.19077,2.4,0.12,7500,2000,2,4,1,1.5
Kinzhal,23,2,4823.66,6564,4842.15,6802.54,0.579905,0.814684,-524.158,-1062.06,-0.442564,-0.896737,1250,0.857143,-2.02925,2.4,0.12,2500,4000,0,2,1,1.5
Geran2,24,0,6168.45,8997.21,6105.62,8896.9,0.565836,0.824518,76.1745,-401.86,0.186238,-0.982505,416.667,9.57307e-009,-1.38346,2.8,1.1,7500,2000,2,2,0.5,1.5
Geran2,25,0,3537.26,9223.98,3518.02,9572.46,0.344957,0.938619,195.772,-358.48,0.4793,-0.877651,416.667,9.57307e-009,-1.07094,2.8,1.1,7500,2000,2,2,0.5,1.5
Kalibr,26,1,4018.26,7675.89,4234.68,7733.19,0.4803,0.877104,-398.222,-720.308,-0.483833,-0.875161,857.5,0.453429,-2.07582,1.2,0.45,2500,4000,0,1,0.75,1.5
Kalibr,27,1,4134.78,7552.38,4089.72,7608.14,0.473474,0.880808,414.656,-714.567,0.501906,-0.864923,857.5,0.453429,-1.045,1.2,0.45,7500,2000,2,3,0.75,1.5
Kinzhal,28,2,5138.48,8529.52,5167.41,8499.44,0.519495,0.854473,874.135,-800.223,0.737602,-0.675235,1250,0.857143,-0.741283,2.4,0.12,9000,5000,1,3,1,1.5
Kinzhal,29,2,6001.25,9157.16,5976.37,9161.75,0.546352,0.837556,1006.65,-624.001,0.849949,-0.526865,1250,0.857143,-0.554908,2.4,0.12,9000,5000,1,3,1,1.5
Kinzhal,30,2,4650.07,6946.87,4599.08,6878.34,0.55583,0.831296,818.047,-856.459,0.690705,-0.723137,1250,0.857143,-0.808333,2.4,0.12,9000,5000,1,3,1,1.5
Kalibr,31,1,3609.61,8153.28,3676.02,8109.54,0.412859,0.910795,-563.798,-593.657,-0.688637,-0.725107,857.5,0.453429,-2.3304,1.2,0.45,2500,4000,0,1,0.75,1.5
Kinzhal,32,2,4568.1,8264.86,4581.02,8260.83,0.484969,0.874531,501.471,-1073.77,0.423148,-0.906061,1250,0.857143,-1.13388,2.4,0.12,7500,2000,2,4,1,1.5
Kinzhal,33,2,7050.25,7250.41,6912.28,7362.47,0.684467,0.729044,811.716,-862.464,0.685358,-0.728206,1250,0.857143,-0.815701,2.4,0.12,9000,5000,1,3,1,1.5
Kinzhal,34,2,6542.1,7567.51,6441.86,7599.48,0.646616,0.762815,564.186,-1041.35,0.476361,-0.87925,1250,0.857143,-1.07428,2.4,0.12,7500,2000,2,4,1,1.5
Geran2,35,0,5822.66,7701.81,5894.65,7764.07,0.60469,0.796461,-269.931,-303.65,-0.664392,-0.747384,416.667,9.57307e-009,-2.29748,2.8,1.1,2500,4000,0,0,0.5,1.5
Kalibr,36,1,6660.33,7255.05,6699.21,7092.85,0.686646,0.726992,110.749,-818.639,0.134063,-0.990973,857.5,0.453429,-1.43633,1.2,0.45,7500,2000,2,3,0.75,1.5
Geran2,37,0,4213.96,7550.82,4339.16,7497.62,0.500901,0.865505,-171.882,-365.505,-0.425553,-0.904933,416.667,9.57307e-009,-2.01037,2.8,1.1,2500,4000,0,0,0.5,1.5
Kinzhal,38,2,4112.94,6639.49,4126.7,6559.12,0.532525,0.846414,439.286,-1099.89,0.370904,-0.928671,1250,0.857143,-1.19081,2.4,0.12,7500,2000,2,4,1,1.5
Geran2,39,0,4066.23,8180.15,3899.44,8104.03,0.43359,0.90111,-144.392,-379.756,-0.3554,-0.934714,416.667,9.57307e-009,-1.93414,2.8,1.1,2500,4000,0,0,0.5,1.5
Geran2,40,0,5964.12,8451.24,5960.77,8410.82,0.578218,0.815882,-249.675,-322.561,-0.612097,-0.790783,416.667,9.57307e-009,-2.22951,2.8,1.1,2500,4000,0,0,0.5,1.5
Geran2,41,0,5727.39,8322.33,5790.48,8242.72,0.574833,0.818271,-245.018,-326.902,-0.599751,-0.800187,416.667,9.57307e-009,-2.21399,2.8,1.1,2500,4000,0,0,0.5,1.5
Kinzhal,42,2,6571.83,7125.27,6503.3,7153.78,0.672665,0.739947,183.991,-1170.1,0.155335,-0.987862,1250,0.857143,-1.41483,2.4,0.12,7500,2000,2,4,1,1.5
Geran2,43,0,3150.96,8323.31,3231.99,8218.33,0.365982,0.930622,-61.7784,-403.323,-0.151408,-0.988471,416.667,9.57307e-009,-1.72279,2.8,1.1,2500,4000,0,0,0.5,1.5
Kinzhal,44,2,3733.29,7257.1,3751.03,7284.44,0.457806,0.889052,532.674,-1057.82,0.449755,-0.893152,1250,0.857143,-1.10431,2.4,0.12,7500,2000,2,4,1,1.5
Geran2,45,0,3172.05,8472.37,3183.61,8540.67,0.349282,0.937018,-61.5144,-403.746,-0.150621,-0.988592,416.667,9.57307e-009,-1.72199,2.8,1.1,2500,4000,0,0,0.5,1.5
Geran2,46,0,4170.55,8065.22,4357.29,7930.67,0.481531,0.876429,-156.2,-375.204,-0.384333,-0.923194,416.667,9.57307e-009,-1.96528,2.8,1.1,2500,4000,0,0,0.5,1.5
Kinzhal,47,2,6886.95,7487.6,6907.77,7473.52,0.678764,0.734356,134.884,-1177.24,0.113831,-0.9935,1250,0.857143,-1.45672,2.4,0.12,7500,2000,2,4,1,1.5
Kinzhal,48,2,3345.33,7885.01,3382.5,7980.11,0.390256,0.920706,262.841,-1154.83,0.221926,-0.975064,1250,0.857143,-1.34701,2.4,0.12,7500,2000,2,4,1,1.5
Kinzhal,49,2,5559.65,8278.22,5490.54,8182.01,0.557217,0.830367,704.612,-951.969,0.594927,-0.80378,1250,0.857143,-0.933621,2.4,0.12,7500,2000,2,4,1,1.5
Geran2,50,0,5207.45,7626.44,5255.72,7475.54,0.575139,0.818056,-244.93,-320.846,-0.60679,-0.794863,416.667,9.57307e-009,-2.22281,2.8,1.1,2500,4000,0,0,0.5,1.5
Kalibr,1,1,3228.81,9252.51,3071.45,9460.35,0.308798,0.951127,-560.59,-595.102,-0.685685,-0.727899,857.5,0.453429,-2.32634,1.2,0.45,2500,4000,0,1,0.75,1.6
Kalibr,2,1,5498.09,8693.6,5515.01,8793.29,0.531329,0.847166,-9.66338,-817.505,-0.0118197,-0.99993,857.5,0.453429,-1.58262,1.2,0.45,2500,4000,0,1,0.75,1.6
Geran2,3,0,4784.12,8655.9,4647.08,8470.99,0.480968,0.876738,308.606,-266.616,0.756711,-0.653749,416.667,9.57307e-009,-0.712528,2.8,1.1,9000,5000,1,1,0.5,1.6
Kinzhal,4,2,4156.34,7424.79,4168.02,7569.5,0.482344,0.875982,605.977,-1015.71,0.512351,-0.858776,1250,0.857143,-1.03288,2.4,0.12,7500,2000,2,4,1,1.6
Kalibr,5,1,4710.15,7000.95,4713.95,7053.48,0.555649,0.831417,654.162,-493.124,0.798531,-0.601954,857.5,0.453429,-0.645945,1.2,0.45,9000,5000,1,2,0.75,1.6
Kinzhal,6,2,3206.88,7385.48,3259.08,7450.14,0.400782,0.916173,-34.1684,-1182.02,-0.0288949,-0.999582,1250,0.857143,-1.5997,2.4,0.12,2500,4000,0,2,1,1.6
Kalibr,7,1,3550.99,7417.05,3487.47,7357.86,0.428304,0.903635,445.823,-685.31,0.545308,-0.838236,857.5,0.453429,-0.99404,1.2,0.45,9000,5000,1,2,0.75,1.6
Kalibr,8,1,5877.27,7468.53,5831.05,7581.46,0.609656,0.792666,-538.782,-623.431,-0.653873,-0.756604,857.5,0.453429,-2.28349,1.2,0.45,2500,4000,0,1,0.75,1.6
Kinzhal,9,2,7666.77,6566.73,7649.55,6571.88,0.758516,0.651655,768.141,-899.974,0.6492,-0.760618,1250,0.857143,-0.864265,2.4,0.12,9000,5000,1,3,1,1.6
Geran2,10,0,5517.65,7485.19,5547.07,7440.81,0.597685,0.801731,-266.357,-308.81,-0.653139,-0.757238,416.667,9.57307e-009,-2.28252,2.8,1.1,2500,4000,0,0,0.5,1.6
Geran2,11,0,4910.56,8140.31,4951.13,8284.96,0.512983,0.858399,322.503,-244.775,0.796552,-0.60457,416.667,9.57307e-009,-0.649226,2.8,1.1,9000,5000,1,1,0.5,1.6
Kinzhal,12,2,7309.7,8677.96,7321.84,8520.45,0.651745,0.758438,805.24,-865.977,0.680959,-0.732322,1250,0.857143,-0.821725,2.4,0.12,9000,5000,1,3,1,1.6
Kinzhal,13,2,6569.73,7572.15,6643.81,7548.25,0.660703,0.750647,566.694,-1037.88,0.47923,-0.877689,1250,0.857143,-1.07102,2.4,0.12,9000,5000,1,3,1,1.6
Kalibr,14,1,4499.48,8842.69,4548.35,8745.5,0.461408,0.887188,687.66,-449.013,0.83731,-0.546729,857.5,0.453429,-0.578452,1.2,0.45,9000,5000,1,2,0.75,1.6
Kalibr,15,1,5534.01,7274.39,5605.84,7143.3,0.617362,0.78668,-552.898,-612.734,-0.669926,-0.742428,857.5,0.453429,-2.30491,1.2,0.45,2500,4000,0,1,0.75,1.6
Geran2,16,0,5128.54,8034.16,5110.93,8207.48,0.528604,0.848868,146.47,-377.956,0.361348,-0.932431,416.667,9.57307e-009,-1.20108,2.8,1.1,7500,2000,2,2,0.5,1.6
Kalibr,17,1,4856.74,7985.16,4793.14,7883.23,0.519524,0.854456,-359.843,-740.226,-0.437204,-0.899362,857.5,0.453429,-2.02328,1.2,0.45,2500,4000,0,1,0.75,1.6
Kinzhal,18,2,6492.87,7638.39,6461.39,7693.87,0.643107,0.765777,947.274,-707.813,0.801071,-0.598569,1250,0.857143,-0.641713,2.4,0.12,9000,5000,1,3,1,1.6
Kinzhal,19,2,4459.66,8231.53,4658.72,8141.31,0.496664,0.867943,-500.348,-1072.07,-0.422918,-0.906168,1250,0.857143,-2.00746,2.4,0.12,2500,4000,0,2,1,1.6
Geran2,20,0,5340.6,7934.48,5264.41,8001.04,0.549658,0.83539,317.828,-253.008,0.782374,-0.622809,416.667,9.57307e-009,-0.672328,2.8,1.1,9000,5000,1,1,0.5,1.6
Kalibr,21,1,4967.73,7617.42,5018.44,7613.45,0.55035,0.834934,561.309,-595.91,0.685658,-0.727924,857.5,0.453429,-0.815289,1.2,0.45,9000,5000,1,2,0.75,1.6
Kinzhal,22,2,5699.46,6519.8,5722.63,6676.83,0.650767,0.759277,438.686,-1098.94,0.370744,-0.928735,1250,0.857143,-1.19099,2.4,0.12,7500,2000,2,4,1,1.6
Kinzhal,23,2,4769.98,6458.64,4826.69,6406.4,0.601745,0.798688,-536.803,-1053.65,-0.453953,-0.891026,1250,0.857143,-2.04199,2.4,0.12,2500,4000,0,2,1,1.6
Geran2,24,0,6176.07,8957.05,6294.2,8947.48,0.575361,0.8179,76.2134,-401.624,0.186436,-0.982467,416.667,9.57307e-009,-1.38326,2.8,1.1,7500,2000,2,2,0.5,1.6
Geran2,25,0,3556.85,9188.15,3362.15,9289.39,0.340329,0.940306,195.875,-358.221,0.479762,-0.877399,416.667,9.57307e-009,-1.07041,2.8,1.1,7500,2000,2,2,0.5,1.6
Kalibr,26,1,3979.46,7603.38,4015.55,7654.01,0.464579,0.885531,-388.014,-725.055,-0.471836,-0.881687,857.5,0.453429,-2.06217,1.2,0.45,2500,4000,0,1,0.75,1.6
Kalibr,27,1,4176.37,7481.09,3963,7595.82,0.462563,0.886587,415.84,-712.827,0.503893,-0.863766,857.5,0.453429,-1.0427,1.2,0.45,7500,2000,2,3,0.75,1.6
Kinzhal,28,2,5225.77,8449.63,5404.43,8448.7,0.53886,0.842395,872.934,-798.824,0.737729,-0.675097,1250,0.857143,-0.741096,2.4,0.12,9000,5000,1,3,1,1.6
Kinzhal,29,2,6100.96,9093.58,6252.78,8919.76,0.574014,0.818846,997.053,-635.776,0.843168,-0.53765,1250,0.857143,-0.567648,2.4,0.12,9000,5000,1,3,1,1.6
Kinzhal,30,2,4732.83,6862.41,4943.54,6856.11,0.584861,0.811133,827.593,-844.641,0.699862,-0.714278,1250,0.857143,-0.795593,2.4,0.12,9000,5000,1,3,1,1.6
Kalibr,31,1,3556.18,8091.4,3500.44,8119.12,0.395907,0.918291,-534.317,-618.799,-0.65355,-0.756884,857.5,0.453429,-2.28306,1.2,0.45,2500,4000,0,1,0.75,1.6
Kinzhal,32,2,4618.19,8157.66,4474.74,8206.77,0.478713,0.877971,500.903,-1072.01,0.423322,-0.905979,1250,0.857143,-1.13369,2.4,0.12,7500,2000,2,4,1,1.6
Kinzhal,33,2,7130.43,7163.49,7186.15,7218.19,0.705532,0.708678,801.872,-869.148,0.678089,-0.73498,1250,0.857143,-0.825637,2.4,0.12,9000,5000,1,3,1,1.6
Kinzhal,34,2,6597.1,7462.83,6563.24,7422.77,0.662401,0.74915,550.009,-1046.81,0.465121,-0.885247,1250,0.857143,-1.08703,2.4,0.12,7500,2000,2,4,1,1.6
Geran2,35,0,5795.63,7671.48,5647.66,7701.33,0.591365,0.806404,-270.343,-303.29,-0.665397,-0.74649,416.667,9.57307e-009,-2.29882,2.8,1.1,2500,4000,0,0,0.5,1.6
Kalibr,36,1,6671.63,7173.31,6692.17,7086.7,0.686579,0.727055,112.99,-817.421,0.136925,-0.990581,857.5,0.453429,-1.43344,1.2,0.45,7500,2000,2,3,0.75,1.6
Geran2,37,0,4196.66,7514.3,4223.24,7534.18,0.488964,0.872304,-173.008,-365.199,-0.428125,-0.90372,416.667,9.57307e-009,-2.01321,2.8,1.1,2500,4000,0,0,0.5,1.6
Kinzhal,38,2,4158.2,6530.24,4135.92,6539.29,0.534533,0.845147,452.552,-1092.49,0.382705,-0.923871,1250,0.857143,-1.17807,2.4,0.12,7500,2000,2,4,1,1.6
Geran2,39,0,4051.85,8142.16,4073.75,8091.44,0.449687,0.893186,-143.877,-379.957,-0.354128,-0.935197,416.667,9.57307e-009,-1.93278,2.8,1.1,2500,4000,0,0,0.5,1.6
Geran2,40,0,5939.14,8419.01,6084.92,8512.7,0.581518,0.813534,-249.832,-322.274,-0.612678,-0.790332,416.667,9.57307e-009,-2.23024,2.8,1.1,2500,4000,0,0,0.5,1.6
Geran2,41,0,5702.91,8289.64,5752.49,8484.39,0.561183,0.827692,-244.741,-326.88,-0.599343,-0.800493,416.667,9.57307e-009,-2.21348,2.8,1.1,2500,4000,0,0,0.5,1.6
Kinzhal,42,2,6590.85,7008.54,6389.33,7129.13,0.667412,0.744689,190.25,-1167.28,0.160863,-0.986977,1250,0.857143,-1.40923,2.4,0.12,7500,2000,2,4,1,1.6
Geran2,43,0,3144.81,8282.99,3255.72,8289.13,0.365582,0.930779,-61.4691,-403.227,-0.150702,-0.988579,416.667,9.57307e-009,-1.72207,2.8,1.1,2500,4000,0,0,0.5,1.6
Kinzhal,44,2,3787.82,7152.17,3657.6,7003.1,0.462945,0.886387,545.251,-1049.3,0.461097,-0.88735,1250,0.857143,-1.09157,2.4,0.12,7500,2000,2,4,1,1.6
Geran2,45,0,3165.93,8432.01,3271.94,8413.66,0.362442,0.932006,-61.2567,-403.61,-0.150054,-0.988678,416.667,9.57307e-009,-1.72142,2.8,1.1,2500,4000,0,0,0.5,1.6
Geran2,46,0,4154.98,8027.68,4073.85,7979.63,0.454701,0.890644,-155.715,-375.398,-0.383145,-0.923688,416.667,9.57307e-009,-1.96399,2.8,1.1,2500,4000,0,0,0.5,1.6
Kinzhal,47,2,6900.34,7370.05,6986,7470.68,0.683016,0.730403,133.875,-1175.53,0.113154,-0.993577,1250,0.857143,-1.4574,2.4,0.12,7500,2000,2,4,1,1.6
Kinzhal,48,2,3373.04,7770.05,3437.93,7854.62,0.400969,0.916092,277.097,-1149.58,0.23433,-0.972157,1250,0.857143,-1.33427,2.4,0.12,7500,2000,2,4,1,1.6
Kinzhal,49,2,5628.79,8182.29,5677.04,8147.94,0.571669,0.820485,691.341,-959.362,0.584639,-0.811294,1250,0.857143,-0.946362,2.4,0.12,7500,2000,2,4,1,1.6
Geran2,50,0,5183.04,7594.27,5104.48,7609.34,0.557084,0.830456,-244.102,-321.759,-0.6044,-0.796681,416.667,9.57307e-009,-2.21981,2.8,1.1,2500,4000,0,0,0.5,1.6
Kalibr,1,1,3175.71,9190.49,3181.66,9120.27,0.329388,0.944195,-531.072,-620.2,-0.650418,-0.759576,857.5,0.453429,-2.27893,1.2,0.45,2500,4000,0,1,0.75,1.7
Kalibr,2,1,5493.26,8612.09,5511.58,8737.66,0.533512,0.845792,-48.3326,-815.077,-0.0591943,-0.998246,857.5,0.453429,-1.63003,1.2,0.45,2500,4000,0,1,0.75,1.7
Geran2,3,0,4814.96,8629.23,4748.78,8645.26,0.481443,0.876478,308.374,-266.694,0.756372,-0.654142,416.667,9.57307e-009,-0.713048,2.8,1.1,9000,5000,1,1,0.5,1.7
Kinzhal,4,2,4217.21,7323.57,4432.3,7448.54,0.511368,0.859361,608.681,-1012.2,0.515343,-0.856984,1250,0.857143,-1.02939,2.4,0.12,7500,2000,2,4,1,1.7
Kalibr,5,1,4776.74,6953.33,4665.45,6928.67,0.558535,0.829481,665.954,-476.134,0.813472,-0.581604,857.5,0.453429,-0.620699,1.2,0.45,9000,5000,1,2,0.75,1.7
Kinzhal,6,2,3201.97,7267.5,3179.14,7132.81,0.407102,0.913383,-49.1779,-1179.8,-0.0416472,-0.999132,1250,0.857143,-1.61246,2.4,0.12,2500,4000,0,2,1,1.7
Kalibr,7,1,3598.71,7350.79,3462.16,7242.81,0.431273,0.902221,477.184,-662.557,0.58442,-0.811451,857.5,0.453429,-0.946631,1.2,0.45,9000,5000,1,2,0.75,1.7
Kalibr,8,1,5823,7406.63,5988.56,7348.95,0.631707,0.775207,-542.744,-619.008,-0.659269,-0.751907,857.5,0.453429,-2.29064,1.2,0.45,2500,4000,0,1,0.75,1.7
Kinzhal,9,2,7743.45,6476.83,7743.11,6657.72,0.758251,0.651963,766.744,-898.987,0.648928,-0.76085,1250,0.857143,-0.864622,2.4,0.12,9000,5000,1,3,1,1.7
Geran2,10,0,5491.01,7454.33,5390.43,7494.79,0.583889,0.811833,-266.442,-308.574,-0.653543,-0.756889,416.667,9.57307e-009,-2.28305,2.8,1.1,2500,4000,0,0,0.5,1.7
Geran2,11,0,4942.78,8115.78,5063.53,8171.34,0.526737,0.850028,322.214,-245.359,0.795595,-0.605829,416.667,9.57307e-009,-0.650808,2.8,1.1,9000,5000,1,1,0.5,1.7
Kinzhal,12,2,7389,8590.47,7580.8,8436.27,0.668388,0.743813,792.992,-874.931,0.671559,-0.740951,1250,0.857143,-0.834485,2.4,0.12,9000,5000,1,3,1,1.7
Kinzhal,13,2,6627.63,7469.24,6654.34,7593.11,0.659086,0.752067,579.064,-1029.09,0.490391,-0.871503,1250,0.857143,-1.05826,2.4,0.12,9000,5000,1,3,1,1.7
Kalibr,14,1,4567.5,8796.76,4631.62,8580.62,0.474997,0.879987,680.165,-459.268,0.82876,-0.559604,857.5,0.453429,-0.593908,1.2,0.45,9000,5000,1,2,0.75,1.7
Kalibr,15,1,5478.68,7213.27,5677.12,7335.13,0.612059,0.790812,-553.314,-611.237,-0.671106,-0.741361,857.5,0.453429,-2.3065,1.2,0.45,2500,4000,0,1,0.75,1.7
Geran2,16,0,5143.24,7996.38,5316.14,7969.01,0.554951,0.831883,147.004,-377.839,0.36259,-0.931949,416.667,9.57307e-009,-1.19975,2.8,1.1,7500,2000,2,2,0.5,1.7
Kalibr,17,1,4820.06,7911.56,4745.86,8001.13,0.510156,0.860082,-366.802,-736.053,-0.446022,-0.895022,857.5,0.453429,-2.03311,1.2,0.45,2500,4000,0,1,0.75,1.7
Kinzhal,18,2,6586.55,7566.51,6596.7,7474.97,0.661685,0.749781,936.827,-718.816,0.793368,-0.608742,1250,0.857143,-0.654474,2.4,0.12,9000,5000,1,3,1,1.7
Kinzhal,19,2,4409.77,8124.44,4417.44,8274.33,0.470959,0.882155,-498.887,-1070.94,-0.42227,-0.90647,1250,0.857143,-2.00674,2.4,0.12,2500,4000,0,2,1,1.7
Geran2,20,0,5372.36,7909.15,5398.66,7819.65,0.568146,0.822928,317.582,-253.332,0.781749,-0.623593,416.667,9.57307e-009,-0.673331,2.8,1.1,9000,5000,1,1,0.5,1.7
Kalibr,21,1,5025.52,7559.52,5012.84,7444.83,0.558522,0.82949,577.865,-579.051,0.706382,-0.707831,857.5,0.453429,-0.786423,1.2,0.45,9000,5000,1,2,0.75,1.7
Kinzhal,22,2,5743.25,6410.05,5661.51,6409.86,0.662,0.749504,437.882,-1097.47,0.370584,-0.928799,1250,0.857143,-1.19116,2.4,0.12,7500,2000,2,4,1,1.7
Kinzhal,23,2,4715.04,6354.11,4605.82,6218.64,0.595179,0.803593,-549.419,-1045.22,-0.465285,-0.885161,1250,0.857143,-2.05475,2.4,0.12,2500,4000,0,2,1,1.7
Geran2,24,0,6183.7,8916.91,6246.75,8998.07,0.570278,0.821451,76.2335,-401.411,0.186579,-0.98244,416.667,9.57307e-009,-1.38312,2.8,1.1,7500,2000,2,2,0.5,1.7
Geran2,25,0,3576.44,9152.35,3608.07,9390.6,0.358659,0.933469,195.934,-358.004,0.480095,-0.877216,416.667,9.57307e-009,-1.07003,2.8,1.1,7500,2000,2,2,0.5,1.7
Kalibr,26,1,3941.58,7530.46,4019.01,7558.89,0.469461,0.882953,-378.802,-729.2,-0.460987,-0.887407,857.5,0.453429,-2.0499,1.2,0.45,2500,4000,0,1,0.75,1.7
Kalibr,27,1,4218.05,7409.97,4180.15,7326.54,0.495563,0.868572,416.881,-711.26,0.505661,-0.862732,857.5,0.453429,-1.04065,1.2,0.45,7500,2000,2,3,0.75,1.7
Kinzhal,28,2,5312.95,8369.88,5398.91,8213.59,0.549278,0.83564,871.824,-797.575,0.737827,-0.67499,1250,0.857143,-0.740951,2.4,0.12,9000,5000,1,3,1,1.7
Kinzhal,29,2,6199.7,9028.83,6068,9209.41,0.550197,0.835035,987.449,-647.522,0.836239,-0.548365,1250,0.857143,-0.580408,2.4,0.12,9000,5000,1,3,1,1.7
Kinzhal,30,2,4816.54,6779.12,4771.38,6653.79,0.582747,0.812654,837.107,-832.822,0.708919,-0.70529,1250,0.857143,-0.782832,2.4,0.12,9000,5000,1,3,1,1.7
Kalibr,31,1,3505.8,8027.14,3675.95,7992.09,0.417867,0.908508,-503.741,-642.597,-0.616946,-0.787006,857.5,0.453429,-2.23565,1.2,0.45,2500,4000,0,1,0.75,1.7
Kinzhal,32,2,4668.23,8050.62,4694.42,8183.05,0.497608,0.867402,500.358,-1070.43,0.423456,-0.905916,1250,0.857143,-1.13354,2.4,0.12,7500,2000,2,4,1,1.7
Kinzhal,33,2,7209.83,7076.07,7135.84,6904.95,0.718637,0.695385,793.929,-874.208,0.672299,-0.74028,1250,0.857143,-0.833486,2.4,0.12,9000,5000,1,3,1,1.7
Kinzhal,34,2,6650.69,7357.61,6615.68,7439.29,0.664531,0.747261,535.842,-1052.24,0.453787,-0.89111,1250,0.857143,-1.09979,2.4,0.12,7500,2000,2,4,1,1.7
Geran2,35,0,5768.56,7641.18,5948.12,7707.27,0.610965,0.791658,-270.642,-303.03,-0.666125,-0.74584,416.667,9.57307e-009,-2.2998,2.8,1.1,2500,4000,0,0,0.5,1.7
Kalibr,36,1,6683.13,7091.67,6666.07,7133.9,0.682743,0.730658,114.984,-816.312,0.139481,-0.990225,857.5,0.453429,-1.43086,1.2,0.45,7500,2000,2,3,0.75,1.7
Geran2,37,0,4179.28,7477.8,4025.19,7478.85,0.473928,0.880564,-173.843,-365.01,-0.429992,-0.902833,416.667,9.57307e-009,-2.01528,2.8,1.1,2500,4000,0,0,0.5,1.7
Kinzhal,38,2,4204.78,6421.73,4355.98,6352.6,0.565521,0.824734,465.79,-1085.07,0.394462,-0.918912,1250,0.857143,-1.16531,2.4,0.12,7500,2000,2,4,1,1.7
Geran2,39,0,4037.5,8104.15,4000.49,7888.28,0.452303,0.891864,-143.503,-380.103,-0.353204,-0.935546,416.667,9.57307e-009,-1.93179,2.8,1.1,2500,4000,0,0,0.5,1.7
Geran2,40,0,5914.15,8386.81,6032.76,8446.84,0.581194,0.813765,-249.93,-322.047,-0.613099,-0.790006,416.667,9.57307e-009,-2.23077,2.8,1.1,2500,4000,0,0,0.5,1.7
Geran2,41,0,5678.46,8256.96,5822.18,8269.04,0.575707,0.817656,-244.519,-326.836,-0.599047,-0.800714,416.667,9.57307e-009,-2.21311,2.8,1.1,2500,4000,0,0,0.5,1.7
Kinzhal,42,2,6610.36,6892.05,6758.96,6939.56,0.697724,0.716367,195.054,-1164.85,0.16515,-0.986268,1250,0.857143,-1.40489,2.4,0.12,7500,2000,2,4,1,1.7
Geran2,43,0,3138.69,8242.68,3108.62,8154.16,0.356223,0.934401,-61.2406,-403.131,-0.150189,-0.988657,416.667,9.57307e-009,-1.72156,2.8,1.1,2500,4000,0,0,0.5,1.7
Kinzhal,44,2,3843.6,7048.09,3882.61,7329.75,0.468091,0.88368,557.799,-1040.77,0.472382,-0.881394,1250,0.857143,-1.0788,2.4,0.12,7500,2000,2,4,1,1.7
Geran2,45,0,3159.82,8391.66,3296.13,8469.98,0.362661,0.931921,-61.0649,-403.479,-0.149642,-0.98874,416.667,9.57307e-009,-1.721,2.8,1.1,2500,4000,0,0,0.5,1.7
Geran2,46,0,4139.44,7990.13,4026.95,8061.93,0.446857,0.894606,-155.362,-375.538,-0.382282,-0.924046,416.667,9.57307e-009,-1.96306,2.8,1.1,2500,4000,0,0,0.5,1.7
Kinzhal,47,2,6913.64,7252.65,6736.02,7491.82,0.668601,0.743621,133.068,-1173.96,0.112629,-0.993637,1250,0.857143,-1.45793,2.4,0.12,7500,2000,2,4,1,1.7
Kinzhal,48,2,3402.17,7655.61,3396.69,7922.63,0.394045,0.919091,291.327,-1144.32,0.246716,-0.969088,1250,0.857143,-1.32151,2.4,0.12,7500,2000,2,4,1,1.7
Kinzhal,49,2,5696.59,8085.61,5689.91,8100.15,0.574804,0.818291,678.074,-966.724,0.574239,-0.818688,1250,0.857143,-0.959122,2.4,0.12,7500,2000,2,4,1,1.7
Geran2,50,0,5158.69,7562.02,5077.28,7513.73,0.55989,0.828567,-243.524,-322.455,-0.602662,-0.797997,416.667,9.57307e-009,-2.21763,2.8,1.1,2500,4000,0,0,0.5,1.7
Kalibr,1,1,3125.66,9126.09,3009.09,9030.18,0.316136,0.948714,-500.454,-643.943,-0.613642,-0.789584,857.5,0.453429,-2.23146,1.2,0.45,2500,4000,0,1,0.75,1.8
Kalibr,2,1,5484.57,8531,5485.1,8660.34,0.535067,0.844809,-86.8528,-810.908,-0.106496,-0.994313,857.5,0.453429,-1.6775,1.2,0.45,2500,4000,0,1,0.75,1.8
Geran2,3,0,4845.78,8602.55,4731.97,8546.89,0.484367,0.874865,308.187,-266.736,0.756125,-0.654427,416.667,9.57307e-009,-0.713424,2.8,1.1,9000,5000,1,1,0.5,1.8
Kinzhal,4,2,4278.28,7222.64,4455.22,7203.56,0.526002,0.850483,610.647,-1009.3,0.517652,-0.855591,1250,0.857143,-1.02669,2.4,0.12,7500,2000,2,4,1,1.8
Kalibr,5,1,4844.36,6907.26,4801.64,6941.74,0.568875,0.822424,676.168,-460.715,0.826403,-0.563079,857.5,0.453429,-0.598107,1.2,0.45,9000,5000,1,2,0.75,1.8
Kinzhal,6,2,3195.55,7149.75,3160.31,7157.87,0.403899,0.914803,-64.1661,-1177.54,-0.0544108,-0.998519,1250,0.857143,-1.62523,2.4,0.12,2500,4000,0,2,1,1.8
Kalibr,7,1,3649.46,7286.95,3669.8,7227.93,0.452715,0.891655,507.487,-638.414,0.622267,-0.782805,857.5,0.453429,-0.899161,1.2,0.45,9000,5000,1,2,0.75,1.8
Kalibr,8,1,5768.38,7345.13,5779.65,7406.91,0.615182,0.788386,-546.254,-615.024,-0.664069,-0.747671,857.5,0.453429,-2.29704,1.2,0.45,2500,4000,0,1,0.75,1.8
Kinzhal,9,2,7820,6387.03,7761.15,6385.11,0.772244,0.635326,765.51,-898.062,0.648709,-0.761037,1250,0.857143,-0.86491,2.4,0.12,9000,5000,1,3,1,1.8
Geran2,10,0,5464.36,7423.49,5466.22,7218.31,0.603703,0.797209,-266.487,-308.386,-0.653836,-0.756636,416.667,9.57307e-009,-2.28344,2.8,1.1,2500,4000,0,0,0.5,1.8
Geran2,11,0,4974.98,8091.2,4768.49,8061.85,0.509099,0.860708,322.022,-245.797,0.794899,-0.606741,416.667,9.57307e-009,-0.651955,2.8,1.1,9000,5000,1,1,0.5,1.8
Kinzhal,12,2,7467.08,8502.08,7472.38,8587.83,0.656414,0.754401,780.733,-883.844,0.662036,-0.749472,1250,0.857143,-0.847264,2.4,0.12,9000,5000,1,3,1,1.8
Kinzhal,13,2,6686.77,7367.22,6729.17,7482.82,0.66867,0.74356,591.398,-1020.28,0.501487,-0.865165,1250,0.857143,-1.04548,2.4,0.12,9000,5000,1,3,1,1.8
Kalibr,14,1,4634.83,8749.93,4784.23,8908.02,0.473149,0.880982,673.359,-468.313,0.820969,-0.570973,857.5,0.453429,-0.607691,1.2,0.45,9000,5000,1,2,0.75,1.8
Kalibr,15,1,5423.31,7152.28,5404.21,7222.9,0.59908,0.800689,-553.675,-609.887,-0.672162,-0.740404,857.5,0.453429,-2.30792,1.2,0.45,2500,4000,0,1,0.75,1.8
Geran2,16,0,5157.98,7958.6,5153.22,7708.51,0.555761,0.831342,147.397,-377.769,0.363489,-0.931599,416.667,9.57307e-009,-1.19879,2.8,1.1,7500,2000,2,2,0.5,1.8
Kalibr,17,1,4782.76,7838.33,4741.62,7812.82,0.518828,0.854878,-372.991,-732.258,-0.453881,-0.891062,857.5,0.453429,-2.04191,1.2,0.45,2500,4000,0,1,0.75,1.8
Kinzhal,18,2,6679.19,7493.53,6641.72,7613.25,0.65739,0.753551,926.362,-729.78,0.785525,-0.61883,1250,0.857143,-0.667252,2.4,0.12,9000,5000,1,3,1,1.8
Kinzhal,19,2,4360.01,8017.45,4356.1,8000.2,0.478205,0.878248,-497.66,-1069.86,-0.421766,-0.906705,1250,0.857143,-2.00619,2.4,0.12,2500,4000,0,2,1,1.8
Geran2,20,0,5404.1,7883.79,5336.21,8080.19,0.551079,0.834453,317.404,-253.568,0.781295,-0.624162,416.667,9.57307e-009,-0.674058,2.8,1.1,9000,5000,1,1,0.5,1.8
Kalibr,21,1,5084.75,7503.16,5094.52,7538.49,0.559929,0.828541,592.29,-563.62,0.724422,-0.689357,857.5,0.453429,-0.760601,1.2,0.45,9000,5000,1,2,0.75,1.8
Kinzhal,22,2,5786.97,6300.44,5885.6,6322.32,0.681375,0.731934,437.176,-1096.13,0.37046,-0.928849,1250,0.857143,-1.19129,2.4,0.12,7500,2000,2,4,1,1.8
Kinzhal,23,2,4658.84,6250.44,4710.85,6394.14,0.593148,0.805093,-562,-1036.76,-0.476558,-0.879143,1250,0.857143,-2.06753,2.4,0.12,2500,4000,0,2,1,1.8
Geran2,24,0,6191.32,8876.79,6242.51,8692.81,0.5833,0.812257,76.2406,-401.218,0.186682,-0.98242,416.667,9.57307e-009,-1.38301,2.8,1.1,7500,2000,2,2,0.5,1.8
Geran2,25,0,3596.04,9116.57,3484.42,9138.49,0.356271,0.934383,195.961,-357.82,0.480337,-0.877084,416.667,9.57307e-009,-1.06976,2.8,1.1,7500,2000,2,2,0.5,1.8
Kalibr,26,1,3904.53,7457.18,3948.79,7568.85,0.46255,0.886593,-370.491,-732.827,-0.451181,-0.892433,857.5,0.453429,-2.03888,1.2,0.45,2500,4000,0,1,0.75,1.8
Kalibr,27,1,4259.83,7338.98,4220.91,7263.52,0.502437,0.864614,417.796,-709.849,0.507235,-0.861808,857.5,0.453429,-1.03882,1.2,0.45,7500,2000,2,3,0.75,1.8
Kinzhal,28,2,5400.03,8290.23,5473.73,8234.65,0.553577,0.832798,870.8,-796.457,0.737903,-0.674907,1250,0.857143,-0.740838,2.4,0.12,9000,5000,1,3,1,1.8
Kinzhal,29,2,6297.49,8962.91,6314.64,9030.27,0.573064,0.819511,977.824,-659.23,0.829163,-0.559006,1250,0.857143,-0.593187,2.4,0.12,9000,5000,1,3,1,1.8
Kinzhal,30,2,4901.2,6697.02,4746.18,6541.97,0.587231,0.80942,846.581,-820.991,0.717873,-0.696174,1250,0.857143,-0.770054,2.4,0.12,9000,5000,1,3,1,1.8
Kalibr,31,1,3458.59,7960.64,3164.3,8013.46,0.367276,0.930112,-472.124,-664.992,-0.578906,-0.815395,857.5,0.453429,-2.18818,1.2,0.45,2500,4000,0,1,0.75,1.8
Kinzhal,32,2,4718.21,7943.72,4806.83,7899.07,0.519845,0.854261,499.841,-1069.01,0.42356,-0.905868,1250,0.857143,-1.13342,2.4,0.12,7500,2000,2,4,1,1.8
Kinzhal,33,2,7288.58,6988.27,7295.55,7090.76,0.7171,0.69697,787.504,-878.028,0.667689,-0.74444,1250,0.857143,-0.839696,2.4,0.12,9000,5000,1,3,1,1.8
Kinzhal,34,2,6702.85,7251.84,6855.89,7222.41,0.688464,0.72527,521.674,-1057.63,0.442363,-0.896836,1250,0.857143,-1.11256,2.4,0.12,7500,2000,2,4,1,1.8
Geran2,35,0,5741.48,7610.9,5756.37,7669.94,0.600261,0.799804,-270.859,-302.841,-0.666652,-0.745369,416.667,9.57307e-009,-2.3005,2.8,1.1,2500,4000,0,0,0.5,1.8
Kalibr,36,1,6694.8,7010.14,6653.95,6893.61,0.694489,0.719503,116.76,-815.302,0.141765,-0.9899,857.5,0.453429,-1.42855,1.2,0.45,7500,2000,2,3,0.75,1.8
Geran2,37,0,4161.83,7441.31,4041.04,7304.14,0.484102,0.875011,-174.466,-364.904,-0.431348,-0.902186,416.667,9.57307e-009,-2.01678,2.8,1.1,2500,4000,0,0,0.5,1.8
Kinzhal,38,2,4252.68,6313.97,4208,6264.84,0.557581,0.830123,478.995,-1077.63,0.406172,-0.913797,1250,0.857143,-1.15254,2.4,0.12,7500,2000,2,4,1,1.8
Geran2,39,0,4023.17,8066.13,4139.6,7978.91,0.460526,0.887646,-143.232,-380.21,-0.352533,-0.935799,416.667,9.57307e-009,-1.93107,2.8,1.1,2500,4000,0,0,0.5,1.8
Geran2,40,0,5889.15,8354.62,6011.82,8445.24,0.579929,0.814667,-249.987,-321.864,-0.613404,-0.789769,416.667,9.57307e-009,-2.23116,2.8,1.1,2500,4000,0,0,0.5,1.8
Geran2,41,0,5654.03,8224.28,5548.11,8132.6,0.563556,0.826078,-244.339,-326.778,-0.598832,-0.800875,416.667,9.57307e-009,-2.21284,2.8,1.1,2500,4000,0,0,0.5,1.8
Kinzhal,42,2,6630.23,6775.78,6782.37,6797.17,0.706336,0.707877,198.736,-1162.74,0.168478,-0.985705,1250,0.857143,-1.40151,2.4,0.12,7500,2000,2,4,1,1.8
Geran2,43,0,3132.58,8202.37,2974.7,8301.13,0.337343,0.941382,-61.071,-403.037,-0.149817,-0.988714,416.667,9.57307e-009,-1.72118,2.8,1.1,2500,4000,0,0,0.5,1.8
Kinzhal,44,2,3900.63,6944.87,3967.25,7067.79,0.489475,0.872017,570.312,-1032.22,0.483606,-0.875286,1250,0.857143,-1.06603,2.4,0.12,7500,2000,2,4,1,1.8
Geran2,45,0,3153.73,8351.33,3071.22,8360.81,0.344808,0.938673,-60.9212,-403.354,-0.149343,-0.988786,416.667,9.57307e-009,-1.7207,2.8,1.1,2500,4000,0,0,0.5,1.8
Geran2,46,0,4123.93,7952.56,4101.92,7946.34,0.458694,0.888594,-155.105,-375.639,-0.381655,-0.924305,416.667,9.57307e-009,-1.96238,2.8,1.1,2500,4000,0,0,0.5,1.8
Kinzhal,47,2,6926.88,7135.4,6957.51,7249.36,0.692435,0.721481,132.419,-1172.53,0.112221,-0.993683,1250,0.857143,-1.45834,2.4,0.12,7500,2000,2,4,1,1.8
Kinzhal,48,2,3432.73,7541.71,3368.55,7523.18,0.408661,0.912686,305.529,-1139.02,0.259079,-0.965856,1250,0.857143,-1.30873,2.4,0.12,7500,2000,2,4,1,1.8
Kinzhal,49,2,5763.07,7988.21,5680.21,8285.6,0.565438,0.824791,664.802,-974.044,0.563731,-0.825958,1250,0.857143,-0.9719,2.4,0.12,7500,2000,2,4,1,1.8
Geran2,50,0,5134.38,7529.72,5293.08,7470.54,0.578123,0.81595,-243.128,-322.992,-0.601398,-0.798949,416.667,9.57307e-009,-2.21605,2.8,1.1,2500,4000,0,0,0.5,1.8
Kalibr,1,1,3078.78,9059.46,3156.59,9146.61,0.32623,0.945291,-468.791,-666.273,-0.575438,-0.817845,857.5,0.453429,-2.18394,1.2,0.45,2500,4000,0,1,0.75,1.9
Kalibr,2,1,5472.06,8450.5,5230.36,8247.12,0.535577,0.844486,-125.144,-804.999,-0.153614,-0.988131,857.5,0.453429,-1.72502,1.2,0.45,2500,4000,0,1,0.75,1.9
Geran2,3,0,4876.58,8575.88,4889.41,8526.66,0.497445,0.867496,308.035,-266.752,0.755947,-0.654633,416.667,9.57307e-009,-0.713697,2.8,1.1,9000,5000,1,1,0.5,1.9
Kinzhal,4,2,4339.48,7121.95,4125.54,7258.91,0.494114,0.869397,612.057,-1006.88,0.519434,-0.854511,1250,0.857143,-1.02461,2.4,0.12,7500,2000,2,4,1,1.9
Kalibr,5,1,4912.86,6862.59,4908.32,7050.44,0.571352,0.820705,685.038,-446.746,0.837621,-0.546252,857.5,0.453429,-0.577884,1.2,0.45,9000,5000,1,2,0.75,1.9
Kinzhal,6,2,3187.64,7032.22,3183.69,6907.15,0.4186,0.908171,-79.1335,-1175.24,-0.067182,-0.997741,1250,0.857143,-1.63803,2.4,0.12,2500,4000,0,2,1,1.9
Kalibr,7,1,3703.12,7225.66,3686.34,7170.16,0.457233,0.889347,536.665,-612.923,0.658753,-0.752359,857.5,0.453429,-0.851636,1.2,0.45,9000,5000,1,2,0.75,1.9
Kalibr,8,1,5713.44,7283.99,5664.08,7411.1,0.607231,0.794525,-549.365,-611.435,-0.668341,-0.743855,857.5,0.453429,-2.30277,1.2,0.45,2500,4000,0,1,0.75,1.9
Kinzhal,9,2,7896.44,6297.31,8054.63,6259.76,0.789587,0.613638,764.415,-897.2,0.648532,-0.761187,1250,0.857143,-0.865142,2.4,0.12,9000,5000,1,3,1,1.9
Geran2,10,0,5437.71,7392.67,5587.86,7476.82,0.598645,0.801015,-266.507,-308.233,-0.654049,-0.756452,416.667,9.57307e-009,-2.28372,2.8,1.1,2500,4000,0,0,0.5,1.9
Geran2,11,0,5007.17,8066.59,5055.59,8170.31,0.526187,0.850369,321.9,-246.128,0.794394,-0.607402,416.667,9.57307e-009,-0.652786,2.8,1.1,9000,5000,1,1,0.5,1.9
Kinzhal,12,2,7543.92,8412.81,7406.06,8318.13,0.664974,0.746866,768.452,-892.706,0.652393,-0.757881,1250,0.857143,-0.860059,2.4,0.12,9000,5000,1,3,1,1.9
Kinzhal,13,2,6747.14,7266.07,6805.83,7126.8,0.690634,0.723205,603.69,-1011.44,0.512515,-0.858678,1250,0.857143,-1.03269,2.4,0.12,9000,5000,1,3,1,1.9
Kalibr,14,1,4701.55,8702.3,4545.38,8598.36,0.46735,0.884072,667.191,-476.3,0.813886,-0.581024,857.5,0.453429,-0.619986,1.2,0.45,9000,5000,1,2,0.75,1.9
Kalibr,15,1,5367.91,7091.41,5454.19,7220.01,0.602768,0.797917,-553.989,-608.668,-0.673108,-0.739544,857.5,0.453429,-2.3092,1.2,0.45,2500,4000,0,1,0.75,1.9
Geran2,16,0,5172.75,7920.83,5282.37,7780.41,0.561705,0.827337,147.686,-377.731,0.364139,-0.931345,416.667,9.57307e-009,-1.19809,2.8,1.1,7500,2000,2,2,0.5,1.9
Kalibr,17,1,4744.91,7765.45,4846.73,7719.54,0.531735,0.846911,-378.501,-728.812,-0.460891,-0.887457,857.5,0.453429,-2.0498,1.2,0.45,2500,4000,0,1,0.75,1.9
Kinzhal,18,2,6770.77,7419.46,6776.47,7503.95,0.670216,0.742166,915.866,-740.697,0.777543,-0.62883,1250,0.857143,-0.680047,2.4,0.12,9000,5000,1,3,1,1.9
Kinzhal,19,2,4310.35,7910.57,4300.94,7949.15,0.475868,0.879516,-496.625,-1068.85,-0.421373,-0.906887,1250,0.857143,-2.00576,2.4,0.12,2500,4000,0,2,1,1.9
Geran2,20,0,5435.83,7858.42,5500.25,7732.35,0.579642,0.814871,317.276,-253.74,0.780966,-0.624574,416.667,9.57307e-009,-0.674586,2.8,1.1,9000,5000,1,1,0.5,1.9
Kalibr,21,1,5145.24,7448.2,5067.71,7445.31,0.562682,0.826674,604.883,-549.539,0.740156,-0.672435,857.5,0.453429,-0.737494,1.2,0.45,9000,5000,1,2,0.75,1.9
Kinzhal,22,2,5830.63,6190.95,5858.5,6175.6,0.688236,0.725487,436.554,-1094.9,0.370363,-0.928887,1250,0.857143,-1.1914,2.4,0.12,7500,2000,2,4,1,1.9
Kinzhal,23,2,4601.38,6147.61,4541.68,6082.64,0.598287,0.801282,-574.54,-1028.27,-0.487767,-0.872974,1250,0.857143,-2.08033,2.4,0.12,2500,4000,0,2,1,1.9
Geran2,24,0,6198.94,8836.68,6199.44,8784.41,0.576601,0.817026,76.239,-401.043,0.186757,-0.982406,416.667,9.57307e-009,-1.38294,2.8,1.1,7500,2000,2,2,0.5,1.9
Geran2,25,0,3615.63,9080.8,3836.23,9024.55,0.39121,0.920302,195.967,-357.662,0.480511,-0.876989,416.667,9.57307e-009,-1.06956,2.8,1.1,7500,2000,2,2,0.5,1.9
Kalibr,26,1,3868.23,7383.58,3899.96,7471.14,0.46275,0.886489,-362.992,-736.009,-0.44232,-0.896857,857.5,0.453429,-2.02898,1.2,0.45,2500,4000,0,1,0.75,1.9
Kalibr,27,1,4301.69,7268.12,4234.25,7151.32,0.509485,0.86048,418.6,-708.577,0.508636,-0.860982,857.5,0.453429,-1.0372,1.2,0.45,7500,2000,2,3,0.75,1.9
Kinzhal,28,2,5487.02,8210.69,5440.67,8059.42,0.559512,0.828822,869.858,-795.456,0.737962,-0.674842,1250,0.857143,-0.740751,2.4,0.12,9000,5000,1,3,1,1.9
Kinzhal,29,2,6394.3,8895.82,6336.83,8919.25,0.579175,0.815204,968.165,-670.895,0.821943,-0.569569,1250,0.857143,-0.605982,2.4,0.12,9000,5000,1,3,1,1.9
Kinzhal,30,2,4986.8,6616.11,4942.52,6605.03,0.599127,0.800654,856.004,-809.136,0.726722,-0.686932,1250,0.857143,-0.757259,2.4,0.12,9000,5000,1,3,1,1.9
Kalibr,31,1,3414.52,7892.12,3391.27,7690.59,0.403477,0.91499,-440.748,-685.223,-0.540973,-0.84104,857.5,0.453429,-2.14239,1.2,0.45,2500,4000,0,1,0.75,1.9
Kinzhal,32,2,4768.15,7836.95,4867.13,7939.98,0.522616,0.852568,499.355,-1067.72,0.42364,-0.90583,1250,0.857143,-1.13334,2.4,0.12,7500,2000,2,4,1,1.9
Kinzhal,33,2,7366.8,6900.18,7383.71,6763.81,0.737383,0.675475,782.292,-880.904,0.664016,-0.747718,1250,0.857143,-0.844619,2.4,0.12,9000,5000,1,3,1,1.9
Kinzhal,34,2,6753.6,7145.55,6726.11,7106.93,0.68738,0.726298,507.5,-1062.96,0.430852,-0.902422,1250,0.857143,-1.12536,2.4,0.12,7500,2000,2,4,1,1.9
Geran2,35,0,5714.37,7580.63,5676.38,7534.77,0.601715,0.798711,-271.017,-302.705,-0.667035,-0.745026,416.667,9.57307e-009,-2.30102,2.8,1.1,2500,4000,0,0,0.5,1.9
Kalibr,36,1,6706.64,6928.71,6689.36,6907.42,0.695677,0.718355,118.342,-814.384,0.143805,-0.989606,857.5,0.453429,-1.42649,1.2,0.45,7500,2000,2,3,0.75,1.9
Geran2,37,0,4144.34,7404.82,4296.04,7323.39,0.505984,0.862543,-174.932,-364.855,-0.432333,-0.901714,416.667,9.57307e-009,-2.01787,2.8,1.1,2500,4000,0,0,0.5,1.9
Kinzhal,38,2,4301.89,6206.96,4256.12,6430.4,0.551931,0.83389,492.162,-1070.15,0.41783,-0.908525,1250,0.857143,-1.13974,2.4,0.12,7500,2000,2,4,1,1.9
Geran2,39,0,4008.87,8028.1,3953.03,8231.89,0.432885,0.901449,-143.036,-380.289,-0.352046,-0.935983,416.667,9.57307e-009,-1.93055,2.8,1.1,2500,4000,0,0,0.5,1.9
Geran2,40,0,5864.15,8322.45,5687.2,8174.31,0.571114,0.820871,-250.016,-321.714,-0.613625,-0.789598,416.667,9.57307e-009,-2.23144,2.8,1.1,2500,4000,0,0,0.5,1.9
Geran2,41,0,5629.61,8191.61,5562.51,8149.36,0.563761,0.825938,-244.191,-326.712,-0.598676,-0.800991,416.667,9.57307e-009,-2.21264,2.8,1.1,2500,4000,0,0,0.5,1.9
Kinzhal,42,2,6650.39,6659.69,6424.15,6873.45,0.682825,0.730582,201.557,-1160.9,0.171062,-0.98526,1250,0.857143,-1.39889,2.4,0.12,7500,2000,2,4,1,1.9
Geran2,43,0,3126.49,8162.08,3130.25,8171.04,0.357739,0.933822,-60.9446,-402.946,-0.149547,-0.988755,416.667,9.57307e-009,-1.72091,2.8,1.1,2500,4000,0,0,0.5,1.9
Kinzhal,44,2,3958.91,6842.51,3960.51,6945.82,0.495334,0.868702,582.783,-1023.62,0.494765,-0.869027,1250,0.857143,-1.05323,2.4,0.12,7500,2000,2,4,1,1.9
Geran2,45,0,3147.65,8311,3209.52,8114.01,0.367823,0.929896,-60.8128,-403.236,-0.149126,-0.988818,416.667,9.57307e-009,-1.72048,2.8,1.1,2500,4000,0,0,0.5,1.9
Geran2,46,0,4108.44,7914.99,4166.03,7960.59,0.463675,0.886006,-154.918,-375.711,-0.381199,-0.924493,416.667,9.57307e-009,-1.96189,2.8,1.1,2500,4000,0,0,0.5,1.9
Kinzhal,47,2,6940.07,7018.28,6993.06,7137.35,0.69985,0.71429,131.894,-1171.22,0.111905,-0.993719,1250,0.857143,-1.45866,2.4,0.12,7500,2000,2,4,1,1.9
Kinzhal,48,2,3464.7,7428.34,3264.43,7427.36,0.402366,0.915479,319.699,-1133.68,0.271415,-0.962462,1250,0.857143,-1.29593,2.4,0.12,7500,2000,2,4,1,1.9
Kinzhal,49,2,5828.23,7890.08,5853.65,7970.78,0.591917,0.805999,651.515,-981.311,0.553117,-0.833104,1250,0.857143,-0.984695,2.4,0.12,7500,2000,2,4,1,1.9
Geran2,50,0,5110.09,7497.38,5001.91,7492.66,0.555223,0.831702,-242.861,-323.411,-0.60048,-0.79964,416.667,9.57307e-009,-2.2149,2.8,1.1,2500,4000,0,0,0.5,1.9
Kalibr,1,1,3035.17,8990.75,2913.71,8840.48,0.313024,0.949745,-436.144,-687.137,-0.535891,-0.844287,857.5,0.453429,-2.13636,1.2,0.45,2500,4000,0,1,0.75,2
Kalibr,2,1,5455.75,8370.77,5305.15,8312.96,0.537964,0.842968,-163.127,-797.351,-0.200434,-0.979707,857.5,0.453429,-1.7726,1.2,0.45,2500,4000,0,1,0.75,2
Geran2,3,0,4907.37,8549.2,5125.64,8533.37,0.51491,0.857244,307.91,-266.75,0.755817,-0.654783,416.667,9.57307e-009,-0.713895,2.8,1.1,9000,5000,1,1,0.5,2
Kinzhal,4,2,4400.79,7021.46,4319.6,6962.17,0.527209,0.849736,613.049,-1004.86,0.52081,-0.853672,1250,0.857143,-1.023,2.4,0.12,7500,2000,2,4,1,2
Kalibr,5,1,4982.14,6819.18,4993.5,6842.24,0.589509,0.807762,692.757,-434.107,0.847375,-0.530995,857.5,0.453429,-0.559775,1.2,0.45,9000,5000,1,2,0.75,2
Kinzhal,6,2,3178.23,6914.94,3065,6934.08,0.404285,0.914633,-94.0803,-1172.87,-0.0799572,-0.996798,1250,0.857143,-1.65084,2.4,0.12,2500,4000,0,2,1,2
Kalibr,7,1,3759.59,7167.05,3600.05,7065.84,0.453973,0.891015,564.652,-586.129,0.693789,-0.720178,857.5,0.453429,-0.804059,1.2,0.45,9000,5000,1,2,0.75,2
Kalibr,8,1,5658.23,7223.17,5533.47,7164.55,0.611256,0.791433,-552.125,-608.204,-0.672148,-0.740417,857.5,0.453429,-2.3079,1.2,0.45,2500,4000,0,1,0.75,2
Kinzhal,9,2,7972.78,6207.67,7768.13,6169.61,0.783072,0.621931,763.441,-896.399,0.648389,-0.76131,1250,0.857143,-0.865331,2.4,0.12,9000,5000,1,3,1,2
Geran2,10,0,5411.06,7361.86,5287.28,7442.59,0.579143,0.815226,-266.508,-308.107,-0.654203,-0.756319,416.667,9.57307e-009,-2.28393,2.8,1.1,2500,4000,0,0,0.5,2
Geran2,11,0,5039.35,8041.95,5089.67,8081.8,0.532898,0.846179,321.827,-246.38,0.794028,-0.607881,416.667,9.57307e-009,-0.65339,2.8,1.1,9000,5000,1,1,0.5,2
Kinzhal,12,2,7619.54,8322.66,7611.85,8395.33,0.671693,0.74083,756.142,-901.508,0.642631,-0.766176,1250,0.857143,-0.872869,2.4,0.12,9000,5000,1,3,1,2
Kinzhal,13,2,6808.74,7165.82,6987.73,7105.5,0.701173,0.712991,615.935,-1002.54,0.523472,-0.852043,1250,0.857143,-1.01988,2.4,0.12,9000,5000,1,3,1,2
Kalibr,14,1,4767.71,8653.96,4700.09,8720.07,0.474465,0.880274,661.612,-483.36,0.807464,-0.589917,857.5,0.453429,-0.630956,1.2,0.45,9000,5000,1,2,0.75,2
Kalibr,15,1,5312.49,7030.66,5175.46,7026.23,0.593068,0.805152,-554.261,-607.567,-0.673955,-0.738773,857.5,0.453429,-2.31035,1.2,0.45,2500,4000,0,1,0.75,2
Geran2,16,0,5187.54,7883.06,5181.95,7769.92,0.554849,0.831951,147.901,-377.717,0.36461,-0.93116,416.667,9.57307e-009,-1.19758,2.8,1.1,7500,2000,2,2,0.5,2
Kalibr,17,1,4706.57,7692.88,4450.61,7577.06,0.506472,0.862256,-383.409,-725.687,-0.467147,-0.88418,857.5,0.453429,-2.05686,1.2,0.45,2500,4000,0,1,0.75,2
Kinzhal,18,2,6861.31,7344.31,6851.51,7199.95,0.68936,0.724419,905.331,-751.561,0.769424,-0.638738,1250,0.857143,-0.692857,2.4,0.12,9000,5000,1,3,1,2
Kinzhal,19,2,4260.77,7803.78,4317.13,7773.5,0.485516,0.874228,-495.745,-1067.9,-0.421067,-0.90703,1250,0.857143,-2.00542,2.4,0.12,2500,4000,0,2,1,2
Geran2,20,0,5467.55,7833.03,5502.13,7734.64,0.57966,0.814858,317.184,-253.866,0.780726,-0.624873,416.667,9.57307e-009,-0.674969,2.8,1.1,9000,5000,1,1,0.5,2
Kalibr,21,1,5206.83,7394.53,5172.6,7450.12,0.570315,0.821426,615.901,-536.719,0.753906,-0.656982,857.5,0.453429,-0.716809,1.2,0.45,9000,5000,1,2,0.75,2
Kinzhal,22,2,5874.23,6081.57,5788.93,6049.76,0.69136,0.72251,436.005,-1093.78,0.370288,-0.928917,1250,0.857143,-1.19148,2.4,0.12,7500,2000,2,4,1,2
Kinzhal,23,2,4542.68,6045.64,4751.64,5950.93,0.623966,0.781452,-587.034,-1019.73,-0.49891,-0.866654,1250,0.857143,-2.09314,2.4,0.12,2500,4000,0,2,1,2
Geran2,24,0,6206.57,8796.59,6081.23,8700.41,0.57289,0.819633,76.2316,-400.884,0.186811,-0.982396,416.667,9.57307e-009,-1.38288,2.8,1.1,7500,2000,2,2,0.5,2
Geran2,25,0,3635.23,9045.05,3492.96,9147.05,0.356742,0.934203,195.958,-357.524,0.480637,-0.87692,416.667,9.57307e-009,-1.06942,2.8,1.1,7500,2000,2,2,0.5,2
Kalibr,26,1,3832.61,7309.7,3865.86,7365.98,0.464714,0.885461,-356.226,-738.805,-0.434315,-0.900761,857.5,0.453429,-2.02007,1.2,0.45,2500,4000,0,1,0.75,2
Kalibr,27,1,4343.62,7197.38,4327.22,7273.42,0.511293,0.859407,419.307,-707.43,0.509883,-0.860244,857.5,0.453429,-1.03575,1.2,0.45,7500,2000,2,3,0.75,2
Kinzhal,28,2,5573.92,8131.23,5638.17,8103.66,0.571122,0.820865,868.993,-794.556,0.738008,-0.674792,1250,0.857143,-0.740682,2.4,0.12,9000,5000,1,3,1,2
Kinzhal,29,2,6490.15,8827.57,6310.83,8762.92,0.584398,0.811467,958.462,-682.508,0.81458,-0.580051,1250,0.857143,-0.618792,2.4,0.12,9000,5000,1,3,1,2
Kinzhal,30,2,5073.33,6536.39,5039.25,6434.51,0.616577,0.787295,865.369,-797.248,0.735461,-0.677567,1250,0.857143,-0.744449,2.4,0.12,9000,5000,1,3,1,2
Kalibr,31,1,3373.32,7821.89,3206.86,8017.28,0.371386,0.928478,-411.947,-702.247,-0.50598,-0.862545,857.5,0.453429,-2.10131,1.2,0.45,2500,4000,0,1,0.75,2
Kinzhal,32,2,4818.04,7730.29,4827.23,7756.33,0.528386,0.849004,498.901,-1066.56,0.423702,-0.905801,1250,0.857143,-1.13327,2.4,0.12,7500,2000,2,4,1,2
Kinzhal,33,2,7444.61,6811.87,7647.01,6844.86,0.745106,0.666946,778.049,-883.056,0.661087,-0.750309,1250,0.857143,-0.848529,2.4,0.12,9000,5000,1,3,1,2
Kinzhal,34,2,6802.94,7038.72,6667.92,6922.17,0.693757,0.720209,493.313,-1068.23,0.419257,-0.907867,1250,0.857143,-1.13817,2.4,0.12,7500,2000,2,4,1,2
Geran2,35,0,5687.26,7550.37,5509.45,7635.76,0.585123,0.810945,-271.133,-302.607,-0.667313,-0.744778,416.667,9.57307e-009,-2.30139,2.8,1.1,2500,4000,0,0,0.5,2
Kalibr,36,1,6718.61,6847.35,6684.66,6982.28,0.691545,0.722334,119.752,-813.548,0.145628,-0.989339,857.5,0.453429,-1.42465,1.2,0.45,7500,2000,2,3,0.75,2
Geran2,37,0,4126.81,7368.34,4178.6,7431.83,0.490101,0.871666,-175.285,-364.847,-0.433049,-0.90137,416.667,9.57307e-009,-2.01867,2.8,1.1,2500,4000,0,0,0.5,2
Kinzhal,38,2,4352.42,6100.69,4288.56,6231.07,0.56695,0.823752,505.287,-1062.62,0.429434,-0.903098,1250,0.857143,-1.12693,2.4,0.12,7500,2000,2,4,1,2
Geran2,39,0,3994.58,7990.06,3904.65,7916.74,0.442339,0.896848,-142.893,-380.347,-0.351692,-0.936116,416.667,9.57307e-009,-1.93017,2.8,1.1,2500,4000,0,0,0.5,2
Geran2,40,0,5839.14,8290.29,5831.82,8367.19,0.571802,0.820392,-250.025,-321.591,-0.613785,-0.789473,416.667,9.57307e-009,-2.23164,2.8,1.1,2500,4000,0,0,0.5,2
Geran2,41,0,5605.2,8158.94,5738.93,8162.45,0.575157,0.818043,-244.068,-326.643,-0.598563,-0.801075,416.667,9.57307e-009,-2.2125,2.8,1.1,2500,4000,0,0,0.5,2
Kinzhal,42,2,6670.76,6543.76,6803.29,6482.61,0.723963,0.689839,203.715,-1159.3,0.17307,-0.98491,1250,0.857143,-1.39685,2.4,0.12,7500,2000,2,4,1,2
Geran2,43,0,3120.4,8121.79,2959.28,7933.28,0.349498,0.936937,-60.8497,-402.86,-0.14935,-0.988784,416.667,9.57307e-009,-1.72071,2.8,1.1,2500,4000,0,0,0.5,2
Kinzhal,44,2,4018.43,6741.01,3891.1,6748.07,0.499528,0.866298,595.208,-1014.99,0.505857,-0.862618,1250,0.857143,-1.04042,2.4,0.12,7500,2000,2,4,1,2
Geran2,45,0,3141.57,8270.69,3220.07,8286.49,0.362206,0.932098,-60.7303,-403.125,-0.148968,-0.988842,416.667,9.57307e-009,-1.72032,2.8,1.1,2500,4000,0,0,0.5,2
Geran2,46,0,4092.96,7877.42,4070.04,7815.68,0.461878,0.886943,-154.782,-375.763,-0.380868,-0.924629,416.667,9.57307e-009,-1.96153,2.8,1.1,2500,4000,0,0,0.5,2
Kinzhal,47,2,6953.22,6901.28,6923.26,6868.57,0.709905,0.704298,131.467,-1170.02,0.11166,-0.993746,1250,0.857143,-1.4589,2.4,0.12,7500,2000,2,4,1,2
Kinzhal,48,2,3498.08,7315.52,3487.22,7377.66,0.42734,0.904091,333.837,-1128.28,0.283722,-0.958907,1250,0.857143,-1.28312,2.4,0.12,7500,2000,2,4,1,2
Kinzhal,49,2,5892.05,7791.23,5966.88,7761.01,0.60951,0.792778,638.206,-988.514,0.5424,-0.84012,1250,0.857143,-0.997505,2.4,0.12,7500,2000,2,4,1,2
Geran2,50,0,5085.82,7465.01,5052.55,7474.87,0.560006,0.828488,-242.687,-323.741,-0.599813,-0.800141,416.667,9.57307e-009,-2.21406,2.8,1.1,2500,4000,0,0,0.5,2
Kalibr,1,1,2994.91,8920.1,2988.08,8916.48,0.317751,0.948174,-402.575,-706.485,-0.495091,-0.868841,857.5,0.453429,-2.08874,1.2,0.45,2500,4000,0,1,0.75,2.1
Kalibr,2,1,5435.7,8291.96,5389.8,8248.59,0.547,0.837133,-200.504,-788.037,-0.246578,-0.969123,857.5,0.453429,-1.81994,1.2,0.45,2500,4000,0,1,0.75,2.1
Geran2,3,0,4938.15,8522.53,5053.87,8446.03,0.513469,0.858108,307.806,-266.737,0.755723,-0.654891,416.667,9.57307e-009,-0.714038,2.8,1.1,9000,5000,1,1,0.5,2.1
Kinzhal,4,2,4462.16,6921.14,4378.67,6933.18,0.533977,0.845499,613.729,-1003.16,0.521875,-0.853022,1250,0.857143,-1.02175,2.4,0.12,7500,2000,2,4,1,2.1
Kalibr,5,1,5052.09,6776.91,5056.11,6752.29,0.599384,0.800461,699.493,-422.683,0.855876,-0.517181,857.5,0.453429,-0.543554,1.2,0.45,9000,5000,1,2,0.75,2.1
Kinzhal,6,2,3167.33,6797.9,3257.82,7012.91,0.421305,0.906919,-109.006,-1170.42,-0.0927328,-0.995691,1250,0.857143,-1.66366,2.4,0.12,2500,4000,0,2,1,2.1
Kalibr,7,1,3818.73,7111.24,3835.98,7117.18,0.47445,0.880283,591.382,-558.081,0.727287,-0.686333,857.5,0.453429,-0.756436,1.2,0.45,9000,5000,1,2,0.75,2.1
Kalibr,8,1,5602.77,7162.64,5481.82,7198.15,0.60587,0.795564,-554.577,-605.296,-0.675541,-0.737322,857.5,0.453429,-2.31249,1.2,0.45,2500,4000,0,1,0.75,2.1
Kinzhal,9,2,8049.04,6118.1,8005.72,6186.33,0.791281,0.611453,762.572,-895.658,0.648272,-0.761409,1250,0.857143,-0.865484,2.4,0.12,9000,5000,1,3,1,2.1
Geran2,10,0,5384.41,7331.06,5226.61,7544.9,0.569447,0.822028,-266.497,-308.002,-0.654316,-0.756222,416.667,9.57307e-009,-2.28407,2.8,1.1,2500,4000,0,0,0.5,2.1
Geran2,11,0,5071.53,8017.29,4938.06,7943.9,0.527931,0.849287,321.788,-246.574,0.793762,-0.608229,416.667,9.57307e-009,-0.653827,2.8,1.1,9000,5000,1,1,0.5,2.1
Kinzhal,12,2,7693.92,8231.64,7668.43,8115.74,0.686792,0.726854,743.793,-910.241,0.632753,-0.774353,1250,0.857143,-0.885692,2.4,0.12,9000,5000,1,3,1,2.1
Kinzhal,13,2,6871.55,7066.46,6809.08,6829.07,0.706069,0.708143,628.127,-993.591,0.534355,-0.84526,1250,0.857143,-1.00705,2.4,0.12,9000,5000,1,3,1,2.1
Kalibr,14,1,4833.37,8605,5138.87,8706.2,0.508311,0.861173,656.572,-489.607,0.801651,-0.597793,857.5,0.453429,-0.640745,1.2,0.45,9000,5000,1,2,0.75,2.1
Kalibr,15,1,5257.04,6970,5184.39,7074.5,0.591098,0.806599,-554.498,-606.574,-0.674714,-0.73808,857.5,0.453429,-2.31137,1.2,0.45,2500,4000,0,1,0.75,2.1
Geran2,16,0,5202.35,7845.28,5276.15,7960.4,0.552467,0.833535,148.061,-377.718,0.364951,-0.931027,416.667,9.57307e-009,-1.19722,2.8,1.1,7500,2000,2,2,0.5,2.1
Kalibr,17,1,4667.79,7620.6,4683.22,7660.77,0.521583,0.853201,-387.785,-722.854,-0.472734,-0.881205,857.5,0.453429,-2.06319,1.2,0.45,2500,4000,0,1,0.75,2.1
Kinzhal,18,2,6950.78,7268.07,7015.97,7341.1,0.690917,0.722934,894.745,-762.364,0.76117,-0.648552,1250,0.857143,-0.705681,2.4,0.12,9000,5000,1,3,1,2.1
Kinzhal,19,2,4211.27,7697.08,4310.66,7639.59,0.491421,0.870922,-494.993,-1067.01,-0.420828,-0.907141,1250,0.857143,-2.00515,2.4,0.12,2500,4000,0,2,1,2.1
Geran2,20,0,5499.26,7807.64,5678.68,7855.83,0.585831,0.810433,317.119,-253.958,0.780553,-0.62509,416.667,9.57307e-009,-0.675247,2.8,1.1,9000,5000,1,1,0.5,2.1
Kalibr,21,1,5269.38,7342.02,5212.61,7421.47,0.574763,0.81832,625.558,-525.072,0.765944,-0.642907,857.5,0.453429,-0.698287,1.2,0.45,9000,5000,1,2,0.75,2.1
Kinzhal,22,2,5917.78,5972.3,5946.63,6102.03,0.697929,0.716167,435.517,-1092.75,0.370229,-0.92894,1250,0.857143,-1.19154,2.4,0.12,7500,2000,2,4,1,2.1
Kinzhal,23,2,4482.73,5944.52,4402.02,5949.22,0.594808,0.803867,-599.477,-1011.14,-0.509982,-0.860185,1250,0.857143,-2.10596,2.4,0.12,2500,4000,0,2,1,2.1
Geran2,24,0,6214.19,8756.52,6171.55,8822.68,0.573193,0.819421,76.2205,-400.739,0.18685,-0.982388,416.667,9.57307e-009,-1.38284,2.8,1.1,7500,2000,2,2,0.5,2.1
Geran2,25,0,3654.82,9009.31,3587.85,9004.99,0.370133,0.928979,195.94,-357.404,0.480728,-0.87687,416.667,9.57307e-009,-1.06931,2.8,1.1,7500,2000,2,2,0.5,2.1
Kalibr,26,1,3797.59,7235.57,3812.89,7147.98,0.47065,0.88232,-350.122,-741.269,-0.427084,-0.904212,857.5,0.453429,-2.01206,1.2,0.45,2500,4000,0,1,0.75,2.1
Kalibr,27,1,4385.62,7126.74,4407.99,7065.13,0.529332,0.848415,419.929,-706.397,0.510994,-0.859584,857.5,0.453429,-1.03446,1.2,0.45,7500,2000,2,3,0.75,2.1
Kinzhal,28,2,5660.74,8051.86,5519.73,7924.75,0.571543,0.820572,868.2,-793.747,0.738044,-0.674753,1250,0.857143,-0.740629,2.4,0.12,9000,5000,1,3,1,2.1
Kinzhal,29,2,6585.02,8758.16,6686.9,8706.7,0.609106,0.793089,948.705,-694.065,0.807075,-0.590449,1250,0.857143,-0.631615,2.4,0.12,9000,5000,1,3,1,2.1
Kinzhal,30,2,5160.8,6457.85,5172.5,6402.78,0.628412,0.777881,874.667,-785.318,0.74409,-0.66808,1250,0.857143,-0.731625,2.4,0.12,9000,5000,1,3,1,2.1
Kalibr,31,1,3334.76,7750.23,3291.18,7685.93,0.393637,0.919266,-385.601,-716.606,-0.473848,-0.880606,857.5,0.453429,-2.06445,1.2,0.45,2500,4000,0,1,0.75,2.1
Kinzhal,32,2,4867.89,7623.74,4751.38,7670.93,0.526571,0.850131,498.478,-1065.51,0.42375,-0.905779,1250,0.857143,-1.13321,2.4,0.12,7500,2000,2,4,1,2.1
Kinzhal,33,2,7522.07,6723.41,7652.35,6687.41,0.752986,0.658036,774.582,-884.657,0.658749,-0.752363,1250,0.857143,-0.851642,2.4,0.12,9000,5000,1,3,1,2.1
Kinzhal,34,2,6850.85,6931.38,6854.81,6796.7,0.71011,0.70409,479.106,-1073.42,0.407581,-0.913169,1250,0.857143,-1.15099,2.4,0.12,7500,2000,2,4,1,2.1
Geran2,35,0,5660.14,7520.11,5721.34,7616.87,0.600584,0.799562,-271.217,-302.536,-0.667514,-0.744597,416.667,9.57307e-009,-2.30166,2.8,1.1,2500,4000,0,0,0.5,2.1
Kalibr,36,1,6730.72,6766.07,6748.91,6826.75,0.703041,0.711149,121.009,-812.789,0.147258,-0.989098,857.5,0.453429,-1.423,1.2,0.45,7500,2000,2,3,0.75,2.1
Geran2,37,0,4109.26,7331.85,4186.48,7452.12,0.489787,0.871842,-175.553,-364.865,-0.43357,-0.90112,416.667,9.57307e-009,-2.01925,2.8,1.1,2500,4000,0,0,0.5,2.1
Kinzhal,38,2,4404.26,5995.19,4286.14,6057.35,0.577615,0.816309,518.365,-1055.02,0.440979,-0.897517,1250,0.857143,-1.11411,2.4,0.12,7500,2000,2,4,1,2.1
Geran2,39,0,3980.3,7952.02,4112.59,7914.9,0.461075,0.887361,-142.79,-380.389,-0.351434,-0.936212,416.667,9.57307e-009,-1.9299,2.8,1.1,2500,4000,0,0,0.5,2.1
Geran2,40,0,5814.14,8258.14,5773.96,8366.86,0.56798,0.823042,-250.02,-321.488,-0.613901,-0.789383,416.667,9.57307e-009,-2.23179,2.8,1.1,2500,4000,0,0,0.5,2.1
Geran2,41,0,5580.8,8126.28,5627.05,8040.63,0.573368,0.819298,-243.963,-326.573,-0.598482,-0.801137,416.667,9.57307e-009,-2.2124,2.8,1.1,2500,4000,0,0,0.5,2.1
Kinzhal,42,2,6691.29,6427.97,6770.25,6534.76,0.719509,0.694483,205.362,-1157.9,0.174632,-0.984634,1250,0.857143,-1.39526,2.4,0.12,7500,2000,2,4,1,2.1
Geran2,43,0,3114.33,8081.51,3024.41,8066.71,0.351062,0.936352,-60.778,-402.779,-0.149207,-0.988806,416.667,9.57307e-009,-1.72056,2.8,1.1,2500,4000,0,0,0.5,2.1
Kinzhal,44,2,4079.18,6640.38,4180.4,6602.04,0.534971,0.844871,607.581,-1006.29,0.516877,-0.85606,1250,0.857143,-1.0276,2.4,0.12,7500,2000,2,4,1,2.1
Geran2,45,0,3135.51,8230.39,3012.51,8223.8,0.343964,0.938983,-60.667,-403.022,-0.148854,-0.988859,416.667,9.57307e-009,-1.72021,2.8,1.1,2500,4000,0,0,0.5,2.1
Geran2,46,0,4077.49,7839.84,4133.96,7862.89,0.465359,0.885122,-154.683,-375.799,-0.380628,-0.924728,416.667,9.57307e-009,-1.96127,2.8,1.1,2500,4000,0,0,0.5,2.1
Kinzhal,47,2,6966.33,6784.38,6762.37,6690.12,0.710895,0.703299,131.118,-1168.93,0.11147,-0.993768,1250,0.857143,-1.45909,2.4,0.12,7500,2000,2,4,1,2.1
Kinzhal,48,2,3532.87,7203.23,3575.14,7102.66,0.449607,0.893226,347.938,-1122.81,0.295995,-0.95519,1250,0.857143,-1.2703,2.4,0.12,7500,2000,2,4,1,2.1
Kinzhal,49,2,5954.53,7691.66,5952.92,7667.98,0.61323,0.789904,624.867,-995.645,0.531582,-0.847007,1250,0.857143,-1.01033,2.4,0.12,7500,2000,2,4,1,2.1
Geran2,50,0,5061.56,7432.61,5158.34,7425.01,0.570551,0.821262,-242.579,-324.005,-0.599328,-0.800504,416.667,9.57307e-009,-2.21346,2.8,1.1,2500,4000,0,0,0.5,2.1
Kalibr,1,1,2958.09,8847.67,2798.28,8889.45,0.300261,0.953857,-368.153,-724.268,-0.45313,-0.891444,857.5,0.453429,-2.04107,1.2,0.45,2500,4000,0,1,0.75,2.2
Kalibr,2,1,5412.35,8214.12,5361.62,8175.22,0.548415,0.836206,-233.492,-778.405,-0.287315,-0.957836,857.5,0.453429,-1.86222,1.2,0.45,2500,4000,0,1,0.75,2.2
Geran2,3,0,4968.93,8495.86,4821.02,8580.83,0.489822,0.871823,307.718,-266.717,0.755655,-0.65497,416.667,9.57307e-009,-0.714142,2.8,1.1,9000,5000,1,1,0.5,2.2
Kinzhal,4,2,4523.58,6820.97,4458.89,6869.25,0.544463,0.838785,614.177,-1001.72,0.522698,-0.852518,1250,0.857143,-1.02078,2.4,0.12,7500,2000,2,4,1,2.2
Kalibr,5,1,5122.63,6735.67,5134.49,6749.59,0.605442,0.795889,705.383,-412.367,0.863303,-0.504687,857.5,0.453429,-0.529019,1.2,0.45,9000,5000,1,2,0.75,2.2
Kinzhal,6,2,3154.94,6681.11,3154.73,6702.91,0.425843,0.904797,-123.91,-1167.89,-0.105506,-0.994419,1250,0.857143,-1.6765,2.4,0.12,2500,4000,0,2,1,2.2
Kalibr,7,1,3880.25,7058.15,3910.2,7168.93,0.47884,0.877902,615.223,-530.838,0.757122,-0.653274,857.5,0.453429,-0.711901,1.2,0.45,9000,5000,1,2,0.75,2.2
Kalibr,8,1,5547.09,7102.37,5648.32,7026.42,0.626532,0.779395,-556.756,-602.677,-0.678569,-0.734537,857.5,0.453429,-2.31661,1.2,0.45,2500,4000,0,1,0.75,2.2
Kinzhal,9,2,8125.22,6028.6,8222.35,5947.05,0.810273,0.586053,761.796,-894.974,0.648176,-0.761491,1250,0.857143,-0.86561,2.4,0.12,9000,5000,1,3,1,2.2
Geran2,10,0,5357.76,7300.27,5330.32,7169.71,0.596631,0.802516,-266.478,-307.913,-0.654397,-0.756151,416.667,9.57307e-009,-2.28418,2.8,1.1,2500,4000,0,0,0.5,2.2
Geran2,11,0,5103.71,7992.62,4933.36,7901.62,0.529601,0.848247,321.773,-246.725,0.793569,-0.608481,416.667,9.57307e-009,-0.654144,2.8,1.1,9000,5000,1,1,0.5,2.2
Kinzhal,12,2,7767.06,8139.75,7738.63,8119.24,0.689937,0.72387,731.398,-918.898,0.622762,-0.782411,1250,0.857143,-0.898529,2.4,0.12,9000,5000,1,3,1,2.2
Kinzhal,13,2,6935.57,6968,6862.1,6840.07,0.708243,0.705969,640.26,-984.573,0.545161,-0.838332,1250,0.857143,-0.994215,2.4,0.12,9000,5000,1,3,1,2.2
Kalibr,14,1,4898.57,8555.49,4920.71,8551.28,0.498755,0.866743,652.025,-495.139,0.796397,-0.604774,857.5,0.453429,-0.649482,1.2,0.45,9000,5000,1,2,0.75,2.2
Kalibr,15,1,5201.57,6909.43,5272.46,6885.79,0.607949,0.793976,-554.703,-605.676,-0.675394,-0.737457,857.5,0.453429,-2.3123,1.2,0.45,2500,4000,0,1,0.75,2.2
Geran2,16,0,5217.17,7807.51,5088.53,7769.85,0.547871,0.836563,148.181,-377.729,0.365198,-0.93093,416.667,9.57307e-009,-1.19695,2.8,1.1,7500,2000,2,2,0.5,2.2
Kalibr,17,1,4628.62,7548.57,4802.88,7727.54,0.527877,0.849321,-391.689,-720.289,-0.477728,-0.878508,857.5,0.453429,-2.06886,1.2,0.45,2500,4000,0,1,0.75,2.2
Kinzhal,18,2,7039.19,7190.76,7095.34,7028.46,0.710447,0.703751,884.101,-773.099,0.752783,-0.658269,1250,0.857143,-0.718517,2.4,0.12,9000,5000,1,3,1,2.2
Kinzhal,19,2,4161.84,7590.46,4254.81,7425.7,0.497156,0.867661,-494.346,-1066.19,-0.420641,-0.907227,1250,0.857143,-2.00495,2.4,0.12,2500,4000,0,2,1,2.2
Geran2,20,0,5530.96,7782.23,5469.51,7720.6,0.57807,0.815987,317.072,-254.026,0.780426,-0.625248,416.667,9.57307e-009,-0.675449,2.8,1.1,9000,5000,1,1,0.5,2.2
Kalibr,21,1,5332.79,7290.57,5478.99,7283.97,0.601124,0.799156,634.041,-514.506,0.776505,-0.630111,857.5,0.453429,-0.681697,1.2,0.45,9000,5000,1,2,0.75,2.2
Kinzhal,22,2,5961.29,5863.12,5899.51,5816.44,0.712103,0.702075,435.084,-1091.82,0.370184,-0.928959,1250,0.857143,-1.19159,2.4,0.12,7500,2000,2,4,1,2.2
Kinzhal,23,2,4421.54,5844.28,4448.87,5768.05,0.610737,0.791833,-611.863,-1002.47,-0.520981,-0.853568,1250,0.857143,-2.1188,2.4,0.12,2500,4000,0,2,1,2.2
Geran2,24,0,6221.81,8716.46,6271.81,8822.03,0.579424,0.815026,76.2074,-400.606,0.186879,-0.982383,416.667,9.57307e-009,-1.38281,2.8,1.1,7500,2000,2,2,0.5,2.2
Geran2,25,0,3674.42,8973.58,3824.33,9018.48,0.390404,0.920644,195.917,-357.297,0.480794,-0.876833,416.667,9.57307e-009,-1.06924,2.8,1.1,7500,2000,2,2,0.5,2.2
Kalibr,26,1,3763.13,7161.23,3924.5,7147.88,0.481275,0.87657,-344.612,-743.444,-0.420551,-0.907269,857.5,0.453429,-2.00485,1.2,0.45,2500,4000,0,1,0.75,2.2
Kalibr,27,1,4427.66,7056.19,4507.9,6953.64,0.543973,0.839103,420.476,-705.466,0.511984,-0.858995,857.5,0.453429,-1.0333,1.2,0.45,7500,2000,2,3,0.75,2.2
Kinzhal,28,2,5747.48,7972.55,5880.57,7837.32,0.600169,0.799873,867.475,-793.018,0.738072,-0.674722,1250,0.857143,-0.740588,2.4,0.12,9000,5000,1,3,1,2.2
Kinzhal,29,2,6678.91,8687.6,6754.47,8616.52,0.616937,0.787012,938.884,-705.558,0.799429,-0.60076,1250,0.857143,-0.644452,2.4,0.12,9000,5000,1,3,1,2.2
Kinzhal,30,2,5249.19,6380.52,5160.33,6346.45,0.630875,0.775884,883.89,-773.34,0.752604,-0.658474,1250,0.857143,-0.718789,2.4,0.12,9000,5000,1,3,1,2.2
Kalibr,31,1,3298.61,7677.36,3341.7,7539.09,0.405226,0.914217,-361.565,-728.747,-0.444449,-0.895804,857.5,0.453429,-2.03136,1.2,0.45,2500,4000,0,1,0.75,2.2
Kinzhal,32,2,4917.7,7517.28,4976.73,7521.18,0.551827,0.833959,498.087,-1064.56,0.423787,-0.905762,1250,0.857143,-1.13317,2.4,0.12,7500,2000,2,4,1,2.2
Kinzhal,33,2,7599.24,6634.82,7481.85,6771.75,0.741414,0.671048,771.737,-885.836,0.656879,-0.753996,1250,0.857143,-0.854125,2.4,0.12,9000,5000,1,3,1,2.2
Kinzhal,34,2,6897.33,6823.53,6918.09,6848.41,0.710676,0.703519,464.876,-1078.52,0.395826,-0.918325,1250,0.857143,-1.16383,2.4,0.12,7500,2000,2,4,1,2.2
Geran2,35,0,5633.01,7489.86,5616,7524.11,0.598152,0.801382,-271.278,-302.486,-0.66766,-0.744466,416.667,9.57307e-009,-2.30186,2.8,1.1,2500,4000,0,0,0.5,2.2
Kalibr,36,1,6742.93,6684.86,6802,6779.85,0.708259,0.705953,122.13,-812.098,0.148716,-0.98888,857.5,0.453429,-1.42153,1.2,0.45,7500,2000,2,3,0.75,2.2
Geran2,37,0,4091.68,7295.36,4095.75,7387.28,0.484892,0.874574,-175.759,-364.9,-0.433948,-0.900938,416.667,9.57307e-009,-2.01967,2.8,1.1,2500,4000,0,0,0.5,2.2
Kinzhal,38,2,4457.4,5890.46,4447.03,5896.21,0.602153,0.79838,531.393,-1047.35,0.452463,-0.891783,1250,0.857143,-1.10127,2.4,0.12,7500,2000,2,4,1,2.2
Geran2,39,0,3966.03,7913.98,3969.82,7969.33,0.445879,0.895093,-142.715,-380.421,-0.351248,-0.936283,416.667,9.57307e-009,-1.9297,2.8,1.1,2500,4000,0,0,0.5,2.2
Geran2,40,0,5789.14,8226,5744.53,8143.01,0.576451,0.817132,-250.007,-321.4,-0.613985,-0.789318,416.667,9.57307e-009,-2.2319,2.8,1.1,2500,4000,0,0,0.5,2.2
Geran2,41,0,5556.42,8093.63,5545.38,8046.75,0.567449,0.823409,-243.874,-326.504,-0.598422,-0.801181,416.667,9.57307e-009,-2.21233,2.8,1.1,2500,4000,0,0,0.5,2.2
Kinzhal,42,2,6711.96,6312.3,6729.11,6411.27,0.723998,0.689802,206.616,-1156.67,0.175847,-0.984417,1250,0.857143,-1.39403,2.4,0.12,7500,2000,2,4,1,2.2
Geran2,43,0,3108.25,8041.24,3048.38,7970.97,0.357205,0.934026,-60.7233,-402.703,-0.149104,-0.988822,416.667,9.57307e-009,-1.72046,2.8,1.1,2500,4000,0,0,0.5,2.2
Kinzhal,44,2,4141.17,6540.63,4161.58,6474.19,0.540722,0.841202,619.897,-997.519,0.527822,-0.849355,1250,0.857143,-1.01476,2.4,0.12,7500,2000,2,4,1,2.2
Geran2,45,0,3129.44,8190.1,3137.74,8350.11,0.351758,0.936091,-60.618,-402.926,-0.14877,-0.988872,416.667,9.57307e-009,-1.72012,2.8,1.1,2500,4000,0,0,0.5,2.2
Geran2,46,0,4062.03,7802.25,4168.67,7846.48,0.469175,0.883105,-154.611,-375.825,-0.380453,-0.9248,416.667,9.57307e-009,-1.96108,2.8,1.1,2500,4000,0,0,0.5,2.2
Kinzhal,47,2,6979.42,6667.59,6929.83,6526.73,0.727962,0.685617,130.83,-1167.94,0.111322,-0.993784,1250,0.857143,-1.45924,2.4,0.12,7500,2000,2,4,1,2.2
Kinzhal,48,2,3569.07,7091.51,3798.74,7162.6,0.468541,0.883442,362,-1117.26,0.308231,-0.951312,1250,0.857143,-1.25746,2.4,0.12,7500,2000,2,4,1,2.2
Kinzhal,49,2,6015.68,7591.39,5904.23,7413.52,0.622983,0.782235,611.493,-1002.69,0.520666,-0.85376,1250,0.857143,-1.02317,2.4,0.12,7500,2000,2,4,1,2.2
Geran2,50,0,5037.31,7400.19,4999.83,7400.02,0.559843,0.828599,-242.516,-324.219,-0.598976,-0.800767,416.667,9.57307e-009,-2.21302,2.8,1.1,2500,4000,0,0,0.5,2.2
Kalibr,1,1,2924.62,8773.7,2808.31,8977.89,0.298538,0.954398,-334.743,-739.73,-0.412273,-0.91106,857.5,0.453429,-1.99574,1.2,0.45,2500,4000,0,1,0.75,2.3
Kalibr,2,1,5386.09,8137.25,5331.11,8323.28,0.539356,0.842078,-262.616,-768.764,-0.323267,-0.946308,857.5,0.453429,-1.89998,1.2,0.45,2500,4000,0,1,0.75,2.3
Geran2,3,0,4999.69,8469.19,4894.14,8449.15,0.50123,0.865314,307.642,-266.692,0.755606,-0.655026,416.667,9.57307e-009,-0.714218,2.8,1.1,9000,5000,1,1,0.5,2.3
Kinzhal,4,2,4585.02,6720.92,4617.92,6649.98,0.570385,0.821377,614.452,-1000.49,0.523335,-0.852127,1250,0.857143,-1.02004,2.4,0.12,7500,2000,2,4,1,2.3
Kalibr,5,1,5193.68,6695.37,5317.82,6704.03,0.621454,0.783451,710.546,-403.057,0.869805,-0.493396,857.5,0.453429,-0.51599,1.2,0.45,9000,5000,1,2,0.75,2.3
Kinzhal,6,2,3141.06,6564.58,3067.55,6439.42,0.430066,0.902797,-138.792,-1165.26,-0.118272,-0.992981,1250,0.857143,-1.68935,2.4,0.12,2500,4000,0,2,1,2.3
Kalibr,7,1,3943.8,7007.58,3881.89,6830.18,0.494116,0.869396,635.556,-505.77,0.782473,-0.622685,857.5,0.453429,-0.672169,1.2,0.45,9000,5000,1,2,0.75,2.3
Kalibr,8,1,5491.22,7042.34,5536.11,7147.81,0.612334,0.790599,-558.695,-600.32,-0.681272,-0.73203,857.5,0.453429,-2.3203,1.2,0.45,2500,4000,0,1,0.75,2.3
Kinzhal,9,2,8201.33,5939.17,8239.61,5969.82,0.809793,0.586716,761.1,-894.345,0.648097,-0.761558,1250,0.857143,-0.865714,2.4,0.12,9000,5000,1,3,1,2.3
Geran2,10,0,5331.12,7269.48,5270.15,7104.24,0.595793,0.803138,-266.454,-307.837,-0.654456,-0.7561,416.667,9.57307e-009,-2.28426,2.8,1.1,2500,4000,0,0,0.5,2.3
Geran2,11,0,5135.88,7967.93,5326.79,7998.26,0.554312,0.832309,321.775,-246.843,0.793429,-0.608663,416.667,9.57307e-009,-0.654375,2.8,1.1,9000,5000,1,1,0.5,2.3
Kinzhal,12,2,7838.95,8047,7726.3,7959.28,0.696527,0.71753,718.953,-927.469,0.612659,-0.790347,1250,0.857143,-0.911376,2.4,0.12,9000,5000,1,3,1,2.3
Kinzhal,13,2,7000.81,6870.45,7025.36,6827.66,0.717125,0.696945,652.33,-975.479,0.555886,-0.831259,1250,0.857143,-0.981368,2.4,0.12,9000,5000,1,3,1,2.3
Kalibr,14,1,4963.36,8505.49,5046.19,8542.01,0.508628,0.860987,647.926,-500.043,0.791656,-0.610968,857.5,0.453429,-0.657282,1.2,0.45,9000,5000,1,2,0.75,2.3
Kalibr,15,1,5146.08,6848.95,5275.77,6814.7,0.612164,0.790731,-554.882,-604.865,-0.676004,-0.736898,857.5,0.453429,-2.31312,1.2,0.45,2500,4000,0,1,0.75,2.3
Geran2,16,0,5231.99,7769.74,5180.22,7824.79,0.552019,0.833832,148.271,-377.747,0.365376,-0.93086,416.667,9.57307e-009,-1.19676,2.8,1.1,7500,2000,2,2,0.5,2.3
Kalibr,17,1,4589.1,7476.77,4625.54,7223.61,0.539254,0.842143,-395.175,-717.967,-0.482193,-0.876065,857.5,0.453429,-2.07395,1.2,0.45,2500,4000,0,1,0.75,2.3
Kinzhal,18,2,7126.53,7112.38,7039.29,7317.65,0.693267,0.720681,873.391,-783.761,0.744264,-0.667886,1250,0.857143,-0.731364,2.4,0.12,9000,5000,1,3,1,2.3
Kinzhal,19,2,4112.46,7483.91,4357.79,7435.72,0.505626,0.862753,-493.787,-1065.43,-0.420496,-0.907295,1250,0.857143,-2.00479,2.4,0.12,2500,4000,0,2,1,2.3
Geran2,20,0,5562.67,7756.83,5543.13,7499.97,0.594369,0.804193,317.04,-254.076,0.780335,-0.625362,416.667,9.57307e-009,-0.675595,2.8,1.1,9000,5000,1,1,0.5,2.3
Kalibr,21,1,5396.94,7240.08,5184.35,7286.54,0.579733,0.814807,641.505,-504.934,0.785786,-0.618498,857.5,0.453429,-0.66683,1.2,0.45,9000,5000,1,2,0.75,2.3
Kinzhal,22,2,6004.76,5754.02,5860.35,5631.18,0.721065,0.692868,434.697,-1090.97,0.370148,-0.928973,1250,0.857143,-1.19163,2.4,0.12,7500,2000,2,4,1,2.3
Kinzhal,23,2,4359.13,5744.9,4356.84,5715.88,0.606209,0.795305,-624.187,-993.722,-0.531904,-0.846805,1250,0.857143,-2.13164,2.4,0.12,2500,4000,0,2,1,2.3
Geran2,24,0,6229.43,8676.41,6271.95,8664.74,0.586356,0.810054,76.193,-400.485,0.186899,-0.982379,416.667,9.57307e-009,-1.38279,2.8,1.1,7500,2000,2,2,0.5,2.3
Geran2,25,0,3694,8937.86,3761.39,9057.16,0.383535,0.923526,195.89,-357.203,0.480842,-0.876807,416.667,9.57307e-009,-1.06918,2.8,1.1,7500,2000,2,2,0.5,2.3
Kalibr,26,1,3729.17,7086.69,3621.49,7316.35,0.443615,0.896218,-339.639,-745.368,-0.414648,-0.909982,857.5,0.453429,-1.99835,1.2,0.45,2500,4000,0,1,0.75,2.3
Kalibr,27,1,4469.76,6985.73,4480.12,6997.71,0.539189,0.842185,420.957,-704.627,0.512866,-0.858469,857.5,0.453429,-1.03228,1.2,0.45,7500,2000,2,3,0.75,2.3
Kinzhal,28,2,5834.17,7893.32,5928.52,7912.83,0.599605,0.800296,866.811,-792.361,0.738093,-0.674698,1250,0.857143,-0.740556,2.4,0.12,9000,5000,1,3,1,2.3
Kinzhal,29,2,6771.81,8615.91,6817.93,8523.63,0.624641,0.780912,928.993,-716.983,0.791645,-0.610981,1250,0.857143,-0.657299,2.4,0.12,9000,5000,1,3,1,2.3
Kinzhal,30,2,5338.49,6304.39,5332.5,6336.71,0.643876,0.76513,893.031,-761.306,0.761001,-0.648751,1250,0.857143,-0.705942,2.4,0.12,9000,5000,1,3,1,2.3
Kalibr,31,1,3264.64,7603.45,3312.28,7690.78,0.395556,0.918442,-339.682,-739.041,-0.417624,-0.90862,857.5,0.453429,-2.00163,1.2,0.45,2500,4000,0,1,0.75,2.3
Kinzhal,32,2,4967.47,7410.91,4958.3,7276.96,0.563084,0.8264,497.725,-1063.7,0.423816,-0.905748,1250,0.857143,-1.13314,2.4,0.12,7500,2000,2,4,1,2.3
Kinzhal,33,2,7676.18,6546.15,7656.37,6714.14,0.751855,0.659328,769.391,-886.693,0.65538,-0.7553,1250,0.857143,-0.856111,2.4,0.12,9000,5000,1,3,1,2.3
Kinzhal,34,2,6942.4,6715.18,6814.95,6730.48,0.711502,0.702684,450.618,-1083.53,0.383996,-0.923335,1250,0.857143,-1.17668,2.4,0.12,7500,2000,2,4,1,2.3
Geran2,35,0,5605.88,7459.62,5669.71,7394.7,0.608461,0.793584,-271.323,-302.449,-0.667766,-0.744371,416.667,9.57307e-009,-2.302,2.8,1.1,2500,4000,0,0,0.5,2.3
Kalibr,36,1,6755.24,6603.71,6600.12,6783.07,0.697375,0.716706,123.13,-811.471,0.15002,-0.988683,857.5,0.453429,-1.42021,1.2,0.45,7500,2000,2,3,0.75,2.3
Geran2,37,0,4074.09,7258.87,4095.09,7181.51,0.495351,0.868693,-175.919,-364.947,-0.434224,-0.900805,416.667,9.57307e-009,-2.01997,2.8,1.1,2500,4000,0,0,0.5,2.3
Kinzhal,38,2,4511.84,5786.5,4595.88,5626.77,0.632591,0.774486,544.365,-1039.6,0.463883,-0.885897,1250,0.857143,-1.08842,2.4,0.12,7500,2000,2,4,1,2.3
Geran2,39,0,3951.76,7875.94,3955.41,8063.66,0.440394,0.897805,-142.661,-380.445,-0.351112,-0.936333,416.667,9.57307e-009,-1.92955,2.8,1.1,2500,4000,0,0,0.5,2.3
Geran2,40,0,5764.14,8193.87,5871.36,8148.76,0.584584,0.811333,-249.988,-321.325,-0.614046,-0.78927,416.667,9.57307e-009,-2.23197,2.8,1.1,2500,4000,0,0,0.5,2.3
Geran2,41,0,5532.04,8060.99,5559.65,8169.55,0.562611,0.826721,-243.797,-326.438,-0.598379,-0.801213,416.667,9.57307e-009,-2.21227,2.8,1.1,2500,4000,0,0,0.5,2.3
Kinzhal,42,2,6732.71,6196.74,6746.3,6365.05,0.72736,0.686256,207.569,-1155.58,0.176793,-0.984248,1250,0.857143,-1.39307,2.4,0.12,7500,2000,2,4,1,2.3
Geran2,43,0,3102.19,8000.98,3145.56,8084.55,0.362603,0.931944,-60.6812,-402.632,-0.149028,-0.988833,416.667,9.57307e-009,-1.72038,2.8,1.1,2500,4000,0,0,0.5,2.3
Kinzhal,44,2,4204.39,6441.76,4211.43,6425.9,0.54815,0.83638,632.151,-988.675,0.53869,-0.842504,1250,0.857143,-1.00191,2.4,0.12,7500,2000,2,4,1,2.3
Geran2,45,0,3123.39,8149.81,3220.02,8024.89,0.372394,0.928075,-60.5794,-402.837,-0.14871,-0.988881,416.667,9.57307e-009,-1.72006,2.8,1.1,2500,4000,0,0,0.5,2.3
Geran2,46,0,4046.58,7764.67,4110.56,7839.46,0.464378,0.885637,-154.558,-375.843,-0.380326,-0.924852,416.667,9.57307e-009,-1.96095,2.8,1.1,2500,4000,0,0,0.5,2.3
Kinzhal,47,2,6992.47,6550.89,6985.96,6427.38,0.735915,0.677074,130.592,-1167.03,0.111206,-0.993797,1250,0.857143,-1.45936,2.4,0.12,7500,2000,2,4,1,2.3
Kinzhal,48,2,3606.67,6980.35,3848.92,6929.56,0.485563,0.874202,376.02,-1111.62,0.320427,-0.947273,1250,0.857143,-1.24462,2.4,0.12,7500,2000,2,4,1,2.3
Kinzhal,49,2,6075.49,7490.43,6275.06,7497.09,0.641842,0.766837,598.078,-1009.65,0.509655,-0.860379,1250,0.857143,-1.03601,2.4,0.12,7500,2000,2,4,1,2.3
Geran2,50,0,5013.06,7367.75,4955.13,7417.53,0.555484,0.831527,-242.486,-324.395,-0.59872,-0.800959,416.667,9.57307e-009,-2.2127,2.8,1.1,2500,4000,0,0,0.5,2.3
Kalibr,1,1,2894.18,8698.46,3052.82,8656.13,0.332599,0.943068,-304.384,-752.397,-0.375026,-0.927014,857.5,0.453429,-1.95522,1.2,0.45,2500,4000,0,1,0.75,2.4
Kalibr,2,1,5357.25,8061.31,5308.26,8156.29,0.54547,0.83813,-288.343,-759.332,-0.355,-0.934866,857.5,0.453429,-1.93371,1.2,0.45,2500,4000,0,1,0.75,2.4
Geran2,3,0,5030.45,8442.52,5122.05,8562.41,0.513361,0.858173,307.577,-266.664,0.75557,-0.655068,416.667,9.57307e-009,-0.714272,2.8,1.1,9000,5000,1,1,0.5,2.4
Kinzhal,4,2,4646.48,6620.98,4683.11,6588.77,0.57934,0.815086,614.601,-999.434,0.523828,-0.851824,1250,0.857143,-1.01946,2.4,0.12,7500,2000,2,4,1,2.4
Kalibr,5,1,5265.19,6655.9,5111.48,6726.1,0.605056,0.796183,715.08,-394.659,0.87551,-0.483201,857.5,0.453429,-0.504307,1.2,0.45,9000,5000,1,2,0.75,2.4
Kinzhal,6,2,3125.69,6448.33,3168.43,6536.64,0.436179,0.89986,-153.65,-1162.53,-0.13103,-0.991378,1250,0.857143,-1.7022,2.4,0.12,2500,4000,0,2,1,2.4
Kalibr,7,1,4009.1,6959.29,3987.89,7098.94,0.48977,0.871852,652.939,-482.815,0.804054,-0.594556,857.5,0.453429,-0.636714,1.2,0.45,9000,5000,1,2,0.75,2.4
Kalibr,8,1,5435.18,6982.52,5514.19,7084.25,0.614233,0.789124,-560.421,-598.198,-0.683688,-0.729775,857.5,0.453429,-2.3236,1.2,0.45,2500,4000,0,1,0.75,2.4
Kinzhal,9,2,8277.38,5849.79,8404.51,5812.65,0.822461,0.568822,760.476,-893.767,0.648031,-0.761614,1250,0.857143,-0.8658,2.4,0.12,9000,5000,1,3,1,2.4
Geran2,10,0,5304.47,7238.71,5364.07,7514.71,0.580981,0.813917,-266.428,-307.772,-0.654499,-0.756063,416.667,9.57307e-009,-2.28432,2.8,1.1,2500,4000,0,0,0.5,2.4
Geran2,11,0,5168.06,7943.24,5139.24,7885.95,0.545986,0.837794,321.787,-246.938,0.793327,-0.608796,416.667,9.57307e-009,-0.654542,2.8,1.1,9000,5000,1,1,0.5,2.4
Kinzhal,12,2,7909.6,7953.41,7920.69,8148.48,0.697013,0.717058,706.45,-935.95,0.602446,-0.798159,1250,0.857143,-0.924234,2.4,0.12,9000,5000,1,3,1,2.4
Kinzhal,13,2,7067.24,6773.82,7063.92,6891.28,0.7158,0.698305,664.33,-966.302,0.566528,-0.824043,1250,0.857143,-0.96851,2.4,0.12,9000,5000,1,3,1,2.4
Kalibr,14,1,5027.79,8455.05,4876.14,8525.46,0.49648,0.868048,644.235,-504.393,0.787381,-0.616467,857.5,0.453429,-0.664248,1.2,0.45,9000,5000,1,2,0.75,2.4
Kalibr,15,1,5090.57,6788.53,5069.12,6879.35,0.593209,0.805049,-555.037,-604.132,-0.676552,-0.736395,857.5,0.453429,-2.31387,1.2,0.45,2500,4000,0,1,0.75,2.4
Geran2,16,0,5246.83,7731.96,5180.99,7795.78,0.553502,0.832848,148.341,-377.769,0.365506,-0.930809,416.667,9.57307e-009,-1.19662,2.8,1.1,7500,2000,2,2,0.5,2.4
Kalibr,17,1,4549.28,7405.19,4597.14,7491.53,0.523021,0.85232,-398.29,-715.867,-0.48619,-0.873853,857.5,0.453429,-2.07852,1.2,0.45,2500,4000,0,1,0.75,2.4
Kinzhal,18,2,7212.79,7032.95,7196.77,6957.26,0.718969,0.695042,862.608,-794.343,0.735615,-0.6774,1250,0.857143,-0.744222,2.4,0.12,9000,5000,1,3,1,2.4
Kinzhal,19,2,4063.13,7377.44,4152.05,7363.34,0.491175,0.871061,-493.3,-1064.73,-0.420382,-0.907347,1250,0.857143,-2.00466,2.4,0.12,2500,4000,0,2,1,2.4
Geran2,20,0,5594.37,7731.41,5664.9,7870.24,0.584191,0.811616,317.016,-254.113,0.780268,-0.625445,416.667,9.57307e-009,-0.675702,2.8,1.1,9000,5000,1,1,0.5,2.4
Kalibr,21,1,5461.74,7190.45,5320.84,7305.2,0.588748,0.808317,648.086,-496.27,0.793958,-0.607972,857.5,0.453429,-0.653504,1.2,0.45,9000,5000,1,2,0.75,2.4
Kinzhal,22,2,6048.19,5645,6049.3,5607.78,0.733363,0.679837,434.351,-1090.2,0.37012,-0.928984,1250,0.857143,-1.19166,2.4,0.12,7500,2000,2,4,1,2.4
Kinzhal,23,2,4295.48,5646.42,4287.73,5628.99,0.605952,0.795502,-636.445,-984.892,-0.542748,-0.839896,1250,0.857143,-2.1445,2.4,0.12,2500,4000,0,2,1,2.4
Geran2,24,0,6237.05,8636.37,6175.3,8583.52,0.584004,0.811751,76.1783,-400.375,0.186914,-0.982376,416.667,9.57307e-009,-1.38278,2.8,1.1,7500,2000,2,2,0.5,2.4
Geran2,25,0,3713.59,8902.15,3622.39,8990.47,0.373719,0.927542,195.862,-357.118,0.480876,-0.876788,416.667,9.57307e-009,-1.06914,2.8,1.1,7500,2000,2,2,0.5,2.4
Kalibr,26,1,3695.65,7011.99,3604.97,6934.67,0.461247,0.887272,-335.148,-747.073,-0.409313,-0.912394,857.5,0.453429,-1.9925,1.2,0.45,2500,4000,0,1,0.75,2.4
Kalibr,27,1,4511.9,6915.34,4431.34,6825.63,0.544529,0.838742,421.381,-703.87,0.513652,-0.857999,857.5,0.453429,-1.03136,1.2,0.45,7500,2000,2,3,0.75,2.4
Kinzhal,28,2,5920.79,7814.14,5900.31,7869.6,0.599877,0.800092,866.206,-791.767,0.73811,-0.67468,1250,0.857143,-0.740531,2.4,0.12,9000,5000,1,3,1,2.4
Kinzhal,29,2,6863.71,8543.07,6883.69,8484.05,0.630063,0.776544,919.023,-728.334,0.783724,-0.621109,1250,0.857143,-0.670157,2.4,0.12,9000,5000,1,3,1,2.4
Kinzhal,30,2,5428.7,6229.47,5574.62,6067.95,0.676538,0.736408,902.084,-749.212,0.769279,-0.638913,1250,0.857143,-0.693084,2.4,0.12,9000,5000,1,3,1,2.4
Kalibr,31,1,3232.66,7528.67,3165.69,7475.36,0.389958,0.920833,-319.791,-747.794,-0.3932,-0.919453,857.5,0.453429,-1.97491,1.2,0.45,2500,4000,0,1,0.75,2.4
Kinzhal,32,2,5017.21,7304.62,4979.68,7381.28,0.559266,0.828988,497.392,-1062.92,0.423838,-0.905738,1250,0.857143,-1.13312,2.4,0.12,7500,2000,2,4,1,2.4
Kinzhal,33,2,7752.92,6457.42,7742.19,6303.43,0.775481,0.631371,767.448,-887.306,0.654175,-0.756343,1250,0.857143,-0.857705,2.4,0.12,9000,5000,1,3,1,2.4
Kinzhal,34,2,6986.03,6606.33,7043.59,6757.71,0.721599,0.692311,436.329,-1088.44,0.372092,-0.928196,1250,0.857143,-1.18953,2.4,0.12,7500,2000,2,4,1,2.4
Geran2,35,0,5578.74,7429.38,5653.92,7368.83,0.608735,0.793373,-271.356,-302.423,-0.667843,-0.744302,416.667,9.57307e-009,-2.3021,2.8,1.1,2500,4000,0,0,0.5,2.4
Kalibr,36,1,6767.64,6522.62,6772.68,6571.33,0.717695,0.696358,124.023,-810.9,0.151187,-0.988505,857.5,0.453429,-1.41903,1.2,0.45,7500,2000,2,3,0.75,2.4
Geran2,37,0,4056.48,7222.37,4161.97,6970.3,0.512665,0.858589,-176.044,-365,-0.434424,-0.900708,416.667,9.57307e-009,-2.0202,2.8,1.1,2500,4000,0,0,0.5,2.4
Kinzhal,38,2,4567.56,5683.32,4523.95,5636.03,0.625971,0.779847,557.277,-1031.75,0.475235,-0.879859,1250,0.857143,-1.07557,2.4,0.12,7500,2000,2,4,1,2.4
Geran2,39,0,3937.5,7837.89,3951.14,7865.51,0.448884,0.89359,-142.622,-380.462,-0.351013,-0.93637,416.667,9.57307e-009,-1.92945,2.8,1.1,2500,4000,0,0,0.5,2.4
Geran2,40,0,5739.15,8161.74,5649.74,8193.13,0.567686,0.823245,-249.967,-321.26,-0.61409,-0.789236,416.667,9.57307e-009,-2.23203,2.8,1.1,2500,4000,0,0,0.5,2.4
Geran2,41,0,5507.66,8028.35,5550.88,8152.08,0.562828,0.826574,-243.73,-326.374,-0.598348,-0.801236,416.667,9.57307e-009,-2.21223,2.8,1.1,2500,4000,0,0,0.5,2.4
Kinzhal,42,2,6753.54,6081.28,6886.14,6070.34,0.750144,0.661274,208.289,-1154.62,0.177531,-0.984115,1250,0.857143,-1.39232,2.4,0.12,7500,2000,2,4,1,2.4
Geran2,43,0,3096.12,7960.72,2950.36,7923.16,0.348963,0.937137,-60.6485,-402.566,-0.148974,-0.988841,416.667,9.57307e-009,-1.72033,2.8,1.1,2500,4000,0,0,0.5,2.4
Kinzhal,44,2,4268.82,6343.79,4205.9,6309.04,0.554689,0.832058,644.338,-979.746,0.549478,-0.835508,1250,0.857143,-0.989057,2.4,0.12,7500,2000,2,4,1,2.4
Geran2,45,0,3117.33,8109.54,3211.64,8221.54,0.36386,0.931454,-60.5488,-402.755,-0.148666,-0.988887,416.667,9.57307e-009,-1.72002,2.8,1.1,2500,4000,0,0,0.5,2.4
Geran2,46,0,4031.13,7727.08,4034.76,7586.94,0.469537,0.882913,-154.519,-375.856,-0.380234,-0.92489,416.667,9.57307e-009,-1.96085,2.8,1.1,2500,4000,0,0,0.5,2.4
Kinzhal,47,2,7005.51,6434.26,6976.52,6584.38,0.72725,0.686372,130.393,-1166.21,0.111117,-0.993807,1250,0.857143,-1.45945,2.4,0.12,7500,2000,2,4,1,2.4
Kinzhal,48,2,3645.67,6869.76,3650.7,6877.73,0.468845,0.883281,389.995,-1105.88,0.33258,-0.943075,1250,0.857143,-1.23176,2.4,0.12,7500,2000,2,4,1,2.4
Kinzhal,49,2,6133.95,7388.78,6256.54,7178.2,0.657053,0.753844,584.618,-1016.51,0.498551,-0.866861,1250,0.857143,-1.04887,2.4,0.12,7500,2000,2,4,1,2.4
Geran2,50,0,4988.82,7335.29,5052.39,7429.78,0.56232,0.826919,-242.478,-324.541,-0.598534,-0.801098,416.667,9.57307e-009,-2.21247,2.8,1.1,2500,4000,0,0,0.5,2.4
Kalibr,1,1,2866.49,8622.18,2909.66,8747.81,0.315615,0.948887,-276.871,-762.79,-0.341191,-0.939994,857.5,0.453429,-1.91898,1.2,0.45,2500,4000,0,1,0.75,2.5
Kalibr,2,1,5326.14,7986.29,5309.99,7848.77,0.560347,0.828258,-311.085,-750.256,-0.383018,-0.923741,857.5,0.453429,-1.96386,1.2,0.45,2500,4000,0,1,0.75,2.5
Geran2,3,0,5061.2,8415.86,4995.03,8347.61,0.513472,0.858106,307.52,-266.636,0.755544,-0.655098,416.667,9.57307e-009,-0.714312,2.8,1.1,9000,5000,1,1,0.5,2.5
Kinzhal,4,2,4707.95,6521.13,4638.37,6552.29,0.577782,0.816191,614.658,-998.523,0.52421,-0.851589,1250,0.857143,-1.01901,2.4,0.12,7500,2000,2,4,1,2.5
Kalibr,5,1,5337.1,6617.19,5240.98,6626.01,0.620367,0.784312,719.071,-387.086,0.880526,-0.473999,857.5,0.453429,-0.493827,1.2,0.45,9000,5000,1,2,0.75,2.5
Kinzhal,6,2,3108.84,6332.36,2960.36,6432.59,0.418065,0.908417,-168.483,-1159.68,-0.143775,-0.98961,1250,0.857143,-1.71507,2.4,0.12,2500,4000,0,2,1,2.5
Kalibr,7,1,4075.88,6913.11,4008.63,6702.41,0.513289,0.858216,667.837,-461.876,0.822465,-0.568816,857.5,0.453429,-0.605065,1.2,0.45,9000,5000,1,2,0.75,2.5
Kalibr,8,1,5378.99,6922.89,5200.62,6901.1,0.601835,0.798621,-561.958,-596.288,-0.685848,-0.727745,857.5,0.453429,-2.32656,1.2,0.45,2500,4000,0,1,0.75,2.5
Kinzhal,9,2,8353.37,5760.47,8181.33,5847.69,0.813551,0.581494,759.914,-893.238,0.647976,-0.761661,1250,0.857143,-0.865872,2.4,0.12,9000,5000,1,3,1,2.5
Geran2,10,0,5277.83,7207.93,5301.18,7265.56,0.589417,0.807829,-266.401,-307.715,-0.65453,-0.756036,416.667,9.57307e-009,-2.28436,2.8,1.1,2500,4000,0,0,0.5,2.5
Geran2,11,0,5200.24,7918.54,5078.42,8021.92,0.534892,0.84492,321.805,-247.014,0.793253,-0.608892,416.667,9.57307e-009,-0.654663,2.8,1.1,9000,5000,1,1,0.5,2.5
Kinzhal,12,2,7978.98,7858.97,7897.33,8233.32,0.692228,0.721679,693.886,-944.332,0.592127,-0.805845,1250,0.857143,-0.937101,2.4,0.12,9000,5000,1,3,1,2.5
Kinzhal,13,2,7134.87,6678.12,7160.21,6848.62,0.722656,0.691208,676.258,-957.036,0.577084,-0.816685,1250,0.857143,-0.955643,2.4,0.12,9000,5000,1,3,1,2.5
Kalibr,14,1,5091.88,8404.22,5143.7,8413.35,0.521613,0.853182,640.913,-508.255,0.78353,-0.621353,857.5,0.453429,-0.670469,1.2,0.45,9000,5000,1,2,0.75,2.5
Kalibr,15,1,5035.06,6728.19,4984.89,6879,0.586784,0.809743,-555.172,-603.469,-0.677044,-0.735943,857.5,0.453429,-2.31453,1.2,0.45,2500,4000,0,1,0.75,2.5
Geran2,16,0,5261.67,7694.18,5158.58,7783.47,0.552444,0.83355,148.394,-377.793,0.3656,-0.930772,416.667,9.57307e-009,-1.19652,2.8,1.1,7500,2000,2,2,0.5,2.5
Kalibr,17,1,4509.17,7333.79,4576.72,7229.2,0.534904,0.844913,-401.075,-713.967,-0.489768,-0.871853,857.5,0.453429,-2.08262,1.2,0.45,2500,4000,0,1,0.75,2.5
Kinzhal,18,2,7297.97,6952.46,7137.13,6857.98,0.721067,0.692865,851.748,-804.839,0.726838,-0.686809,1250,0.857143,-0.757089,2.4,0.12,9000,5000,1,3,1,2.5
Kinzhal,19,2,4013.84,7271.03,4189.76,7277.88,0.498917,0.86665,-492.876,-1064.09,-0.420293,-0.907389,1250,0.857143,-2.00456,2.4,0.12,2500,4000,0,2,1,2.5
Geran2,20,0,5626.07,7706,5654.61,7804.77,0.586706,0.8098,317,-254.14,0.78022,-0.625505,416.667,9.57307e-009,-0.675779,2.8,1.1,9000,5000,1,1,0.5,2.5
Kalibr,21,1,5527.13,7141.61,5599.45,7043.51,0.622296,0.782782,653.897,-488.436,0.801167,-0.598441,857.5,0.453429,-0.641554,1.2,0.45,9000,5000,1,2,0.75,2.5
Kinzhal,22,2,6091.6,5536.05,6107.11,5550.44,0.740029,0.672575,434.04,-1089.49,0.370098,-0.928993,1250,0.857143,-1.19168,2.4,0.12,7500,2000,2,4,1,2.5
Kinzhal,23,2,4230.62,5548.82,4244.89,5504.16,0.610697,0.791864,-648.632,-975.97,-0.55351,-0.832843,1250,0.857143,-2.15737,2.4,0.12,2500,4000,0,2,1,2.5
Geran2,24,0,6244.66,8596.35,5999.39,8804.02,0.563122,0.826374,76.1637,-400.274,0.186925,-0.982374,416.667,9.57307e-009,-1.38277,2.8,1.1,7500,2000,2,2,0.5,2.5
Geran2,25,0,3733.17,8866.45,3634.24,8795.65,0.381873,0.924215,195.834,-357.042,0.480901,-0.876775,416.667,9.57307e-009,-1.06911,2.8,1.1,7500,2000,2,2,0.5,2.5
Kalibr,26,1,3662.54,6937.13,3534.69,6900.03,0.45593,0.890016,-331.091,-748.587,-0.404491,-0.914542,857.5,0.453429,-1.98722,1.2,0.45,2500,4000,0,1,0.75,2.5
Kalibr,27,1,4554.07,6845.03,4770.65,6717.43,0.579025,0.81531,421.753,-703.187,0.514353,-0.857579,857.5,0.453429,-1.03054,1.2,0.45,7500,2000,2,3,0.75,2.5
Kinzhal,28,2,6007.35,7735.02,6081.61,7795.43,0.615106,0.788444,865.653,-791.231,0.738124,-0.674666,1250,0.857143,-0.740511,2.4,0.12,9000,5000,1,3,1,2.5
Kinzhal,29,2,6954.61,8469.11,6961,8654.76,0.626735,0.779233,908.969,-739.605,0.775668,-0.631141,1250,0.857143,-0.683024,2.4,0.12,9000,5000,1,3,1,2.5
Kinzhal,30,2,5519.81,6155.76,5484.48,6177.71,0.663902,0.747819,911.042,-737.051,0.777436,-0.628962,1250,0.857143,-0.680217,2.4,0.12,9000,5000,1,3,1,2.5
Kalibr,31,1,3202.49,7453.15,3105.8,7429.94,0.385673,0.922636,-301.732,-755.257,-0.370998,-0.928634,857.5,0.453429,-1.95088,1.2,0.45,2500,4000,0,1,0.75,2.5
Kinzhal,32,2,5066.92,7198.4,4961.06,7300.63,0.562049,0.827104,497.086,-1062.22,0.423855,-0.90573,1250,0.857143,-1.1331,2.4,0.12,7500,2000,2,4,1,2.5
Kinzhal,33,2,7829.51,6368.65,7781.82,6438.58,0.77047,0.637477,765.829,-887.734,0.653204,-0.757182,1250,0.857143,-0.858988,2.4,0.12,9000,5000,1,3,1,2.5
Kinzhal,34,2,7028.23,6497.01,7253.65,6492.48,0.74512,0.66693,422.007,-1093.23,0.360119,-0.932907,1250,0.857143,-1.2024,2.4,0.12,7500,2000,2,4,1,2.5
Geran2,35,0,5551.61,7399.14,5659.35,7587.75,0.597871,0.801593,-271.381,-302.405,-0.667898,-0.744252,416.667,9.57307e-009,-2.30218,2.8,1.1,2500,4000,0,0,0.5,2.5
Kalibr,36,1,6780.13,6441.59,6677.9,6536.99,0.714606,0.699527,124.82,-810.382,0.152231,-0.988345,857.5,0.453429,-1.41797,1.2,0.45,7500,2000,2,3,0.75,2.5
Geran2,37,0,4038.87,7185.86,4074.2,7258.74,0.489454,0.872029,-176.144,-365.055,-0.43457,-0.900638,416.667,9.57307e-009,-2.02036,2.8,1.1,2500,4000,0,0,0.5,2.5
Kinzhal,38,2,4624.58,5580.94,4661.63,5570.28,0.641786,0.766884,570.126,-1023.82,0.486516,-0.873671,1250,0.857143,-1.0627,2.4,0.12,7500,2000,2,4,1,2.5
Geran2,39,0,3923.24,7799.84,4237.25,7796.88,0.477498,0.878633,-142.594,-380.476,-0.350942,-0.936397,416.667,9.57307e-009,-1.92937,2.8,1.1,2500,4000,0,0,0.5,2.5
Geran2,40,0,5714.15,8129.62,5893.68,8234.67,0.582008,0.813183,-249.943,-321.203,-0.614122,-0.789211,416.667,9.57307e-009,-2.23207,2.8,1.1,2500,4000,0,0,0.5,2.5
Geran2,41,0,5483.3,7995.72,5666.72,8036.09,0.576289,0.817246,-243.671,-326.314,-0.598325,-0.801253,416.667,9.57307e-009,-2.21221,2.8,1.1,2500,4000,0,0,0.5,2.5
Kinzhal,42,2,6774.43,5965.9,6853.01,5967.41,0.754154,0.656697,208.832,-1153.77,0.178106,-0.984011,1250,0.857143,-1.39173,2.4,0.12,7500,2000,2,4,1,2.5
Geran2,43,0,3090.06,7920.47,3043.18,7990.16,0.355924,0.934515,-60.6228,-402.505,-0.148934,-0.988847,416.667,9.57307e-009,-1.72029,2.8,1.1,2500,4000,0,0,0.5,2.5
Kinzhal,44,2,4334.47,6246.71,4257.12,6248.2,0.563065,0.826413,656.453,-970.727,0.560183,-0.828369,1250,0.857143,-0.97619,2.4,0.12,7500,2000,2,4,1,2.5
Geran2,45,0,3111.28,8069.27,3034.89,8222.07,0.346279,0.938132,-60.5242,-402.679,-0.148634,-0.988892,416.667,9.57307e-009,-1.71998,2.8,1.1,2500,4000,0,0,0.5,2.5
Geran2,46,0,4015.68,7689.5,3977.99,7738.69,0.457174,0.889377,-154.491,-375.865,-0.380167,-0.924918,416.667,9.57307e-009,-1.96077,2.8,1.1,2500,4000,0,0,0.5,2.5
Kinzhal,47,2,7018.54,6317.72,6920.94,6366.78,0.735957,0.677029,130.226,-1165.46,0.111047,-0.993815,1250,0.857143,-1.45952,2.4,0.12,7500,2000,2,4,1,2.5
Kinzhal,48,2,3686.07,6759.75,3567.54,6840.01,0.462448,0.886646,403.922,-1100.04,0.344687,-0.938718,1250,0.857143,-1.21889,2.4,0.12,7500,2000,2,4,1,2.5
Kinzhal,49,2,6191.06,7286.45,6164.64,7361.13,0.642049,0.766664,571.11,-1023.27,0.487356,-0.873204,1250,0.857143,-1.06174,2.4,0.12,7500,2000,2,4,1,2.5
Geran2,50,0,4964.57,7302.83,4981.4,7360.39,0.560487,0.828163,-242.485,-324.665,-0.598399,-0.801199,416.667,9.57307e-009,-2.2123,2.8,1.1,2500,4000,0,0,0.5,2.5
Kalibr,1,1,2841.3,8545.05,2937.66,8576.73,0.324035,0.946045,-251.988,-771.334,-0.310539,-0.950561,857.5,0.453429,-1.88656,1.2,0.45,2500,4000,0,1,0.75,2.6
Kalibr,2,1,5293.02,7912.12,5243.36,7935.13,0.551294,0.834311,-331.204,-741.633,-0.407772,-0.913084,857.5,0.453429,-1.99081,1.2,0.45,2500,4000,0,1,0.75,2.6
Geran2,3,0,5091.95,8389.2,4945.84,8363.27,0.509027,0.86075,307.47,-266.608,0.755525,-0.655119,416.667,9.57307e-009,-0.714341,2.8,1.1,9000,5000,1,1,0.5,2.6
Kinzhal,4,2,4769.41,6421.35,4694.79,6358.51,0.593984,0.804477,614.65,-997.732,0.524506,-0.851406,1250,0.857143,-1.01866,2.4,0.12,7500,2000,2,4,1,2.6
Kalibr,5,1,5409.36,6579.17,5543.42,6483.2,0.649871,0.760044,722.59,-380.258,0.884945,-0.465696,857.5,0.453429,-0.484421,1.2,0.45,9000,5000,1,2,0.75,2.6
Kinzhal,6,2,3090.52,6216.69,3272.13,6376.05,0.456577,0.889684,-183.289,-1156.71,-0.156504,-0.987677,1250,0.857143,-1.72795,2.4,0.12,2500,4000,0,2,1,2.6
Kalibr,7,1,4143.95,6868.82,4149.31,6959.03,0.512125,0.858911,680.64,-442.835,0.838208,-0.545351,857.5,0.453429,-0.576808,1.2,0.45,9000,5000,1,2,0.75,2.6
Kalibr,8,1,5322.65,6863.43,5406.72,6884.94,0.617618,0.786478,-563.329,-594.568,-0.68778,-0.725919,857.5,0.453429,-2.32922,1.2,0.45,2500,4000,0,1,0.75,2.6
Kinzhal,9,2,8429.31,5671.19,8474.46,5663.89,0.831405,0.555668,759.408,-892.754,0.647929,-0.7617,1250,0.857143,-0.865933,2.4,0.12,9000,5000,1,3,1,2.6
Geran2,10,0,5251.2,7177.17,5079.73,7224.61,0.575171,0.818033,-266.374,-307.665,-0.654553,-0.756016,416.667,9.57307e-009,-2.28439,2.8,1.1,2500,4000,0,0,0.5,2.6
Geran2,11,0,5232.43,7893.83,5214.74,7965.7,0.54772,0.836662,321.828,-247.077,0.7932,-0.608961,416.667,9.57307e-009,-0.654751,2.8,1.1,9000,5000,1,1,0.5,2.6
Kinzhal,12,2,8047.11,7763.71,8024.03,7685.15,0.722193,0.691692,681.257,-952.61,0.581702,-0.813402,1250,0.857143,-0.949976,2.4,0.12,9000,5000,1,3,1,2.6
Kinzhal,13,2,7203.68,6583.35,7226.55,6568.06,0.740018,0.672587,688.106,-947.675,0.587551,-0.809187,1250,0.857143,-0.942768,2.4,0.12,9000,5000,1,3,1,2.6
Kalibr,14,1,5155.67,8353.05,5114.19,8304.8,0.524361,0.851496,637.925,-511.687,0.780065,-0.625699,857.5,0.453429,-0.676027,1.2,0.45,9000,5000,1,2,0.75,2.6
Kalibr,15,1,4979.53,6667.9,5070.53,6559.18,0.611604,0.791164,-555.289,-602.87,-0.677485,-0.735536,857.5,0.453429,-2.31513,1.2,0.45,2500,4000,0,1,0.75,2.6
Geran2,16,0,5276.51,7656.4,5422.39,7604.68,0.580563,0.814216,148.435,-377.818,0.365667,-0.930746,416.667,9.57307e-009,-1.19645,2.8,1.1,7500,2000,2,2,0.5,2.6
Kalibr,17,1,4468.81,7262.56,4468.03,7204.92,0.527023,0.849851,-403.567,-712.25,-0.492975,-0.870044,857.5,0.453429,-2.0863,1.2,0.45,2500,4000,0,1,0.75,2.6
Kinzhal,18,2,7382.05,6870.94,7435.74,6712.55,0.742282,0.670088,840.805,-815.245,0.717935,-0.69611,1250,0.857143,-0.769965,2.4,0.12,9000,5000,1,3,1,2.6
Kinzhal,19,2,3964.59,7164.68,3989.73,7288.58,0.480163,0.877179,-492.503,-1063.5,-0.420223,-0.907421,1250,0.857143,-2.00449,2.4,0.12,2500,4000,0,2,1,2.6
Geran2,20,0,5657.77,7680.58,5579.98,7619.58,0.590832,0.806795,316.989,-254.161,0.780185,-0.625549,416.667,9.57307e-009,-0.675835,2.8,1.1,9000,5000,1,1,0.5,2.6
Kalibr,21,1,5593.04,7093.47,5624.69,7190.73,0.616115,0.787656,659.037,-481.356,0.807536,-0.589819,857.5,0.453429,-0.630834,1.2,0.45,9000,5000,1,2,0.75,2.6
Kinzhal,22,2,6134.97,5427.16,6023.94,5462.26,0.740799,0.671726,433.762,-1088.85,0.370081,-0.928999,1250,0.857143,-1.1917,2.4,0.12,7500,2000,2,4,1,2.6
Kinzhal,23,2,4164.54,5452.12,4232.65,5361.09,0.619664,0.784867,-660.744,-966.952,-0.564187,-0.825647,1250,0.857143,-2.17024,2.4,0.12,2500,4000,0,2,1,2.6
Geran2,24,0,6252.28,8556.33,6274.45,8599.99,0.589395,0.807845,76.1494,-400.182,0.186933,-0.982373,416.667,9.57307e-009,-1.38276,2.8,1.1,7500,2000,2,2,0.5,2.6
Geran2,25,0,3752.76,8830.75,3689.08,8951.78,0.381019,0.924567,195.806,-356.974,0.480919,-0.876765,416.667,9.57307e-009,-1.06909,2.8,1.1,7500,2000,2,2,0.5,2.6
Kalibr,26,1,3629.8,6862.13,3661.81,6617.41,0.484174,0.874972,-327.424,-749.933,-0.40013,-0.916458,857.5,0.453429,-1.98245,1.2,0.45,2500,4000,0,1,0.75,2.6
Kalibr,27,1,4596.28,6774.77,4561.98,6672.64,0.564388,0.825509,422.08,-702.571,0.514978,-0.857203,857.5,0.453429,-1.02981,1.2,0.45,7500,2000,2,3,0.75,2.6
Kinzhal,28,2,6093.87,7655.94,6139.17,7665.33,0.625124,0.780525,865.149,-790.746,0.738134,-0.674654,1250,0.857143,-0.740496,2.4,0.12,9000,5000,1,3,1,2.6
Kinzhal,29,2,7044.49,8394.03,7050.68,8250.44,0.649668,0.760218,898.827,-750.792,0.767477,-0.641076,1250,0.857143,-0.695899,2.4,0.12,9000,5000,1,3,1,2.6
Kinzhal,30,2,5611.8,6083.28,5815.62,6100.48,0.690007,0.723803,919.898,-724.821,0.78547,-0.6189,1250,0.857143,-0.667341,2.4,0.12,9000,5000,1,3,1,2.6
Kalibr,31,1,3173.95,7376.98,3129.83,7318.43,0.393215,0.919447,-285.352,-761.641,-0.35084,-0.936436,857.5,0.453429,-1.92926,1.2,0.45,2500,4000,0,1,0.75,2.6
Kinzhal,32,2,5116.6,7092.24,5107.7,7158.95,0.580799,0.814047,496.805,-1061.58,0.423868,-0.905724,1250,0.857143,-1.13308,2.4,0.12,7500,2000,2,4,1,2.6
Kinzhal,33,2,7905.96,6279.85,7756.69,6309.61,0.775757,0.631032,764.473,-888.022,0.652419,-0.757858,1250,0.857143,-0.860024,2.4,0.12,9000,5000,1,3,1,2.6
Kinzhal,34,2,7068.99,6387.22,6926.39,6249.77,0.74244,0.669913,407.649,-1097.91,0.348078,-0.937466,1250,0.857143,-1.21528,2.4,0.12,7500,2000,2,4,1,2.6
Geran2,35,0,5524.47,7368.9,5696.93,7419.59,0.609009,0.793163,-271.398,-302.392,-0.667939,-0.744216,416.667,9.57307e-009,-2.30223,2.8,1.1,2500,4000,0,0,0.5,2.6
Kalibr,36,1,6792.68,6360.6,6796.5,6302.16,0.733271,0.679937,125.532,-809.911,0.153166,-0.9882,857.5,0.453429,-1.41702,1.2,0.45,7500,2000,2,3,0.75,2.6
Geran2,37,0,4021.25,7149.35,4161.19,7241.24,0.498244,0.867037,-176.224,-365.111,-0.434676,-0.900587,416.667,9.57307e-009,-2.02047,2.8,1.1,2500,4000,0,0,0.5,2.6
Kinzhal,38,2,4682.87,5479.36,4633.09,5401.95,0.651022,0.759059,582.907,-1015.77,0.497725,-0.867335,1250,0.857143,-1.04982,2.4,0.12,7500,2000,2,4,1,2.6
Geran2,39,0,3908.98,7761.79,3812.31,7768.36,0.440557,0.897725,-142.574,-380.486,-0.35089,-0.936417,416.667,9.57307e-009,-1.92932,2.8,1.1,2500,4000,0,0,0.5,2.6
Geran2,40,0,5689.16,8097.51,5791.06,8202.42,0.576757,0.816915,-249.919,-321.153,-0.614146,-0.789193,416.667,9.57307e-009,-2.2321,2.8,1.1,2500,4000,0,0,0.5,2.6
Geran2,41,0,5458.94,7963.1,5461.44,7853.47,0.570935,0.820996,-243.619,-326.258,-0.598309,-0.801266,416.667,9.57307e-009,-2.21219,2.8,1.1,2500,4000,0,0,0.5,2.6
Kinzhal,42,2,6795.35,5850.6,6850.26,5703.33,0.768509,0.639839,209.238,-1153.01,0.178555,-0.98393,1250,0.857143,-1.39128,2.4,0.12,7500,2000,2,4,1,2.6
Geran2,43,0,3084,7880.23,3226.26,7978.61,0.374876,0.927075,-60.6023,-402.449,-0.148905,-0.988852,416.667,9.57307e-009,-1.72026,2.8,1.1,2500,4000,0,0,0.5,2.6
Kinzhal,44,2,4401.15,6150.43,4430.17,6119.79,0.586389,0.81003,666.79,-962.823,0.569337,-0.822104,1250,0.857143,-0.965097,2.4,0.12,7500,2000,2,4,1,2.6
Geran2,45,0,3105.23,8029.01,3191.86,7981.89,0.371301,0.928512,-60.504,-402.609,-0.148611,-0.988896,416.667,9.57307e-009,-1.71996,2.8,1.1,2500,4000,0,0,0.5,2.6
Geran2,46,0,4000.23,7651.91,4016.09,7860.93,0.454957,0.890514,-154.47,-375.871,-0.380118,-0.924938,416.667,9.57307e-009,-1.96072,2.8,1.1,2500,4000,0,0,0.5,2.6
Kinzhal,47,2,7031.54,6201.24,6992.07,6282.15,0.743861,0.668334,130.086,-1164.78,0.110993,-0.993821,1250,0.857143,-1.45957,2.4,0.12,7500,2000,2,4,1,2.6
Kinzhal,48,2,3727.85,6650.35,3831.19,6599.46,0.502061,0.864832,417.799,-1094.08,0.356744,-0.934202,1250,0.857143,-1.20602,2.4,0.12,7500,2000,2,4,1,2.6
Kinzhal,49,2,6246.82,7183.46,6237.55,7309.52,0.649125,0.760682,557.55,-1029.91,0.476073,-0.879406,1250,0.857143,-1.07461,2.4,0.12,7500,2000,2,4,1,2.6
Geran2,50,0,4940.32,7270.35,4989.4,7164.58,0.571477,0.820618,-242.502,-324.77,-0.5983,-0.801272,416.667,9.57307e-009,-2.21217,2.8,1.1,2500,4000,0,0,0.5,2.6
Kalibr,1,1,2818.34,8467.21,2906.56,8530.2,0.322529,0.94656,-229.517,-778.372,-0.282829,-0.95917,857.5,0.453429,-1.85754,1.2,0.45,2500,4000,0,1,0.75,2.7
Kalibr,2,1,5258.12,7838.77,5296.18,7824.76,0.560524,0.828138,-349.018,-733.517,-0.429657,-0.902992,857.5,0.453429,-2.01491,1.2,0.45,2500,4000,0,1,0.75,2.7
Geran2,3,0,5122.69,8362.54,5194.08,8328.78,0.529163,0.84852,307.425,-266.581,0.755512,-0.655135,416.667,9.57307e-009,-0.714361,2.8,1.1,9000,5000,1,1,0.5,2.7
Kinzhal,4,2,4830.87,6321.65,4789.6,6402.13,0.599039,0.80072,614.596,-997.042,0.524736,-0.851265,1250,0.857143,-1.01839,2.4,0.12,7500,2000,2,4,1,2.7
Kalibr,5,1,5481.93,6541.76,5432.81,6671.81,0.63143,0.775433,725.7,-374.104,0.888846,-0.458207,857.5,0.453429,-0.475977,1.2,0.45,9000,5000,1,2,0.75,2.7
Kinzhal,6,2,3070.71,6101.33,3313.89,6175.27,0.472854,0.881141,-198.067,-1153.62,-0.169215,-0.985579,1250,0.857143,-1.74083,2.4,0.12,2500,4000,0,2,1,2.7
Kalibr,7,1,4213.11,6826.27,3989.47,6992.77,0.49554,0.868585,691.672,-425.564,0.851702,-0.524026,857.5,0.453429,-0.551571,1.2,0.45,9000,5000,1,2,0.75,2.7
Kalibr,8,1,5266.2,6804.13,5175.7,6742.37,0.608917,0.793234,-564.552,-593.018,-0.68951,-0.724276,857.5,0.453429,-2.33161,1.2,0.45,2500,4000,0,1,0.75,2.7
Kinzhal,9,2,8505.21,5581.96,8422.67,5652.8,0.830332,0.55727,758.951,-892.312,0.647889,-0.761734,1250,0.857143,-0.865986,2.4,0.12,9000,5000,1,3,1,2.7
Geran2,10,0,5224.56,7146.41,5102.46,7142.37,0.581296,0.813692,-266.347,-307.62,-0.654569,-0.756002,416.667,9.57307e-009,-2.28441,2.8,1.1,2500,4000,0,0,0.5,2.7
Geran2,11,0,5264.61,7869.12,5226.83,7690.15,0.562128,0.82705,321.853,-247.128,0.793161,-0.609012,416.667,9.57307e-009,-0.654814,2.8,1.1,9000,5000,1,1,0.5,2.7
Kinzhal,12,2,8113.97,7667.63,8133.67,7755.06,0.723751,0.690061,668.56,-960.779,0.571175,-0.820828,1250,0.857143,-0.96286,2.4,0.12,9000,5000,1,3,1,2.7
Kinzhal,13,2,7273.66,6489.53,7316.4,6404.07,0.752463,0.658634,699.873,-938.214,0.597927,-0.801551,1250,0.857143,-0.929884,2.4,0.12,9000,5000,1,3,1,2.7
Kalibr,14,1,5219.19,8301.58,5179.93,8321.95,0.528436,0.848973,635.239,-514.738,0.776948,-0.629565,857.5,0.453429,-0.680993,1.2,0.45,9000,5000,1,2,0.75,2.7
Kalibr,15,1,4923.99,6607.67,4843.06,6595.1,0.591892,0.806017,-555.391,-602.327,-0.677882,-0.73517,857.5,0.453429,-2.31567,1.2,0.45,2500,4000,0,1,0.75,2.7
Geran2,16,0,5291.36,7618.61,5302.94,7624.88,0.570968,0.820972,148.468,-377.842,0.365717,-0.930726,416.667,9.57307e-009,-1.19639,2.8,1.1,7500,2000,2,2,0.5,2.7
Kalibr,17,1,4428.23,7191.49,4629.23,6979.51,0.552733,0.833358,-405.799,-710.697,-0.49585,-0.868408,857.5,0.453429,-2.08961,1.2,0.45,2500,4000,0,1,0.75,2.7
Kinzhal,18,2,7465.02,6788.38,7669.69,6913.51,0.742774,0.669542,829.776,-825.555,0.708908,-0.705301,1250,0.857143,-0.782848,2.4,0.12,9000,5000,1,3,1,2.7
Kinzhal,19,2,3915.37,7058.38,3929.18,7283.51,0.474782,0.880103,-492.175,-1062.96,-0.420168,-0.907446,1250,0.857143,-2.00443,2.4,0.12,2500,4000,0,2,1,2.7
Geran2,20,0,5689.47,7655.17,5743.18,7491.12,0.608431,0.793607,316.982,-254.176,0.780159,-0.625581,416.667,9.57307e-009,-0.675876,2.8,1.1,9000,5000,1,1,0.5,2.7
Kalibr,21,1,5659.4,7045.98,5492.66,7195.38,0.606774,0.794874,663.592,-474.961,0.813173,-0.582022,857.5,0.453429,-0.621214,1.2,0.45,9000,5000,1,2,0.75,2.7
Kinzhal,22,2,6178.32,5318.34,6158.78,5360.46,0.754302,0.656528,433.512,-1088.27,0.370068,-0.929005,1250,0.857143,-1.19171,2.4,0.12,7500,2000,2,4,1,2.7
Kinzhal,23,2,4097.27,5356.34,3879.5,5383.23,0.58466,0.811279,-672.776,-957.831,-0.574777,-0.81831,1250,0.857143,-2.18313,2.4,0.12,2500,4000,0,2,1,2.7
Geran2,24,0,6259.89,8516.32,6266.76,8392.85,0.598295,0.801276,76.1358,-400.098,0.186938,-0.982372,416.667,9.57307e-009,-1.38275,2.8,1.1,7500,2000,2,2,0.5,2.7
Geran2,25,0,3772.33,8795.06,3748.07,8801.76,0.391788,0.920055,195.779,-356.912,0.480932,-0.876758,416.667,9.57307e-009,-1.06908,2.8,1.1,7500,2000,2,2,0.5,2.7
Kalibr,26,1,3597.39,6787.02,3520.83,6842.59,0.457532,0.889193,-324.109,-751.134,-0.396185,-0.918171,857.5,0.453429,-1.97815,1.2,0.45,2500,4000,0,1,0.75,2.7
Kalibr,27,1,4638.52,6704.57,4680.91,6519.18,0.583245,0.812296,422.368,-702.016,0.515536,-0.856868,857.5,0.453429,-1.02916,1.2,0.45,7500,2000,2,3,0.75,2.7
Kinzhal,28,2,6180.33,7576.91,6102.73,7469.07,0.63272,0.77438,864.69,-790.308,0.738142,-0.674645,1250,0.857143,-0.740484,2.4,0.12,9000,5000,1,3,1,2.7
Kinzhal,29,2,7133.35,8317.84,6933.29,8351.43,0.638757,0.769409,888.59,-761.89,0.759155,-0.65091,1250,0.857143,-0.708783,2.4,0.12,9000,5000,1,3,1,2.7
Kinzhal,30,2,5704.66,6012.03,5692.69,6035.31,0.686157,0.727454,928.648,-712.517,0.793378,-0.608729,1250,0.857143,-0.654458,2.4,0.12,9000,5000,1,3,1,2.7
Kalibr,31,1,3146.9,7300.27,3156.41,7101.47,0.40616,0.913802,-270.503,-767.118,-0.332553,-0.943085,857.5,0.453429,-1.90981,1.2,0.45,2500,4000,0,1,0.75,2.7
Kinzhal,32,2,5166.25,6986.14,5176.97,7001.08,0.594558,0.804052,496.548,-1060.99,0.423879,-0.905719,1250,0.857143,-1.13307,2.4,0.12,7500,2000,2,4,1,2.7
Kinzhal,33,2,7982.29,6191.03,8081.91,6248.11,0.791143,0.611632,763.331,-888.205,0.651781,-0.758407,1250,0.857143,-0.860865,2.4,0.12,9000,5000,1,3,1,2.7
Kinzhal,34,2,7108.32,6276.97,7159.69,6242.1,0.753756,0.657154,393.254,-1102.46,0.335971,-0.941872,1250,0.857143,-1.22816,2.4,0.12,7500,2000,2,4,1,2.7
Geran2,35,0,5497.32,7338.66,5598.71,7349.36,0.605989,0.795473,-271.412,-302.382,-0.667968,-0.74419,416.667,9.57307e-009,-2.30227,2.8,1.1,2500,4000,0,0,0.5,2.7
Kalibr,36,1,6805.3,6279.65,6882.35,6263.26,0.739588,0.67306,126.169,-809.482,0.154004,-0.98807,857.5,0.453429,-1.41618,1.2,0.45,7500,2000,2,3,0.75,2.7
Geran2,37,0,4003.62,7112.83,4047.09,7160.68,0.492034,0.870576,-176.289,-365.167,-0.434753,-0.90055,416.667,9.57307e-009,-2.02056,2.8,1.1,2500,4000,0,0,0.5,2.7
Kinzhal,38,2,4742.43,5378.6,4641.57,5210.52,0.665163,0.746698,595.617,-1007.63,0.508857,-0.860851,1250,0.857143,-1.03694,2.4,0.12,7500,2000,2,4,1,2.7
Geran2,39,0,3894.73,7723.75,3898.83,7774.18,0.448293,0.893887,-142.559,-380.494,-0.350852,-0.936431,416.667,9.57307e-009,-1.92928,2.8,1.1,2500,4000,0,0,0.5,2.7
Geran2,40,0,5664.17,8065.4,5816.67,8135.44,0.581611,0.813467,-249.896,-321.108,-0.614162,-0.78918,416.667,9.57307e-009,-2.23212,2.8,1.1,2500,4000,0,0,0.5,2.7
Geran2,41,0,5434.58,7930.48,5323.34,7820.9,0.56268,0.826675,-243.572,-326.206,-0.598297,-0.801274,416.667,9.57307e-009,-2.21217,2.8,1.1,2500,4000,0,0,0.5,2.7
Kinzhal,42,2,6816.3,5735.37,6703.7,5727.36,0.760302,0.64957,209.539,-1152.33,0.178906,-0.983866,1250,0.857143,-1.39092,2.4,0.12,7500,2000,2,4,1,2.7
Geran2,43,0,3077.94,7839.99,3003.3,7797.59,0.359419,0.933176,-60.5857,-402.397,-0.148884,-0.988855,416.667,9.57307e-009,-1.72024,2.8,1.1,2500,4000,0,0,0.5,2.7
Kinzhal,44,2,4468.62,6054.78,4478.86,6171.01,0.587386,0.809307,674.707,-956.564,0.57639,-0.817175,1250,0.857143,-0.956492,2.4,0.12,7500,2000,2,4,1,2.7
Geran2,45,0,3099.18,7988.75,3064.82,8029.5,0.356601,0.934257,-60.4874,-402.545,-0.148594,-0.988898,416.667,9.57307e-009,-1.71994,2.8,1.1,2500,4000,0,0,0.5,2.7
Geran2,46,0,3984.78,7614.32,3900.98,7755.02,0.449375,0.893343,-154.455,-375.874,-0.380083,-0.924952,416.667,9.57307e-009,-1.96068,2.8,1.1,2500,4000,0,0,0.5,2.7
Kinzhal,47,2,7044.54,6084.82,6956.22,6186.57,0.747235,0.664559,129.966,-1164.16,0.11095,-0.993826,1250,0.857143,-1.45962,2.4,0.12,7500,2000,2,4,1,2.7
Kinzhal,48,2,3771.01,6541.54,3712.97,6530.13,0.494278,0.869304,431.622,-1088.01,0.36875,-0.929529,1250,0.857143,-1.19313,2.4,0.12,7500,2000,2,4,1,2.7
Kinzhal,49,2,6301.21,7079.81,6326.35,7114.07,0.664524,0.747267,543.935,-1036.44,0.464704,-0.885466,1250,0.857143,-1.0875,2.4,0.12,7500,2000,2,4,1,2.7
Geran2,50,0,4916.06,7237.86,4875.32,7230.97,0.559033,0.829146,-242.525,-324.861,-0.598229,-0.801325,416.667,9.57307e-009,-2.21209,2.8,1.1,2500,4000,0,0,0.5,2.7
Kalibr,1,1,2797.42,8388.79,2967.69,8375.29,0.333991,0.942576,-209.25,-784.184,-0.257817,-0.966194,857.5,0.453429,-1.83156,1.2,0.45,2500,4000,0,1,0.75,2.8
Kalibr,2,1,5221.64,7766.18,5283.99,7688.13,0.566413,0.824122,-364.808,-725.938,-0.449023,-0.89352,857.5,0.453429,-2.03647,1.2,0.45,2500,4000,0,1,0.75,2.8
Geran2,3,0,5153.43,8335.88,5068.02,8256.19,0.523145,0.852244,307.385,-266.554,0.755502,-0.655146,416.667,9.57307e-009,-0.714376,2.8,1.1,9000,5000,1,1,0.5,2.8
Kinzhal,4,2,4892.33,6222.01,4917.16,6238.74,0.619011,0.785382,614.511,-996.438,0.524914,-0.851155,1250,0.857143,-1.01818,2.4,0.12,7500,2000,2,4,1,2.8
Kalibr,5,1,5554.77,6504.9,5534.41,6457.27,0.650765,0.759279,728.451,-368.556,0.892295,-0.451452,857.5,0.453429,-0.468392,1.2,0.45,9000,5000,1,2,0.75,2.8
Kinzhal,6,2,3049.43,5986.29,3162.18,5923.8,0.470915,0.882178,-212.814,-1150.39,-0.181906,-0.983316,1250,0.857143,-1.75372,2.4,0.12,2500,4000,0,2,1,2.8
Kalibr,7,1,4283.23,6785.27,4291.23,6691.21,0.539844,0.841765,701.202,-409.929,0.863299,-0.504693,857.5,0.453429,-0.529026,1.2,0.45,9000,5000,1,2,0.75,2.8
Kalibr,8,1,5209.63,6744.97,5096.72,6513.62,0.616241,0.787557,-565.645,-591.623,-0.69106,-0.722798,857.5,0.453429,-2.33375,1.2,0.45,2500,4000,0,1,0.75,2.8
Kinzhal,9,2,8581.06,5492.77,8522.14,5471.92,0.841475,0.540296,758.538,-891.909,0.647854,-0.761764,1250,0.857143,-0.866032,2.4,0.12,9000,5000,1,3,1,2.8
Geran2,10,0,5197.93,7115.65,5109.32,6937.68,0.593,0.805203,-266.321,-307.581,-0.654581,-0.755992,416.667,9.57307e-009,-2.28442,2.8,1.1,2500,4000,0,0,0.5,2.8
Geran2,11,0,5296.8,7844.4,5334.39,7914.33,0.558912,0.829227,321.879,-247.172,0.793133,-0.609049,416.667,9.57307e-009,-0.654861,2.8,1.1,9000,5000,1,1,0.5,2.8
Kinzhal,12,2,8179.54,7570.75,8039.67,7498.52,0.73129,0.682067,655.791,-968.832,0.560547,-0.828123,1250,0.857143,-0.97575,2.4,0.12,9000,5000,1,3,1,2.8
Kinzhal,13,2,7344.82,6396.67,7310.64,6480.06,0.748338,0.663318,711.552,-928.65,0.608209,-0.793777,1250,0.857143,-0.916994,2.4,0.12,9000,5000,1,3,1,2.8
Kalibr,14,1,5282.48,8249.83,5393.05,8221.92,0.548473,0.836168,632.824,-517.452,0.774145,-0.633008,857.5,0.453429,-0.685433,1.2,0.45,9000,5000,1,2,0.75,2.8
Kalibr,15,1,4868.44,6547.48,4914.47,6528.45,0.60142,0.798933,-555.48,-601.836,-0.678239,-0.734841,857.5,0.453429,-2.31616,1.2,0.45,2500,4000,0,1,0.75,2.8
Geran2,16,0,5306.21,7580.83,5203.03,7564.21,0.566724,0.823908,148.494,-377.867,0.365752,-0.930712,416.667,9.57307e-009,-1.19636,2.8,1.1,7500,2000,2,2,0.5,2.8
Kalibr,17,1,4387.45,7120.56,4363.64,7027.56,0.527511,0.849548,-407.798,-709.294,-0.498429,-0.86693,857.5,0.453429,-2.09258,1.2,0.45,2500,4000,0,1,0.75,2.8
Kinzhal,18,2,7546.89,6704.81,7466.11,6761.06,0.741239,0.671241,818.655,-835.763,0.699757,-0.714381,1250,0.857143,-0.795739,2.4,0.12,9000,5000,1,3,1,2.8
Kinzhal,19,2,3866.18,6952.14,3930.72,7065.77,0.486143,0.873879,-491.885,-1062.47,-0.420125,-0.907466,1250,0.857143,-2.00438,2.4,0.12,2500,4000,0,2,1,2.8
Geran2,20,0,5721.17,7629.75,5588.8,7574.53,0.59372,0.804672,316.977,-254.188,0.780141,-0.625604,416.667,9.57307e-009,-0.675905,2.8,1.1,9000,5000,1,1,0.5,2.8
Kalibr,21,1,5726.16,6999.06,5676.98,7027.01,0.628425,0.77787,667.634,-469.186,0.818169,-0.574977,857.5,0.453429,-0.612576,1.2,0.45,9000,5000,1,2,0.75,2.8
Kinzhal,22,2,6221.65,5209.56,6249.89,5130.39,0.772936,0.634484,433.286,-1087.74,0.370058,-0.929009,1250,0.857143,-1.19173,2.4,0.12,7500,2000,2,4,1,2.8
Kinzhal,23,2,4028.79,5261.48,3910.51,5178.86,0.602596,0.798046,-684.723,-948.605,-0.585277,-0.810833,1250,0.857143,-2.19602,2.4,0.12,2500,4000,0,2,1,2.8
Geran2,24,0,6267.5,8476.32,6223.76,8626.05,0.58511,0.810954,76.1228,-400.021,0.186942,-0.982371,416.667,9.57307e-009,-1.38275,2.8,1.1,7500,2000,2,2,0.5,2.8
Geran2,25,0,3791.91,8759.37,3785.95,8826.91,0.394182,0.919032,195.753,-356.855,0.480942,-0.876752,416.667,9.57307e-009,-1.06907,2.8,1.1,7500,2000,2,2,0.5,2.8
Kalibr,26,1,3565.28,6711.8,3524.56,6483.15,0.47763,0.878561,-321.11,-752.205,-0.392614,-0.919703,857.5,0.453429,-1.97427,1.2,0.45,2500,4000,0,1,0.75,2.8
Kalibr,27,1,4680.78,6634.42,4614.24,6815.29,0.560634,0.828064,422.622,-701.514,0.516033,-0.856569,857.5,0.453429,-1.02858,1.2,0.45,7500,2000,2,3,0.75,2.8
Kinzhal,28,2,6266.76,7497.92,6240.48,7500.77,0.63957,0.768733,864.272,-789.911,0.738148,-0.674639,1250,0.857143,-0.740475,2.4,0.12,9000,5000,1,3,1,2.8
Kinzhal,29,2,7221.17,8240.55,7296.65,8177.87,0.665761,0.746166,878.255,-772.893,0.750701,-0.660642,1250,0.857143,-0.721673,2.4,0.12,9000,5000,1,3,1,2.8
Kinzhal,30,2,5798.39,5942.02,5600.88,5947.7,0.685562,0.728014,937.286,-700.137,0.801159,-0.598452,1250,0.857143,-0.641567,2.4,0.12,9000,5000,1,3,1,2.8
Kalibr,31,1,3121.2,7223.09,3147.94,7293.97,0.396252,0.918142,-257.048,-771.831,-0.315975,-0.948768,857.5,0.453429,-1.89228,1.2,0.45,2500,4000,0,1,0.75,2.8
Kinzhal,32,2,5215.88,6880.09,5071.84,6907.89,0.591823,0.806068,496.313,-1060.47,0.423887,-0.905715,1250,0.857143,-1.13306,2.4,0.12,7500,2000,2,4,1,2.8
Kinzhal,33,2,8058.52,6102.2,8067.35,6037.21,0.800633,0.599155,762.364,-888.311,0.651261,-0.758854,1250,0.857143,-0.861551,2.4,0.12,9000,5000,1,3,1,2.8
Kinzhal,34,2,7146.2,6166.29,7055.69,6053.94,0.758927,0.651176,378.821,-1106.88,0.323803,-0.946125,1250,0.857143,-1.24105,2.4,0.12,7500,2000,2,4,1,2.8
Geran2,35,0,5470.18,7308.42,5498.58,7363.07,0.598347,0.801237,-271.422,-302.376,-0.66799,-0.74417,416.667,9.57307e-009,-2.3023,2.8,1.1,2500,4000,0,0,0.5,2.8
Kalibr,36,1,6817.97,6198.74,6781.69,6304.5,0.732405,0.68087,126.738,-809.093,0.154755,-0.987953,857.5,0.453429,-1.41542,1.2,0.45,7500,2000,2,3,0.75,2.8
Geran2,37,0,3985.98,7076.31,3843.85,7126.18,0.474739,0.880127,-176.343,-365.221,-0.434809,-0.900523,416.667,9.57307e-009,-2.02062,2.8,1.1,2500,4000,0,0,0.5,2.8
Kinzhal,38,2,4803.25,5278.66,4848.98,5457.28,0.664216,0.747541,608.251,-999.363,0.519912,-0.85422,1250,0.857143,-1.02405,2.4,0.12,7500,2000,2,4,1,2.8
Geran2,39,0,3880.47,7685.7,3768.58,7789.95,0.435491,0.900193,-142.549,-380.5,-0.350824,-0.936441,416.667,9.57307e-009,-1.92925,2.8,1.1,2500,4000,0,0,0.5,2.8
Geran2,40,0,5639.18,8033.29,5868.14,8001.94,0.591367,0.806403,-249.873,-321.068,-0.614175,-0.78917,416.667,9.57307e-009,-2.23214,2.8,1.1,2500,4000,0,0,0.5,2.8
Geran2,41,0,5410.22,7897.86,5386.68,7913.79,0.562689,0.826669,-243.53,-326.157,-0.598288,-0.801281,416.667,9.57307e-009,-2.21216,2.8,1.1,2500,4000,0,0,0.5,2.8
Kinzhal,42,2,6837.28,5620.2,6796.87,5628.27,0.770212,0.637788,209.761,-1151.72,0.17918,-0.983816,1250,0.857143,-1.39064,2.4,0.12,7500,2000,2,4,1,2.8
Geran2,43,0,3071.88,7799.75,3061.24,7550.84,0.375714,0.926736,-60.5722,-402.349,-0.148869,-0.988857,416.667,9.57307e-009,-1.72022,2.8,1.1,2500,4000,0,0,0.5,2.8
Kinzhal,44,2,4536.7,5959.61,4566.11,5879.31,0.613381,0.789787,680.776,-951.611,0.581834,-0.813307,1250,0.857143,-0.949814,2.4,0.12,7500,2000,2,4,1,2.8
Geran2,45,0,3093.13,7948.51,2982.65,7926.27,0.352189,0.935929,-60.4734,-402.486,-0.148582,-0.9889,416.667,9.57307e-009,-1.71993,2.8,1.1,2500,4000,0,0,0.5,2.8
Geran2,46,0,3969.34,7576.74,3829.67,7529.15,0.453368,0.891324,-154.444,-375.877,-0.380057,-0.924963,416.667,9.57307e-009,-1.96065,2.8,1.1,2500,4000,0,0,0.5,2.8
Kinzhal,47,2,7057.53,5968.46,7081.27,5978.41,0.764101,0.645097,129.864,-1163.59,0.110917,-0.99383,1250,0.857143,-1.45965,2.4,0.12,7500,2000,2,4,1,2.8
Kinzhal,48,2,3815.55,6433.36,3812.3,6540.94,0.50355,0.863966,445.387,-1081.82,0.380701,-0.924698,1250,0.857143,-1.18024,2.4,0.12,7500,2000,2,4,1,2.8
Kinzhal,49,2,6354.24,6975.53,6447.71,6857.06,0.685027,0.728518,530.265,-1042.84,0.453251,-0.891383,1250,0.857143,-1.10039,2.4,0.12,7500,2000,2,4,1,2.8
Geran2,50,0,4891.81,7205.37,4859.34,7239.27,0.55733,0.830291,-242.551,-324.94,-0.598177,-0.801364,416.667,9.57307e-009,-2.21202,2.8,1.1,2500,4000,0,0,0.5,2.8
Kalibr,1,1,2778.32,8309.9,2638.56,8256.16,0.304418,0.952538,-190.986,-788.995,-0.235268,-0.971931,857.5,0.453429,-1.80829,1.2,0.45,2500,4000,0,1,0.75,2.9
Kalibr,2,1,5183.76,7694.29,5006.99,7742.05,0.543055,0.839697,-378.815,-718.903,-0.466175,-0.884692,857.5,0.453429,-2.05576,1.2,0.45,2500,4000,0,1,0.75,2.9
Geran2,3,0,5184.16,8309.23,5178.14,8288.24,0.529851,0.848091,307.35,-266.529,0.755495,-0.655155,416.667,9.57307e-009,-0.714387,2.8,1.1,9000,5000,1,1,0.5,2.9
Kinzhal,4,2,4953.77,6122.42,4829.46,6119.1,0.619533,0.784971,614.407,-995.906,0.525053,-0.85107,1250,0.857143,-1.01802,2.4,0.12,7500,2000,2,4,1,2.9
Kalibr,5,1,5627.86,6468.54,5627.01,6476.74,0.655851,0.75489,730.891,-363.556,0.895351,-0.445361,857.5,0.453429,-0.461577,1.2,0.45,9000,5000,1,2,0.75,2.9
Kinzhal,6,2,3026.67,5871.58,3042.77,5901.43,0.45827,0.888813,-227.529,-1147.03,-0.194572,-0.980888,1250,0.857143,-1.76662,2.4,0.12,2500,4000,0,2,1,2.9
Kalibr,7,1,4354.18,6745.69,4333.94,6989.26,0.526992,0.84987,709.457,-395.798,0.873291,-0.487199,857.5,0.453429,-0.50888,1.2,0.45,9000,5000,1,2,0.75,2.9
Kalibr,8,1,5152.97,6685.93,5064.04,6675.79,0.60436,0.796712,-566.621,-590.366,-0.692449,-0.721467,857.5,0.453429,-2.33567,1.2,0.45,2500,4000,0,1,0.75,2.9
Kinzhal,9,2,8656.88,5403.62,8615.49,5522.08,0.841909,0.53962,758.163,-891.542,0.647823,-0.761791,1250,0.857143,-0.866073,2.4,0.12,9000,5000,1,3,1,2.9
Geran2,10,0,5171.3,7084.89,5090.43,7121.24,0.581528,0.813526,-266.296,-307.545,-0.65459,-0.755984,416.667,9.57307e-009,-2.28444,2.8,1.1,2500,4000,0,0,0.5,2.9
Geran2,11,0,5328.99,7819.68,5461.41,7837.79,0.571702,0.820462,321.905,-247.209,0.793112,-0.609075,416.667,9.57307e-009,-0.654894,2.8,1.1,9000,5000,1,1,0.5,2.9
Kinzhal,12,2,8243.84,7473.07,8181.88,7459.44,0.738979,0.673729,642.95,-976.764,0.54982,-0.835283,1250,0.857143,-0.988647,2.4,0.12,9000,5000,1,3,1,2.9
Kinzhal,13,2,7417.13,6304.77,7492.81,6413.33,0.759711,0.650261,723.14,-918.978,0.618395,-0.785867,1250,0.857143,-0.904097,2.4,0.12,9000,5000,1,3,1,2.9
Kalibr,14,1,5345.54,8197.85,5418.01,8253.76,0.548761,0.835979,630.655,-519.868,0.771627,-0.636076,857.5,0.453429,-0.689402,1.2,0.45,9000,5000,1,2,0.75,2.9
Kalibr,15,1,4812.89,6487.34,4924.41,6423.15,0.608431,0.793607,-555.557,-601.392,-0.678561,-0.734544,857.5,0.453429,-2.3166,1.2,0.45,2500,4000,0,1,0.75,2.9
Geran2,16,0,5321.06,7543.04,5487.81,7417.46,0.594765,0.8039,148.516,-377.89,0.365778,-0.930702,416.667,9.57307e-009,-1.19633,2.8,1.1,7500,2000,2,2,0.5,2.9
Kalibr,17,1,4346.49,7049.76,4477.89,7109.64,0.532937,0.846155,-409.591,-708.025,-0.500745,-0.865595,857.5,0.453429,-2.09526,1.2,0.45,2500,4000,0,1,0.75,2.9
Kinzhal,18,2,7627.63,6620.22,7716.39,6710.11,0.754595,0.65619,807.441,-845.867,0.690486,-0.723346,1250,0.857143,-0.808635,2.4,0.12,9000,5000,1,3,1,2.9
Kinzhal,19,2,3817.02,6845.94,3823.69,6884.17,0.48556,0.874203,-491.628,-1062.01,-0.420091,-0.907482,1250,0.857143,-2.00434,2.4,0.12,2500,4000,0,2,1,2.9
Geran2,20,0,5752.86,7604.33,5663.76,7461.81,0.604595,0.796533,316.974,-254.197,0.780127,-0.625621,416.667,9.57307e-009,-0.675927,2.8,1.1,9000,5000,1,1,0.5,2.9
Kalibr,21,1,5793.28,6952.66,5782.11,6981.08,0.637873,0.770142,671.225,-463.973,0.822605,-0.568613,857.5,0.453429,-0.604818,1.2,0.45,9000,5000,1,2,0.75,2.9
Kinzhal,22,2,6264.96,5100.84,6345.48,5204.55,0.773192,0.634171,433.083,-1087.26,0.37005,-0.929012,1250,0.857143,-1.19173,2.4,0.12,7500,2000,2,4,1,2.9
Kinzhal,23,2,3959.14,5167.55,3908.46,5198.12,0.600971,0.799271,-696.583,-939.268,-0.595685,-0.803218,1250,0.857143,-2.20891,2.4,0.12,2500,4000,0,2,1,2.9
Geran2,24,0,6275.11,8436.32,6214.19,8405.76,0.594468,0.804119,76.1106,-399.95,0.186945,-0.98237,416.667,9.57307e-009,-1.38274,2.8,1.1,7500,2000,2,2,0.5,2.9
Geran2,25,0,3811.48,8723.69,3787.02,8624.71,0.40204,0.915622,195.728,-356.804,0.480949,-0.876749,416.667,9.57307e-009,-1.06906,2.8,1.1,7500,2000,2,2,0.5,2.9
Kalibr,26,1,3533.44,6636.48,3618.53,6534.04,0.484467,0.87481,-318.395,-753.163,-0.38938,-0.921077,857.5,0.453429,-1.97075,1.2,0.45,2500,4000,0,1,0.75,2.9
Kalibr,27,1,4723.07,6564.31,4768.28,6531.15,0.589655,0.807655,422.845,-701.062,0.516477,-0.856301,857.5,0.453429,-1.02806,1.2,0.45,7500,2000,2,3,0.75,2.9
Kinzhal,28,2,6353.15,7418.97,6218.18,7377.82,0.644456,0.764642,863.891,-789.551,0.738153,-0.674633,1250,0.857143,-0.740468,2.4,0.12,9000,5000,1,3,1,2.9
Kinzhal,29,2,7307.96,8162.17,7346.85,8319.9,0.661914,0.74958,867.82,-783.799,0.742119,-0.670268,1250,0.857143,-0.73457,2.4,0.12,9000,5000,1,3,1,2.9
Kinzhal,30,2,5892.97,5873.25,6001.85,5893.26,0.713532,0.700622,945.807,-687.678,0.80881,-0.58807,1250,0.857143,-0.628671,2.4,0.12,9000,5000,1,3,1,2.9
Kalibr,31,1,3096.71,7145.5,3118.11,7023.5,0.405764,0.913978,-244.859,-775.9,-0.30095,-0.95364,857.5,0.453429,-1.87649,1.2,0.45,2500,4000,0,1,0.75,2.9
Kinzhal,32,2,5265.49,6774.1,5300.59,6785.05,0.615628,0.788037,496.098,-1059.99,0.423893,-0.905712,1250,0.857143,-1.13306,2.4,0.12,7500,2000,2,4,1,2.9
Kinzhal,33,2,8134.68,6013.36,8269.73,5909.13,0.813632,0.58138,761.539,-888.361,0.650835,-0.75922,1250,0.857143,-0.862113,2.4,0.12,9000,5000,1,3,1,2.9
Kinzhal,34,2,7182.64,6055.17,6946.94,6166.56,0.747863,0.663853,364.349,-1111.17,0.311574,-0.950222,1250,0.857143,-1.25395,2.4,0.12,7500,2000,2,4,1,2.9
Geran2,35,0,5443.04,7278.18,5322.87,7171.12,0.596018,0.802971,-271.429,-302.372,-0.668005,-0.744157,416.667,9.57307e-009,-2.30232,2.8,1.1,2500,4000,0,0,0.5,2.9
Kalibr,36,1,6830.69,6117.86,6763.9,6112.64,0.741922,0.670486,127.247,-808.74,0.155427,-0.987847,857.5,0.453429,-1.41474,1.2,0.45,7500,2000,2,3,0.75,2.9
Geran2,37,0,3968.34,7039.79,3821.19,7104.35,0.473693,0.88069,-176.389,-365.272,-0.43485,-0.900503,416.667,9.57307e-009,-2.02067,2.8,1.1,2500,4000,0,0,0.5,2.9
Kinzhal,38,2,4865.33,5179.57,4813.97,5191.56,0.679938,0.73327,620.807,-990.985,0.530885,-0.847444,1250,0.857143,-1.01115,2.4,0.12,7500,2000,2,4,1,2.9
Geran2,39,0,3866.22,7647.65,3749.33,7543.92,0.445063,0.895499,-142.541,-380.504,-0.350804,-0.936449,416.667,9.57307e-009,-1.92923,2.8,1.1,2500,4000,0,0,0.5,2.9
Geran2,40,0,5614.2,8001.19,5681.07,7919,0.582911,0.812536,-249.851,-321.033,-0.614184,-0.789163,416.667,9.57307e-009,-2.23215,2.8,1.1,2500,4000,0,0,0.5,2.9
Geran2,41,0,5385.88,7865.25,5474.05,8070.05,0.561357,0.827574,-243.492,-326.112,-0.598282,-0.801286,416.667,9.57307e-009,-2.21215,2.8,1.1,2500,4000,0,0,0.5,2.9
Kinzhal,42,2,6858.27,5505.08,6946.76,5640.44,0.776322,0.630336,209.921,-1151.18,0.179395,-0.983777,1250,0.857143,-1.39042,2.4,0.12,7500,2000,2,4,1,2.9
Geran2,43,0,3065.83,7759.52,3196.57,7774.59,0.380269,0.924876,-60.5609,-402.305,-0.148857,-0.988859,416.667,9.57307e-009,-1.72021,2.8,1.1,2500,4000,0,0,0.5,2.9
Kinzhal,44,2,4605.24,5864.85,4685.41,5783.87,0.62946,0.777032,685.43,-947.692,0.586044,-0.810279,1250,0.857143,-0.944628,2.4,0.12,7500,2000,2,4,1,2.9
Geran2,45,0,3087.09,7908.26,2950.69,7806.63,0.35356,0.935412,-60.4616,-402.432,-0.148573,-0.988901,416.667,9.57307e-009,-1.71992,2.8,1.1,2500,4000,0,0,0.5,2.9
Geran2,46,0,3953.9,7539.15,4067.31,7610.78,0.47133,0.881957,-154.435,-375.878,-0.380038,-0.924971,416.667,9.57307e-009,-1.96063,2.8,1.1,2500,4000,0,0,0.5,2.9
Kinzhal,47,2,7070.5,5852.16,6949.61,5794.17,0.768067,0.640369,129.776,-1163.08,0.110892,-0.993833,1250,0.857143,-1.45968,2.4,0.12,7500,2000,2,4,1,2.9
Kinzhal,48,2,3861.46,6325.81,3807.18,6137.89,0.527108,0.849798,459.093,-1075.49,0.392595,-0.919712,1250,0.857143,-1.16735,2.4,0.12,7500,2000,2,4,1,2.9
Kinzhal,49,2,6405.89,6870.62,6371.57,7045.8,0.670728,0.741704,516.537,-1049.11,0.441718,-0.897154,1250,0.857143,-1.11328,2.4,0.12,7500,2000,2,4,1,2.9
Geran2,50,0,4867.55,7172.87,4724.01,7025.96,0.55797,0.829861,-242.579,-325.01,-0.59814,-0.801392,416.667,9.57307e-009,-2.21197,2.8,1.1,2500,4000,0,0,0.5,2.9
Kalibr,1,1,2760.87,8230.6,2751.64,8277.58,0.315448,0.948943,-174.539,-792.989,-0.214957,-0.976623,857.5,0.453429,-1.78744,1.2,0.45,2500,4000,0,1,0.75,3
Kalibr,2,1,5144.63,7623.05,5222.5,7793.7,0.556669,0.830734,-391.253,-712.404,-0.481381,-0.876512,857.5,0.453429,-2.07303,1.2,0.45,2500,4000,0,1,0.75,3
Geran2,3,0,5214.89,8282.58,5241.86,8304.05,0.533789,0.845618,307.317,-266.506,0.75549,-0.655161,416.667,9.57307e-009,-0.714395,2.8,1.1,9000,5000,1,1,0.5,3
Kinzhal,4,2,5015.2,6022.87,5162.54,6053.16,0.648914,0.760862,614.291,-995.436,0.52516,-0.851003,1250,0.857143,-1.01789,2.4,0.12,7500,2000,2,4,1,3
Kalibr,5,1,5701.17,6432.64,5731.11,6386.48,0.667887,0.744262,733.058,-359.048,0.898063,-0.439866,857.5,0.453429,-0.45545,1.2,0.45,9000,5000,1,2,0.75,3
Kinzhal,6,2,3002.45,5757.23,2864.8,5805.68,0.442507,0.896765,-242.209,-1143.53,-0.207211,-0.978296,1250,0.857143,-1.77952,2.4,0.12,2500,4000,0,2,1,3
Kalibr,7,1,4425.84,6707.39,4368.2,6724.65,0.544741,0.838604,716.626,-383.043,0.881922,-0.471395,857.5,0.453429,-0.490872,1.2,0.45,9000,5000,1,2,0.75,3
Kalibr,8,1,5096.22,6627.01,5043.04,6569.07,0.608945,0.793212,-567.493,-589.233,-0.693695,-0.720269,857.5,0.453429,-2.3374,1.2,0.45,2500,4000,0,1,0.75,3
Kinzhal,9,2,8732.66,5314.5,8736.14,5338.36,0.853299,0.521422,757.821,-891.21,0.647794,-0.761816,1250,0.857143,-0.866112,2.4,0.12,9000,5000,1,3,1,3
Geran2,10,0,5144.67,7054.14,5166,7141.66,0.586097,0.810241,-266.273,-307.513,-0.654596,-0.755979,416.667,9.57307e-009,-2.28444,2.8,1.1,2500,4000,0,0,0.5,3
Geran2,11,0,5361.18,7794.96,5264.8,7931.71,0.553026,0.833164,321.931,-247.241,0.793098,-0.609095,416.667,9.57307e-009,-0.654919,2.8,1.1,9000,5000,1,1,0.5,3
Kinzhal,12,2,8306.84,7374.62,8267.2,7248.78,0.751902,0.659276,630.033,-984.571,0.538998,-0.842307,1250,0.857143,-1.00155,2.4,0.12,9000,5000,1,3,1,3
Kinzhal,13,2,7490.6,6213.85,7347.93,6306.39,0.75884,0.651277,734.633,-909.195,0.628484,-0.777823,1250,0.857143,-0.891194,2.4,0.12,9000,5000,1,3,1,3
Kalibr,14,1,5408.41,8145.64,5343.82,8086.23,0.551338,0.834282,628.706,-522.021,0.769364,-0.63881,857.5,0.453429,-0.692951,1.2,0.45,9000,5000,1,2,0.75,3
Kalibr,15,1,4757.32,6427.24,4882.25,6652.6,0.591653,0.806193,-555.624,-600.99,-0.67885,-0.734277,857.5,0.453429,-2.31699,1.2,0.45,2500,4000,0,1,0.75,3
Geran2,16,0,5335.91,7505.25,5208.59,7587.79,0.565937,0.824448,148.533,-377.912,0.365797,-0.930695,416.667,9.57307e-009,-1.19631,2.8,1.1,7500,2000,2,2,0.5,3
Kalibr,17,1,4305.37,6979.07,4334.14,6850.96,0.534629,0.845087,-411.2,-706.878,-0.502825,-0.864388,857.5,0.453429,-2.09766,1.2,0.45,2500,4000,0,1,0.75,3
Kinzhal,18,2,7707.25,6534.64,7773.02,6761.85,0.754476,0.656328,796.131,-855.86,0.681096,-0.732194,1250,0.857143,-0.821538,2.4,0.12,9000,5000,1,3,1,3
Kinzhal,19,2,3767.88,6739.78,3789.56,6678.88,0.493492,0.86975,-491.399,-1061.6,-0.420065,-0.907494,1250,0.857143,-2.00431,2.4,0.12,2500,4000,0,2,1,3
Geran2,20,0,5784.56,7578.91,5696.21,7590.49,0.600225,0.799831,316.973,-254.204,0.780118,-0.625633,416.667,9.57307e-009,-0.675943,2.8,1.1,9000,5000,1,1,0.5,3
Kalibr,21,1,5860.73,6906.73,5923.7,6958.93,0.648195,0.761474,674.421,-459.268,0.82655,-0.562864,857.5,0.453429,-0.597847,1.2,0.45,9000,5000,1,2,0.75,3
Kinzhal,22,2,6308.25,4992.15,6317.07,4921.75,0.78884,0.614599,432.9,-1086.82,0.370043,-0.929015,1250,0.857143,-1.19174,2.4,0.12,7500,2000,2,4,1,3
Kinzhal,23,2,3888.3,5074.57,3892.71,4983.83,0.615554,0.788094,-708.351,-929.818,-0.605999,-0.795465,1250,0.857143,-2.22182,2.4,0.12,2500,4000,0,2,1,3
Geran2,24,0,6282.72,8396.33,6288.96,8406.85,0.599014,0.800739,76.0992,-399.885,0.186948,-0.98237,416.667,9.57307e-009,-1.38274,2.8,1.1,7500,2000,2,2,0.5,3
Geran2,25,0,3831.05,8688.01,3919.75,8737.13,0.409326,0.912388,195.705,-356.758,0.480954,-0.876746,416.667,9.57307e-009,-1.06905,2.8,1.1,7500,2000,2,2,0.5,3
Kalibr,26,1,3501.85,6561.08,3441.59,6595.06,0.462639,0.886547,-315.936,-754.021,-0.386449,-0.922311,857.5,0.453429,-1.96758,1.2,0.45,2500,4000,0,1,0.75,3
Kalibr,27,1,4765.37,6494.24,4778.26,6596.49,0.58663,0.809855,423.041,-700.654,0.516874,-0.856062,857.5,0.453429,-1.0276,1.2,0.45,7500,2000,2,3,0.75,3
Kinzhal,28,2,6439.51,7340.04,6412.17,7111.73,0.669635,0.742691,863.544,-789.225,0.738157,-0.674629,1250,0.857143,-0.740462,2.4,0.12,9000,5000,1,3,1,3
Kinzhal,29,2,7393.68,8082.71,7390.69,7900.68,0.683144,0.730284,857.28,-794.602,0.733409,-0.679787,1250,0.857143,-0.747473,2.4,0.12,9000,5000,1,3,1,3
Kinzhal,30,2,5988.39,5805.73,5978.08,5812.01,0.716995,0.697078,954.206,-675.138,0.81633,-0.577586,1250,0.857143,-0.615768,2.4,0.12,9000,5000,1,3,1,3
Kalibr,31,1,3073.33,7067.56,3250.29,7286.08,0.407398,0.913251,-233.817,-779.422,-0.287337,-0.95783,857.5,0.453429,-1.86224,1.2,0.45,2500,4000,0,1,0.75,3
Kinzhal,32,2,5315.08,6668.14,5425.21,6690.31,0.629846,0.77672,495.902,-1059.56,0.423898,-0.90571,1250,0.857143,-1.13305,2.4,0.12,7500,2000,2,4,1,3
Kinzhal,33,2,8210.76,5924.52,8148.56,5979.58,0.806218,0.591619,760.832,-888.369,0.650482,-0.759522,1250,0.857143,-0.862577,2.4,0.12,9000,5000,1,3,1,3
Kinzhal,34,2,7217.62,5943.64,7211.13,6014.61,0.767942,0.640519,349.837,-1115.32,0.299288,-0.954163,1250,0.857143,-1.26685,2.4,0.12,7500,2000,2,4,1,3
Geran2,35,0,5415.9,7247.95,5370.73,7263.75,0.594525,0.804077,-271.435,-302.369,-0.668016,-0.744146,416.667,9.57307e-009,-2.30234,2.8,1.1,2500,4000,0,0,0.5,3
Kalibr,36,1,6843.46,6037.02,6923.47,6098.84,0.750381,0.661005,127.702,-808.418,0.15603,-0.987752,857.5,0.453429,-1.41413,1.2,0.45,7500,2000,2,3,0.75,3
Geran2,37,0,3950.7,7003.25,3776.06,7080.35,0.470576,0.88236,-176.427,-365.32,-0.43488,-0.900489,416.667,9.57307e-009,-2.0207,2.8,1.1,2500,4000,0,0,0.5,3
Kinzhal,38,2,4928.66,5081.32,5162.9,5067.24,0.713688,0.700464,633.279,-982.486,0.541775,-0.840524,1250,0.857143,-0.998249,2.4,0.12,7500,2000,2,4,1,3
Geran2,39,0,3851.97,7609.59,3964.21,7641.36,0.460502,0.887659,-142.536,-380.508,-0.35079,-0.936454,416.667,9.57307e-009,-1.92921,2.8,1.1,2500,4000,0,0,0.5,3
Geran2,40,0,5589.21,7969.09,5690.87,7971.15,0.581048,0.813869,-249.83,-321.001,-0.61419,-0.789158,416.667,9.57307e-009,-2.23216,2.8,1.1,2500,4000,0,0,0.5,3
Geran2,41,0,5361.53,7832.64,5461.85,7834.12,0.571913,0.820314,-243.458,-326.07,-0.598277,-0.801289,416.667,9.57307e-009,-2.21215,2.8,1.1,2500,4000,0,0,0.5,3
Kinzhal,42,2,6879.28,5390.01,6915.33,5378.63,0.78935,0.613943,210.036,-1150.69,0.179563,-0.983746,1250,0.857143,-1.39025,2.4,0.12,7500,2000,2,4,1,3
Geran2,43,0,3059.77,7719.3,3114.5,7748.47,0.37295,0.927851,-60.5515,-402.265,-0.148849,-0.98886,416.667,9.57307e-009,-1.7202,2.8,1.1,2500,4000,0,0,0.5,3
Kinzhal,44,2,4674.14,5770.39,4681.95,5573.42,0.643215,0.765686,688.997,-944.586,0.589304,-0.807911,1250,0.857143,-0.940599,2.4,0.12,7500,2000,2,4,1,3
Geran2,45,0,3081.04,7868.02,3295.83,7966.78,0.382276,0.924048,-60.4515,-402.383,-0.148567,-0.988902,416.667,9.57307e-009,-1.71991,2.8,1.1,2500,4000,0,0,0.5,3
Geran2,46,0,3938.45,7501.56,3992.13,7573.32,0.466311,0.884621,-154.429,-375.879,-0.380025,-0.924976,416.667,9.57307e-009,-1.96062,2.8,1.1,2500,4000,0,0,0.5,3
Kinzhal,47,2,7083.48,5735.9,7157.94,5704.28,0.782044,0.623224,129.7,-1162.61,0.110871,-0.993835,1250,0.857143,-1.4597,2.4,0.12,7500,2000,2,4,1,3
Kinzhal,48,2,3908.73,6218.91,3966.52,6138.73,0.542711,0.83992,472.736,-1069.04,0.404429,-0.914569,1250,0.857143,-1.15444,2.4,0.12,7500,2000,2,4,1,3
Kinzhal,49,2,6456.17,6765.09,6422.12,6818.35,0.685639,0.727942,502.75,-1055.26,0.430106,-0.902778,1250,0.857143,-1.12619,2.4,0.12,7500,2000,2,4,1,3
Geran2,50,0,4843.29,7140.36,4604.23,7210.2,0.5382,0.842817,-242.608,-325.071,-0.598112,-0.801412,416.667,9.57307e-009,-2.21194,2.8,1.1,2500,4000,0,0,0.5,3
Kalibr,1,1,2744.89,8150.97,2791.34,8059.62,0.327265,0.944933,-159.733,-796.313,-0.196673,-0.980469,857.5,0.453429,-1.76876,1.2,0.45,2500,4000,0,1,0.75,3.1
Kalibr,2,1,5104.4,7552.41,5238.94,7703.79,0.562337,0.826908,-402.309,-706.426,-0.494874,-0.868965,857.5,0.453429,-2.08849,1.2,0.45,2500,4000,0,1,0.75,3.1
Geran2,3,0,5245.62,8255.93,5259.99,8287.67,0.535861,0.844306,307.288,-266.484,0.755486,-0.655165,416.667,9.57307e-009,-0.714401,2.8,1.1,9000,5000,1,1,0.5,3.1
Kinzhal,4,2,5076.61,5923.37,4988.7,5924.6,0.644103,0.764939,614.168,-995.019,0.525244,-0.850952,1250,0.857143,-1.01779,2.4,0.12,7500,2000,2,4,1,3.1
Kalibr,5,1,5774.66,6397.14,5793.21,6575.83,0.661045,0.750347,734.985,-354.983,0.900474,-0.43491,857.5,0.453429,-0.449939,1.2,0.45,9000,5000,1,2,0.75,3.1
Kinzhal,6,2,2976.77,5643.24,2972.08,5692.36,0.462829,0.886448,-256.852,-1139.88,-0.219822,-0.97554,1250,0.857143,-1.79243,2.4,0.12,2500,4000,0,2,1,3.1
Kalibr,7,1,4498.13,6670.24,4488.19,6702.91,0.556379,0.830928,722.868,-371.543,0.889397,-0.457136,857.5,0.453429,-0.474772,1.2,0.45,9000,5000,1,2,0.75,3.1
Kalibr,8,1,5039.39,6568.19,5043.33,6396.59,0.619144,0.785277,-568.274,-588.211,-0.694813,-0.71919,857.5,0.453429,-2.33896,1.2,0.45,2500,4000,0,1,0.75,3.1
Kinzhal,9,2,8808.41,5225.41,8780.29,5149.95,0.862575,0.50593,757.509,-890.91,0.647765,-0.76184,1250,0.857143,-0.866149,2.4,0.12,9000,5000,1,3,1,3.1
Geran2,10,0,5118.05,7023.39,5035.02,6894.34,0.589776,0.807567,-266.252,-307.484,-0.654601,-0.755975,416.667,9.57307e-009,-2.28445,2.8,1.1,2500,4000,0,0,0.5,3.1
Geran2,11,0,5393.38,7770.23,5225.01,7732.07,0.559904,0.828558,321.955,-247.269,0.793087,-0.609109,416.667,9.57307e-009,-0.654936,2.8,1.1,9000,5000,1,1,0.5,3.1
Kinzhal,12,2,8368.55,7275.39,8591.62,7434.13,0.756209,0.65433,617.04,-992.248,0.528081,-0.849194,1250,0.857143,-1.01446,2.4,0.12,9000,5000,1,3,1,3.1
Kinzhal,13,2,7565.2,6123.92,7731.54,6152.65,0.782475,0.622682,746.027,-899.299,0.638471,-0.769646,1250,0.857143,-0.878286,2.4,0.12,9000,5000,1,3,1,3.1
Kalibr,14,1,5471.11,8093.25,5476.69,8148.02,0.557847,0.829944,626.956,-523.939,0.767332,-0.64125,857.5,0.453429,-0.696126,1.2,0.45,9000,5000,1,2,0.75,3.1
Kalibr,15,1,4701.76,6367.18,4723.46,6359.66,0.596254,0.802796,-555.683,-600.625,-0.679111,-0.734036,857.5,0.453429,-2.31735,1.2,0.45,2500,4000,0,1,0.75,3.1
Geran2,16,0,5350.77,7467.45,5268.28,7444.31,0.577669,0.816271,148.548,-377.933,0.36581,-0.93069,416.667,9.57307e-009,-1.19629,2.8,1.1,7500,2000,2,2,0.5,3.1
Kalibr,17,1,4264.11,6908.49,4322.66,6622.29,0.546602,0.837393,-412.645,-705.841,-0.504696,-0.863297,857.5,0.453429,-2.09983,1.2,0.45,2500,4000,0,1,0.75,3.1
Kinzhal,18,2,7785.81,6448.14,8070.8,6517.46,0.778001,0.628264,785.624,-864.942,0.672351,-0.740232,1250,0.857143,-0.833416,2.4,0.12,9000,5000,1,3,1,3.1
Kinzhal,19,2,3718.76,6633.65,3630.54,6572.05,0.483545,0.87532,-491.194,-1061.22,-0.420044,-0.907504,1250,0.857143,-2.00429,2.4,0.12,2500,4000,0,2,1,3.1
Geran2,20,0,5816.26,7553.49,5888.27,7590.97,0.612914,0.79015,316.972,-254.209,0.780111,-0.625642,416.667,9.57307e-009,-0.675954,2.8,1.1,9000,5000,1,1,0.5,3.1
Kalibr,21,1,5928.45,6861.23,5883.98,6836.6,0.652326,0.757938,677.27,-455.02,0.830061,-0.557672,857.5,0.453429,-0.591579,1.2,0.45,9000,5000,1,2,0.75,3.1
Kinzhal,22,2,6351.52,4883.51,6318.08,4773.2,0.797895,0.602796,432.734,-1086.42,0.370038,-0.929017,1250,0.857143,-1.19175,2.4,0.12,7500,2000,2,4,1,3.1
Kinzhal,23,2,3816.3,4982.55,3884.82,5084.42,0.607129,0.794604,-720.023,-920.251,-0.616216,-0.787577,1250,0.857143,-2.23473,2.4,0.12,2500,4000,0,2,1,3.1
Geran2,24,0,6290.33,8356.35,6308.51,8453.83,0.598065,0.801448,76.0886,-399.826,0.186949,-0.98237,416.667,9.57307e-009,-1.38274,2.8,1.1,7500,2000,2,2,0.5,3.1
Geran2,25,0,3850.62,8652.34,3919.74,8645.42,0.412929,0.910763,195.684,-356.715,0.480957,-0.876744,416.667,9.57307e-009,-1.06905,2.8,1.1,7500,2000,2,2,0.5,3.1
Kalibr,26,1,3470.48,6485.6,3455.86,6349.87,0.47803,0.878343,-313.707,-754.791,-0.383792,-0.923419,857.5,0.453429,-1.9647,1.2,0.45,2500,4000,0,1,0.75,3.1
Kalibr,27,1,4807.69,6424.22,4903.46,6559.58,0.598731,0.80095,423.214,-700.285,0.517228,-0.855848,857.5,0.453429,-1.02719,1.2,0.45,7500,2000,2,3,0.75,3.1
Kinzhal,28,2,6525.83,7261.15,6555.98,7298.32,0.66826,0.743928,863.229,-788.93,0.73816,-0.674626,1250,0.857143,-0.740458,2.4,0.12,9000,5000,1,3,1,3.1
Kinzhal,29,2,7478.35,8002.19,7470.65,8063.47,0.679627,0.733557,846.634,-805.298,0.724574,-0.689197,1250,0.857143,-0.760381,2.4,0.12,9000,5000,1,3,1,3.1
Kinzhal,30,2,6084.64,5739.48,6073.75,5764.31,0.725343,0.688388,962.48,-662.517,0.823717,-0.567001,1250,0.857143,-0.60286,2.4,0.12,9000,5000,1,3,1,3.1
Kalibr,31,1,3050.95,6989.31,3147.96,6984.91,0.410881,0.911689,-223.813,-782.482,-0.275002,-0.961444,857.5,0.453429,-1.84939,1.2,0.45,2500,4000,0,1,0.75,3.1
Kinzhal,32,2,5364.66,6562.22,5469.98,6424.27,0.648292,0.761392,495.724,-1059.16,0.423901,-0.905708,1250,0.857143,-1.13305,2.4,0.12,7500,2000,2,4,1,3.1
Kinzhal,33,2,8286.78,5835.69,8361.02,5842.24,0.819714,0.572773,760.222,-888.35,0.650189,-0.759772,1250,0.857143,-0.862963,2.4,0.12,9000,5000,1,3,1,3.1
Kinzhal,34,2,7251.15,5831.7,7214.55,5909.44,0.773609,0.633663,335.286,-1119.32,0.286947,-0.957946,1250,0.857143,-1.27976,2.4,0.12,7500,2000,2,4,1,3.1
Geran2,35,0,5388.75,7217.71,5445.01,7329.17,0.596358,0.802719,-271.439,-302.367,-0.668025,-0.744139,416.667,9.57307e-009,-2.30235,2.8,1.1,2500,4000,0,0,0.5,3.1
Kalibr,36,1,6856.27,5956.21,6890.71,6019.7,0.7531,0.657906,128.11,-808.126,0.156572,-0.987667,857.5,0.453429,-1.41358,1.2,0.45,7500,2000,2,3,0.75,3.1
Geran2,37,0,3933.06,6966.72,3996.41,6915.19,0.500368,0.865813,-176.46,-365.365,-0.434901,-0.900478,416.667,9.57307e-009,-2.02073,2.8,1.1,2500,4000,0,0,0.5,3.1
Kinzhal,38,2,4993.23,4983.93,4796.8,5292.67,0.671544,0.740965,645.665,-973.865,0.552579,-0.833461,1250,0.857143,-0.985341,2.4,0.12,7500,2000,2,4,1,3.1
Geran2,39,0,3837.71,7571.54,3826.14,7671.18,0.446332,0.894868,-142.532,-380.511,-0.350779,-0.936458,416.667,9.57307e-009,-1.9292,2.8,1.1,2500,4000,0,0,0.5,3.1
Geran2,40,0,5564.23,7936.99,5746.88,7873.54,0.589558,0.807726,-249.81,-320.971,-0.614195,-0.789155,416.667,9.57307e-009,-2.23216,2.8,1.1,2500,4000,0,0,0.5,3.1
Geran2,41,0,5337.19,7800.04,5278.65,7866.78,0.557192,0.830384,-243.428,-326.032,-0.598274,-0.801291,416.667,9.57307e-009,-2.21214,2.8,1.1,2500,4000,0,0,0.5,3.1
Kinzhal,42,2,6900.29,5274.99,6876.92,5137.28,0.80114,0.598477,210.115,-1150.25,0.179695,-0.983722,1250,0.857143,-1.39012,2.4,0.12,7500,2000,2,4,1,3.1
Geran2,43,0,3053.72,7679.07,2947.12,7693.2,0.35773,0.933825,-60.5435,-402.228,-0.148844,-0.988861,416.667,9.57307e-009,-1.7202,2.8,1.1,2500,4000,0,0,0.5,3.1
Kinzhal,44,2,4743.31,5676.17,4641.21,5710.84,0.630687,0.776037,691.732,-942.122,0.591832,-0.806061,1250,0.857143,-0.937466,2.4,0.12,7500,2000,2,4,1,3.1
Geran2,45,0,3075,7827.79,3116.56,7739.95,0.373516,0.927624,-60.4427,-402.337,-0.148562,-0.988903,416.667,9.57307e-009,-1.71991,2.8,1.1,2500,4000,0,0,0.5,3.1
Geran2,46,0,3923.01,7463.97,3796.34,7435.78,0.454715,0.890637,-154.424,-375.879,-0.380015,-0.92498,416.667,9.57307e-009,-1.96061,2.8,1.1,2500,4000,0,0,0.5,3.1
Kinzhal,47,2,7096.44,5619.68,7090.93,5587.15,0.785472,0.618897,129.634,-1162.19,0.110856,-0.993836,1250,0.857143,-1.45971,2.4,0.12,7500,2000,2,4,1,3.1
Kinzhal,48,2,3957.36,6112.67,4053.76,6102.05,0.55335,0.832949,486.312,-1062.45,0.4162,-0.909273,1250,0.857143,-1.14153,2.4,0.12,7500,2000,2,4,1,3.1
Kinzhal,49,2,6505.06,6658.97,6558.71,6609.62,0.704368,0.709835,488.903,-1061.26,0.418417,-0.908255,1250,0.857143,-1.13909,2.4,0.12,7500,2000,2,4,1,3.1
Geran2,50,0,4819.03,7107.85,4670.64,7075.66,0.5509,0.834571,-242.636,-325.126,-0.598092,-0.801427,416.667,9.57307e-009,-2.21192,2.8,1.1,2500,4000,0,0,0.5,3.1
Kalibr,1,1,2730.25,8071.06,2724.61,8072.08,0.319809,0.947482,-146.41,-799.089,-0.180221,-0.983626,857.5,0.453429,-1.75201,1.2,0.45,2500,4000,0,1,0.75,3.2
Kalibr,2,1,5063.19,7482.31,5005.15,7444.07,0.557971,0.829861,-412.145,-700.945,-0.50686,-0.862028,857.5,0.453429,-2.10233,1.2,0.45,2500,4000,0,1,0.75,3.2
Geran2,3,0,5276.35,8229.29,5481.41,8259.77,0.552946,0.833217,307.262,-266.463,0.755483,-0.655168,416.667,9.57307e-009,-0.714405,2.8,1.1,9000,5000,1,1,0.5,3.2
Kinzhal,4,2,5138.02,5823.91,5200.05,5928.75,0.659394,0.751798,614.044,-994.648,0.525309,-0.850912,1250,0.857143,-1.01772,2.4,0.12,7500,2000,2,4,1,3.2
Kalibr,5,1,5848.33,6362.01,5872.11,6338.84,0.679583,0.733599,736.702,-351.316,0.90262,-0.430439,857.5,0.453429,-0.444979,1.2,0.45,9000,5000,1,2,0.75,3.2
Kinzhal,6,2,2949.62,5529.64,2736.83,5553.44,0.442052,0.896989,-271.457,-1136.08,-0.2324,-0.97262,1250,0.857143,-1.80534,2.4,0.12,2500,4000,0,2,1,3.2
Kalibr,7,1,4570.96,6634.12,4630.75,6743.27,0.566093,0.824341,728.316,-361.181,0.895887,-0.444282,857.5,0.453429,-0.460373,1.2,0.45,9000,5000,1,2,0.75,3.2
Kalibr,8,1,4982.5,6509.46,5027.63,6396.94,0.617933,0.786231,-568.973,-587.29,-0.695818,-0.718218,857.5,0.453429,-2.34035,1.2,0.45,2500,4000,0,1,0.75,3.2
Kinzhal,9,2,8884.13,5136.34,8907.25,5170.25,0.864861,0.502012,757.22,-890.642,0.647735,-0.761866,1250,0.857143,-0.866188,2.4,0.12,9000,5000,1,3,1,3.2
Geran2,10,0,5091.42,6992.65,5057.9,6833.18,0.594945,0.803766,-266.231,-307.458,-0.654604,-0.755972,416.667,9.57307e-009,-2.28446,2.8,1.1,2500,4000,0,0,0.5,3.2
Geran2,11,0,5425.58,7745.5,5416.72,7748.95,0.572926,0.819607,321.978,-247.293,0.793079,-0.609119,416.667,9.57307e-009,-0.654949,2.8,1.1,9000,5000,1,1,0.5,3.2
Kinzhal,12,2,8428.94,7175.41,8377.55,7228.6,0.757116,0.653281,603.97,-999.792,0.517071,-0.855942,1250,0.857143,-1.02737,2.4,0.12,9000,5000,1,3,1,3.2
Kinzhal,13,2,7640.93,6034.99,7716.03,5825.05,0.798108,0.602515,757.318,-889.288,0.648356,-0.761338,1250,0.857143,-0.865374,2.4,0.12,9000,5000,1,3,1,3.2
Kalibr,14,1,5533.65,8040.69,5440.43,7946.94,0.5649,0.825159,625.383,-525.65,0.765507,-0.643428,857.5,0.453429,-0.698968,1.2,0.45,9000,5000,1,2,0.75,3.2
Kalibr,15,1,4646.18,6307.15,4590.39,6365.54,0.584909,0.811099,-555.734,-600.295,-0.679346,-0.733818,857.5,0.453429,-2.31767,1.2,0.45,2500,4000,0,1,0.75,3.2
Geran2,16,0,5365.62,7429.66,5545.33,7370.27,0.601223,0.799082,148.56,-377.952,0.36582,-0.930686,416.667,9.57307e-009,-1.19628,2.8,1.1,7500,2000,2,2,0.5,3.2
Kalibr,17,1,4222.71,6838,4329.15,6747.29,0.540017,0.841654,-413.943,-704.904,-0.506378,-0.862312,857.5,0.453429,-2.10178,1.2,0.45,2500,4000,0,1,0.75,3.2
Kinzhal,18,2,7863.52,6360.93,7719.06,6304.16,0.77452,0.63255,777.076,-872.152,0.665238,-0.746631,1250,0.857143,-0.842983,2.4,0.12,9000,5000,1,3,1,3.2
Kinzhal,19,2,3669.66,6527.57,3821.36,6407.74,0.512199,0.858867,-491.012,-1060.88,-0.420027,-0.907511,1250,0.857143,-2.00427,2.4,0.12,2500,4000,0,2,1,3.2
Geran2,20,0,5847.95,7528.07,5702.82,7521.13,0.604194,0.796837,316.972,-254.213,0.780105,-0.625648,416.667,9.57307e-009,-0.675962,2.8,1.1,9000,5000,1,1,0.5,3.2
Kalibr,21,1,5996.43,6816.11,6095.32,6773.11,0.668936,0.74332,679.811,-451.186,0.833192,-0.552984,857.5,0.453429,-0.585941,1.2,0.45,9000,5000,1,2,0.75,3.2
Kinzhal,22,2,6394.78,4774.91,6486.19,4792.12,0.804296,0.594229,432.584,-1086.06,0.370034,-0.929018,1250,0.857143,-1.19175,2.4,0.12,7500,2000,2,4,1,3.2
Kinzhal,23,2,3743.14,4891.49,3777.19,4960.58,0.60581,0.795609,-731.596,-910.566,-0.626334,-0.779555,1250,0.857143,-2.24764,2.4,0.12,2500,4000,0,2,1,3.2
Geran2,24,0,6297.94,8316.37,6405.41,8360.14,0.608191,0.793791,76.0788,-399.772,0.18695,-0.982369,416.667,9.57307e-009,-1.38274,2.8,1.1,7500,2000,2,2,0.5,3.2
Geran2,25,0,3870.19,8616.67,3734.02,8597.09,0.398381,0.91722,195.664,-356.677,0.48096,-0.876743,416.667,9.57307e-009,-1.06905,2.8,1.1,7500,2000,2,2,0.5,3.2
Kalibr,26,1,3439.31,6410.05,3410.07,6503.22,0.464394,0.885629,-311.684,-755.483,-0.381381,-0.924418,857.5,0.453429,-1.96209,1.2,0.45,2500,4000,0,1,0.75,3.2
Kalibr,27,1,4850.03,6354.22,4813.07,6312.76,0.60631,0.795228,423.366,-699.952,0.517544,-0.855657,857.5,0.453429,-1.02682,1.2,0.45,7500,2000,2,3,0.75,3.2
Kinzhal,28,2,6612.12,7182.28,6548.11,7248.14,0.670365,0.742031,862.942,-788.662,0.738162,-0.674623,1250,0.857143,-0.740454,2.4,0.12,9000,5000,1,3,1,3.2
Kinzhal,29,2,7561.94,7920.6,7574.68,8194.21,0.678802,0.734321,835.88,-815.885,0.715614,-0.698496,1250,0.857143,-0.773293,2.4,0.12,9000,5000,1,3,1,3.2
Kinzhal,30,2,6181.7,5674.5,6371.76,5750.17,0.742391,0.669967,970.623,-649.812,0.83097,-0.556317,1250,0.857143,-0.589947,2.4,0.12,9000,5000,1,3,1,3.2
Kalibr,31,1,3029.47,6910.79,3019.12,6833.06,0.404149,0.914693,-214.749,-785.148,-0.263824,-0.964571,857.5,0.453429,-1.83778,1.2,0.45,2500,4000,0,1,0.75,3.2
Kinzhal,32,2,5414.21,6456.34,5381.64,6503.33,0.637538,0.770419,495.561,-1058.81,0.423904,-0.905707,1250,0.857143,-1.13304,2.4,0.12,7500,2000,2,4,1,3.2
Kinzhal,33,2,8362.75,5746.86,8377.05,5840.41,0.820313,0.571915,759.691,-888.312,0.649943,-0.759983,1250,0.857143,-0.863287,2.4,0.12,9000,5000,1,3,1,3.2
Kinzhal,34,2,7283.22,5719.39,7319.09,5905.27,0.778269,0.627932,320.695,-1123.17,0.274554,-0.961572,1250,0.857143,-1.29267,2.4,0.12,7500,2000,2,4,1,3.2
Geran2,35,0,5361.61,7187.47,5349.77,7247.75,0.593869,0.804561,-271.442,-302.366,-0.668031,-0.744134,416.667,9.57307e-009,-2.30236,2.8,1.1,2500,4000,0,0,0.5,3.2
Kalibr,36,1,6869.12,5875.42,6787.19,5829.09,0.758621,0.651532,128.475,-807.861,0.157057,-0.98759,857.5,0.453429,-1.41309,1.2,0.45,7500,2000,2,3,0.75,3.2
Geran2,37,0,3915.41,6930.18,3810.58,6988.65,0.478716,0.87797,-176.488,-365.408,-0.434917,-0.90047,416.667,9.57307e-009,-2.02074,2.8,1.1,2500,4000,0,0,0.5,3.2
Kinzhal,38,2,5059.02,4887.42,5007.63,4799.97,0.721917,0.69198,657.962,-965.117,0.563295,-0.826256,1250,0.857143,-0.972429,2.4,0.12,7500,2000,2,4,1,3.2
Geran2,39,0,3823.46,7533.49,3815.21,7491.73,0.4538,0.891104,-142.53,-380.514,-0.350772,-0.936461,416.667,9.57307e-009,-1.92919,2.8,1.1,2500,4000,0,0,0.5,3.2
Geran2,40,0,5539.25,7904.9,5462.25,7919.21,0.567784,0.823178,-249.792,-320.945,-0.614198,-0.789152,416.667,9.57307e-009,-2.23217,2.8,1.1,2500,4000,0,0,0.5,3.2
Geran2,41,0,5312.85,7767.44,5300.43,7851.38,0.559527,0.828812,-243.4,-325.997,-0.598272,-0.801293,416.667,9.57307e-009,-2.21214,2.8,1.1,2500,4000,0,0,0.5,3.2
Kinzhal,42,2,6921.3,5160,6909.91,5049.3,0.807405,0.589998,210.168,-1149.86,0.179799,-0.983703,1250,0.857143,-1.39001,2.4,0.12,7500,2000,2,4,1,3.2
Geran2,43,0,3047.66,7638.85,2830.27,7581.16,0.349751,0.936843,-60.5365,-402.194,-0.148839,-0.988861,416.667,9.57307e-009,-1.72019,2.8,1.1,2500,4000,0,0,0.5,3.2
Kinzhal,44,2,4812.69,5582.16,4684.98,5451.74,0.651758,0.758427,693.825,-940.162,0.593795,-0.804617,1250,0.857143,-0.93503,2.4,0.12,7500,2000,2,4,1,3.2
Geran2,45,0,3068.95,7787.56,3026.24,7924.9,0.356739,0.934204,-60.435,-402.295,-0.148558,-0.988904,416.667,9.57307e-009,-1.71991,2.8,1.1,2500,4000,0,0,0.5,3.2
Geran2,46,0,3907.57,7426.38,3906.73,7431.82,0.465303,0.885151,-154.421,-375.879,-0.380008,-0.924983,416.667,9.57307e-009,-1.9606,2.8,1.1,2500,4000,0,0,0.5,3.2
Kinzhal,47,2,7109.4,5503.5,7151.14,5536.98,0.790691,0.612215,129.577,-1161.81,0.110843,-0.993838,1250,0.857143,-1.45972,2.4,0.12,7500,2000,2,4,1,3.2
Kinzhal,48,2,4007.34,6007.09,4005.69,6001.8,0.555131,0.831763,499.82,-1055.72,0.427906,-0.903823,1250,0.857143,-1.12862,2.4,0.12,7500,2000,2,4,1,3.2
Kinzhal,49,2,6552.56,6552.25,6589.65,6429.32,0.71576,0.698346,474.997,-1067.12,0.406655,-0.913582,1250,0.857143,-1.15201,2.4,0.12,7500,2000,2,4,1,3.2
Geran2,50,0,4794.76,7075.33,4689.07,7135.48,0.549181,0.835703,-242.664,-325.175,-0.598078,-0.801438,416.667,9.57307e-009,-2.2119,2.8,1.1,2500,4000,0,0,0.5,3.2
Kalibr,1,1,2716.81,7990.92,2928.25,8184.46,0.33687,0.941551,-134.422,-801.414,-0.16542,-0.986223,857.5,0.453429,-1.73698,1.2,0.45,2500,4000,0,1,0.75,3.3
Kalibr,2,1,5021.1,7412.72,4906.02,7402.28,0.552451,0.833545,-420.905,-695.932,-0.517517,-0.855673,857.5,0.453429,-2.11474,1.2,0.45,2500,4000,0,1,0.75,3.3
Geran2,3,0,5307.07,8202.64,5270.75,8269.96,0.53746,0.843289,307.238,-266.444,0.755481,-0.655171,416.667,9.57307e-009,-0.714408,2.8,1.1,9000,5000,1,1,0.5,3.3
Kinzhal,4,2,5199.41,5724.48,5239.42,5774.07,0.671989,0.740561,613.922,-994.318,0.525359,-0.85088,1250,0.857143,-1.01766,2.4,0.12,7500,2000,2,4,1,3.3
Kalibr,5,1,5922.16,6327.21,6005.42,6322.87,0.688671,0.725074,738.233,-348.009,0.904533,-0.426404,857.5,0.453429,-0.440513,1.2,0.45,9000,5000,1,2,0.75,3.3
Kinzhal,6,2,2921.08,5416.41,2949.39,5388.05,0.480164,0.877179,-285.431,-1132.28,-0.244437,-0.969665,1250,0.857143,-1.81774,2.4,0.12,2500,4000,0,2,1,3.3
Kalibr,7,1,4644.27,6598.93,4768.16,6527.13,0.589883,0.807489,733.081,-351.853,0.901536,-0.432705,857.5,0.453429,-0.447491,1.2,0.45,9000,5000,1,2,0.75,3.3
Kalibr,8,1,4925.54,6450.81,5101.95,6220.47,0.634166,0.773197,-569.6,-586.459,-0.696721,-0.717342,857.5,0.453429,-2.34161,1.2,0.45,2500,4000,0,1,0.75,3.3
Kinzhal,9,2,8959.83,5047.3,8931.82,5080.97,0.869202,0.494456,756.946,-890.409,0.647697,-0.761898,1250,0.857143,-0.866238,2.4,0.12,9000,5000,1,3,1,3.3
Geran2,10,0,5064.8,6961.9,5043.83,6903.48,0.589938,0.807448,-266.213,-307.435,-0.654606,-0.75597,416.667,9.57307e-009,-2.28446,2.8,1.1,2500,4000,0,0,0.5,3.3
Geran2,11,0,5457.78,7720.77,5539.83,7587.79,0.589664,0.807649,322,-247.315,0.793073,-0.609126,416.667,9.57307e-009,-0.654958,2.8,1.1,9000,5000,1,1,0.5,3.3
Kinzhal,12,2,8488.03,7074.69,8565.18,7130.48,0.768538,0.639805,590.822,-1007.2,0.505972,-0.86255,1250,0.857143,-1.04029,2.4,0.12,9000,5000,1,3,1,3.3
Kinzhal,13,2,7717.78,5947.07,7596.09,5961.8,0.786648,0.617401,768.503,-879.159,0.658136,-0.752899,1250,0.857143,-0.852456,2.4,0.12,9000,5000,1,3,1,3.3
Kalibr,14,1,5596.04,7987.97,5610.02,7930.87,0.577491,0.816397,623.971,-527.177,0.763868,-0.645373,857.5,0.453429,-0.701511,1.2,0.45,9000,5000,1,2,0.75,3.3
Kalibr,15,1,4590.6,6247.15,4683.45,6279.96,0.597831,0.801622,-555.778,-599.995,-0.679558,-0.733622,857.5,0.453429,-2.31796,1.2,0.45,2500,4000,0,1,0.75,3.3
Geran2,16,0,5380.48,7391.86,5308.32,7454.48,0.580058,0.814575,148.57,-377.97,0.365827,-0.930683,416.667,9.57307e-009,-1.19627,2.8,1.1,7500,2000,2,2,0.5,3.3
Kalibr,17,1,4181.2,6767.59,4167.41,6773.18,0.524033,0.851698,-415.11,-704.055,-0.507893,-0.86142,857.5,0.453429,-2.10353,1.2,0.45,2500,4000,0,1,0.75,3.3
Kinzhal,18,2,7940.53,6273.14,7934.96,6267.89,0.784717,0.619854,770.104,-877.907,0.659443,-0.751755,1250,0.857143,-0.850719,2.4,0.12,9000,5000,1,3,1,3.3
Kinzhal,19,2,3620.58,6421.51,3698.79,6372.98,0.501968,0.864886,-490.849,-1060.57,-0.420014,-0.907517,1250,0.857143,-2.00426,2.4,0.12,2500,4000,0,2,1,3.3
Geran2,20,0,5879.65,7502.64,5860.82,7168.17,0.632976,0.774171,316.972,-254.216,0.780102,-0.625653,416.667,9.57307e-009,-0.675968,2.8,1.1,9000,5000,1,1,0.5,3.3
Kalibr,21,1,6064.64,6771.34,6022.14,6630.62,0.672324,0.740257,682.082,-447.725,0.835987,-0.54875,857.5,0.453429,-0.580868,1.2,0.45,9000,5000,1,2,0.75,3.3
Kinzhal,22,2,6438.03,4666.33,6334.19,4840.98,0.794528,0.607227,432.449,-1085.73,0.370031,-0.929019,1250,0.857143,-1.19175,2.4,0.12,7500,2000,2,4,1,3.3
Kinzhal,23,2,3668.83,4801.41,3631.11,4646.73,0.615734,0.787954,-743.066,-900.761,-0.636351,-0.771399,1250,0.857143,-2.26056,2.4,0.12,2500,4000,0,2,1,3.3
Geran2,24,0,6305.55,8276.4,6281.48,8410.62,0.598384,0.80121,76.0697,-399.722,0.186951,-0.982369,416.667,9.57307e-009,-1.38274,2.8,1.1,7500,2000,2,2,0.5,3.3
Geran2,25,0,3889.75,8581.01,3942.71,8742.65,0.411103,0.911589,195.646,-356.641,0.480962,-0.876742,416.667,9.57307e-009,-1.06905,2.8,1.1,7500,2000,2,2,0.5,3.3
Kalibr,26,1,3408.32,6334.44,3486.57,6352.57,0.481141,0.876643,-309.848,-756.106,-0.379191,-0.925319,857.5,0.453429,-1.95972,1.2,0.45,2500,4000,0,1,0.75,3.3
Kalibr,27,1,4892.38,6284.26,4925.74,6232.67,0.620049,0.784563,423.499,-699.651,0.517826,-0.855486,857.5,0.453429,-1.02649,1.2,0.45,7500,2000,2,3,0.75,3.3
Kinzhal,28,2,6698.39,7103.44,6619.25,7123.36,0.680711,0.732552,862.681,-788.419,0.738164,-0.674621,1250,0.857143,-0.740451,2.4,0.12,9000,5000,1,3,1,3.3
Kinzhal,29,2,7644.44,7837.96,7690.3,7796.35,0.702248,0.711933,825.016,-826.357,0.706532,-0.707681,1250,0.857143,-0.786211,2.4,0.12,9000,5000,1,3,1,3.3
Kinzhal,30,2,6279.56,5610.8,6420.83,5493.62,0.759838,0.650112,978.632,-637.022,0.838087,-0.545537,1250,0.857143,-0.57703,2.4,0.12,9000,5000,1,3,1,3.3
Kalibr,31,1,3008.82,6832.05,3232.62,6921.56,0.423161,0.906054,-206.534,-787.477,-0.253692,-0.967285,857.5,0.453429,-1.82729,1.2,0.45,2500,4000,0,1,0.75,3.3
Kinzhal,32,2,5463.75,6350.49,5448.89,6321.59,0.652888,0.757455,495.412,-1058.48,0.423906,-0.905706,1250,0.857143,-1.13304,2.4,0.12,7500,2000,2,4,1,3.3
Kinzhal,33,2,8438.68,5658.03,8433.34,5571.97,0.834338,0.551253,759.226,-888.262,0.649734,-0.760162,1250,0.857143,-0.863562,2.4,0.12,9000,5000,1,3,1,3.3
Kinzhal,34,2,7313.82,5606.7,7429.53,5423.31,0.8077,0.589594,306.066,-1126.87,0.26211,-0.965038,1250,0.857143,-1.30559,2.4,0.12,7500,2000,2,4,1,3.3
Geran2,35,0,5334.46,7157.24,5434.99,7182.75,0.6034,0.797439,-271.445,-302.365,-0.668035,-0.74413,416.667,9.57307e-009,-2.30236,2.8,1.1,2500,4000,0,0,0.5,3.3
Kalibr,36,1,6882,5794.66,6884.98,5949.7,0.756629,0.653845,128.802,-807.62,0.157493,-0.98752,857.5,0.453429,-1.41264,1.2,0.45,7500,2000,2,3,0.75,3.3
Geran2,37,0,3897.76,6893.63,3818.16,6829.38,0.487991,0.872849,-176.513,-365.447,-0.434929,-0.900465,416.667,9.57307e-009,-2.02076,2.8,1.1,2500,4000,0,0,0.5,3.3
Kinzhal,38,2,5126.04,4791.79,5069.89,4733.67,0.730927,0.682455,670.165,-956.241,0.57392,-0.818911,1250,0.857143,-0.959511,2.4,0.12,7500,2000,2,4,1,3.3
Geran2,39,0,3809.21,7495.44,3785.17,7562.88,0.447566,0.894251,-142.528,-380.516,-0.350766,-0.936463,416.667,9.57307e-009,-1.92919,2.8,1.1,2500,4000,0,0,0.5,3.3
Geran2,40,0,5514.28,7872.8,5535.33,7813.19,0.578086,0.815976,-249.775,-320.921,-0.6142,-0.78915,416.667,9.57307e-009,-2.23217,2.8,1.1,2500,4000,0,0,0.5,3.3
Geran2,41,0,5288.51,7734.84,5220.54,7683.67,0.561989,0.827145,-243.374,-325.964,-0.59827,-0.801295,416.667,9.57307e-009,-2.21214,2.8,1.1,2500,4000,0,0,0.5,3.3
Kinzhal,42,2,6942.32,5045.05,6922.49,5093.51,0.80546,0.592651,210.201,-1149.5,0.17988,-0.983688,1250,0.857143,-1.38993,2.4,0.12,7500,2000,2,4,1,3.3
Geran2,43,0,3041.61,7598.64,3131.3,7626.82,0.3798,0.925069,-60.5306,-402.163,-0.148836,-0.988862,416.667,9.57307e-009,-1.72019,2.8,1.1,2500,4000,0,0,0.5,3.3
Kinzhal,44,2,4882.24,5488.3,4649.97,5495.14,0.645962,0.76337,695.425,-938.599,0.59532,-0.803489,1250,0.857143,-0.933133,2.4,0.12,7500,2000,2,4,1,3.3
Geran2,45,0,3062.91,7747.33,2918.78,7855,0.348313,0.937378,-60.4282,-402.257,-0.148556,-0.988904,416.667,9.57307e-009,-1.7199,2.8,1.1,2500,4000,0,0,0.5,3.3
Geran2,46,0,3892.13,7388.8,3869.67,7149.84,0.475982,0.879455,-154.418,-375.878,-0.380002,-0.924986,416.667,9.57307e-009,-1.9606,2.8,1.1,2500,4000,0,0,0.5,3.3
Kinzhal,47,2,7122.35,5387.35,7087.04,5402.16,0.795296,0.606222,129.526,-1161.46,0.110834,-0.993839,1250,0.857143,-1.45973,2.4,0.12,7500,2000,2,4,1,3.3
Kinzhal,48,2,4058.67,5902.21,4221.01,5860.97,0.584406,0.811461,513.255,-1048.85,0.439545,-0.898221,1250,0.857143,-1.1157,2.4,0.12,7500,2000,2,4,1,3.3
Kinzhal,49,2,6598.66,6444.97,6571.59,6455.69,0.71337,0.700788,461.03,-1072.83,0.39482,-0.918758,1250,0.857143,-1.16492,2.4,0.12,7500,2000,2,4,1,3.3
Geran2,50,0,4770.49,7042.81,4766.95,6958.31,0.565169,0.824975,-242.69,-325.219,-0.598067,-0.801446,416.667,9.57307e-009,-2.21188,2.8,1.1,2500,4000,0,0,0.5,3.3
Kalibr,1,1,2704.45,7910.58,2685.61,8101.13,0.314671,0.949201,-123.636,-803.368,-0.152107,-0.988364,857.5,0.453429,-1.7235,1.2,0.45,2500,4000,0,1,0.75,3.4
Kalibr,2,1,4978.23,7343.58,5011.08,7338.3,0.563928,0.825824,-428.712,-691.359,-0.527002,-0.849864,857.5,0.453429,-2.12586,1.2,0.45,2500,4000,0,1,0.75,3.4
Geran2,3,0,5337.79,8176,5447.61,8169.32,0.554799,0.831985,307.217,-266.427,0.75548,-0.655172,416.667,9.57307e-009,-0.71441,2.8,1.1,9000,5000,1,1,0.5,3.4
Kinzhal,4,2,5260.79,5625.07,5326.32,5761.37,0.67884,0.734286,613.803,-994.022,0.525399,-0.850856,1250,0.857143,-1.01761,2.4,0.12,7500,2000,2,4,1,3.4
Kalibr,5,1,5996.12,6292.71,6065.58,6332.83,0.691704,0.722181,739.601,-345.024,0.906241,-0.422761,857.5,0.453429,-0.43649,1.2,0.45,9000,5000,1,2,0.75,3.4
Kinzhal,6,2,2891.4,5303.5,2883.2,5314.71,0.476846,0.878987,-296.829,-1129.05,-0.254262,-0.967135,1250,0.857143,-1.82788,2.4,0.12,2500,4000,0,2,1,3.4
Kalibr,7,1,4717.99,6564.59,4967.55,6452.19,0.610044,0.792367,737.26,-343.458,0.906464,-0.422283,857.5,0.453429,-0.435963,1.2,0.45,9000,5000,1,2,0.75,3.4
Kalibr,8,1,4868.52,6392.24,4942.83,6310.77,0.616615,0.787265,-570.162,-585.709,-0.697533,-0.716553,857.5,0.453429,-2.34274,1.2,0.45,2500,4000,0,1,0.75,3.4
Geran2,10,0,5038.18,6931.16,4944.04,7069.01,0.57313,0.819464,-266.195,-307.413,-0.654608,-0.755968,416.667,9.57307e-009,-2.28446,2.8,1.1,2500,4000,0,0,0.5,3.4
Geran2,11,0,5489.98,7696.04,5438.61,7953.89,0.564435,0.825478,322.02,-247.334,0.793069,-0.609132,416.667,9.57307e-009,-0.654965,2.8,1.1,9000,5000,1,1,0.5,3.4
Kinzhal,12,2,8545.79,6973.25,8396.12,7014.29,0.767433,0.641129,577.596,-1014.46,0.494785,-0.869015,1250,0.857143,-1.05321,2.4,0.12,9000,5000,1,3,1,3.4
Kinzhal,13,2,7795.74,5860.18,7904.72,5791.92,0.806642,0.59104,779.579,-868.911,0.667809,-0.744333,1250,0.857143,-0.839535,2.4,0.12,9000,5000,1,3,1,3.4
Kalibr,14,1,5658.31,7935.11,5600.51,7922.6,0.577239,0.816575,622.703,-528.54,0.762396,-0.64711,857.5,0.453429,-0.703788,1.2,0.45,9000,5000,1,2,0.75,3.4
Kalibr,15,1,4535.02,6187.18,4434.3,6284.88,0.576502,0.817095,-555.818,-599.724,-0.679749,-0.733445,857.5,0.453429,-2.31822,1.2,0.45,2500,4000,0,1,0.75,3.4
Geran2,16,0,5395.34,7354.06,5241.24,7292.27,0.58363,0.812019,148.579,-377.987,0.365832,-0.930681,416.667,9.57307e-009,-1.19627,2.8,1.1,7500,2000,2,2,0.5,3.4
Kalibr,17,1,4139.59,6697.27,4115.68,6823.6,0.51648,0.856299,-416.161,-703.288,-0.509257,-0.860615,857.5,0.453429,-2.10512,1.2,0.45,2500,4000,0,1,0.75,3.4
Kinzhal,18,2,8016.97,6184.88,8025.94,6195.68,0.79158,0.611066,764.399,-882.526,0.654707,-0.755883,1250,0.857143,-0.857001,2.4,0.12,9000,5000,1,3,1,3.4
Kinzhal,19,2,3571.51,6315.48,3602.73,6374.34,0.492041,0.870572,-490.702,-1060.28,-0.420004,-0.907522,1250,0.857143,-2.00425,2.4,0.12,2500,4000,0,2,1,3.4
Geran2,20,0,5911.35,7477.22,6020.59,7576.21,0.622148,0.7829,316.973,-254.219,0.780099,-0.625656,416.667,9.57307e-009,-0.675972,2.8,1.1,9000,5000,1,1,0.5,3.4
Kalibr,21,1,6133.05,6726.88,6301.92,6648.61,0.68793,0.725777,684.112,-444.599,0.838485,-0.544925,857.5,0.453429,-0.576299,1.2,0.45,9000,5000,1,2,0.75,3.4
Kinzhal,22,2,6481.26,4557.79,6359.5,4750.96,0.801127,0.598494,432.326,-1085.43,0.370029,-0.92902,1250,0.857143,-1.19176,2.4,0.12,7500,2000,2,4,1,3.4
Kinzhal,23,2,3593.39,4712.33,3505.3,4796.95,0.589999,0.807404,-754.43,-890.834,-0.646265,-0.763113,1250,0.857143,-2.27348,2.4,0.12,2500,4000,0,2,1,3.4
Geran2,24,0,6313.15,8236.43,6199.19,8064.65,0.60944,0.792832,76.0613,-399.677,0.186952,-0.982369,416.667,9.57307e-009,-1.38274,2.8,1.1,7500,2000,2,2,0.5,3.4
Geran2,25,0,3909.31,8545.35,3855.53,8670.67,0.406306,0.913737,195.629,-356.609,0.480963,-0.876741,416.667,9.57307e-009,-1.06904,2.8,1.1,7500,2000,2,2,0.5,3.4
Kalibr,26,1,3377.51,6258.78,3393.82,6314.25,0.473433,0.88083,-308.179,-756.668,-0.3772,-0.926132,857.5,0.453429,-1.95757,1.2,0.45,2500,4000,0,1,0.75,3.4
Kalibr,27,1,4934.74,6214.32,4755.42,6281.53,0.603591,0.797294,423.617,-699.379,0.518079,-0.855333,857.5,0.453429,-1.02619,1.2,0.45,7500,2000,2,3,0.75,3.4
Kinzhal,28,2,6784.63,7024.62,6768.47,6902.96,0.700117,0.714028,862.443,-788.199,0.738166,-0.67462,1250,0.857143,-0.740449,2.4,0.12,9000,5000,1,3,1,3.4
Kinzhal,29,2,7725.84,7754.29,7523.14,7863.68,0.691288,0.72258,814.04,-836.712,0.697329,-0.716751,1250,0.857143,-0.799132,2.4,0.12,9000,5000,1,3,1,3.4
Kinzhal,30,2,6378.21,5548.39,6402.69,5524.38,0.757128,0.653267,986.503,-624.148,0.845065,-0.534663,1250,0.857143,-0.564109,2.4,0.12,9000,5000,1,3,1,3.4
Kalibr,31,1,2988.91,6753.09,2888.24,6955.91,0.383477,0.92355,-199.084,-789.518,-0.244505,-0.969648,857.5,0.453429,-1.81781,1.2,0.45,2500,4000,0,1,0.75,3.4
Kinzhal,32,2,5513.28,6244.68,5448.1,6184.62,0.661013,0.750374,495.277,-1058.19,0.423908,-0.905705,1250,0.857143,-1.13304,2.4,0.12,7500,2000,2,4,1,3.4
Kinzhal,33,2,8514.56,5569.21,8525.74,5503.31,0.840169,0.542324,758.815,-888.207,0.649554,-0.760315,1250,0.857143,-0.863799,2.4,0.12,9000,5000,1,3,1,3.4
Kinzhal,34,2,7342.96,5493.66,7297.2,5503.24,0.798404,0.602122,291.398,-1130.41,0.249619,-0.968344,1250,0.857143,-1.31851,2.4,0.12,7500,2000,2,4,1,3.4
Geran2,35,0,5307.32,7127,5430.02,7313.57,0.596118,0.802897,-271.447,-302.365,-0.668038,-0.744127,416.667,9.57307e-009,-2.30237,2.8,1.1,2500,4000,0,0,0.5,3.4
Kalibr,36,1,6894.91,5713.92,6954.76,5758.24,0.770254,0.637737,129.095,-807.4,0.157885,-0.987458,857.5,0.453429,-1.41225,1.2,0.45,7500,2000,2,3,0.75,3.4
Geran2,37,0,3880.1,6857.08,3896.42,6830.19,0.495511,0.868602,-176.535,-365.484,-0.434937,-0.900461,416.667,9.57307e-009,-2.02076,2.8,1.1,2500,4000,0,0,0.5,3.4
Kinzhal,38,2,5194.27,4697.07,5085.61,4703.26,0.734167,0.678969,682.272,-947.235,0.584453,-0.811427,1250,0.857143,-0.94659,2.4,0.12,7500,2000,2,4,1,3.4
Geran2,39,0,3794.95,7457.39,3761.58,7375,0.454358,0.890819,-142.527,-380.517,-0.350762,-0.936465,416.667,9.57307e-009,-1.92918,2.8,1.1,2500,4000,0,0,0.5,3.4
Geran2,40,0,5489.3,7840.71,5630.73,7759.27,0.587327,0.80935,-249.759,-320.899,-0.614202,-0.789149,416.667,9.57307e-009,-2.23217,2.8,1.1,2500,4000,0,0,0.5,3.4
Geran2,41,0,5264.17,7702.25,5171.48,7697.36,0.557676,0.830059,-243.351,-325.934,-0.598269,-0.801296,416.667,9.57307e-009,-2.21214,2.8,1.1,2500,4000,0,0,0.5,3.4
Kinzhal,42,2,6963.35,4930.13,7097.5,4979.49,0.818623,0.574332,210.22,-1149.18,0.179944,-0.983677,1250,0.857143,-1.38987,2.4,0.12,7500,2000,2,4,1,3.4
Geran2,43,0,3035.56,7558.42,2890.56,7428.54,0.36263,0.931933,-60.5253,-402.134,-0.148834,-0.988862,416.667,9.57307e-009,-1.72019,2.8,1.1,2500,4000,0,0,0.5,3.4
Kinzhal,44,2,4951.9,5394.56,5153.35,5230.99,0.7018,0.712374,696.646,-937.348,0.596506,-0.802609,1250,0.857143,-0.931656,2.4,0.12,7500,2000,2,4,1,3.4
Geran2,45,0,3056.87,7707.11,3124.77,7699.17,0.376065,0.926593,-60.4222,-402.222,-0.148554,-0.988904,416.667,9.57307e-009,-1.7199,2.8,1.1,2500,4000,0,0,0.5,3.4
Geran2,46,0,3876.69,7351.21,3861.14,7372.08,0.463967,0.885852,-154.416,-375.878,-0.379999,-0.924987,416.667,9.57307e-009,-1.96059,2.8,1.1,2500,4000,0,0,0.5,3.4
Kinzhal,47,2,7135.3,5271.24,7186.51,5321.48,0.803657,0.595093,129.482,-1161.14,0.110826,-0.99384,1250,0.857143,-1.45974,2.4,0.12,7500,2000,2,4,1,3.4
Kinzhal,48,2,4111.33,5798.02,4201.9,5870.07,0.582063,0.813144,526.616,-1041.84,0.451114,-0.892466,1250,0.857143,-1.10278,2.4,0.12,7500,2000,2,4,1,3.4
Kinzhal,49,2,6643.36,6337.13,6577.38,6321.94,0.720968,0.692968,447.004,-1078.4,0.382916,-0.923783,1250,0.857143,-1.17785,2.4,0.12,7500,2000,2,4,1,3.4
Geran2,50,0,4746.22,7010.28,4801.11,6965.01,0.567545,0.823342,-242.715,-325.259,-0.59806,-0.801452,416.667,9.57307e-009,-2.21187,2.8,1.1,2500,4000,0,0,0.5,3.4
Kalibr,1,1,2693.05,7830.08,2590.04,7868.31,0.312669,0.949862,-113.932,-805.015,-0.140132,-0.990133,857.5,0.453429,-1.71139,1.2,0.45,2500,4000,0,1,0.75,3.5
Kalibr,2,1,4934.66,7274.86,4900.21,7333.27,0.555591,0.831456,-435.678,-687.194,-0.535451,-0.844566,857.5,0.453429,-2.13584,1.2,0.45,2500,4000,0,1,0.75,3.5
Geran2,3,0,5368.51,8149.36,5402.27,8102.82,0.554728,0.832032,307.197,-266.41,0.755479,-0.655173,416.667,9.57307e-009,-0.714412,2.8,1.1,9000,5000,1,1,0.5,3.5
Kinzhal,4,2,5322.16,5525.7,5314.67,5538.06,0.692405,0.721509,613.689,-993.758,0.52543,-0.850837,1250,0.857143,-1.01758,2.4,0.12,7500,2000,2,4,1,3.5
Kalibr,5,1,6070.2,6258.47,6161.2,6222.17,0.703617,0.71058,740.825,-342.328,0.907769,-0.419472,857.5,0.453429,-0.432863,1.2,0.45,9000,5000,1,2,0.75,3.5
Kinzhal,6,2,2860.78,5190.88,2798.67,5116.06,0.479922,0.877311,-306.188,-1126.29,-0.262335,-0.964977,1250,0.857143,-1.83624,2.4,0.12,2500,4000,0,2,1,3.5
Kalibr,7,1,4792.09,6531,4855.85,6530.4,0.596696,0.802468,740.931,-335.907,0.910773,-0.412907,857.5,0.453429,-0.425643,1.2,0.45,9000,5000,1,2,0.75,3.5
Kalibr,8,1,4811.45,6333.74,4911.34,6259.09,0.617315,0.786716,-570.666,-585.032,-0.698263,-0.715841,857.5,0.453429,-2.34377,1.2,0.45,2500,4000,0,1,0.75,3.5
Geran2,10,0,5011.57,6900.42,5021.72,6783.63,0.594983,0.803738,-266.179,-307.393,-0.65461,-0.755967,416.667,9.57307e-009,-2.28446,2.8,1.1,2500,4000,0,0,0.5,3.5
Geran2,11,0,5522.18,7671.3,5543.76,7590.99,0.589774,0.807568,322.039,-247.351,0.793066,-0.609136,416.667,9.57307e-009,-0.65497,2.8,1.1,9000,5000,1,1,0.5,3.5
Kinzhal,12,2,8602.22,6871.09,8413.12,6883.63,0.77395,0.633247,564.292,-1021.58,0.483512,-0.875338,1250,0.857143,-1.06613,2.4,0.12,9000,5000,1,3,1,3.5
Kinzhal,13,2,7874.79,5774.33,8165.9,5790.38,0.815732,0.57843,790.541,-858.542,0.677373,-0.73564,1250,0.857143,-0.82661,2.4,0.12,9000,5000,1,3,1,3.5
Kalibr,14,1,5720.47,7882.14,5720.24,8094.67,0.577111,0.816666,621.564,-529.758,0.761075,-0.648664,857.5,0.453429,-0.705827,1.2,0.45,9000,5000,1,2,0.75,3.5
Kalibr,15,1,4479.44,6127.23,4481.74,6263.88,0.581886,0.81327,-555.852,-599.477,-0.679922,-0.733285,857.5,0.453429,-2.31845,1.2,0.45,2500,4000,0,1,0.75,3.5
Geran2,16,0,5410.2,7316.26,5375.19,7443.32,0.585452,0.810707,148.587,-378.003,0.365836,-0.930679,416.667,9.57307e-009,-1.19627,2.8,1.1,7500,2000,2,2,0.5,3.5
Kalibr,17,1,4097.88,6627.01,3982.39,6653.13,0.513596,0.858032,-417.107,-702.593,-0.510487,-0.859886,857.5,0.453429,-2.10655,1.2,0.45,2500,4000,0,1,0.75,3.5
Kinzhal,18,2,8092.94,6096.26,7945.73,6138.78,0.791338,0.611379,759.712,-886.255,0.650823,-0.759229,1250,0.857143,-0.862128,2.4,0.12,9000,5000,1,3,1,3.5
Kinzhal,19,2,3522.45,6209.48,3300.22,6259.83,0.466363,0.884593,-490.57,-1060.02,-0.419996,-0.907526,1250,0.857143,-2.00424,2.4,0.12,2500,4000,0,2,1,3.5
Geran2,20,0,5943.05,7451.8,5880.56,7334.08,0.625557,0.780179,316.974,-254.221,0.780097,-0.625659,416.667,9.57307e-009,-0.675976,2.8,1.1,9000,5000,1,1,0.5,3.5
Kalibr,21,1,6201.65,6682.7,6142.02,6698.01,0.675855,0.737035,685.931,-441.776,0.840721,-0.541469,857.5,0.453429,-0.572183,1.2,0.45,9000,5000,1,2,0.75,3.5
Kinzhal,22,2,6524.48,4449.27,6632.48,4299.76,0.839099,0.543978,432.215,-1085.16,0.370027,-0.929021,1250,0.857143,-1.19176,2.4,0.12,7500,2000,2,4,1,3.5
Kinzhal,23,2,3516.82,4624.25,3547.49,4656.29,0.606027,0.795444,-765.684,-880.783,-0.656074,-0.754696,1250,0.857143,-2.2864,2.4,0.12,2500,4000,0,2,1,3.5
Geran2,24,0,6320.76,8196.47,6389.98,8372.93,0.60668,0.794946,76.0536,-399.635,0.186952,-0.982369,416.667,9.57307e-009,-1.38274,2.8,1.1,7500,2000,2,2,0.5,3.5
Geran2,25,0,3928.88,8509.69,3966.26,8569.07,0.420045,0.907504,195.613,-356.58,0.480964,-0.87674,416.667,9.57307e-009,-1.06904,2.8,1.1,7500,2000,2,2,0.5,3.5
Kalibr,26,1,3346.84,6183.06,3356.43,6056.03,0.484756,0.874649,-306.661,-757.176,-0.375388,-0.926868,857.5,0.453429,-1.95561,1.2,0.45,2500,4000,0,1,0.75,3.5
Kalibr,27,1,4977.11,6144.4,4810.03,6156.35,0.615674,0.788001,423.72,-699.134,0.518304,-0.855196,857.5,0.453429,-1.02593,1.2,0.45,7500,2000,2,3,0.75,3.5
Kinzhal,28,2,6870.86,6945.82,6826.5,6989.3,0.698726,0.715389,862.228,-787.999,0.738167,-0.674618,1250,0.857143,-0.740447,2.4,0.12,9000,5000,1,3,1,3.5
Kinzhal,29,2,7806.14,7669.59,7855.35,7708.47,0.713748,0.700402,802.952,-846.946,0.688007,-0.725704,1250,0.857143,-0.812056,2.4,0.12,9000,5000,1,3,1,3.5
Kinzhal,30,2,6477.64,5487.27,6473.5,5641.67,0.753882,0.65701,994.232,-611.19,0.851905,-0.523696,1250,0.857143,-0.551184,2.4,0.12,9000,5000,1,3,1,3.5
Kalibr,31,1,2969.68,6673.96,3034.41,6496.23,0.42321,0.906032,-192.326,-791.312,-0.236171,-0.971711,857.5,0.453429,-1.80922,1.2,0.45,2500,4000,0,1,0.75,3.5
Kinzhal,32,2,5562.8,6138.88,5643.74,5928.86,0.689476,0.724308,495.154,-1057.92,0.42391,-0.905704,1250,0.857143,-1.13304,2.4,0.12,7500,2000,2,4,1,3.5
Kinzhal,33,2,8590.4,5480.4,8508.37,5456.31,0.841779,0.539822,758.448,-888.152,0.649396,-0.76045,1250,0.857143,-0.864006,2.4,0.12,9000,5000,1,3,1,3.5
Kinzhal,34,2,7370.63,5380.28,7332.67,5432.73,0.803499,0.595307,276.693,-1133.8,0.237083,-0.971489,1250,0.857143,-1.33143,2.4,0.12,7500,2000,2,4,1,3.5
Geran2,35,0,5280.17,7096.77,5232.33,7073.44,0.594695,0.803951,-271.449,-302.365,-0.66804,-0.744125,416.667,9.57307e-009,-2.30237,2.8,1.1,2500,4000,0,0,0.5,3.5
Kalibr,36,1,6907.85,5633.2,6911.43,5571.67,0.778527,0.627611,129.358,-807.201,0.158236,-0.987401,857.5,0.453429,-1.41189,1.2,0.45,7500,2000,2,3,0.75,3.5
Geran2,37,0,3862.45,6820.53,3789.75,6755.92,0.489236,0.872152,-176.554,-365.517,-0.434943,-0.900458,416.667,9.57307e-009,-2.02077,2.8,1.1,2500,4000,0,0,0.5,3.5
Kinzhal,38,2,5263.7,4603.26,5319.73,4655.71,0.75251,0.65858,694.28,-938.097,0.594892,-0.803806,1250,0.857143,-0.933666,2.4,0.12,7500,2000,2,4,1,3.5
Geran2,39,0,3780.7,7419.34,3595.79,7422.11,0.435997,0.899948,-142.526,-380.519,-0.350759,-0.936466,416.667,9.57307e-009,-1.92918,2.8,1.1,2500,4000,0,0,0.5,3.5
Geran2,40,0,5464.33,7808.62,5604.9,7910.07,0.57815,0.81593,-249.745,-320.879,-0.614203,-0.789148,416.667,9.57307e-009,-2.23217,2.8,1.1,2500,4000,0,0,0.5,3.5
Geran2,41,0,5239.84,7669.66,5489.44,7780.2,0.57651,0.81709,-243.33,-325.907,-0.598268,-0.801296,416.667,9.57307e-009,-2.21213,2.8,1.1,2500,4000,0,0,0.5,3.5
Kinzhal,42,2,6984.37,4815.24,7063.36,4896.73,0.821827,0.569737,210.228,-1148.89,0.179995,-0.983668,1250,0.857143,-1.38982,2.4,0.12,7500,2000,2,4,1,3.5
Geran2,43,0,3029.51,7518.21,2851.67,7511.35,0.35493,0.934893,-60.5207,-402.108,-0.148832,-0.988862,416.667,9.57307e-009,-1.72018,2.8,1.1,2500,4000,0,0,0.5,3.5
Kinzhal,44,2,5021.66,5300.93,5063.61,5244.57,0.694587,0.719409,697.575,-936.345,0.59743,-0.801921,1250,0.857143,-0.930504,2.4,0.12,7500,2000,2,4,1,3.5
Geran2,45,0,3050.83,7666.89,3041.66,7732.19,0.366071,0.930587,-60.4168,-402.19,-0.148553,-0.988904,416.667,9.57307e-009,-1.7199,2.8,1.1,2500,4000,0,0,0.5,3.5
Geran2,46,0,3861.24,7313.62,3970.1,7189.74,0.48339,0.875405,-154.415,-375.877,-0.379996,-0.924988,416.667,9.57307e-009,-1.96059,2.8,1.1,2500,4000,0,0,0.5,3.5
Kinzhal,47,2,7148.24,5155.15,7108.88,5193.75,0.807456,0.589928,129.443,-1160.85,0.11082,-0.99384,1250,0.857143,-1.45975,2.4,0.12,7500,2000,2,4,1,3.5
Kinzhal,48,2,4165.32,5694.56,4123.39,5631.46,0.590772,0.806839,539.899,-1034.68,0.462611,-0.886561,1250,0.857143,-1.08986,2.4,0.12,7500,2000,2,4,1,3.5
Kinzhal,49,2,6686.65,6228.75,6850.66,6097.63,0.746968,0.664861,432.918,-1083.8,0.370945,-0.928655,1250,0.857143,-1.19077,2.4,0.12,7500,2000,2,4,1,3.5
Geran2,50,0,4721.95,6977.75,4503.03,7068.87,0.537271,0.84341,-242.738,-325.295,-0.598054,-0.801456,416.667,9.57307e-009,-2.21187,2.8,1.1,2500,4000,0,0,0.5,3.5
Kalibr,1,1,2682.53,7749.44,2632.27,7783.01,0.32038,0.947289,-105.2,-806.409,-0.129359,-0.991598,857.5,0.453429,-1.70052,1.2,0.45,2500,4000,0,1,0.75,3.6
Kalibr,2,1,4890.47,7206.52,4953.4,7069.01,0.573859,0.818954,-441.897,-683.407,-0.542985,-0.839742,857.5,0.453429,-2.14478,1.2,0.45,2500,4000,0,1,0.75,3.6
Geran2,3,0,5399.23,8122.72,5367.16,8258.79,0.544913,0.838493,307.179,-266.395,0.755478,-0.655174,416.667,9.57307e-009,-0.714413,2.8,1.1,9000,5000,1,1,0.5,3.6
Kinzhal,4,2,5383.52,5426.34,5435.02,5639.5,0.693932,0.72004,613.581,-993.52,0.525454,-0.850822,1250,0.857143,-1.01755,2.4,0.12,7500,2000,2,4,1,3.6
Kalibr,5,1,6144.39,6224.48,6197.61,6282.41,0.702286,0.711895,741.921,-339.894,0.909136,-0.4165,857.5,0.453429,-0.429592,1.2,0.45,9000,5000,1,2,0.75,3.6
Kinzhal,6,2,2829.38,5078.48,2831.93,5096.14,0.48574,0.874103,-313.932,-1123.93,-0.269019,-0.963135,1250,0.857143,-1.84317,2.4,0.12,2500,4000,0,2,1,3.6
Kalibr,7,1,4866.5,6498.08,4936.66,6587.84,0.599672,0.800246,744.164,-329.117,0.91455,-0.404473,857.5,0.453429,-0.416402,1.2,0.45,9000,5000,1,2,0.75,3.6
Kalibr,8,1,4754.34,6275.29,4875.71,6105.06,0.624044,0.781389,-571.12,-584.42,-0.698921,-0.715198,857.5,0.453429,-2.34468,1.2,0.45,2500,4000,0,1,0.75,3.6
Geran2,10,0,4984.95,6869.69,5195.29,7083.54,0.591415,0.806367,-266.164,-307.376,-0.654611,-0.755966,416.667,9.57307e-009,-2.28446,2.8,1.1,2500,4000,0,0,0.5,3.6
Geran2,11,0,5554.39,7646.56,5470.15,7620.1,0.583158,0.812359,322.057,-247.366,0.793064,-0.609138,416.667,9.57307e-009,-0.654974,2.8,1.1,9000,5000,1,1,0.5,3.6
Kinzhal,12,2,8657.31,6768.23,8663.99,6832.32,0.785221,0.619216,550.91,-1028.55,0.472156,-0.881515,1250,0.857143,-1.07906,2.4,0.12,9000,5000,1,3,1,3.6
Kinzhal,13,2,7954.93,5689.52,7687.51,5651.08,0.805726,0.592289,801.388,-848.053,0.686827,-0.726821,1250,0.857143,-0.813682,2.4,0.12,9000,5000,1,3,1,3.6
Kalibr,14,1,5782.52,7829.05,5723.74,7869.27,0.588214,0.808705,620.54,-530.847,0.759888,-0.650053,857.5,0.453429,-0.707655,1.2,0.45,9000,5000,1,2,0.75,3.6
Kalibr,15,1,4423.85,6067.31,4483.29,6037.77,0.596161,0.802865,-555.882,-599.253,-0.680078,-0.73314,857.5,0.453429,-2.31867,1.2,0.45,2500,4000,0,1,0.75,3.6
Geran2,16,0,5425.05,7278.46,5341.77,7330.97,0.588904,0.808203,148.594,-378.017,0.365839,-0.930678,416.667,9.57307e-009,-1.19626,2.8,1.1,7500,2000,2,2,0.5,3.6
Kalibr,17,1,4056.08,6556.81,4035.2,6507.01,0.52702,0.849853,-417.96,-701.964,-0.511596,-0.859226,857.5,0.453429,-2.10784,1.2,0.45,2500,4000,0,1,0.75,3.6
Kinzhal,18,2,8168.52,6007.33,8094.56,6112.11,0.798046,0.602596,755.841,-889.286,0.647623,-0.761961,1250,0.857143,-0.866336,2.4,0.12,9000,5000,1,3,1,3.6
Kinzhal,19,2,3473.4,6103.5,3638.6,6102.39,0.512131,0.858908,-490.451,-1059.79,-0.419989,-0.907529,1250,0.857143,-2.00423,2.4,0.12,2500,4000,0,2,1,3.6
Geran2,20,0,5974.74,7426.38,5837.92,7435.78,0.617529,0.786548,316.974,-254.223,0.780095,-0.625661,416.667,9.57307e-009,-0.675978,2.8,1.1,9000,5000,1,1,0.5,3.6
Kalibr,21,1,6270.4,6638.78,6334.93,6645.75,0.689977,0.723831,687.562,-439.225,0.842724,-0.538346,857.5,0.453429,-0.568473,1.2,0.45,9000,5000,1,2,0.75,3.6
Kinzhal,22,2,6567.69,4340.78,6401.08,4282.55,0.831141,0.556062,432.114,-1084.91,0.370025,-0.929022,1250,0.857143,-1.19176,2.4,0.12,7500,2000,2,4,1,3.6
Kinzhal,23,2,3439.14,4537.19,3225.38,4514.56,0.58132,0.813675,-776.826,-870.608,-0.665776,-0.746152,1250,0.857143,-2.29933,2.4,0.12,2500,4000,0,2,1,3.6
Geran2,24,0,6328.36,8156.51,6308.69,7937.02,0.622231,0.782834,76.0464,-399.597,0.186952,-0.982369,416.667,9.57307e-009,-1.38274,2.8,1.1,7500,2000,2,2,0.5,3.6
Geran2,25,0,3948.44,8474.04,4060.78,8217.53,0.44302,0.896512,195.599,-356.553,0.480965,-0.87674,416.667,9.57307e-009,-1.06904,2.8,1.1,7500,2000,2,2,0.5,3.6
Kalibr,26,1,3316.31,6107.29,3315.79,6152.19,0.474441,0.880287,-305.279,-757.636,-0.373738,-0.927534,857.5,0.453429,-1.95383,1.2,0.45,2500,4000,0,1,0.75,3.6
Kalibr,27,1,5019.49,6074.51,5154.1,6032.95,0.649555,0.760314,423.811,-698.912,0.518506,-0.855074,857.5,0.453429,-1.02569,1.2,0.45,7500,2000,2,3,0.75,3.6
Kinzhal,28,2,6957.06,6867.04,6733.04,6818.95,0.70261,0.711575,862.031,-787.817,0.738168,-0.674617,1250,0.857143,-0.740446,2.4,0.12,9000,5000,1,3,1,3.6
Kinzhal,29,2,7885.31,7583.89,7798.59,7535.73,0.719122,0.694883,791.752,-857.056,0.678568,-0.734537,1250,0.857143,-0.824985,2.4,0.12,9000,5000,1,3,1,3.6
Kinzhal,30,2,6577.82,5427.45,6421.88,5614.9,0.752823,0.658223,1001.82,-598.146,0.858604,-0.512639,1250,0.857143,-0.538256,2.4,0.12,9000,5000,1,3,1,3.6
Kalibr,31,1,2951.06,6594.67,2920.12,6548.49,0.407266,0.91331,-186.191,-792.893,-0.228607,-0.973519,857.5,0.453429,-1.80144,1.2,0.45,2500,4000,0,1,0.75,3.6
Kinzhal,32,2,5612.3,6033.12,5550.12,6157.29,0.669535,0.742781,495.042,-1057.68,0.423911,-0.905704,1250,0.857143,-1.13304,2.4,0.12,7500,2000,2,4,1,3.6
Kinzhal,33,2,8666.21,5391.59,8542.63,5343.23,0.847816,0.530291,758.117,-888.1,0.649254,-0.760572,1250,0.857143,-0.864193,2.4,0.12,9000,5000,1,3,1,3.6
Kinzhal,34,2,7396.83,5266.58,7458.78,5272.75,0.816569,0.577248,261.951,-1137.01,0.224504,-0.974473,1250,0.857143,-1.34436,2.4,0.12,7500,2000,2,4,1,3.6
Geran2,35,0,5253.03,7066.53,5211.04,6970.14,0.598781,0.800912,-271.45,-302.365,-0.668042,-0.744124,416.667,9.57307e-009,-2.30237,2.8,1.1,2500,4000,0,0,0.5,3.6
Kalibr,36,1,6920.81,5552.5,6764.51,5392.66,0.781936,0.623359,129.594,-807.02,0.158553,-0.987351,857.5,0.453429,-1.41157,1.2,0.45,7500,2000,2,3,0.75,3.6
Geran2,37,0,3844.79,6783.98,3856.86,6887.2,0.488606,0.872504,-176.571,-365.549,-0.434948,-0.900456,416.667,9.57307e-009,-2.02078,2.8,1.1,2500,4000,0,0,0.5,3.6
Kinzhal,38,2,5334.31,4510.38,5288.15,4653.52,0.750717,0.660624,706.185,-928.827,0.605233,-0.796048,1250,0.857143,-0.920737,2.4,0.12,7500,2000,2,4,1,3.6
Geran2,39,0,3766.45,7381.28,3763.02,7344.18,0.456007,0.889976,-142.525,-380.52,-0.350757,-0.936467,416.667,9.57307e-009,-1.92918,2.8,1.1,2500,4000,0,0,0.5,3.6
Geran2,40,0,5439.35,7776.54,5400.29,7908,0.56394,0.825815,-249.731,-320.861,-0.614204,-0.789147,416.667,9.57307e-009,-2.23217,2.8,1.1,2500,4000,0,0,0.5,3.6
Geran2,41,0,5215.51,7637.07,5450.96,7517.24,0.587035,0.809561,-243.311,-325.881,-0.598267,-0.801297,416.667,9.57307e-009,-2.21213,2.8,1.1,2500,4000,0,0,0.5,3.6
Kinzhal,42,2,7005.39,4700.38,7053.07,4461.3,0.845125,0.534569,210.228,-1148.63,0.180035,-0.98366,1250,0.857143,-1.38977,2.4,0.12,7500,2000,2,4,1,3.6
Geran2,43,0,3023.45,7478,3051.07,7441.01,0.37938,0.925241,-60.5166,-402.084,-0.148831,-0.988863,416.667,9.57307e-009,-1.72018,2.8,1.1,2500,4000,0,0,0.5,3.6
Kinzhal,44,2,5091.49,5207.38,5049.76,5215.35,0.69561,0.71842,698.28,-935.535,0.59815,-0.801384,1250,0.857143,-0.929606,2.4,0.12,7500,2000,2,4,1,3.6
Geran2,45,0,3044.79,7626.68,3160.01,7651.32,0.381727,0.924275,-60.412,-402.16,-0.148552,-0.988905,416.667,9.57307e-009,-1.7199,2.8,1.1,2500,4000,0,0,0.5,3.6
Geran2,46,0,3845.8,7276.03,3944.88,7344.83,0.473166,0.880973,-154.414,-375.877,-0.379994,-0.924989,416.667,9.57307e-009,-1.96059,2.8,1.1,2500,4000,0,0,0.5,3.6
Kinzhal,47,2,7161.18,5039.09,7196.13,5228.71,0.808995,0.587816,129.408,-1160.59,0.110815,-0.993841,1250,0.857143,-1.45975,2.4,0.12,7500,2000,2,4,1,3.6
Kinzhal,48,2,4220.63,5591.82,4481.54,5315.42,0.64459,0.764529,553.101,-1027.37,0.474033,-0.880507,1250,0.857143,-1.07693,2.4,0.12,7500,2000,2,4,1,3.6
Kinzhal,49,2,6728.53,6119.85,6665.55,6178.64,0.733386,0.679813,418.773,-1089.06,0.358908,-0.933373,1250,0.857143,-1.2037,2.4,0.12,7500,2000,2,4,1,3.6
Geran2,50,0,4697.67,6945.22,4684.54,6979.56,0.557292,0.830316,-242.76,-325.328,-0.59805,-0.801459,416.667,9.57307e-009,-2.21186,2.8,1.1,2500,4000,0,0,0.5,3.6
Kalibr,1,1,2672.8,7668.68,2703.96,7590.67,0.335566,0.942017,-97.3406,-807.592,-0.119666,-0.992814,857.5,0.453429,-1.69075,1.2,0.45,2500,4000,0,1,0.75,3.7
Kalibr,2,1,4845.72,7138.53,4810.98,7317.22,0.549378,0.835574,-447.455,-679.968,-0.549709,-0.835356,857.5,0.453429,-2.15281,1.2,0.45,2500,4000,0,1,0.75,3.7
Geran2,3,0,5429.95,8096.08,5528.65,8180.51,0.559946,0.828529,307.162,-266.381,0.755477,-0.655175,416.667,9.57307e-009,-0.714414,2.8,1.1,9000,5000,1,1,0.5,3.7
Kinzhal,4,2,5444.86,5327.01,5374.75,5453.3,0.701958,0.712218,613.479,-993.306,0.525472,-0.850811,1250,0.857143,-1.01753,2.4,0.12,7500,2000,2,4,1,3.7
Kalibr,5,1,6218.68,6190.71,6130.61,6197.94,0.703235,0.710958,742.904,-337.694,0.910362,-0.413813,857.5,0.453429,-0.426639,1.2,0.45,9000,5000,1,2,0.75,3.7
Kinzhal,6,2,2797.34,4966.29,2846.35,4935.37,0.499593,0.86626,-320.4,-1121.91,-0.274604,-0.961557,1250,0.857143,-1.84897,2.4,0.12,2500,4000,0,2,1,3.7
Kalibr,7,1,4941.21,6465.78,5186.11,6479.23,0.624895,0.780709,747.015,-323.012,0.917867,-0.396889,857.5,0.453429,-0.408125,1.2,0.45,9000,5000,1,2,0.75,3.7
Kalibr,8,1,4697.19,6216.91,4622.16,6252.62,0.594446,0.804136,-571.527,-583.867,-0.699515,-0.714618,857.5,0.453429,-2.34551,1.2,0.45,2500,4000,0,1,0.75,3.7
Geran2,10,0,4958.33,6838.95,5130.36,6865.64,0.59859,0.801056,-266.151,-307.359,-0.654611,-0.755966,416.667,9.57307e-009,-2.28446,2.8,1.1,2500,4000,0,0,0.5,3.7
Geran2,11,0,5586.6,7621.83,5589.75,7536.99,0.595695,0.80321,322.073,-247.38,0.793062,-0.60914,416.667,9.57307e-009,-0.654976,2.8,1.1,9000,5000,1,1,0.5,3.7
Kinzhal,12,2,8711.05,6664.7,8724.43,6532.21,0.800489,0.599347,537.451,-1035.37,0.460718,-0.887547,1250,0.857143,-1.09199,2.4,0.12,9000,5000,1,3,1,3.7
Kinzhal,13,2,8036.14,5605.78,8169.36,5616.52,0.824038,0.566534,812.115,-837.443,0.696168,-0.717879,1250,0.857143,-0.800751,2.4,0.12,9000,5000,1,3,1,3.7
Kalibr,14,1,5844.49,7775.87,5740.95,7678.27,0.598814,0.800888,619.62,-531.82,0.758823,-0.651297,857.5,0.453429,-0.709293,1.2,0.45,9000,5000,1,2,0.75,3.7
Kalibr,15,1,4368.26,6007.4,4502.85,5890.59,0.607304,0.79447,-555.908,-599.05,-0.680219,-0.733009,857.5,0.453429,-2.31886,1.2,0.45,2500,4000,0,1,0.75,3.7
Geran2,16,0,5439.91,7240.66,5445.01,7112.71,0.607864,0.794041,148.6,-378.03,0.36584,-0.930678,416.667,9.57307e-009,-1.19626,2.8,1.1,7500,2000,2,2,0.5,3.7
Kalibr,17,1,4014.21,6486.67,3964.02,6497.97,0.520784,0.853689,-418.729,-701.394,-0.512598,-0.858629,857.5,0.453429,-2.109,1.2,0.45,2500,4000,0,1,0.75,3.7
Kinzhal,18,2,8243.79,5918.15,8207.86,5950.76,0.809607,0.586972,752.624,-891.767,0.644969,-0.764209,1250,0.857143,-0.869814,2.4,0.12,9000,5000,1,3,1,3.7
Kinzhal,19,2,3424.37,5997.54,3344.72,5655.1,0.509076,0.860722,-490.344,-1059.57,-0.419984,-0.907531,1250,0.857143,-2.00422,2.4,0.12,2500,4000,0,2,1,3.7
Geran2,20,0,6006.44,7400.96,5950.08,7355.17,0.628936,0.777457,316.975,-254.225,0.780095,-0.625662,416.667,9.57307e-009,-0.67598,2.8,1.1,9000,5000,1,1,0.5,3.7
Kalibr,21,1,6339.3,6595.09,6405.44,6539.46,0.699749,0.714389,689.025,-436.92,0.844521,-0.535522,857.5,0.453429,-0.565126,1.2,0.45,9000,5000,1,2,0.75,3.7
Kinzhal,22,2,6610.89,4232.32,6659.67,4180.47,0.846958,0.531661,432.023,-1084.68,0.370024,-0.929022,1250,0.857143,-1.19176,2.4,0.12,7500,2000,2,4,1,3.7
Kinzhal,23,2,3360.35,4451.16,3375.89,4509.65,0.599279,0.80054,-787.852,-860.308,-0.675368,-0.73748,1250,0.857143,-2.31226,2.4,0.12,2500,4000,0,2,1,3.7
Geran2,24,0,6335.97,8116.55,6351.54,8198.65,0.612426,0.790528,76.0399,-399.562,0.186953,-0.982369,416.667,9.57307e-009,-1.38274,2.8,1.1,7500,2000,2,2,0.5,3.7
Geran2,25,0,3967.99,8438.38,4071.77,8527.34,0.430894,0.902403,195.586,-356.528,0.480965,-0.87674,416.667,9.57307e-009,-1.06904,2.8,1.1,7500,2000,2,2,0.5,3.7
Kalibr,26,1,3285.91,6031.49,3271.16,6063.09,0.474822,0.880082,-304.019,-758.052,-0.372233,-0.928139,857.5,0.453429,-1.95221,1.2,0.45,2500,4000,0,1,0.75,3.7
Kalibr,27,1,5061.88,6004.64,5118.37,5946.69,0.652348,0.757919,423.891,-698.711,0.518687,-0.854964,857.5,0.453429,-1.02548,1.2,0.45,7500,2000,2,3,0.75,3.7
Kinzhal,28,2,7043.25,6788.28,7160.92,6831.11,0.723573,0.690248,861.853,-787.653,0.738168,-0.674616,1250,0.857143,-0.740445,2.4,0.12,9000,5000,1,3,1,3.7
Kinzhal,29,2,7963.35,7497.19,8003.06,7495.29,0.729882,0.683573,780.438,-867.039,0.669013,-0.74325,1250,0.857143,-0.837916,2.4,0.12,9000,5000,1,3,1,3.7
Kinzhal,30,2,6678.74,5368.95,6838.97,5413.05,0.784109,0.620623,1009.25,-585.018,0.865161,-0.501494,1250,0.857143,-0.525325,2.4,0.12,9000,5000,1,3,1,3.7
Kalibr,31,1,2933,6515.24,2965.34,6590.4,0.410325,0.911939,-180.619,-794.29,-0.221736,-0.975107,857.5,0.453429,-1.79439,1.2,0.45,2500,4000,0,1,0.75,3.7
Kinzhal,32,2,5661.8,5927.37,5579.77,6003.61,0.680777,0.73249,494.94,-1057.46,0.423911,-0.905704,1250,0.857143,-1.13304,2.4,0.12,7500,2000,2,4,1,3.7
Kinzhal,33,2,8742,5302.78,8780.19,5411.5,0.851299,0.524681,757.813,-888.056,0.649122,-0.760684,1250,0.857143,-0.864367,2.4,0.12,9000,5000,1,3,1,3.7
Kinzhal,34,2,7421.55,5152.57,7735.02,5106.39,0.834546,0.550938,247.174,-1140.06,0.211885,-0.977295,1250,0.857143,-1.35729,2.4,0.12,7500,2000,2,4,1,3.7
Geran2,35,0,5225.88,7036.29,5169.8,7093.59,0.588978,0.808149,-271.451,-302.365,-0.668043,-0.744123,416.667,9.57307e-009,-2.30237,2.8,1.1,2500,4000,0,0,0.5,3.7
Kalibr,36,1,6933.79,5471.81,6918.58,5459.55,0.78502,0.619471,129.806,-806.855,0.158837,-0.987305,857.5,0.453429,-1.41128,1.2,0.45,7500,2000,2,3,0.75,3.7
Geran2,37,0,3827.13,6747.42,3679.72,6777.5,0.477142,0.878826,-176.587,-365.577,-0.434951,-0.900454,416.667,9.57307e-009,-2.02078,2.8,1.1,2500,4000,0,0,0.5,3.7
Kinzhal,38,2,5406.11,4418.44,5404.98,4404.74,0.775187,0.631732,717.984,-919.423,0.615476,-0.788155,1250,0.857143,-0.907806,2.4,0.12,7500,2000,2,4,1,3.7
Geran2,39,0,3752.2,7343.23,3831.14,7410.72,0.459235,0.888315,-142.525,-380.521,-0.350755,-0.936467,416.667,9.57307e-009,-1.92917,2.8,1.1,2500,4000,0,0,0.5,3.7
Geran2,40,0,5414.38,7744.45,5268.31,7841.53,0.557674,0.83006,-249.719,-320.845,-0.614205,-0.789146,416.667,9.57307e-009,-2.23217,2.8,1.1,2500,4000,0,0,0.5,3.7
Geran2,41,0,5191.18,7604.48,5053.24,7669.25,0.5502,0.835033,-243.293,-325.858,-0.598267,-0.801297,416.667,9.57307e-009,-2.21213,2.8,1.1,2500,4000,0,0,0.5,3.7
Kinzhal,42,2,7026.41,4585.54,6754.09,4520.99,0.831012,0.556255,210.223,-1148.39,0.180066,-0.983655,1250,0.857143,-1.38974,2.4,0.12,7500,2000,2,4,1,3.7
Geran2,43,0,3017.4,7437.8,2894.63,7506.33,0.3598,0.933029,-60.5129,-402.062,-0.14883,-0.988863,416.667,9.57307e-009,-1.72018,2.8,1.1,2500,4000,0,0,0.5,3.7
Kinzhal,44,2,5161.37,5113.89,5195.15,5266.83,0.702245,0.711935,698.812,-934.88,0.598712,-0.800965,1250,0.857143,-0.928904,2.4,0.12,7500,2000,2,4,1,3.7
Geran2,45,0,3038.74,7586.46,3050.51,7564.97,0.373981,0.927436,-60.4076,-402.133,-0.148551,-0.988905,416.667,9.57307e-009,-1.7199,2.8,1.1,2500,4000,0,0,0.5,3.7
Geran2,46,0,3830.36,7238.45,4033.8,7308.47,0.483219,0.8755,-154.413,-375.876,-0.379992,-0.92499,416.667,9.57307e-009,-1.96058,2.8,1.1,2500,4000,0,0,0.5,3.7
Kinzhal,47,2,7174.12,4923.06,7295.76,4828.84,0.833892,0.551927,129.377,-1160.35,0.110812,-0.993841,1250,0.857143,-1.45976,2.4,0.12,7500,2000,2,4,1,3.7
Kinzhal,48,2,4277.25,5489.83,4386.15,5461.83,0.626146,0.779706,566.22,-1019.92,0.485379,-0.874304,1250,0.857143,-1.064,2.4,0.12,7500,2000,2,4,1,3.7
Kinzhal,49,2,6768.99,6010.43,6670.34,6189.86,0.733014,0.680214,404.571,-1094.15,0.346809,-0.937936,1250,0.857143,-1.21663,2.4,0.12,7500,2000,2,4,1,3.7
Geran2,50,0,4673.39,6912.69,4471.38,6805.68,0.549099,0.835757,-242.78,-325.357,-0.598047,-0.801461,416.667,9.57307e-009,-2.21186,2.8,1.1,2500,4000,0,0,0.5,3.7
Kalibr,1,1,2663.77,7587.82,2672.74,7614.17,0.33121,0.943557,-90.2652,-808.6,-0.110942,-0.993827,857.5,0.453429,-1.68197,1.2,0.45,2500,4000,0,1,0.75,3.8
Kalibr,2,1,4800.48,7070.84,4846.65,6949.11,0.572057,0.820214,-452.426,-676.848,-0.555715,-0.831373,857.5,0.453429,-2.16002,1.2,0.45,2500,4000,0,1,0.75,3.8
Geran2,3,0,5460.66,8069.44,5510.63,8065.7,0.564125,0.825689,307.147,-266.369,0.755477,-0.655175,416.667,9.57307e-009,-0.714415,2.8,1.1,9000,5000,1,1,0.5,3.8
Kinzhal,4,2,5506.2,5227.7,5415.64,5153.99,0.724389,0.689392,613.384,-993.114,0.525487,-0.850802,1250,0.857143,-1.01751,2.4,0.12,7500,2000,2,4,1,3.8
Kalibr,5,1,6293.06,6157.14,6285.33,6166.43,0.713826,0.700323,743.786,-335.704,0.911462,-0.411384,857.5,0.453429,-0.423972,1.2,0.45,9000,5000,1,2,0.75,3.8
Kinzhal,6,2,2764.76,4854.27,2797.22,4964.77,0.490867,0.871235,-325.86,-1120.17,-0.279323,-0.960197,1250,0.857143,-1.85389,2.4,0.12,2500,4000,0,2,1,3.8
Kalibr,7,1,5016.16,6434.03,4928.56,6424.59,0.608669,0.793425,749.536,-317.523,0.920785,-0.390069,857.5,0.453429,-0.400707,1.2,0.45,9000,5000,1,2,0.75,3.8
Kalibr,8,1,4640,6158.57,4687.32,6226.31,0.601443,0.798916,-571.893,-583.367,-0.700049,-0.714095,857.5,0.453429,-2.34626,1.2,0.45,2500,4000,0,1,0.75,3.8
Geran2,10,0,4931.72,6808.21,4895.86,7016.94,0.572207,0.820109,-266.138,-307.344,-0.654612,-0.755965,416.667,9.57307e-009,-2.28447,2.8,1.1,2500,4000,0,0,0.5,3.8
Geran2,11,0,5618.8,7597.09,5512.1,7639.68,0.58511,0.810954,322.089,-247.393,0.793061,-0.609142,416.667,9.57307e-009,-0.654978,2.8,1.1,9000,5000,1,1,0.5,3.8
Kinzhal,12,2,8763.44,6560.49,8735.21,6322.21,0.810087,0.58631,523.914,-1042.03,0.4492,-0.893431,1250,0.857143,-1.10493,2.4,0.12,9000,5000,1,3,1,3.8
Kinzhal,13,2,8118.42,5523.11,8238.52,5436.27,0.834663,0.550761,822.72,-826.71,0.705394,-0.708815,1250,0.857143,-0.787817,2.4,0.12,9000,5000,1,3,1,3.8
Kalibr,14,1,5906.37,7722.6,5807.22,7681.82,0.603043,0.797709,618.794,-532.691,0.757866,-0.652411,857.5,0.453429,-0.710761,1.2,0.45,9000,5000,1,2,0.75,3.8
Kalibr,15,1,4312.67,5947.52,4407.7,5864.97,0.600782,0.799413,-555.932,-598.866,-0.680348,-0.73289,857.5,0.453429,-2.31903,1.2,0.45,2500,4000,0,1,0.75,3.8
Geran2,16,0,5454.77,7202.85,5563.66,7141.97,0.614546,0.788881,148.606,-378.042,0.365842,-0.930677,416.667,9.57307e-009,-1.19626,2.8,1.1,7500,2000,2,2,0.5,3.8
Kalibr,17,1,3972.26,6416.58,3965.35,6381.74,0.527774,0.849385,-419.424,-700.877,-0.513503,-0.858088,857.5,0.453429,-2.11006,1.2,0.45,2500,4000,0,1,0.75,3.8
Kinzhal,18,2,8318.78,5828.77,8438,5935.37,0.817919,0.575333,749.931,-893.816,0.642752,-0.766074,1250,0.857143,-0.872711,2.4,0.12,9000,5000,1,3,1,3.8
Kinzhal,19,2,3375.34,5891.61,3380.04,5934.75,0.494897,0.868951,-490.248,-1059.38,-0.41998,-0.907533,1250,0.857143,-2.00422,2.4,0.12,2500,4000,0,2,1,3.8
Geran2,20,0,6038.14,7375.53,6034.6,7440.86,0.629895,0.776681,316.976,-254.226,0.780094,-0.625663,416.667,9.57307e-009,-0.675981,2.8,1.1,9000,5000,1,1,0.5,3.8
Kalibr,21,1,6408.34,6551.61,6363.21,6572.73,0.695563,0.718465,690.34,-434.835,0.846135,-0.532968,857.5,0.453429,-0.562105,1.2,0.45,9000,5000,1,2,0.75,3.8
Kinzhal,22,2,6654.09,4123.87,6554.61,4284.83,0.837021,0.547171,431.94,-1084.48,0.370023,-0.929023,1250,0.857143,-1.19176,2.4,0.12,7500,2000,2,4,1,3.8
Kinzhal,23,2,3280.48,4366.17,3341.93,4267.01,0.616597,0.787279,-798.759,-849.883,-0.68485,-0.728684,1250,0.857143,-2.32519,2.4,0.12,2500,4000,0,2,1,3.8
Geran2,24,0,6343.57,8076.6,6329.75,8016.43,0.619704,0.784836,76.0339,-399.53,0.186953,-0.982369,416.667,9.57307e-009,-1.38274,2.8,1.1,7500,2000,2,2,0.5,3.8
Geran2,25,0,3987.55,8402.73,3984.35,8497.97,0.424514,0.905421,195.573,-356.505,0.480966,-0.876739,416.667,9.57307e-009,-1.06904,2.8,1.1,7500,2000,2,2,0.5,3.8
Kalibr,26,1,3255.62,5955.65,3231.42,6006.63,0.473768,0.88065,-302.869,-758.431,-0.370859,-0.928689,857.5,0.453429,-1.95073,1.2,0.45,2500,4000,0,1,0.75,3.8
Kalibr,27,1,5104.28,5934.79,4989.64,5896.9,0.645939,0.763389,423.962,-698.529,0.518848,-0.854866,857.5,0.453429,-1.02529,1.2,0.45,7500,2000,2,3,0.75,3.8
Kinzhal,28,2,7129.42,6709.53,7196.41,6597.36,0.737121,0.675761,861.691,-787.503,0.738169,-0.674616,1250,0.857143,-0.740444,2.4,0.12,9000,5000,1,3,1,3.8
Kinzhal,29,2,8040.26,7409.5,7978.57,7422.33,0.732168,0.681124,769.011,-876.892,0.659345,-0.751841,1250,0.857143,-0.850849,2.4,0.12,9000,5000,1,3,1,3.8
Kinzhal,30,2,6780.4,5311.77,6748,5473.77,0.776619,0.62997,1016.54,-571.806,0.871575,-0.490263,1250,0.857143,-0.512391,2.4,0.12,9000,5000,1,3,1,3.8
Kalibr,31,1,2915.44,6435.69,2795.26,6396.27,0.400445,0.916321,-175.553,-795.528,-0.215491,-0.976506,857.5,0.453429,-1.78799,1.2,0.45,2500,4000,0,1,0.75,3.8
Kinzhal,32,2,5711.28,5821.64,5611.44,5877.23,0.690563,0.723272,494.847,-1057.26,0.423912,-0.905703,1250,0.857143,-1.13304,2.4,0.12,7500,2000,2,4,1,3.8
Kinzhal,33,2,8817.75,5213.98,8713.96,5270.03,0.855683,0.5175,757.525,-888.025,0.648992,-0.760795,1250,0.857143,-0.864537,2.4,0.12,9000,5000,1,3,1,3.8
Kinzhal,34,2,7444.78,5038.28,7601.75,5280.31,0.821303,0.570492,232.364,-1142.95,0.199227,-0.979953,1250,0.857143,-1.37023,2.4,0.12,7500,2000,2,4,1,3.8
Geran2,35,0,5198.74,7006.06,5333.3,7128.03,0.599085,0.800685,-271.452,-302.365,-0.668044,-0.744122,416.667,9.57307e-009,-2.30237,2.8,1.1,2500,4000,0,0,0.5,3.8
Kalibr,36,1,6946.79,5391.14,6836.34,5539.36,0.776957,0.629554,129.997,-806.705,0.159093,-0.987264,857.5,0.453429,-1.41102,1.2,0.45,7500,2000,2,3,0.75,3.8
Geran2,37,0,3809.47,6710.86,3725.25,6829.22,0.478874,0.877884,-176.601,-365.604,-0.434953,-0.900453,416.667,9.57307e-009,-2.02078,2.8,1.1,2500,4000,0,0,0.5,3.8
Kinzhal,38,2,5479.02,4327.4,5370.77,4221.45,0.786207,0.617963,729.029,-910.417,0.625059,-0.780578,1250,0.857143,-0.89559,2.4,0.12,7500,2000,2,4,1,3.8
Geran2,39,0,3737.94,7305.18,3782.2,7381.89,0.455993,0.889983,-142.525,-380.522,-0.350754,-0.936468,416.667,9.57307e-009,-1.92917,2.8,1.1,2500,4000,0,0,0.5,3.8
Geran2,40,0,5389.41,7712.37,5265.21,7730.44,0.562932,0.826503,-249.707,-320.83,-0.614206,-0.789146,416.667,9.57307e-009,-2.23218,2.8,1.1,2500,4000,0,0,0.5,3.8
Geran2,41,0,5166.85,7571.9,5213.33,7652.86,0.563003,0.826455,-243.277,-325.837,-0.598266,-0.801297,416.667,9.57307e-009,-2.21213,2.8,1.1,2500,4000,0,0,0.5,3.8
Kinzhal,42,2,7047.44,4470.72,7091.21,4478.18,0.845515,0.533952,210.213,-1148.18,0.180091,-0.98365,1250,0.857143,-1.38972,2.4,0.12,7500,2000,2,4,1,3.8
Geran2,43,0,3011.35,7397.59,2993.47,7329.78,0.378084,0.925771,-60.5096,-402.042,-0.14883,-0.988863,416.667,9.57307e-009,-1.72018,2.8,1.1,2500,4000,0,0,0.5,3.8
Kinzhal,44,2,5231.29,5020.45,5234.84,4979.69,0.724544,0.689229,699.212,-934.347,0.599151,-0.800636,1250,0.857143,-0.928357,2.4,0.12,7500,2000,2,4,1,3.8
Geran2,45,0,3032.7,7546.25,3106.21,7410.24,0.386588,0.922253,-60.4037,-402.108,-0.148551,-0.988905,416.667,9.57307e-009,-1.7199,2.8,1.1,2500,4000,0,0,0.5,3.8
Geran2,46,0,3814.92,7200.86,3888.1,7189.08,0.475716,0.879599,-154.412,-375.875,-0.379991,-0.92499,416.667,9.57307e-009,-1.96058,2.8,1.1,2500,4000,0,0,0.5,3.8
Kinzhal,47,2,7187.05,4807.04,7301.43,4879.29,0.831436,0.55562,129.349,-1160.13,0.110809,-0.993842,1250,0.857143,-1.45976,2.4,0.12,7500,2000,2,4,1,3.8
Kinzhal,48,2,4335.18,5388.6,4455.03,5379.42,0.63783,0.770177,579.252,-1012.32,0.496647,-0.867953,1250,0.857143,-1.05107,2.4,0.12,7500,2000,2,4,1,3.8
Kinzhal,49,2,6808.02,5900.52,6807.78,5867.66,0.757471,0.652868,390.311,-1099.08,0.33465,-0.942343,1250,0.857143,-1.22956,2.4,0.12,7500,2000,2,4,1,3.8
Geran2,50,0,4649.11,6880.15,4511.7,6868.76,0.549003,0.83582,-242.799,-325.384,-0.598045,-0.801462,416.667,9.57307e-009,-2.21186,2.8,1.1,2500,4000,0,0,0.5,3.8
Kalibr,1,1,2655.38,7506.87,2692.21,7603.03,0.333789,0.942648,-83.8935,-809.462,-0.103089,-0.994672,857.5,0.453429,-1.67407,1.2,0.45,2500,4000,0,1,0.75,3.9
Kalibr,2,1,4754.79,7003.44,4718.27,7092.96,0.553857,0.832612,-456.876,-674.02,-0.561085,-0.827758,857.5,0.453429,-2.16649,1.2,0.45,2500,4000,0,1,0.75,3.9
Geran2,3,0,5491.38,8042.81,5485.36,7945.28,0.568144,0.822929,307.134,-266.357,0.755477,-0.655176,416.667,9.57307e-009,-0.714415,2.8,1.1,9000,5000,1,1,0.5,3.9
Kinzhal,4,2,5567.53,5128.41,5617.16,5143.46,0.737521,0.675325,613.296,-992.941,0.525498,-0.850795,1250,0.857143,-1.0175,2.4,0.12,7500,2000,2,4,1,3.9
Kalibr,5,1,6367.52,6123.75,6337.1,5971.72,0.727776,0.685815,744.58,-333.904,0.912451,-0.409185,857.5,0.453429,-0.421561,1.2,0.45,9000,5000,1,2,0.75,3.9
Kinzhal,6,2,2731.7,4742.41,2699.39,4719.04,0.496527,0.868021,-330.534,-1118.65,-0.283364,-0.959012,1250,0.857143,-1.8581,2.4,0.12,2500,4000,0,2,1,3.9
Kalibr,7,1,5091.34,6402.77,5262.58,6540.02,0.626912,0.77909,751.767,-312.589,0.923359,-0.383938,857.5,0.453429,-0.394058,1.2,0.45,9000,5000,1,2,0.75,3.9
Kalibr,8,1,4582.78,6100.28,4526.9,6072.54,0.597673,0.80174,-572.223,-582.915,-0.700532,-0.713621,857.5,0.453429,-2.34694,1.2,0.45,2500,4000,0,1,0.75,3.9
Geran2,10,0,4905.11,6777.48,4857.51,6775.32,0.582666,0.812712,-266.127,-307.331,-0.654612,-0.755965,416.667,9.57307e-009,-2.28447,2.8,1.1,2500,4000,0,0,0.5,3.9
Geran2,11,0,5651.02,7572.35,5643.37,7488.8,0.601825,0.798628,322.102,-247.404,0.79306,-0.609143,416.667,9.57307e-009,-0.65498,2.8,1.1,9000,5000,1,1,0.5,3.9
Kinzhal,12,2,8814.47,6455.64,9032.59,6410.23,0.815507,0.578748,510.302,-1048.54,0.437605,-0.899167,1250,0.857143,-1.11786,2.4,0.12,9000,5000,1,3,1,3.9
Kinzhal,13,2,8201.74,5441.52,8336.77,5471.96,0.836004,0.548723,833.2,-815.856,0.714504,-0.699631,1250,0.857143,-0.774881,2.4,0.12,9000,5000,1,3,1,3.9
Kalibr,14,1,5968.17,7669.26,5928.58,7469.91,0.621663,0.783285,618.051,-533.47,0.757006,-0.653408,857.5,0.453429,-0.712078,1.2,0.45,9000,5000,1,2,0.75,3.9
Kalibr,15,1,4257.07,5887.65,4135.77,5997.14,0.567716,0.823225,-555.953,-598.698,-0.680464,-0.732782,857.5,0.453429,-2.31919,1.2,0.45,2500,4000,0,1,0.75,3.9
Geran2,16,0,5469.64,7165.05,5434.97,7283.43,0.598054,0.801456,148.61,-378.054,0.365843,-0.930677,416.667,9.57307e-009,-1.19626,2.8,1.1,7500,2000,2,2,0.5,3.9
Kalibr,17,1,3930.26,6346.54,3922.41,6405.02,0.522248,0.852794,-420.052,-700.409,-0.514322,-0.857597,857.5,0.453429,-2.11101,1.2,0.45,2500,4000,0,1,0.75,3.9
Kinzhal,18,2,8393.54,5739.22,8340.99,5591.59,0.830626,0.556831,747.655,-895.526,0.640884,-0.767638,1250,0.857143,-0.875147,2.4,0.12,9000,5000,1,3,1,3.9
Kinzhal,19,2,3326.33,5785.69,3174.47,5778.32,0.481498,0.876447,-490.161,-1059.2,-0.419977,-0.907535,1250,0.857143,-2.00422,2.4,0.12,2500,4000,0,2,1,3.9
Geran2,20,0,6069.84,7350.11,6187.71,7093.53,0.657353,0.753582,316.977,-254.227,0.780093,-0.625663,416.667,9.57307e-009,-0.675982,2.8,1.1,9000,5000,1,1,0.5,3.9
Kalibr,21,1,6477.49,6508.31,6489.32,6692.94,0.696102,0.717943,691.523,-432.949,0.847586,-0.530657,857.5,0.453429,-0.559376,1.2,0.45,9000,5000,1,2,0.75,3.9
Kinzhal,22,2,6697.27,4015.44,6638.05,4045.68,0.853905,0.520428,431.866,-1084.29,0.370022,-0.929023,1250,0.857143,-1.19176,2.4,0.12,7500,2000,2,4,1,3.9
Kinzhal,23,2,3199.52,4282.24,3119.93,4304.42,0.586872,0.80968,-809.545,-839.333,-0.694219,-0.719764,1250,0.857143,-2.33813,2.4,0.12,2500,4000,0,2,1,3.9
Geran2,24,0,6351.17,8036.65,6286.12,8132,0.611588,0.791176,76.0284,-399.501,0.186953,-0.982369,416.667,9.57307e-009,-1.38274,2.8,1.1,7500,2000,2,2,0.5,3.9
Geran2,25,0,4007.11,8367.08,3919.48,8263.72,0.428541,0.903522,195.562,-356.485,0.480966,-0.876739,416.667,9.57307e-009,-1.06904,2.8,1.1,7500,2000,2,2,0.5,3.9
Kalibr,26,1,3225.44,5879.77,3281.65,5957.1,0.482511,0.87589,-301.817,-758.776,-0.369603,-0.92919,857.5,0.453429,-1.94938,1.2,0.45,2500,4000,0,1,0.75,3.9
Kalibr,27,1,5146.68,5864.95,5084.14,6025.93,0.644853,0.764307,424.024,-698.365,0.518993,-0.854779,857.5,0.453429,-1.02512,1.2,0.45,7500,2000,2,3,0.75,3.9
Kinzhal,28,2,7215.57,6630.79,7325.18,6617.88,0.742023,0.670375,861.544,-787.367,0.738169,-0.674615,1250,0.857143,-0.740443,2.4,0.12,9000,5000,1,3,1,3.9
Kinzhal,29,2,8116,7320.83,8110.4,7362.79,0.740408,0.672158,757.471,-886.612,0.649564,-0.760307,1250,0.857143,-0.863786,2.4,0.12,9000,5000,1,3,1,3.9
Kinzhal,30,2,6882.77,5255.92,7081.8,5304.6,0.800366,0.599512,1023.67,-558.511,0.877844,-0.478947,1250,0.857143,-0.499455,2.4,0.12,9000,5000,1,3,1,3.9
Kalibr,31,1,2898.35,6356.03,2739.11,6394.34,0.393759,0.919214,-170.945,-796.628,-0.209809,-0.977742,857.5,0.453429,-1.78218,1.2,0.45,2500,4000,0,1,0.75,3.9
Kinzhal,32,2,5760.76,5715.94,5797.29,5787.79,0.707686,0.706527,494.763,-1057.08,0.423912,-0.905703,1250,0.857143,-1.13304,2.4,0.12,7500,2000,2,4,1,3.9
Kinzhal,33,2,8893.47,5125.18,8954.82,5145.68,0.867046,0.498228,757.239,-888.018,0.648853,-0.760914,1250,0.857143,-0.86472,2.4,0.12,9000,5000,1,3,1,3.9
Kinzhal,34,2,7466.53,4923.71,7502.34,4914.43,0.836507,0.547956,217.522,-1145.66,0.186534,-0.982448,1250,0.857143,-1.38316,2.4,0.12,7500,2000,2,4,1,3.9
Geran2,35,0,5171.59,6975.82,5212.04,6994.65,0.597506,0.801864,-271.453,-302.365,-0.668045,-0.744121,416.667,9.57307e-009,-2.30237,2.8,1.1,2500,4000,0,0,0.5,3.9
Kalibr,36,1,6959.8,5310.49,6878.11,5333,0.790278,0.612748,130.168,-806.568,0.159324,-0.987226,857.5,0.453429,-1.41079,1.2,0.45,7500,2000,2,3,0.75,3.9
Geran2,37,0,3791.81,6674.29,3849.64,6678.66,0.499388,0.866378,-176.613,-365.628,-0.434955,-0.900452,416.667,9.57307e-009,-2.02078,2.8,1.1,2500,4000,0,0,0.5,3.9
Kinzhal,38,2,5552.78,4237.07,5609.94,4205.09,0.800162,0.599785,737.649,-903.238,0.632537,-0.77453,1250,0.857143,-0.885972,2.4,0.12,7500,2000,2,4,1,3.9
Geran2,39,0,3723.69,7267.13,3712.18,6985.77,0.469252,0.883064,-142.525,-380.523,-0.350753,-0.936468,416.667,9.57307e-009,-1.92917,2.8,1.1,2500,4000,0,0,0.5,3.9
Geran2,40,0,5364.44,7680.29,5374.26,7708.01,0.571937,0.820298,-249.697,-320.816,-0.614206,-0.789146,416.667,9.57307e-009,-2.23218,2.8,1.1,2500,4000,0,0,0.5,3.9
Geran2,41,0,5142.53,7539.32,5222.15,7607.8,0.565924,0.824457,-243.262,-325.818,-0.598266,-0.801297,416.667,9.57307e-009,-2.21213,2.8,1.1,2500,4000,0,0,0.5,3.9
Kinzhal,42,2,7068.46,4355.92,7102.05,4245.55,0.858328,0.513102,210.202,-1147.98,0.180111,-0.983646,1250,0.857143,-1.3897,2.4,0.12,7500,2000,2,4,1,3.9
Geran2,43,0,3005.3,7357.39,3042.43,7358.24,0.382099,0.924121,-60.5066,-402.023,-0.148829,-0.988863,416.667,9.57307e-009,-1.72018,2.8,1.1,2500,4000,0,0,0.5,3.9
Kinzhal,44,2,5301.24,4927.06,5327.19,4972.1,0.731052,0.682322,699.51,-933.911,0.599494,-0.80038,1250,0.857143,-0.927928,2.4,0.12,7500,2000,2,4,1,3.9
Geran2,45,0,3026.66,7506.05,2936.53,7419.33,0.368017,0.929819,-60.4001,-402.086,-0.14855,-0.988905,416.667,9.57307e-009,-1.7199,2.8,1.1,2500,4000,0,0,0.5,3.9
Geran2,46,0,3799.48,7163.27,3727.67,7127.9,0.463422,0.886138,-154.411,-375.875,-0.379991,-0.92499,416.667,9.57307e-009,-1.96058,2.8,1.1,2500,4000,0,0,0.5,3.9
Kinzhal,47,2,7199.99,4691.05,7099.38,4726.63,0.832391,0.554189,129.324,-1159.93,0.110807,-0.993842,1250,0.857143,-1.45976,2.4,0.12,7500,2000,2,4,1,3.9
Kinzhal,48,2,4394.4,5288.14,4207.93,5377.78,0.616239,0.78756,592.195,-1004.56,0.507833,-0.861456,1250,0.857143,-1.03813,2.4,0.12,7500,2000,2,4,1,3.9
Kinzhal,49,2,6845.62,5790.14,6707.84,5808.39,0.755972,0.654604,375.995,-1103.84,0.322431,-0.946593,1250,0.857143,-1.2425,2.4,0.12,7500,2000,2,4,1,3.9
Geran2,50,0,4624.83,6847.61,4542.97,6909.19,0.549401,0.835559,-242.817,-325.409,-0.598044,-0.801464,416.667,9.57307e-009,-2.21185,2.8,1.1,2500,4000,0,0,0.5,3.9
Kalibr,1,1,2647.57,7425.85,2627.03,7352.9,0.336449,0.941702,-78.1536,-810.202,-0.0960162,-0.99538,857.5,0.453429,-1.66696,1.2,0.45,2500,4000,0,1,0.75,4
Kalibr,2,1,4708.71,6936.29,4820.6,7101.85,0.56162,0.827395,-460.862,-671.458,-0.565891,-0.82448,857.5,0.453429,-2.17231,1.2,0.45,2500,4000,0,1,0.75,4
Geran2,3,0,5522.09,8016.17,5751.73,7980.87,0.584673,0.811269,307.121,-266.346,0.755476,-0.655176,416.667,9.57307e-009,-0.714415,2.8,1.1,9000,5000,1,1,0.5,4
Kinzhal,4,2,5628.85,5029.13,5612.89,5146.94,0.737037,0.675852,613.213,-992.784,0.525507,-0.850789,1250,0.857143,-1.01749,2.4,0.12,7500,2000,2,4,1,4
Kalibr,5,1,6442.05,6090.53,6402.43,6087.23,0.724721,0.689042,745.294,-332.274,0.913341,-0.407194,857.5,0.453429,-0.41938,1.2,0.45,9000,5000,1,2,0.75,4
Kinzhal,6,2,2698.24,4630.68,2773.52,4712.51,0.507217,0.861818,-334.605,-1117.31,-0.286886,-0.957965,1250,0.857143,-1.86177,2.4,0.12,2500,4000,0,2,1,4
Kalibr,7,1,5166.71,6371.96,5142.17,6313.84,0.631493,0.775382,753.745,-308.154,0.925632,-0.378426,857.5,0.453429,-0.388095,1.2,0.45,9000,5000,1,2,0.75,4
Kalibr,8,1,4525.53,6042.03,4544.15,6116.52,0.596362,0.802715,-572.521,-582.506,-0.700968,-0.713193,857.5,0.453429,-2.34755,1.2,0.45,2500,4000,0,1,0.75,4
Geran2,10,0,4878.5,6746.75,4662.44,6621.86,0.575709,0.817655,-266.116,-307.318,-0.654612,-0.755965,416.667,9.57307e-009,-2.28447,2.8,1.1,2500,4000,0,0,0.5,4
Geran2,11,0,5683.23,7547.61,5734.3,7650.94,0.599739,0.800196,322.115,-247.415,0.79306,-0.609144,416.667,9.57307e-009,-0.654981,2.8,1.1,9000,5000,1,1,0.5,4
Kinzhal,12,2,8864.13,6350.15,8758.95,6305.99,0.811555,0.584277,496.614,-1054.89,0.425935,-0.904754,1250,0.857143,-1.1308,2.4,0.12,9000,5000,1,3,1,4
Kinzhal,13,2,8286.09,5361.04,8105.63,5317.61,0.836129,0.548533,843.552,-804.88,0.723496,-0.690328,1250,0.857143,-0.761943,2.4,0.12,9000,5000,1,3,1,4
Kalibr,14,1,6029.91,7615.84,6097.77,7737.92,0.618949,0.785431,617.384,-534.168,0.756233,-0.654302,857.5,0.453429,-0.71326,1.2,0.45,9000,5000,1,2,0.75,4
Kalibr,15,1,4201.47,5827.79,4242.81,5817.3,0.589266,0.807939,-555.971,-598.545,-0.680569,-0.732684,857.5,0.453429,-2.31933,1.2,0.45,2500,4000,0,1,0.75,4
Geran2,16,0,5484.5,7127.24,5516.15,7052.25,0.616101,0.787667,148.615,-378.064,0.365844,-0.930676,416.667,9.57307e-009,-1.19626,2.8,1.1,7500,2000,2,2,0.5,4
Kalibr,17,1,3888.2,6276.54,3791.48,6308.9,0.515109,0.857124,-420.62,-699.984,-0.515062,-0.857153,857.5,0.453429,-2.11188,1.2,0.45,2500,4000,0,1,0.75,4
Kinzhal,18,2,8468.12,5649.52,8563.99,5660.39,0.834244,0.551396,745.709,-896.971,0.639291,-0.768965,1250,0.857143,-0.877221,2.4,0.12,9000,5000,1,3,1,4
Kinzhal,19,2,3277.32,5679.78,3347.14,5494.56,0.520244,0.854017,-490.082,-1059.04,-0.419974,-0.907536,1250,0.857143,-2.00421,2.4,0.12,2500,4000,0,2,1,4
Geran2,20,0,6101.53,7324.69,5922.25,7169.54,0.636855,0.770984,316.978,-254.228,0.780093,-0.625664,416.667,9.57307e-009,-0.675982,2.8,1.1,9000,5000,1,1,0.5,4
Kalibr,21,1,6546.75,6465.19,6428.6,6359.64,0.710909,0.703284,692.589,-431.242,0.848893,-0.528565,857.5,0.453429,-0.556909,1.2,0.45,9000,5000,1,2,0.75,4
Kinzhal,22,2,6740.45,3907.03,6595.06,3994.07,0.855367,0.518023,431.798,-1084.13,0.370022,-0.929023,1250,0.857143,-1.19176,2.4,0.12,7500,2000,2,4,1,4
Kinzhal,23,2,3117.5,4199.37,3352.88,3938.17,0.648258,0.761421,-820.206,-828.657,-0.703473,-0.710722,1250,0.857143,-2.35107,2.4,0.12,2500,4000,0,2,1,4
Geran2,24,0,6358.78,7996.7,6310.31,7881.42,0.625008,0.780618,76.0233,-399.474,0.186953,-0.982369,416.667,9.57307e-009,-1.38274,2.8,1.1,7500,2000,2,2,0.5,4
Geran2,25,0,4026.66,8331.44,4133.48,8415.95,0.440847,0.897583,195.552,-356.466,0.480966,-0.876739,416.667,9.57307e-009,-1.06904,2.8,1.1,7500,2000,2,2,0.5,4
Kalibr,26,1,3195.36,5803.86,3305.17,5858.86,0.49134,0.870968,-300.855,-759.091,-0.368452,-0.929647,857.5,0.453429,-1.94814,1.2,0.45,2500,4000,0,1,0.75,4
Kalibr,27,1,5189.09,5795.13,5207.37,5806.43,0.667659,0.744467,424.078,-698.217,0.519122,-0.8547,857.5,0.453429,-1.02497,1.2,0.45,7500,2000,2,3,0.75,4
Kinzhal,28,2,7301.71,6552.06,7395.03,6325.86,0.759903,0.650037,861.41,-787.244,0.73817,-0.674615,1250,0.857143,-0.740443,2.4,0.12,9000,5000,1,3,1,4
Kinzhal,29,2,8190.59,7231.22,7985.18,7253.43,0.740209,0.672377,745.819,-896.195,0.639673,-0.768648,1250,0.857143,-0.876724,2.4,0.12,9000,5000,1,3,1,4
Kinzhal,30,2,6985.83,5201.4,6989.69,5148.37,0.805162,0.593055,1030.65,-545.134,0.883967,-0.467549,1250,0.857143,-0.486516,2.4,0.12,9000,5000,1,3,1,4
Kalibr,31,1,2881.67,6276.27,2817.3,6300.59,0.408198,0.912893,-166.748,-797.607,-0.204636,-0.978838,857.5,0.453429,-1.77689,1.2,0.45,2500,4000,0,1,0.75,4
Kinzhal,32,2,5810.23,5610.24,5691.77,5669.72,0.708478,0.705733,494.686,-1056.91,0.423913,-0.905703,1250,0.857143,-1.13304,2.4,0.12,7500,2000,2,4,1,4
Kinzhal,34,2,7486.8,4808.89,7693.41,4874.24,0.844732,0.535189,202.649,-1148.19,0.173807,-0.98478,1250,0.857143,-1.3961,2.4,0.12,7500,2000,2,4,1,4
Geran2,35,0,5144.45,6945.58,5212.2,6858.78,0.605048,0.796189,-271.453,-302.366,-0.668045,-0.744121,416.667,9.57307e-009,-2.30237,2.8,1.1,2500,4000,0,0,0.5,4
Kalibr,36,1,6972.84,5229.84,6997.61,5120.26,0.807027,0.590515,130.322,-806.444,0.159531,-0.987193,857.5,0.453429,-1.41058,1.2,0.45,7500,2000,2,3,0.75,4
Geran2,37,0,3774.15,6637.73,3766.01,6561.32,0.497801,0.867291,-176.625,-365.65,-0.434956,-0.900452,416.667,9.57307e-009,-2.02079,2.8,1.1,2500,4000,0,0,0.5,4
Kinzhal,38,2,5627.22,4147.32,5615.14,4271.36,0.795899,0.605429,744.396,-897.521,0.638392,-0.769711,1250,0.857143,-0.878389,2.4,0.12,7500,2000,2,4,1,4
Geran2,39,0,3709.44,7229.08,3690.95,7337.91,0.449354,0.893354,-142.525,-380.524,-0.350753,-0.936468,416.667,9.57307e-009,-1.92917,2.8,1.1,2500,4000,0,0,0.5,4
Geran2,40,0,5339.47,7648.21,5328.45,7560.94,0.576056,0.81741,-249.687,-320.803,-0.614206,-0.789146,416.667,9.57307e-009,-2.23218,2.8,1.1,2500,4000,0,0,0.5,4
Geran2,41,0,5118.2,7506.74,5100.36,7575.29,0.558497,0.829506,-243.249,-325.8,-0.598266,-0.801298,416.667,9.57307e-009,-2.21213,2.8,1.1,2500,4000,0,0,0.5,4
Kinzhal,42,2,7089.47,4241.14,7130.77,4286.1,0.857087,0.515171,210.188,-1147.81,0.180127,-0.983643,1250,0.857143,-1.38968,2.4,0.12,7500,2000,2,4,1,4
Geran2,43,0,2999.25,7317.19,2895.9,7268.14,0.370139,0.928977,-60.5039,-402.006,-0.148829,-0.988863,416.667,9.57307e-009,-1.72018,2.8,1.1,2500,4000,0,0,0.5,4
Kinzhal,44,2,5371.21,4833.71,5278.03,4920.01,0.73148,0.681863,699.731,-933.553,0.599762,-0.800178,1250,0.857143,-0.927593,2.4,0.12,7500,2000,2,4,1,4
Geran2,45,0,3020.62,7465.84,3177.85,7446.04,0.39253,0.919739,-60.3969,-402.065,-0.14855,-0.988905,416.667,9.57307e-009,-1.7199,2.8,1.1,2500,4000,0,0,0.5,4
Geran2,46,0,3784.04,7125.68,3852.23,7107.92,0.476485,0.879183,-154.411,-375.874,-0.37999,-0.924991,416.667,9.57307e-009,-1.96058,2.8,1.1,2500,4000,0,0,0.5,4
Kinzhal,47,2,7212.92,4575.08,7262.29,4582.4,0.845715,0.533634,129.302,-1159.75,0.110805,-0.993842,1250,0.857143,-1.45976,2.4,0.12,7500,2000,2,4,1,4
Kinzhal,48,2,4454.9,5188.47,4489.2,5240.06,0.650601,0.75942,605.047,-996.659,0.518936,-0.854813,1250,0.857143,-1.02519,2.4,0.12,7500,2000,2,4,1,4
Kinzhal,49,2,6881.78,5679.29,6737.04,5786.75,0.758581,0.651579,361.624,-1108.44,0.310157,-0.950685,1250,0.857143,-1.25544,2.4,0.12,7500,2000,2,4,1,4
Geran2,50,0,4600.55,6815.06,4633.58,6841.11,0.560788,0.82796,-242.833,-325.431,-0.598042,-0.801464,416.667,9.57307e-009,-2.21185,2.8,1.1,2500,4000,0,0,0.5,4
Kalibr,1,1,2640.27,7344.77,2533.05,7083.61,0.336712,0.941608,-72.9806,-810.839,-0.0896439,-0.995974,857.5,0.453429,-1.66056,1.2,0.45,2500,4000,0,1,0.75,4.1
Kalibr,2,1,4662.26,6869.38,4594.32,7022.56,0.54747,0.836825,-464.435,-669.138,-0.570194,-0.82151,857.5,0.453429,-2.17754,1.2,0.45,2500,4000,0,1,0.75,4.1
Geran2,3,0,5552.8,7989.54,5735.9,8081.74,0.578779,0.815485,307.11,-266.337,0.755476,-0.655176,416.667,9.57307e-009,-0.714416,2.8,1.1,9000,5000,1,1,0.5,4.1
Kinzhal,4,2,5690.17,4929.87,5690.79,4920.32,0.756458,0.654042,613.137,-992.643,0.525514,-0.850785,1250,0.857143,-1.01748,2.4,0.12,7500,2000,2,4,1,4.1
Kalibr,5,1,6516.64,6057.45,6575.08,6053.91,0.735661,0.67735,745.938,-330.797,0.914144,-0.405391,857.5,0.453429,-0.417406,1.2,0.45,9000,5000,1,2,0.75,4.1
Kinzhal,6,2,2664.42,4519.07,2663.39,4661.15,0.496122,0.868253,-338.233,-1116.09,-0.290025,-0.957019,1250,0.857143,-1.86505,2.4,0.12,2500,4000,0,2,1,4.1
Kalibr,7,1,5242.26,6341.54,5272.48,6382.68,0.636869,0.770972,755.502,-304.165,0.927643,-0.373469,857.5,0.453429,-0.382746,1.2,0.45,9000,5000,1,2,0.75,4.1
Kalibr,8,1,4468.25,5983.82,4427.32,5784.43,0.607791,0.794097,-572.789,-582.135,-0.701362,-0.712805,857.5,0.453429,-2.3481,1.2,0.45,2500,4000,0,1,0.75,4.1
Geran2,10,0,4851.88,6716.02,4922.88,6904.78,0.580527,0.814241,-266.106,-307.307,-0.654612,-0.755965,416.667,9.57307e-009,-2.28447,2.8,1.1,2500,4000,0,0,0.5,4.1
Geran2,11,0,5715.44,7522.86,5905.29,7542.72,0.616457,0.787389,322.127,-247.424,0.793059,-0.609144,416.667,9.57307e-009,-0.654981,2.8,1.1,9000,5000,1,1,0.5,4.1
Kinzhal,12,2,8912.42,6244.04,8906.06,6169.45,0.822032,0.569442,482.852,-1061.07,0.414192,-0.91019,1250,0.857143,-1.14374,2.4,0.12,9000,5000,1,3,1,4.1
Kinzhal,13,2,8371.47,5281.66,8350.25,5135.98,0.851779,0.523902,853.774,-793.783,0.732369,-0.680908,1250,0.857143,-0.749002,2.4,0.12,9000,5000,1,3,1,4.1
Kalibr,14,1,6091.59,7562.36,5949.43,7579.15,0.617461,0.786601,616.783,-534.794,0.755538,-0.655104,857.5,0.453429,-0.714321,1.2,0.45,9000,5000,1,2,0.75,4.1
Kalibr,15,1,4145.87,5767.95,4064.2,5866.64,0.569463,0.822017,-555.988,-598.406,-0.680664,-0.732595,857.5,0.453429,-2.31947,1.2,0.45,2500,4000,0,1,0.75,4.1
Geran2,16,0,5499.36,7089.43,5587.12,7079.11,0.619531,0.784972,148.619,-378.073,0.365844,-0.930676,416.667,9.57307e-009,-1.19626,2.8,1.1,7500,2000,2,2,0.5,4.1
Kalibr,17,1,3846.08,6206.58,3733.97,6334.26,0.507822,0.861462,-421.134,-699.598,-0.515734,-0.856749,857.5,0.453429,-2.11266,1.2,0.45,2500,4000,0,1,0.75,4.1
Kinzhal,18,2,8542.52,5559.7,8419.07,5497.01,0.837323,0.546708,744.023,-898.211,0.637911,-0.77011,1250,0.857143,-0.879013,2.4,0.12,9000,5000,1,3,1,4.1
Kinzhal,19,2,3228.32,5573.89,3156.82,5752.66,0.481083,0.876675,-490.011,-1058.89,-0.419972,-0.907537,1250,0.857143,-2.00421,2.4,0.12,2500,4000,0,2,1,4.1
Geran2,20,0,6133.23,7299.26,6173.19,7498.4,0.635587,0.77203,316.978,-254.229,0.780092,-0.625664,416.667,9.57307e-009,-0.675983,2.8,1.1,9000,5000,1,1,0.5,4.1
Kalibr,21,1,6616.1,6422.22,6611.27,6446.29,0.715983,0.698117,693.549,-429.695,0.85007,-0.526669,857.5,0.453429,-0.554678,1.2,0.45,9000,5000,1,2,0.75,4.1
Kinzhal,22,2,6783.63,3798.63,6671.54,3864.45,0.865315,0.501229,431.736,-1083.97,0.370021,-0.929023,1250,0.857143,-1.19176,2.4,0.12,7500,2000,2,4,1,4.1
Kinzhal,23,2,3034.43,4117.59,2947.82,4033.37,0.590063,0.807357,-830.741,-817.857,-0.712611,-0.701559,1250,0.857143,-2.36401,2.4,0.12,2500,4000,0,2,1,4.1
Geran2,24,0,6366.38,7956.76,6272.08,7814.91,0.62592,0.779887,76.0187,-399.45,0.186953,-0.982369,416.667,9.57307e-009,-1.38274,2.8,1.1,7500,2000,2,2,0.5,4.1
Geran2,25,0,4046.22,8295.79,4014.12,8319.58,0.434553,0.900646,195.542,-356.449,0.480966,-0.876739,416.667,9.57307e-009,-1.06904,2.8,1.1,7500,2000,2,2,0.5,4.1
Kalibr,26,1,3165.36,5727.92,3100.14,5627.98,0.482486,0.875904,-299.973,-759.378,-0.367398,-0.930064,857.5,0.453429,-1.94701,1.2,0.45,2500,4000,0,1,0.75,4.1
Kalibr,27,1,5231.5,5725.32,5239.05,5738.57,0.674233,0.738518,424.126,-698.083,0.519238,-0.85463,857.5,0.453429,-1.02484,1.2,0.45,7500,2000,2,3,0.75,4.1
Kinzhal,28,2,7387.84,6473.35,7355.61,6592.99,0.744655,0.66745,861.288,-787.133,0.73817,-0.674615,1250,0.857143,-0.740442,2.4,0.12,9000,5000,1,3,1,4.1
Kinzhal,29,2,8263.99,7140.65,8265.25,7328.46,0.748237,0.663431,734.053,-905.641,0.629673,-0.776861,1250,0.857143,-0.889665,2.4,0.12,9000,5000,1,3,1,4.1
Kinzhal,30,2,7089.58,5148.24,7006.51,5167.33,0.804801,0.593544,1037.47,-531.674,0.889943,-0.456071,1250,0.857143,-0.473576,2.4,0.12,9000,5000,1,3,1,4.1
Kalibr,31,1,2865.38,6196.42,2867.87,6138.08,0.423301,0.905989,-162.922,-798.482,-0.199921,-0.979812,857.5,0.453429,-1.77207,1.2,0.45,2500,4000,0,1,0.75,4.1
Kinzhal,32,2,5859.69,5504.57,5731.33,5407.38,0.727364,0.686252,494.617,-1056.76,0.423913,-0.905703,1250,0.857143,-1.13303,2.4,0.12,7500,2000,2,4,1,4.1
Kinzhal,34,2,7505.57,4693.84,7461.01,4960.27,0.832757,0.553638,187.747,-1150.55,0.16105,-0.986946,1250,0.857143,-1.40904,2.4,0.12,7500,2000,2,4,1,4.1
Geran2,35,0,5117.3,6915.35,5046.35,6850.04,0.593119,0.805115,-271.454,-302.366,-0.668045,-0.74412,416.667,9.57307e-009,-2.30238,2.8,1.1,2500,4000,0,0,0.5,4.1
Kalibr,36,1,6985.88,5149.21,7091.99,5279.15,0.802158,0.597112,130.461,-806.332,0.159719,-0.987163,857.5,0.453429,-1.41039,1.2,0.45,7500,2000,2,3,0.75,4.1
Geran2,37,0,3756.48,6601.16,3784.36,6639.41,0.495193,0.868783,-176.635,-365.671,-0.434957,-0.900451,416.667,9.57307e-009,-2.02079,2.8,1.1,2500,4000,0,0,0.5,4.1
Kinzhal,38,2,5702.19,4058.02,5818.75,4030.06,0.82208,0.569372,749.691,-892.969,0.64299,-0.765875,1250,0.857143,-0.872401,2.4,0.12,7500,2000,2,4,1,4.1
Geran2,39,0,3695.19,7191.02,3682.34,7159.56,0.457376,0.889274,-142.525,-380.524,-0.350752,-0.936468,416.667,9.57307e-009,-1.92917,2.8,1.1,2500,4000,0,0,0.5,4.1
Geran2,40,0,5314.5,7616.13,5285.5,7664.63,0.567701,0.823235,-249.678,-320.792,-0.614206,-0.789145,416.667,9.57307e-009,-2.23218,2.8,1.1,2500,4000,0,0,0.5,4.1
Geran2,41,0,5093.88,7474.16,5121.66,7541.43,0.561822,0.827258,-243.237,-325.783,-0.598266,-0.801298,416.667,9.57307e-009,-2.21213,2.8,1.1,2500,4000,0,0,0.5,4.1
Kinzhal,42,2,7110.49,4126.38,7189.93,4183.25,0.864348,0.502895,210.174,-1147.65,0.180139,-0.983641,1250,0.857143,-1.38967,2.4,0.12,7500,2000,2,4,1,4.1
Geran2,43,0,2993.2,7276.99,3044.17,7181.47,0.390277,0.920698,-60.5014,-401.991,-0.148828,-0.988863,416.667,9.57307e-009,-1.72018,2.8,1.1,2500,4000,0,0,0.5,4.1
Kinzhal,44,2,5441.2,4740.38,5423.47,4662.51,0.758301,0.651904,699.892,-933.257,0.599972,-0.800021,1250,0.857143,-0.92733,2.4,0.12,7500,2000,2,4,1,4.1
Geran2,45,0,3014.59,7425.63,3042.31,7547.16,0.373873,0.92748,-60.394,-402.046,-0.14855,-0.988905,416.667,9.57307e-009,-1.7199,2.8,1.1,2500,4000,0,0,0.5,4.1
Geran2,46,0,3768.6,7088.1,3765.5,7236.47,0.461598,0.887089,-154.41,-375.874,-0.37999,-0.924991,416.667,9.57307e-009,-1.96058,2.8,1.1,2500,4000,0,0,0.5,4.1
Kinzhal,47,2,7225.85,4459.12,7257.67,4530.66,0.848281,0.529547,129.282,-1159.59,0.110803,-0.993842,1250,0.857143,-1.45977,2.4,0.12,7500,2000,2,4,1,4.1
Kinzhal,48,2,4516.68,5089.61,4401.98,5091.86,0.653999,0.756495,617.804,-988.604,0.529954,-0.848027,1250,0.857143,-1.01225,2.4,0.12,7500,2000,2,4,1,4.1
Kinzhal,49,2,6916.5,5568.01,6720.98,5723.88,0.761322,0.648375,347.201,-1112.87,0.297829,-0.954619,1250,0.857143,-1.26838,2.4,0.12,7500,2000,2,4,1,4.1
Geran2,50,0,4576.26,6782.52,4619.4,6638.68,0.571163,0.820837,-242.848,-325.452,-0.598042,-0.801465,416.667,9.57307e-009,-2.21185,2.8,1.1,2500,4000,0,0,0.5,4.1
Kalibr,1,1,2633.44,7263.63,2641.96,7255.52,0.342154,0.939644,-68.3164,-811.389,-0.0839,-0.996474,857.5,0.453429,-1.6548,1.2,0.45,2500,4000,0,1,0.75,4.2
Kalibr,2,1,4615.5,6802.68,4710.38,6884.71,0.564666,0.825319,-467.642,-667.038,-0.574052,-0.818819,857.5,0.453429,-2.18224,1.2,0.45,2500,4000,0,1,0.75,4.2
Geran2,3,0,5583.51,7962.91,5701.29,7821.11,0.589064,0.808086,307.099,-266.328,0.755476,-0.655176,416.667,9.57307e-009,-0.714416,2.8,1.1,9000,5000,1,1,0.5,4.2
Kinzhal,4,2,5751.47,4830.61,5737.36,4934.51,0.75816,0.652068,613.067,-992.515,0.52552,-0.850782,1250,0.857143,-1.01747,2.4,0.12,7500,2000,2,4,1,4.2
Kalibr,5,1,6591.29,6024.5,6596.12,5972.15,0.741299,0.671175,746.52,-329.458,0.914867,-0.403755,857.5,0.453429,-0.415617,1.2,0.45,9000,5000,1,2,0.75,4.2
Kinzhal,6,2,2630.26,4407.57,2699.38,4368.25,0.525682,0.850681,-341.572,-1114.97,-0.292914,-0.956139,1250,0.857143,-1.86807,2.4,0.12,2500,4000,0,2,1,4.2
Kalibr,7,1,5317.97,6311.48,5337.19,6418.72,0.639354,0.768913,757.065,-300.579,0.929425,-0.369012,857.5,0.453429,-0.377946,1.2,0.45,9000,5000,1,2,0.75,4.2
Kalibr,8,1,4410.94,5925.64,4454.43,5920,0.601246,0.799064,-573.032,-581.799,-0.701718,-0.712454,857.5,0.453429,-2.3486,1.2,0.45,2500,4000,0,1,0.75,4.2
Geran2,10,0,4825.27,6685.29,4876.75,6700.15,0.588481,0.808511,-266.097,-307.297,-0.654612,-0.755965,416.667,9.57307e-009,-2.28447,2.8,1.1,2500,4000,0,0,0.5,4.2
Geran2,11,0,5747.65,7498.12,5754.7,7405.55,0.613597,0.789619,322.138,-247.433,0.793059,-0.609145,416.667,9.57307e-009,-0.654982,2.8,1.1,9000,5000,1,1,0.5,4.2
Kinzhal,12,2,8959.32,6137.33,8820.62,6089.82,0.822923,0.568152,469.018,-1067.09,0.402377,-0.915474,1250,0.857143,-1.15668,2.4,0.12,9000,5000,1,3,1,4.2
Kinzhal,13,2,8457.85,5203.4,8469.83,5160.05,0.853997,0.520278,863.862,-782.564,0.74112,-0.671373,1250,0.857143,-0.73606,2.4,0.12,9000,5000,1,3,1,4.2
Kalibr,14,1,6153.21,7508.82,6185.26,7409.04,0.640861,0.767657,616.243,-535.355,0.754914,-0.655824,857.5,0.453429,-0.715273,1.2,0.45,9000,5000,1,2,0.75,4.2
Kalibr,15,1,4090.27,5708.12,4243.93,5753.48,0.593609,0.804754,-556.002,-598.28,-0.680751,-0.732515,857.5,0.453429,-2.31958,1.2,0.45,2500,4000,0,1,0.75,4.2
Geran2,16,0,5514.22,7051.63,5515.06,7148.52,0.610837,0.791756,148.622,-378.082,0.365845,-0.930676,416.667,9.57307e-009,-1.19626,2.8,1.1,7500,2000,2,2,0.5,4.2
Kalibr,17,1,3803.92,6136.66,3741.69,6242.98,0.514082,0.857741,-421.6,-699.247,-0.516342,-0.856382,857.5,0.453429,-2.11337,1.2,0.45,2500,4000,0,1,0.75,4.2
Kinzhal,18,2,8616.77,5469.77,8543.44,5553.43,0.838435,0.545001,742.534,-899.299,0.636695,-0.771116,1250,0.857143,-0.880592,2.4,0.12,9000,5000,1,3,1,4.2
Kinzhal,19,2,3179.32,5468.02,3130.95,5221.53,0.514257,0.857636,-489.946,-1058.75,-0.41997,-0.907538,1250,0.857143,-2.00421,2.4,0.12,2500,4000,0,2,1,4.2
Geran2,20,0,6164.93,7273.84,6144.58,7299.81,0.643975,0.765047,316.979,-254.23,0.780092,-0.625665,416.667,9.57307e-009,-0.675983,2.8,1.1,9000,5000,1,1,0.5,4.2
Kalibr,21,1,6685.55,6379.39,6758.73,6375.99,0.727403,0.686211,694.416,-428.293,0.851132,-0.524951,857.5,0.453429,-0.552658,1.2,0.45,9000,5000,1,2,0.75,4.2
Kinzhal,22,2,6826.79,3690.25,6883.38,3610.81,0.885555,0.464535,431.68,-1083.83,0.370021,-0.929024,1250,0.857143,-1.19176,2.4,0.12,7500,2000,2,4,1,4.2
Kinzhal,23,2,2950.31,4036.89,2886.33,3918.58,0.593061,0.805158,-841.146,-806.931,-0.721631,-0.692278,1250,0.857143,-2.37695,2.4,0.12,2500,4000,0,2,1,4.2
Geran2,24,0,6373.98,7916.81,6187.71,7806.07,0.621191,0.783659,76.0144,-399.427,0.186953,-0.982369,416.667,9.57307e-009,-1.38274,2.8,1.1,7500,2000,2,2,0.5,4.2
Geran2,25,0,4065.77,8260.15,3990.14,8156.28,0.439444,0.89827,195.534,-356.433,0.480966,-0.876739,416.667,9.57307e-009,-1.06904,2.8,1.1,7500,2000,2,2,0.5,4.2
Kalibr,26,1,3135.44,5651.96,3118.57,5640.61,0.483851,0.87515,-299.162,-759.642,-0.366429,-0.930446,857.5,0.453429,-1.94596,1.2,0.45,2500,4000,0,1,0.75,4.2
Kalibr,27,1,5273.92,5655.53,5230.93,5596.28,0.682858,0.730551,424.169,-697.961,0.519342,-0.854567,857.5,0.453429,-1.02472,1.2,0.45,7500,2000,2,3,0.75,4.2
Kinzhal,28,2,7473.96,6394.65,7431.65,6466.57,0.754391,0.656425,861.178,-787.031,0.73817,-0.674614,1250,0.857143,-0.740442,2.4,0.12,9000,5000,1,3,1,4.2
Kinzhal,29,2,8336.21,7049.16,8148.95,7104.02,0.753781,0.657125,722.176,-914.945,0.619566,-0.784945,1250,0.857143,-0.902607,2.4,0.12,9000,5000,1,3,1,4.2
Kinzhal,30,2,7193.99,5096.42,7237.23,5272.71,0.808244,0.588848,1044.13,-518.135,0.895771,-0.444516,1250,0.857143,-0.460633,2.4,0.12,9000,5000,1,3,1,4.2
Kalibr,31,1,2849.44,6116.49,2944.54,6049.11,0.437674,0.899134,-159.43,-799.265,-0.195617,-0.98068,857.5,0.453429,-1.76768,1.2,0.45,2500,4000,0,1,0.75,4.2
Kinzhal,32,2,5909.14,5398.91,5946.3,5408.41,0.739774,0.672855,494.553,-1056.63,0.423913,-0.905703,1250,0.857143,-1.13303,2.4,0.12,7500,2000,2,4,1,4.2
Kinzhal,34,2,7522.86,4578.56,7588.57,4702.4,0.850029,0.526737,172.818,-1152.73,0.148263,-0.988948,1250,0.857143,-1.42198,2.4,0.12,7500,2000,2,4,1,4.2
Geran2,35,0,5090.16,6885.11,4998.14,6861.38,0.588791,0.808285,-271.454,-302.366,-0.668046,-0.74412,416.667,9.57307e-009,-2.30238,2.8,1.1,2500,4000,0,0,0.5,4.2
Kalibr,36,1,6998.94,5068.59,6854.06,5014.73,0.807055,0.590477,130.586,-806.229,0.159887,-0.987135,857.5,0.453429,-1.41022,1.2,0.45,7500,2000,2,3,0.75,4.2
Geran2,37,0,3738.82,6564.59,3704.13,6683.14,0.48477,0.874642,-176.644,-365.689,-0.434958,-0.900451,416.667,9.57307e-009,-2.02079,2.8,1.1,2500,4000,0,0,0.5,4.2
Kinzhal,38,2,5777.58,3969.09,5691.22,3878.57,0.82635,0.563158,753.857,-889.343,0.64661,-0.762821,1250,0.857143,-0.867665,2.4,0.12,7500,2000,2,4,1,4.2
Geran2,39,0,3680.93,7152.97,3732.67,7397.87,0.450467,0.892793,-142.525,-380.525,-0.350752,-0.936468,416.667,9.57307e-009,-1.92917,2.8,1.1,2500,4000,0,0,0.5,4.2
Geran2,40,0,5289.54,7584.05,5423.89,7537.65,0.584076,0.811699,-249.67,-320.781,-0.614206,-0.789145,416.667,9.57307e-009,-2.23218,2.8,1.1,2500,4000,0,0,0.5,4.2
Geran2,41,0,5069.56,7441.58,5092.73,7456.45,0.564001,0.825774,-243.225,-325.768,-0.598266,-0.801298,416.667,9.57307e-009,-2.21213,2.8,1.1,2500,4000,0,0,0.5,4.2
Kinzhal,42,2,7131.51,4011.63,7162.81,3939.26,0.876231,0.481892,210.16,-1147.5,0.180149,-0.983639,1250,0.857143,-1.38966,2.4,0.12,7500,2000,2,4,1,4.2
Geran2,43,0,2987.15,7236.79,2897.1,7157.77,0.375182,0.926951,-60.4992,-401.977,-0.148828,-0.988863,416.667,9.57307e-009,-1.72018,2.8,1.1,2500,4000,0,0,0.5,4.2
Kinzhal,44,2,5511.2,4647.08,5668.46,4557.97,0.77931,0.626638,700.008,-933.011,0.600137,-0.799897,1250,0.857143,-0.927124,2.4,0.12,7500,2000,2,4,1,4.2
Geran2,45,0,3008.55,7385.43,3008.28,7385.68,0.377222,0.926123,-60.3913,-402.029,-0.14855,-0.988905,416.667,9.57307e-009,-1.7199,2.8,1.1,2500,4000,0,0,0.5,4.2
Geran2,46,0,3753.16,7050.51,3731.44,7013.56,0.469694,0.882829,-154.41,-375.873,-0.379989,-0.924991,416.667,9.57307e-009,-1.96058,2.8,1.1,2500,4000,0,0,0.5,4.2
Kinzhal,47,2,7238.77,4343.17,7182.51,4195.73,0.863468,0.504403,129.265,-1159.44,0.110802,-0.993843,1250,0.857143,-1.45977,2.4,0.12,7500,2000,2,4,1,4.2
Kinzhal,48,2,4579.73,4991.57,4627.32,4813.9,0.692997,0.72094,630.465,-980.397,0.540885,-0.841097,1250,0.857143,-0.999308,2.4,0.12,7500,2000,2,4,1,4.2
Kinzhal,49,2,6949.77,5456.3,6987.36,5466.01,0.787634,0.616143,332.725,-1117.12,0.28545,-0.958394,1250,0.857143,-1.28132,2.4,0.12,7500,2000,2,4,1,4.2
Geran2,50,0,4551.98,6749.97,4551.52,6702.46,0.56179,0.82728,-242.861,-325.471,-0.598041,-0.801465,416.667,9.57307e-009,-2.21185,2.8,1.1,2500,4000,0,0,0.5,4.2
Kalibr,1,1,2627.03,7182.44,2642.06,6952.43,0.355234,0.934777,-64.109,-811.866,-0.07872,-0.996897,857.5,0.453429,-1.6496,1.2,0.45,2500,4000,0,1,0.75,4.3
Kalibr,2,1,4568.45,6736.16,4632.69,6846.78,0.560395,0.828225,-470.521,-665.137,-0.577513,-0.816382,857.5,0.453429,-2.18647,1.2,0.45,2500,4000,0,1,0.75,4.3
Geran2,3,0,5614.22,7936.27,5575.85,8059.88,0.56893,0.822386,307.09,-266.319,0.755476,-0.655176,416.667,9.57307e-009,-0.714416,2.8,1.1,9000,5000,1,1,0.5,4.3
Kinzhal,4,2,5812.77,4731.38,5746.86,4740.73,0.771402,0.636348,613.003,-992.4,0.525524,-0.850779,1250,0.857143,-1.01747,2.4,0.12,7500,2000,2,4,1,4.3
Kalibr,5,1,6666,5991.68,6732.14,5944.56,0.749593,0.661899,747.045,-328.243,0.915521,-0.40227,857.5,0.453429,-0.413995,1.2,0.45,9000,5000,1,2,0.75,4.3
Kinzhal,6,2,2595.78,4296.18,2425.15,4265.31,0.494268,0.869309,-344.793,-1113.88,-0.2957,-0.955281,1250,0.857143,-1.87098,2.4,0.12,2500,4000,0,2,1,4.3
Kalibr,7,1,5393.81,6281.75,5398.35,6340.51,0.64827,0.761411,758.456,-297.354,0.931007,-0.365002,857.5,0.453429,-0.373635,1.2,0.45,9000,5000,1,2,0.75,4.3
Kalibr,8,1,4353.62,5867.49,4287.22,6057.03,0.577732,0.816226,-573.251,-581.494,-0.702041,-0.712136,857.5,0.453429,-2.34906,1.2,0.45,2500,4000,0,1,0.75,4.3
Geran2,10,0,4798.67,6654.56,4796.69,6716.48,0.581174,0.813779,-266.089,-307.287,-0.654612,-0.755965,416.667,9.57307e-009,-2.28447,2.8,1.1,2500,4000,0,0,0.5,4.3
Geran2,11,0,5779.87,7473.38,5670.97,7522.39,0.60198,0.798511,322.148,-247.44,0.793059,-0.609145,416.667,9.57307e-009,-0.654982,2.8,1.1,9000,5000,1,1,0.5,4.3
Kinzhal,12,2,9004.83,6030.04,8980.06,6055.59,0.829104,0.559095,455.112,-1072.95,0.390494,-0.920606,1250,0.857143,-1.16963,2.4,0.12,9000,5000,1,3,1,4.3
Kinzhal,13,2,8545.24,5126.28,8427.97,5172.52,0.852286,0.523075,873.815,-771.225,0.749748,-0.661724,1250,0.857143,-0.723116,2.4,0.12,9000,5000,1,3,1,4.3
Kalibr,14,1,6214.79,7455.24,6236.28,7464.63,0.64114,0.767424,615.756,-535.858,0.754352,-0.65647,857.5,0.453429,-0.716129,1.2,0.45,9000,5000,1,2,0.75,4.3
Kalibr,15,1,4034.67,5648.31,4011.66,5529.14,0.587259,0.809399,-556.016,-598.165,-0.68083,-0.732441,857.5,0.453429,-2.31969,1.2,0.45,2500,4000,0,1,0.75,4.3
Geran2,16,0,5529.08,7013.82,5703.93,7146.14,0.623829,0.781561,148.626,-378.09,0.365845,-0.930676,416.667,9.57307e-009,-1.19626,2.8,1.1,7500,2000,2,2,0.5,4.3
Kalibr,17,1,3761.72,6066.77,3729.36,6042.74,0.525195,0.850982,-422.023,-698.928,-0.516895,-0.856049,857.5,0.453429,-2.11402,1.2,0.45,2500,4000,0,1,0.75,4.3
Kinzhal,18,2,8690.89,5379.74,8807.69,5302.84,0.85671,0.515799,741.185,-900.281,0.635593,-0.772024,1250,0.857143,-0.882019,2.4,0.12,9000,5000,1,3,1,4.3
Kinzhal,19,2,3130.34,5362.15,2974.45,5502.71,0.475518,0.879706,-489.888,-1058.63,-0.419968,-0.907539,1250,0.857143,-2.00421,2.4,0.12,2500,4000,0,2,1,4.3
Geran2,20,0,6196.63,7248.42,6212.49,7356.31,0.645211,0.764004,316.98,-254.23,0.780092,-0.625665,416.667,9.57307e-009,-0.675983,2.8,1.1,9000,5000,1,1,0.5,4.3
Kalibr,21,1,6755.07,6336.69,6526.42,6366.51,0.715822,0.698283,695.199,-427.022,0.852092,-0.523392,857.5,0.453429,-0.550827,1.2,0.45,9000,5000,1,2,0.75,4.3
Kinzhal,22,2,6869.96,3581.88,6748.04,3697.1,0.877001,0.480489,431.629,-1083.71,0.37002,-0.929024,1250,0.857143,-1.19177,2.4,0.12,7500,2000,2,4,1,4.3
Kinzhal,23,2,2865.17,3957.31,2893.79,3915.11,0.594393,0.804175,-851.419,-795.881,-0.730532,-0.682879,1250,0.857143,-2.3899,2.4,0.12,2500,4000,0,2,1,4.3
Geran2,24,0,6381.58,7876.87,6275.91,8073.82,0.613714,0.789528,76.0105,-399.407,0.186953,-0.982369,416.667,9.57307e-009,-1.38274,2.8,1.1,7500,2000,2,2,0.5,4.3
Geran2,25,0,4085.32,8224.51,4156.34,8156.43,0.454028,0.890988,195.526,-356.418,0.480966,-0.876739,416.667,9.57307e-009,-1.06904,2.8,1.1,7500,2000,2,2,0.5,4.3
Kalibr,26,1,3105.6,5575.97,3139.86,5413.57,0.501716,0.865032,-298.417,-759.884,-0.365537,-0.930797,857.5,0.453429,-1.94501,1.2,0.45,2500,4000,0,1,0.75,4.3
Kalibr,27,1,5316.34,5585.74,5391.54,5583.84,0.694611,0.719386,424.206,-697.851,0.519435,-0.85451,857.5,0.453429,-1.02461,1.2,0.45,7500,2000,2,3,0.75,4.3
Kinzhal,28,2,7560.06,6315.95,7658.55,6402.52,0.767215,0.64139,861.078,-786.939,0.738171,-0.674614,1250,0.857143,-0.740442,2.4,0.12,9000,5000,1,3,1,4.3
Kinzhal,29,2,8407.23,6956.75,8590.32,6898.23,0.779717,0.626132,710.189,-924.107,0.609354,-0.792899,1250,0.857143,-0.915551,2.4,0.12,9000,5000,1,3,1,4.3
Kinzhal,30,2,7299.05,5045.97,7339.33,5091.38,0.821652,0.56999,1050.62,-504.517,0.90145,-0.432884,1250,0.857143,-0.447689,2.4,0.12,9000,5000,1,3,1,4.3
Kalibr,31,1,2833.81,6036.5,2820.45,6116.09,0.418769,0.908093,-156.239,-799.967,-0.191685,-0.981456,857.5,0.453429,-1.76368,1.2,0.45,2500,4000,0,1,0.75,4.3
Kinzhal,32,2,5958.59,5293.25,5952.68,5438.58,0.738268,0.674508,494.496,-1056.5,0.423914,-0.905703,1250,0.857143,-1.13303,2.4,0.12,7500,2000,2,4,1,4.3
Kinzhal,34,2,7538.64,4463.09,7455.6,4397.63,0.861329,0.508048,157.864,-1154.74,0.13545,-0.990784,1250,0.857143,-1.43493,2.4,0.12,7500,2000,2,4,1,4.3
Geran2,35,0,5063.01,6854.87,5095.41,6691.3,0.605838,0.795588,-271.455,-302.367,-0.668046,-0.74412,416.667,9.57307e-009,-2.30238,2.8,1.1,2500,4000,0,0,0.5,4.3
Kalibr,36,1,7012.01,4987.97,7201.58,5205.44,0.810449,0.585809,130.698,-806.136,0.16004,-0.987111,857.5,0.453429,-1.41007,1.2,0.45,7500,2000,2,3,0.75,4.3
Geran2,37,0,3721.15,6528.02,3857.4,6470.15,0.512083,0.858936,-176.653,-365.707,-0.434958,-0.900451,416.667,9.57307e-009,-2.02079,2.8,1.1,2500,4000,0,0,0.5,4.3
Kinzhal,38,2,5853.29,3880.44,5971.25,4107.04,0.823926,0.566698,757.142,-886.452,0.649468,-0.760389,1250,0.857143,-0.863912,2.4,0.12,7500,2000,2,4,1,4.3
Geran2,39,0,3666.68,7114.92,3928.77,7044.5,0.487079,0.873358,-142.525,-380.526,-0.350752,-0.936468,416.667,9.57307e-009,-1.92917,2.8,1.1,2500,4000,0,0,0.5,4.3
Geran2,40,0,5264.57,7551.98,5353.07,7558.94,0.577933,0.816084,-249.663,-320.772,-0.614207,-0.789145,416.667,9.57307e-009,-2.23218,2.8,1.1,2500,4000,0,0,0.5,4.3
Geran2,41,0,5045.24,7409.01,5139.28,7387.49,0.571076,0.820897,-243.215,-325.755,-0.598266,-0.801298,416.667,9.57307e-009,-2.21213,2.8,1.1,2500,4000,0,0,0.5,4.3
Kinzhal,42,2,7152.52,3896.89,7234.02,3961.03,0.877119,0.480272,210.146,-1147.37,0.180157,-0.983638,1250,0.857143,-1.38965,2.4,0.12,7500,2000,2,4,1,4.3
Geran2,43,0,2981.1,7196.6,2903.05,7223.5,0.372902,0.927871,-60.4972,-401.964,-0.148828,-0.988863,416.667,9.57307e-009,-1.72018,2.8,1.1,2500,4000,0,0,0.5,4.3
Kinzhal,44,2,5581.21,4553.8,5502.35,4460.23,0.776834,0.629705,700.09,-932.805,0.600267,-0.7998,1250,0.857143,-0.926962,2.4,0.12,7500,2000,2,4,1,4.3
Geran2,45,0,3002.51,7345.23,2859.38,7266.76,0.366161,0.930552,-60.3888,-402.013,-0.14855,-0.988905,416.667,9.57307e-009,-1.7199,2.8,1.1,2500,4000,0,0,0.5,4.3
Geran2,46,0,3737.72,7012.92,3802.94,6996.97,0.477537,0.878612,-154.41,-375.873,-0.379989,-0.924991,416.667,9.57307e-009,-1.96058,2.8,1.1,2500,4000,0,0,0.5,4.3
Kinzhal,47,2,7251.7,4227.24,7227.66,4141.42,0.867657,0.497164,129.249,-1159.31,0.110801,-0.993843,1250,0.857143,-1.45977,2.4,0.12,7500,2000,2,4,1,4.3
Kinzhal,48,2,4644.03,4894.37,4573.67,4887.61,0.683267,0.730168,643.025,-972.039,0.551726,-0.834025,1250,0.857143,-0.986364,2.4,0.12,7500,2000,2,4,1,4.3
Kinzhal,49,2,6981.59,5344.18,6835.78,5384.86,0.785542,0.618808,318.2,-1121.2,0.273021,-0.962008,1250,0.857143,-1.29426,2.4,0.12,7500,2000,2,4,1,4.3
Geran2,50,0,4527.69,6717.42,4494.4,6789.25,0.551997,0.833846,-242.874,-325.488,-0.598041,-0.801466,416.667,9.57307e-009,-2.21185,2.8,1.1,2500,4000,0,0,0.5,4.3
Kalibr,1,1,2621,7101.21,2689.46,7055.88,0.356169,0.934422,-60.3115,-812.281,-0.0740457,-0.997255,857.5,0.453429,-1.64491,1.2,0.45,2500,4000,0,1,0.75,4.4
Kalibr,2,1,4521.14,6669.82,4525.63,6761.27,0.556241,0.831021,-473.108,-663.417,-0.58062,-0.814175,857.5,0.453429,-2.19029,1.2,0.45,2500,4000,0,1,0.75,4.4
Geran2,3,0,5644.93,7909.64,5661.82,7833.05,0.585805,0.810452,307.081,-266.312,0.755476,-0.655176,416.667,9.57307e-009,-0.714416,2.8,1.1,9000,5000,1,1,0.5,4.4
Kinzhal,4,2,5874.07,4632.15,5852.33,4777.15,0.774678,0.632356,612.944,-992.295,0.525527,-0.850777,1250,0.857143,-1.01746,2.4,0.12,7500,2000,2,4,1,4.4
Kalibr,5,1,6740.75,5958.96,6594.8,6000.53,0.739646,0.672996,747.52,-327.139,0.916113,-0.400921,857.5,0.453429,-0.412522,1.2,0.45,9000,5000,1,2,0.75,4.4
Kinzhal,6,2,2560.97,4184.91,2464.86,4136.9,0.511856,0.859071,-348.152,-1112.75,-0.298603,-0.954377,1250,0.857143,-1.87402,2.4,0.12,2500,4000,0,2,1,4.4
Kalibr,7,1,5469.78,6252.3,5396.62,6410.96,0.643991,0.765033,759.698,-294.452,0.932413,-0.361395,857.5,0.453429,-0.369764,1.2,0.45,9000,5000,1,2,0.75,4.4
Kalibr,8,1,4296.27,5809.37,4171.88,5819.76,0.582616,0.812748,-573.449,-581.217,-0.702334,-0.711848,857.5,0.453429,-2.34947,1.2,0.45,2500,4000,0,1,0.75,4.4
Geran2,10,0,4772.06,6623.83,4941.34,6610.08,0.598741,0.800943,-266.082,-307.278,-0.654613,-0.755965,416.667,9.57307e-009,-2.28447,2.8,1.1,2500,4000,0,0,0.5,4.4
Geran2,11,0,5812.08,7448.63,5659.3,7441.86,0.60532,0.795983,322.157,-247.447,0.793058,-0.609145,416.667,9.57307e-009,-0.654983,2.8,1.1,9000,5000,1,1,0.5,4.4
Kinzhal,12,2,9048.95,5922.18,9093.6,5773.45,0.844224,0.535991,441.137,-1078.63,0.378544,-0.925583,1250,0.857143,-1.18257,2.4,0.12,9000,5000,1,3,1,4.4
Kinzhal,13,2,8633.6,5050.3,8740.86,5024.94,0.866951,0.498393,883.63,-759.767,0.758251,-0.651963,1250,0.857143,-0.71017,2.4,0.12,9000,5000,1,3,1,4.4
Kalibr,14,1,6276.32,7401.61,6345.19,7313.06,0.655355,0.755321,615.319,-536.309,0.753847,-0.65705,857.5,0.453429,-0.716899,1.2,0.45,9000,5000,1,2,0.75,4.4
Kalibr,15,1,3979.07,5588.5,4110.01,5618.41,0.590414,0.8071,-556.028,-598.06,-0.680903,-0.732374,857.5,0.453429,-2.31979,1.2,0.45,2500,4000,0,1,0.75,4.4
Geran2,16,0,5543.95,6976.01,5653.18,7020.86,0.62716,0.77889,148.629,-378.097,0.365845,-0.930676,416.667,9.57307e-009,-1.19626,2.8,1.1,7500,2000,2,2,0.5,4.4
Kalibr,17,1,3719.48,5996.9,3659.38,6125.57,0.51285,0.858478,-422.407,-698.637,-0.517397,-0.855745,857.5,0.453429,-2.1146,1.2,0.45,2500,4000,0,1,0.75,4.4
Kinzhal,18,2,8764.88,5289.62,8778.12,5229.23,0.859114,0.511784,739.92,-901.204,0.634558,-0.772875,1250,0.857143,-0.88336,2.4,0.12,9000,5000,1,3,1,4.4
Kinzhal,19,2,3081.35,5256.3,2997.88,5208.19,0.498868,0.866678,-489.835,-1058.52,-0.419967,-0.907539,1250,0.857143,-2.00421,2.4,0.12,2500,4000,0,2,1,4.4
Geran2,20,0,6228.33,7223,6266.39,7312.87,0.650684,0.759348,316.98,-254.231,0.780092,-0.625665,416.667,9.57307e-009,-0.675984,2.8,1.1,9000,5000,1,1,0.5,4.4
Kalibr,21,1,6824.66,6294.1,6646.85,6448.75,0.717721,0.696331,695.908,-425.867,0.85296,-0.521977,857.5,0.453429,-0.549167,1.2,0.45,9000,5000,1,2,0.75,4.4
Kinzhal,22,2,6913.12,3473.52,7095.73,3591.45,0.892224,0.451593,431.583,-1083.59,0.37002,-0.929024,1250,0.857143,-1.19177,2.4,0.12,7500,2000,2,4,1,4.4
Kinzhal,23,2,2779.02,3878.83,2807.22,3755.81,0.598684,0.800985,-861.557,-784.708,-0.73931,-0.673365,1250,0.857143,-2.40284,2.4,0.12,2500,4000,0,2,1,4.4
Geran2,24,0,6389.18,7836.93,6348.21,7734.16,0.63445,0.772964,76.0069,-399.388,0.186953,-0.982369,416.667,9.57307e-009,-1.38274,2.8,1.1,7500,2000,2,2,0.5,4.4
Geran2,25,0,4104.87,8188.87,4175.08,8198.47,0.453796,0.891106,195.519,-356.405,0.480966,-0.876739,416.667,9.57307e-009,-1.06904,2.8,1.1,7500,2000,2,2,0.5,4.4
Kalibr,26,1,3075.83,5499.96,3130.51,5478.28,0.496147,0.868239,-297.729,-760.107,-0.364714,-0.93112,857.5,0.453429,-1.94412,1.2,0.45,2500,4000,0,1,0.75,4.4
Kalibr,27,1,5358.76,5515.97,5454.21,5371.55,0.712486,0.701687,424.238,-697.751,0.519518,-0.854459,857.5,0.453429,-1.02451,1.2,0.45,7500,2000,2,3,0.75,4.4
Kinzhal,28,2,7646.16,6237.27,7453.79,6241.3,0.766711,0.641992,860.986,-786.855,0.738171,-0.674614,1250,0.857143,-0.740442,2.4,0.12,9000,5000,1,3,1,4.4
Kinzhal,29,2,8477.04,6863.43,8542.87,6990.37,0.773924,0.633278,698.091,-933.122,0.599038,-0.80072,1250,0.857143,-0.928497,2.4,0.12,9000,5000,1,3,1,4.4
Kinzhal,30,2,7404.75,4996.89,7551.53,5000.15,0.833789,0.552083,1056.95,-490.821,0.906978,-0.421178,1250,0.857143,-0.434744,2.4,0.12,9000,5000,1,3,1,4.4
Kalibr,31,1,2818.48,5956.44,2847.37,5979.68,0.429922,0.902866,-153.32,-800.6,-0.188088,-0.982152,857.5,0.453429,-1.76001,1.2,0.45,2500,4000,0,1,0.75,4.4
Kinzhal,32,2,6008.04,5187.62,5992.65,5087.81,0.762312,0.64721,494.444,-1056.39,0.423914,-0.905703,1250,0.857143,-1.13303,2.4,0.12,7500,2000,2,4,1,4.4
Kinzhal,34,2,7552.93,4347.43,7600.05,4330.32,0.868862,0.495055,142.887,-1156.56,0.122613,-0.992455,1250,0.857143,-1.44787,2.4,0.12,7500,2000,2,4,1,4.4
Geran2,35,0,5035.87,6824.64,5122.95,6775.56,0.603106,0.797661,-271.455,-302.367,-0.668046,-0.74412,416.667,9.57307e-009,-2.30238,2.8,1.1,2500,4000,0,0,0.5,4.4
Kalibr,36,1,7025.09,4907.37,7182.11,4756.42,0.833742,0.552154,130.8,-806.051,0.160178,-0.987088,857.5,0.453429,-1.40993,1.2,0.45,7500,2000,2,3,0.75,4.4
Geran2,37,0,3703.49,6491.45,3744.42,6471.27,0.500826,0.865548,-176.661,-365.722,-0.434959,-0.90045,416.667,9.57307e-009,-2.02079,2.8,1.1,2500,4000,0,0,0.5,4.4
Kinzhal,38,2,5929.26,3792.03,5906.98,3806.78,0.840567,0.541707,759.738,-884.143,0.651731,-0.75845,1250,0.857143,-0.860932,2.4,0.12,7500,2000,2,4,1,4.4
Geran2,39,0,3652.43,7076.86,3582.66,7017.66,0.454695,0.890647,-142.525,-380.526,-0.350752,-0.936468,416.667,9.57307e-009,-1.92917,2.8,1.1,2500,4000,0,0,0.5,4.4
Geran2,40,0,5239.61,7519.9,5149.78,7444.08,0.568925,0.822389,-249.656,-320.763,-0.614207,-0.789145,416.667,9.57307e-009,-2.23218,2.8,1.1,2500,4000,0,0,0.5,4.4
Geran2,41,0,5020.91,7376.43,4937.36,7337.28,0.558283,0.82965,-243.206,-325.742,-0.598266,-0.801298,416.667,9.57307e-009,-2.21213,2.8,1.1,2500,4000,0,0,0.5,4.4
Kinzhal,42,2,7173.54,3782.17,7097.62,3861.82,0.878395,0.477935,210.132,-1147.25,0.180164,-0.983637,1250,0.857143,-1.38964,2.4,0.12,7500,2000,2,4,1,4.4
Geran2,43,0,2975.05,7156.4,2978.85,6971.86,0.392907,0.919578,-60.4954,-401.952,-0.148828,-0.988863,416.667,9.57307e-009,-1.72018,2.8,1.1,2500,4000,0,0,0.5,4.4
Kinzhal,44,2,5651.23,4460.54,5641.52,4543.25,0.778842,0.62722,700.145,-932.632,0.600369,-0.799724,1250,0.857143,-0.926834,2.4,0.12,7500,2000,2,4,1,4.4
Geran2,45,0,2996.47,7305.03,3077.91,7352.83,0.386136,0.922442,-60.3866,-401.998,-0.14855,-0.988905,416.667,9.57307e-009,-1.7199,2.8,1.1,2500,4000,0,0,0.5,4.4
Geran2,46,0,3722.27,6975.33,3706.59,6967.54,0.469658,0.882849,-154.409,-375.872,-0.379989,-0.924991,416.667,9.57307e-009,-1.96058,2.8,1.1,2500,4000,0,0,0.5,4.4
Kinzhal,47,2,7264.62,4111.32,7140.24,4300.52,0.856625,0.515939,129.234,-1159.19,0.1108,-0.993843,1250,0.857143,-1.45977,2.4,0.12,7500,2000,2,4,1,4.4
Kinzhal,48,2,4709.58,4798.02,4652.32,4877.02,0.690242,0.723579,655.484,-963.529,0.562477,-0.826813,1250,0.857143,-0.973418,2.4,0.12,7500,2000,2,4,1,4.4
Kinzhal,49,2,7011.95,5231.67,6979.57,5323.16,0.795136,0.606431,303.626,-1125.1,0.260544,-0.965462,1250,0.857143,-1.30721,2.4,0.12,7500,2000,2,4,1,4.4
Geran2,50,0,4503.4,6684.87,4349.64,6537.36,0.553942,0.832555,-242.885,-325.503,-0.59804,-0.801466,416.667,9.57307e-009,-2.21185,2.8,1.1,2500,4000,0,0,0.5,4.4
Kalibr,1,1,2615.31,7019.95,2602.56,6962.24,0.350147,0.936695,-56.8819,-812.643,-0.0698254,-0.997559,857.5,0.453429,-1.64068,1.2,0.45,2500,4000,0,1,0.75,4.5
Kalibr,2,1,4473.59,6603.63,4578.24,6752.11,0.561203,0.827678,-475.435,-661.861,-0.583412,-0.812177,857.5,0.453429,-2.19372,1.2,0.45,2500,4000,0,1,0.75,4.5
Geran2,3,0,5675.63,7883.01,5672.55,7822.93,0.58703,0.809565,307.073,-266.305,0.755476,-0.655176,416.667,9.57307e-009,-0.714416,2.8,1.1,9000,5000,1,1,0.5,4.5
Kinzhal,4,2,5935.36,4532.93,6018.31,4737.52,0.785757,0.618535,612.89,-992.201,0.52553,-0.850775,1250,0.857143,-1.01746,2.4,0.12,7500,2000,2,4,1,4.5
Kalibr,5,1,6815.55,5926.35,6812.73,5822.63,0.760185,0.649707,747.95,-326.136,0.916648,-0.399695,857.5,0.453429,-0.411184,1.2,0.45,9000,5000,1,2,0.75,4.5
Kinzhal,6,2,2525.75,4073.77,2415.32,3942.05,0.52244,0.852676,-352.229,-1111.38,-0.30212,-0.95327,1250,0.857143,-1.87771,2.4,0.12,2500,4000,0,2,1,4.5
Kalibr,7,1,5545.86,6223.12,5557.66,6281.02,0.662666,0.748915,760.806,-291.841,0.933664,-0.358149,857.5,0.453429,-0.366285,1.2,0.45,9000,5000,1,2,0.75,4.5
Kalibr,8,1,4238.91,5751.27,4163.75,5768.36,0.585279,0.810832,-573.629,-580.966,-0.702599,-0.711586,857.5,0.453429,-2.34984,1.2,0.45,2500,4000,0,1,0.75,4.5
Geran2,10,0,4745.45,6593.11,4759.57,6595.58,0.585175,0.810907,-266.075,-307.271,-0.654613,-0.755965,416.667,9.57307e-009,-2.28447,2.8,1.1,2500,4000,0,0,0.5,4.5
Geran2,11,0,5844.3,7423.89,5857.7,7569.43,0.61201,0.79085,322.165,-247.454,0.793058,-0.609146,416.667,9.57307e-009,-0.654983,2.8,1.1,9000,5000,1,1,0.5,4.5
Kinzhal,12,2,9091.66,5813.76,9029.03,5770.43,0.842616,0.538514,427.093,-1084.15,0.366529,-0.930407,1250,0.857143,-1.19552,2.4,0.12,9000,5000,1,3,1,4.5
Kinzhal,13,2,8722.93,4975.48,8651.6,4895.03,0.870347,0.492438,893.305,-748.189,0.766628,-0.642091,1250,0.857143,-0.697223,2.4,0.12,9000,5000,1,3,1,4.5
Kalibr,14,1,6337.81,7347.94,6253.24,7429.58,0.64394,0.765076,614.925,-536.715,0.753392,-0.657571,857.5,0.453429,-0.717591,1.2,0.45,9000,5000,1,2,0.75,4.5
Kalibr,15,1,3923.47,5528.7,3840.76,5335.78,0.584205,0.811606,-556.039,-597.964,-0.680968,-0.732313,857.5,0.453429,-2.31988,1.2,0.45,2500,4000,0,1,0.75,4.5
Geran2,16,0,5558.81,6938.2,5429.43,7049.39,0.610193,0.792253,148.631,-378.104,0.365845,-0.930676,416.667,9.57307e-009,-1.19626,2.8,1.1,7500,2000,2,2,0.5,4.5
Kalibr,17,1,3677.2,5927.06,3784,5937.06,0.537469,0.843283,-422.757,-698.373,-0.517854,-0.855469,857.5,0.453429,-2.11514,1.2,0.45,2500,4000,0,1,0.75,4.5
Kinzhal,18,2,8838.75,5199.41,9072.26,5138.2,0.870135,0.492813,738.664,-902.127,0.633525,-0.773722,1250,0.857143,-0.884695,2.4,0.12,9000,5000,1,3,1,4.5
Kinzhal,19,2,3032.37,5150.46,3164.18,5043.92,0.531415,0.847112,-489.788,-1058.42,-0.419966,-0.90754,1250,0.857143,-2.0042,2.4,0.12,2500,4000,0,2,1,4.5
Geran2,20,0,6260.02,7197.57,6189.5,7219.1,0.650895,0.759168,316.981,-254.232,0.780092,-0.625665,416.667,9.57307e-009,-0.675984,2.8,1.1,9000,5000,1,1,0.5,4.5
Kalibr,21,1,6894.31,6251.62,6758.11,6298.78,0.731529,0.68181,696.55,-424.818,0.853746,-0.52069,857.5,0.453429,-0.547659,1.2,0.45,9000,5000,1,2,0.75,4.5
Kinzhal,22,2,6956.27,3365.17,6793.99,3392.56,0.89466,0.446747,431.541,-1083.49,0.37002,-0.929024,1250,0.857143,-1.19177,2.4,0.12,7500,2000,2,4,1,4.5
Kinzhal,23,2,2691.86,3801.49,2798.03,3772.31,0.595739,0.803178,-871.559,-773.412,-0.747966,-0.663737,1250,0.857143,-2.41579,2.4,0.12,2500,4000,0,2,1,4.5
Geran2,24,0,6396.78,7797,6330.78,7695.63,0.635301,0.772265,76.0036,-399.371,0.186953,-0.982369,416.667,9.57307e-009,-1.38274,2.8,1.1,7500,2000,2,2,0.5,4.5
Geran2,25,0,4124.43,8153.23,3937.74,8189.23,0.433349,0.901226,195.512,-356.393,0.480966,-0.876739,416.667,9.57307e-009,-1.06904,2.8,1.1,7500,2000,2,2,0.5,4.5
Kalibr,26,1,3046.12,5423.93,3243.46,5440.29,0.512089,0.858933,-297.094,-760.314,-0.363953,-0.931417,857.5,0.453429,-1.94331,1.2,0.45,2500,4000,0,1,0.75,4.5
Kalibr,27,1,5401.19,5446.2,5414.83,5586.49,0.695989,0.718053,424.267,-697.661,0.519593,-0.854414,857.5,0.453429,-1.02442,1.2,0.45,7500,2000,2,3,0.75,4.5
Kinzhal,28,2,7732.25,6158.59,7641.08,6104.53,0.781285,0.624175,860.904,-786.779,0.738171,-0.674614,1250,0.857143,-0.740441,2.4,0.12,9000,5000,1,3,1,4.5
Kinzhal,29,2,8545.63,6769.24,8764.64,6890.72,0.786135,0.618055,685.884,-941.989,0.588621,-0.808409,1250,0.857143,-0.941444,2.4,0.12,9000,5000,1,3,1,4.5
Kinzhal,30,2,7511.06,4949.19,7545.12,4930.1,0.837134,0.546997,1063.11,-477.049,0.912355,-0.4094,1250,0.857143,-0.421797,2.4,0.12,9000,5000,1,3,1,4.5
Kalibr,31,1,2803.42,5876.32,2791.41,5958.75,0.424216,0.905561,-150.644,-801.17,-0.184792,-0.982778,857.5,0.453429,-1.75666,1.2,0.45,2500,4000,0,1,0.75,4.5
Kinzhal,32,2,6057.48,5081.99,6192.75,5249,0.762841,0.646587,494.396,-1056.29,0.423914,-0.905703,1250,0.857143,-1.13303,2.4,0.12,7500,2000,2,4,1,4.5
Kinzhal,34,2,7565.72,4231.61,7541.68,4080.7,0.879506,0.475888,127.889,-1158.2,0.109754,-0.993959,1250,0.857143,-1.46082,2.4,0.12,7500,2000,2,4,1,4.5
Geran2,35,0,5008.72,6794.4,5057.88,6936.83,0.589155,0.80802,-271.455,-302.367,-0.668046,-0.74412,416.667,9.57307e-009,-2.30238,2.8,1.1,2500,4000,0,0,0.5,4.5
Kalibr,36,1,7038.18,4826.77,7076.62,4851.27,0.824798,0.565428,130.892,-805.973,0.160302,-0.987068,857.5,0.453429,-1.4098,1.2,0.45,7500,2000,2,3,0.75,4.5
Geran2,37,0,3685.82,6454.88,3854.74,6732.06,0.496902,0.867807,-176.668,-365.737,-0.434959,-0.90045,416.667,9.57307e-009,-2.02079,2.8,1.1,2500,4000,0,0,0.5,4.5
Kinzhal,38,2,6005.44,3703.8,6125.2,3660.99,0.858366,0.513039,761.796,-882.297,0.653527,-0.756903,1250,0.857143,-0.858561,2.4,0.12,7500,2000,2,4,1,4.5
Geran2,39,0,3638.18,7038.81,3600.77,6898.1,0.462744,0.886492,-142.525,-380.526,-0.350752,-0.936469,416.667,9.57307e-009,-1.92917,2.8,1.1,2500,4000,0,0,0.5,4.5
Geran2,40,0,5214.64,7487.82,5363.39,7253.53,0.594541,0.804066,-249.649,-320.755,-0.614207,-0.789145,416.667,9.57307e-009,-2.23218,2.8,1.1,2500,4000,0,0,0.5,4.5
Geran2,41,0,4996.59,7343.86,4853.09,7303.69,0.553434,0.832893,-243.197,-325.731,-0.598266,-0.801298,416.667,9.57307e-009,-2.21213,2.8,1.1,2500,4000,0,0,0.5,4.5
Kinzhal,42,2,7194.55,3667.45,7173.04,3635.37,0.891984,0.452066,210.118,-1147.14,0.180169,-0.983636,1250,0.857143,-1.38964,2.4,0.12,7500,2000,2,4,1,4.5
Geran2,43,0,2969,7116.21,2772.18,7200.91,0.359273,0.933233,-60.4937,-401.941,-0.148828,-0.988863,416.667,9.57307e-009,-1.72018,2.8,1.1,2500,4000,0,0,0.5,4.5
Kinzhal,44,2,5721.25,4367.29,5675.72,4132.83,0.808395,0.588641,700.182,-932.485,0.600449,-0.799663,1250,0.857143,-0.926734,2.4,0.12,7500,2000,2,4,1,4.5
Geran2,45,0,2990.43,7264.83,3064.65,7180.33,0.392552,0.91973,-60.3846,-401.984,-0.14855,-0.988905,416.667,9.57307e-009,-1.7199,2.8,1.1,2500,4000,0,0,0.5,4.5
Geran2,46,0,3706.83,6937.75,3600.88,6851.58,0.465218,0.885196,-154.409,-375.872,-0.379989,-0.924991,416.667,9.57307e-009,-1.96058,2.8,1.1,2500,4000,0,0,0.5,4.5
Kinzhal,47,2,7277.54,3995.42,7330.22,3941.8,0.880734,0.473612,129.221,-1159.08,0.1108,-0.993843,1250,0.857143,-1.45977,2.4,0.12,7500,2000,2,4,1,4.5
Kinzhal,48,2,4776.36,4702.53,4907.92,4831.91,0.712603,0.701567,667.838,-954.868,0.573134,-0.819462,1250,0.857143,-0.960471,2.4,0.12,7500,2000,2,4,1,4.5
Kinzhal,49,2,7040.85,5118.78,7068.5,5062,0.813022,0.582234,289.006,-1128.83,0.248023,-0.968754,1250,0.857143,-1.32016,2.4,0.12,7500,2000,2,4,1,4.5
Geran2,50,0,4479.11,6652.32,4629.3,6714.35,0.567626,0.823287,-242.896,-325.518,-0.59804,-0.801466,416.667,9.57307e-009,-2.21185,2.8,1.1,2500,4000,0,0,0.5,4.5
Kalibr,1,1,2609.93,6938.65,2579.42,6878.12,0.351139,0.936323,-53.7828,-812.959,-0.0660124,-0.997819,857.5,0.453429,-1.63686,1.2,0.45,2500,4000,0,1,0.75,4.6
Kalibr,2,1,4425.84,6537.59,4402.66,6540.05,0.558437,0.829547,-477.529,-660.453,-0.585922,-0.810367,857.5,0.453429,-2.19681,1.2,0.45,2500,4000,0,1,0.75,4.6
Geran2,3,0,5706.34,7856.38,5766.54,7876.75,0.590714,0.806881,307.065,-266.298,0.755476,-0.655176,416.667,9.57307e-009,-0.714416,2.8,1.1,9000,5000,1,1,0.5,4.6
Kinzhal,4,2,5996.64,4433.71,6022.15,4431.46,0.805433,0.592687,612.84,-992.115,0.525532,-0.850774,1250,0.857143,-1.01746,2.4,0.12,7500,2000,2,4,1,4.6
Kalibr,5,1,6890.38,5893.83,6763.18,5991.33,0.748529,0.663102,748.341,-325.222,0.917134,-0.398578,857.5,0.453429,-0.409966,1.2,0.45,9000,5000,1,2,0.75,4.6
Kalibr,7,1,5622.04,6194.17,5487.28,6355.13,0.653535,0.756896,761.797,-289.491,0.93478,-0.355227,857.5,0.453429,-0.363157,1.2,0.45,9000,5000,1,2,0.75,4.6
Kalibr,8,1,4181.53,5693.19,4108.03,5824.31,0.57638,0.817182,-573.792,-580.737,-0.702841,-0.711347,857.5,0.453429,-2.35018,1.2,0.45,2500,4000,0,1,0.75,4.6
Geran2,10,0,4718.84,6562.38,4672.01,6593.26,0.578165,0.81592,-266.069,-307.263,-0.654613,-0.755964,416.667,9.57307e-009,-2.28447,2.8,1.1,2500,4000,0,0,0.5,4.6
Geran2,11,0,5876.52,7399.14,5788.62,7432.26,0.614468,0.788942,322.173,-247.46,0.793058,-0.609146,416.667,9.57307e-009,-0.654983,2.8,1.1,9000,5000,1,1,0.5,4.6
Kinzhal,12,2,9132.95,5704.81,9247.04,5714.28,0.85068,0.525684,412.983,-1089.49,0.354451,-0.935075,1250,0.857143,-1.20847,2.4,0.12,9000,5000,1,3,1,4.6
Kinzhal,13,2,8813.21,4901.83,8889.63,4625.35,0.887105,0.461568,902.837,-736.495,0.774878,-0.632111,1250,0.857143,-0.684275,2.4,0.12,9000,5000,1,3,1,4.6
Kalibr,14,1,6399.27,7294.23,6510.02,7331.52,0.663971,0.747758,614.57,-537.079,0.752983,-0.65804,857.5,0.453429,-0.718213,1.2,0.45,9000,5000,1,2,0.75,4.6
Kalibr,15,1,3867.86,5468.92,3807.29,5514.29,0.568171,0.82291,-556.049,-597.877,-0.681028,-0.732257,857.5,0.453429,-2.31996,1.2,0.45,2500,4000,0,1,0.75,4.6
Geran2,16,0,5573.67,6900.39,5584.84,6626.58,0.644444,0.764652,148.634,-378.11,0.365845,-0.930676,416.667,9.57307e-009,-1.19626,2.8,1.1,7500,2000,2,2,0.5,4.6
Kalibr,17,1,3634.9,5857.25,3578.18,5921.86,0.517157,0.855891,-423.076,-698.132,-0.518271,-0.855217,857.5,0.453429,-2.11562,1.2,0.45,2500,4000,0,1,0.75,4.6
Kinzhal,18,2,8912.48,5109.09,8948.9,5240.68,0.862918,0.505344,737.287,-903.156,0.632385,-0.774654,1250,0.857143,-0.886168,2.4,0.12,9000,5000,1,3,1,4.6
Kinzhal,19,2,2983.4,5044.63,3074.25,5001.14,0.523681,0.851915,-489.744,-1058.33,-0.419966,-0.90754,1250,0.857143,-2.0042,2.4,0.12,2500,4000,0,2,1,4.6
Geran2,20,0,6291.72,7172.15,6201.98,7198.77,0.652706,0.757611,316.982,-254.232,0.780092,-0.625665,416.667,9.57307e-009,-0.675984,2.8,1.1,9000,5000,1,1,0.5,4.6
Kalibr,21,1,6964.02,6209.23,6974.11,6171.07,0.748908,0.662674,697.132,-423.864,0.854458,-0.51952,857.5,0.453429,-0.54629,1.2,0.45,9000,5000,1,2,0.75,4.6
Kinzhal,22,2,6999.42,3256.83,6862.24,3257.06,0.903405,0.428788,431.503,-1083.39,0.37002,-0.929024,1250,0.857143,-1.19177,2.4,0.12,7500,2000,2,4,1,4.6
Kinzhal,23,2,2603.72,3725.29,2615.27,3577.73,0.59013,0.807308,-881.421,-761.994,-0.756498,-0.653997,1250,0.857143,-2.42874,2.4,0.12,2500,4000,0,2,1,4.6
Geran2,24,0,6404.38,7757.06,6532.27,7785.81,0.642741,0.766083,76.0006,-399.355,0.186953,-0.982369,416.667,9.57307e-009,-1.38274,2.8,1.1,7500,2000,2,2,0.5,4.6
Geran2,25,0,4143.98,8117.59,4045.88,7974.64,0.452445,0.891792,195.506,-356.382,0.480967,-0.876739,416.667,9.57307e-009,-1.06904,2.8,1.1,7500,2000,2,2,0.5,4.6
Kalibr,26,1,3016.47,5347.88,3127.52,5462.25,0.496885,0.867816,-296.506,-760.505,-0.363248,-0.931692,857.5,0.453429,-1.94255,1.2,0.45,2500,4000,0,1,0.75,4.6
Kalibr,27,1,5443.62,5376.44,5435.23,5378.89,0.710781,0.703413,424.293,-697.579,0.51966,-0.854373,857.5,0.453429,-1.02434,1.2,0.45,7500,2000,2,3,0.75,4.6
Kinzhal,28,2,7818.34,6079.92,7739.44,6001.56,0.790243,0.612794,860.828,-786.71,0.738171,-0.674614,1250,0.857143,-0.740441,2.4,0.12,9000,5000,1,3,1,4.6
Kinzhal,29,2,8612.98,6674.16,8522.85,6871.04,0.778512,0.627629,673.57,-950.706,0.578105,-0.815962,1250,0.857143,-0.954392,2.4,0.12,9000,5000,1,3,1,4.6
Kinzhal,30,2,7617.97,4902.86,7713.32,4847.42,0.846683,0.532097,1069.1,-463.203,0.917579,-0.397553,1250,0.857143,-0.408848,2.4,0.12,9000,5000,1,3,1,4.6
Kalibr,31,1,2788.6,5796.15,2741.36,5827.58,0.425666,0.90488,-148.188,-801.685,-0.181767,-0.983342,857.5,0.453429,-1.75358,1.2,0.45,2500,4000,0,1,0.75,4.6
Kinzhal,32,2,6106.91,4976.37,6079.39,5117.99,0.765004,0.644026,494.353,-1056.2,0.423914,-0.905702,1250,0.857143,-1.13303,2.4,0.12,7500,2000,2,4,1,4.6
Kinzhal,34,2,7577.01,4115.65,7656.77,3986.37,0.886987,0.461795,112.872,-1159.65,0.0968746,-0.995297,1250,0.857143,-1.47377,2.4,0.12,7500,2000,2,4,1,4.6
Geran2,35,0,4981.58,6764.16,5170.3,6710.67,0.610322,0.792154,-271.456,-302.368,-0.668046,-0.74412,416.667,9.57307e-009,-2.30238,2.8,1.1,2500,4000,0,0,0.5,4.6
Kalibr,36,1,7051.28,4746.18,7017.42,4769.78,0.827039,0.562144,130.975,-805.903,0.160414,-0.98705,857.5,0.453429,-1.40969,1.2,0.45,7500,2000,2,3,0.75,4.6
Geran2,37,0,3668.15,6418.3,3719.78,6285.68,0.50929,0.860595,-176.674,-365.75,-0.434959,-0.90045,416.667,9.57307e-009,-2.02079,2.8,1.1,2500,4000,0,0,0.5,4.6
Kinzhal,38,2,6081.79,3615.72,6100.2,3611.52,0.860502,0.509447,763.431,-880.818,0.654958,-0.755666,1250,0.857143,-0.85667,2.4,0.12,7500,2000,2,4,1,4.6
Geran2,39,0,3623.92,7000.76,3645.72,6963.3,0.463835,0.885922,-142.525,-380.527,-0.350751,-0.936469,416.667,9.57307e-009,-1.92917,2.8,1.1,2500,4000,0,0,0.5,4.6
Geran2,40,0,5189.68,7455.75,5244.89,7481.59,0.574033,0.818832,-249.644,-320.747,-0.614207,-0.789145,416.667,9.57307e-009,-2.23218,2.8,1.1,2500,4000,0,0,0.5,4.6
Geran2,41,0,4972.28,7311.29,5025.78,7319.6,0.566035,0.824381,-243.189,-325.72,-0.598266,-0.801298,416.667,9.57307e-009,-2.21213,2.8,1.1,2500,4000,0,0,0.5,4.6
Kinzhal,42,2,7215.56,3552.75,7125.88,3522.71,0.896443,0.44316,210.105,-1147.05,0.180173,-0.983635,1250,0.857143,-1.38963,2.4,0.12,7500,2000,2,4,1,4.6
Geran2,43,0,2962.95,7076.02,3014.27,6962.88,0.397277,0.917699,-60.4922,-401.931,-0.148828,-0.988863,416.667,9.57307e-009,-1.72018,2.8,1.1,2500,4000,0,0,0.5,4.6
Kinzhal,44,2,5791.27,4274.05,5734.56,4312.69,0.799212,0.60105,700.203,-932.361,0.600512,-0.799616,1250,0.857143,-0.926655,2.4,0.12,7500,2000,2,4,1,4.6
Geran2,45,0,2984.39,7224.64,2796.98,7194.56,0.362344,0.932044,-60.3827,-401.972,-0.148549,-0.988905,416.667,9.57307e-009,-1.7199,2.8,1.1,2500,4000,0,0,0.5,4.6
Geran2,46,0,3691.39,6900.16,3516.73,6958.83,0.451038,0.892505,-154.409,-375.871,-0.379989,-0.924991,416.667,9.57307e-009,-1.96058,2.8,1.1,2500,4000,0,0,0.5,4.6
Kinzhal,47,2,7290.46,3879.52,7385.99,3752.3,0.891545,0.452931,129.209,-1158.98,0.110799,-0.993843,1250,0.857143,-1.45977,2.4,0.12,7500,2000,2,4,1,4.6
Kinzhal,48,2,4844.37,4607.92,5030.84,4655.14,0.733982,0.679169,680.085,-946.057,0.583696,-0.811972,1250,0.857143,-0.947523,2.4,0.12,7500,2000,2,4,1,4.6
Kinzhal,49,2,7068.29,5005.55,7152.67,5029.27,0.818027,0.575181,274.341,-1132.38,0.235459,-0.971884,1250,0.857143,-1.33311,2.4,0.12,7500,2000,2,4,1,4.6
Geran2,50,0,4454.82,6619.77,4486.04,6591,0.562667,0.826684,-242.905,-325.531,-0.59804,-0.801466,416.667,9.57307e-009,-2.21185,2.8,1.1,2500,4000,0,0,0.5,4.6
Kalibr,1,1,2604.83,6857.33,2465.2,6742.57,0.343385,0.939195,-50.9802,-813.237,-0.0625652,-0.998041,857.5,0.453429,-1.6334,1.2,0.45,2500,4000,0,1,0.75,4.7
Kalibr,2,1,4377.9,6471.67,4325.95,6461.23,0.556344,0.830952,-479.416,-659.178,-0.588183,-0.808728,857.5,0.453429,-2.19961,1.2,0.45,2500,4000,0,1,0.75,4.7
Geran2,3,0,5737.05,7829.75,5777.74,7898.18,0.590416,0.807099,307.059,-266.293,0.755476,-0.655176,416.667,9.57307e-009,-0.714416,2.8,1.1,9000,5000,1,1,0.5,4.7
Kinzhal,4,2,6057.92,4334.51,5876.53,4338.73,0.804489,0.593967,612.795,-992.037,0.525534,-0.850773,1250,0.857143,-1.01745,2.4,0.12,7500,2000,2,4,1,4.7
Kalibr,5,1,6965.25,5861.39,7055.16,5831.9,0.770762,0.637123,748.696,-324.389,0.917576,-0.397561,857.5,0.453429,-0.408857,1.2,0.45,9000,5000,1,2,0.75,4.7
Kalibr,7,1,5698.31,6165.43,5757.49,6172.87,0.682074,0.731283,762.683,-287.375,0.935776,-0.352596,857.5,0.453429,-0.360343,1.2,0.45,9000,5000,1,2,0.75,4.7
Kalibr,8,1,4124.14,5635.14,4389.42,5617.04,0.61574,0.787949,-573.941,-580.529,-0.70306,-0.711131,857.5,0.453429,-2.35049,1.2,0.45,2500,4000,0,1,0.75,4.7
Geran2,10,0,4692.24,6531.65,4711.13,6726.82,0.573655,0.819097,-266.063,-307.257,-0.654613,-0.755964,416.667,9.57307e-009,-2.28447,2.8,1.1,2500,4000,0,0,0.5,4.7
Geran2,11,0,5908.74,7374.39,5862.89,7280.32,0.627212,0.778849,322.18,-247.465,0.793058,-0.609146,416.667,9.57307e-009,-0.654983,2.8,1.1,9000,5000,1,1,0.5,4.7
Kinzhal,12,2,9172.83,5595.35,9107.42,5584.77,0.852484,0.522753,398.809,-1094.66,0.342313,-0.939586,1250,0.857143,-1.22142,2.4,0.12,9000,5000,1,3,1,4.7
Kinzhal,13,2,8904.43,4829.36,9080.72,4650.32,0.890074,0.455815,912.224,-724.683,0.782998,-0.622024,1250,0.857143,-0.671325,2.4,0.12,9000,5000,1,3,1,4.7
Kalibr,14,1,6460.69,7240.49,6636.74,7301.08,0.672639,0.739971,614.249,-537.407,0.752614,-0.658462,857.5,0.453429,-0.718773,1.2,0.45,9000,5000,1,2,0.75,4.7
Kalibr,15,1,3812.25,5409.14,3872.31,5511.65,0.574872,0.818244,-556.059,-597.797,-0.681084,-0.732206,857.5,0.453429,-2.32004,1.2,0.45,2500,4000,0,1,0.75,4.7
Geran2,16,0,5588.54,6862.57,5575.41,6928.28,0.62694,0.779067,148.636,-378.116,0.365846,-0.930676,416.667,9.57307e-009,-1.19626,2.8,1.1,7500,2000,2,2,0.5,4.7
Kalibr,17,1,3592.56,5787.46,3817.86,5544.58,0.567129,0.823629,-423.366,-697.911,-0.518651,-0.854986,857.5,0.453429,-2.11607,1.2,0.45,2500,4000,0,1,0.75,4.7
Kinzhal,19,2,2934.43,4938.8,2985.31,5140.45,0.502203,0.86475,-489.705,-1058.25,-0.419965,-0.90754,1250,0.857143,-2.0042,2.4,0.12,2500,4000,0,2,1,4.7
Geran2,20,0,6323.42,7146.73,6393.11,7141.94,0.666966,0.745088,316.982,-254.232,0.780092,-0.625665,416.667,9.57307e-009,-0.675984,2.8,1.1,9000,5000,1,1,0.5,4.7
Kalibr,21,1,7033.79,6166.93,7119.04,6300.45,0.748849,0.662741,697.661,-422.996,0.855105,-0.518455,857.5,0.453429,-0.545043,1.2,0.45,9000,5000,1,2,0.75,4.7
Kinzhal,22,2,7042.57,3148.5,6985.39,3070.36,0.91547,0.402386,431.469,-1083.31,0.37002,-0.929024,1250,0.857143,-1.19177,2.4,0.12,7500,2000,2,4,1,4.7
Kinzhal,23,2,2514.6,3650.25,2711.85,3681.77,0.593053,0.805163,-891.142,-750.456,-0.764903,-0.644146,1250,0.857143,-2.44169,2.4,0.12,2500,4000,0,2,1,4.7
Geran2,24,0,6411.98,7717.13,6418.7,7722.65,0.639194,0.769046,75.9979,-399.34,0.186953,-0.982369,416.667,9.57307e-009,-1.38274,2.8,1.1,7500,2000,2,2,0.5,4.7
Geran2,25,0,4163.53,8081.95,4185.72,8210.25,0.454196,0.890902,195.5,-356.371,0.480967,-0.876739,416.667,9.57307e-009,-1.06904,2.8,1.1,7500,2000,2,2,0.5,4.7
Kalibr,26,1,2986.87,5271.81,3005.58,5258.13,0.496255,0.868177,-295.959,-760.683,-0.362593,-0.931948,857.5,0.453429,-1.94184,1.2,0.45,2500,4000,0,1,0.75,4.7
Kalibr,27,1,5486.05,5306.69,5385.47,5232.09,0.717247,0.696819,424.315,-697.505,0.51972,-0.854336,857.5,0.453429,-1.02427,1.2,0.45,7500,2000,2,3,0.75,4.7
Kinzhal,28,2,7904.41,6001.26,7960.96,6160.81,0.790844,0.612017,860.76,-786.647,0.738171,-0.674614,1250,0.857143,-0.740441,2.4,0.12,9000,5000,1,3,1,4.7
Kinzhal,29,2,8679.1,6578.24,8613.4,6580.87,0.794618,0.60711,661.149,-959.271,0.56749,-0.82338,1250,0.857143,-0.967342,2.4,0.12,9000,5000,1,3,1,4.7
Kinzhal,30,2,7725.46,4857.94,7711.34,4812.76,0.848336,0.529458,1074.92,-449.284,0.92265,-0.385638,1250,0.857143,-0.395899,2.4,0.12,9000,5000,1,3,1,4.7
Kalibr,31,1,2774,5715.94,2871.55,5731.94,0.44791,0.894079,-145.93,-802.152,-0.178985,-0.983852,857.5,0.453429,-1.75075,1.2,0.45,2500,4000,0,1,0.75,4.7
Kinzhal,32,2,6156.34,4870.76,6213.33,4922.31,0.783835,0.620969,494.314,-1056.11,0.423914,-0.905703,1250,0.857143,-1.13303,2.4,0.12,7500,2000,2,4,1,4.7
Kinzhal,34,2,7586.79,3999.56,7593.51,4100.19,0.87992,0.475121,97.8382,-1160.92,0.0839784,-0.996468,1250,0.857143,-1.48672,2.4,0.12,7500,2000,2,4,1,4.7
Geran2,35,0,4954.43,6733.93,5055.33,6820.22,0.59548,0.80337,-271.456,-302.368,-0.668046,-0.74412,416.667,9.57307e-009,-2.30238,2.8,1.1,2500,4000,0,0,0.5,4.7
Kalibr,36,1,7064.38,4665.6,7083.63,4666.06,0.835104,0.550092,131.05,-805.839,0.160516,-0.987033,857.5,0.453429,-1.40958,1.2,0.45,7500,2000,2,3,0.75,4.7
Geran2,37,0,3650.49,6381.73,3515.64,6204.71,0.492974,0.870044,-176.68,-365.762,-0.434959,-0.90045,416.667,9.57307e-009,-2.02079,2.8,1.1,2500,4000,0,0,0.5,4.7
Kinzhal,38,2,6158.26,3527.75,6097.87,3643.58,0.858432,0.512928,764.733,-879.629,0.6561,-0.754674,1250,0.857143,-0.855157,2.4,0.12,7500,2000,2,4,1,4.7
Geran2,39,0,3609.67,6962.71,3603.13,6802.92,0.468049,0.883703,-142.525,-380.527,-0.350751,-0.936469,416.667,9.57307e-009,-1.92917,2.8,1.1,2500,4000,0,0,0.5,4.7
Geran2,40,0,5164.71,7423.67,5106.96,7327.08,0.571808,0.820387,-249.639,-320.74,-0.614207,-0.789145,416.667,9.57307e-009,-2.23218,2.8,1.1,2500,4000,0,0,0.5,4.7
Geran2,41,0,4947.96,7278.72,4941.51,7137.79,0.569207,0.822194,-243.182,-325.71,-0.598266,-0.801298,416.667,9.57307e-009,-2.21213,2.8,1.1,2500,4000,0,0,0.5,4.7
Kinzhal,42,2,7236.57,3438.05,7282.7,3487.27,0.90193,0.431882,210.093,-1146.96,0.180177,-0.983634,1250,0.857143,-1.38963,2.4,0.12,7500,2000,2,4,1,4.7
Geran2,43,0,2956.9,7035.82,3197.27,7041.57,0.413434,0.910534,-60.4908,-401.921,-0.148828,-0.988863,416.667,9.57307e-009,-1.72018,2.8,1.1,2500,4000,0,0,0.5,4.7
Kinzhal,44,2,5861.29,4180.83,5810.13,4114.65,0.816081,0.577937,700.214,-932.254,0.600562,-0.799578,1250,0.857143,-0.926593,2.4,0.12,7500,2000,2,4,1,4.7
Geran2,45,0,2978.35,7184.44,2964.35,7200.34,0.380696,0.9247,-60.381,-401.961,-0.148549,-0.988905,416.667,9.57307e-009,-1.7199,2.8,1.1,2500,4000,0,0,0.5,4.7
Geran2,46,0,3675.95,6862.57,3499.73,6850.16,0.45496,0.890512,-154.409,-375.871,-0.379989,-0.924991,416.667,9.57307e-009,-1.96058,2.8,1.1,2500,4000,0,0,0.5,4.7
Kinzhal,47,2,7303.38,3763.63,7515.95,3673.64,0.898423,0.439131,129.199,-1158.88,0.110799,-0.993843,1250,0.857143,-1.45977,2.4,0.12,7500,2000,2,4,1,4.7
Kinzhal,48,2,4913.59,4514.21,5011.6,4468.73,0.746375,0.665526,692.222,-937.095,0.594162,-0.804346,1250,0.857143,-0.934573,2.4,0.12,7500,2000,2,4,1,4.7
Kinzhal,49,2,7094.25,4891.97,7124.54,4933.09,0.822153,0.569266,259.634,-1135.74,0.222854,-0.974852,1250,0.857143,-1.34606,2.4,0.12,7500,2000,2,4,1,4.7
Geran2,50,0,4430.53,6587.21,4390.53,6685.22,0.548949,0.835856,-242.914,-325.543,-0.59804,-0.801466,416.667,9.57307e-009,-2.21185,2.8,1.1,2500,4000,0,0,0.5,4.7
Kalibr,1,1,2599.99,6775.98,2521.59,6763.88,0.349317,0.937005,-48.4442,-813.482,-0.0594463,-0.998232,857.5,0.453429,-1.63028,1.2,0.45,2500,4000,0,1,0.75,4.8
Kalibr,2,1,4329.79,6405.87,4501.62,6318.19,0.580267,0.814426,-481.116,-658.024,-0.590219,-0.807243,857.5,0.453429,-2.20213,1.2,0.45,2500,4000,0,1,0.75,4.8
Geran2,3,0,5767.75,7803.12,5635.37,7838.42,0.583739,0.811941,307.052,-266.287,0.755476,-0.655176,416.667,9.57307e-009,-0.714416,2.8,1.1,9000,5000,1,1,0.5,4.8
Kinzhal,4,2,6119.2,4235.31,6057.47,4371.96,0.810862,0.585238,612.753,-991.967,0.525535,-0.850772,1250,0.857143,-1.01745,2.4,0.12,7500,2000,2,4,1,4.8
Kalibr,5,1,7040.15,5829.03,6933.61,5613.35,0.777222,0.629227,749.019,-323.63,0.917978,-0.396632,857.5,0.453429,-0.407845,1.2,0.45,9000,5000,1,2,0.75,4.8
Kalibr,7,1,5774.66,6136.88,6020.2,6117.71,0.701404,0.712764,763.478,-285.469,0.936666,-0.350225,857.5,0.453429,-0.357811,1.2,0.45,9000,5000,1,2,0.75,4.8
Kalibr,8,1,4066.73,5577.11,4111.03,5508.15,0.598128,0.8014,-574.076,-580.34,-0.70326,-0.710933,857.5,0.453429,-2.35077,1.2,0.45,2500,4000,0,1,0.75,4.8
Geran2,10,0,4665.63,6500.93,4701.71,6576.18,0.581602,0.813474,-266.057,-307.25,-0.654613,-0.755965,416.667,9.57307e-009,-2.28447,2.8,1.1,2500,4000,0,0,0.5,4.8
Geran2,11,0,5940.95,7349.65,5890.48,7456.87,0.61987,0.784705,322.186,-247.47,0.793058,-0.609146,416.667,9.57307e-009,-0.654983,2.8,1.1,9000,5000,1,1,0.5,4.8
Kinzhal,12,2,9211.29,5485.38,9339.03,5583.87,0.858284,0.513174,384.571,-1099.65,0.330117,-0.94394,1250,0.857143,-1.23437,2.4,0.12,9000,5000,1,3,1,4.8
Kinzhal,13,2,8996.58,4758.09,9120.55,4588.2,0.89333,0.449401,921.464,-712.757,0.790987,-0.611832,1250,0.857143,-0.658375,2.4,0.12,9000,5000,1,3,1,4.8
Kalibr,14,1,6522.09,7186.72,6373.57,7210.26,0.662298,0.749241,613.961,-537.702,0.752282,-0.658842,857.5,0.453429,-0.719278,1.2,0.45,9000,5000,1,2,0.75,4.8
Kalibr,15,1,3756.65,5349.36,3705.54,5366.23,0.56822,0.822877,-556.068,-597.724,-0.681134,-0.732159,857.5,0.453429,-2.32011,1.2,0.45,2500,4000,0,1,0.75,4.8
Geran2,16,0,5603.4,6824.76,5574.05,6697.51,0.639696,0.768628,148.638,-378.121,0.365846,-0.930676,416.667,9.57307e-009,-1.19626,2.8,1.1,7500,2000,2,2,0.5,4.8
Kalibr,17,1,3550.2,5717.69,3633.12,5828.15,0.529007,0.848617,-423.631,-697.71,-0.518998,-0.854776,857.5,0.453429,-2.11647,1.2,0.45,2500,4000,0,1,0.75,4.8
Kinzhal,19,2,2885.46,4832.99,2932.2,4794.91,0.521706,0.853125,-489.669,-1058.17,-0.419964,-0.907541,1250,0.857143,-2.0042,2.4,0.12,2500,4000,0,2,1,4.8
Geran2,20,0,6355.12,7121.3,6397.17,7231.83,0.662561,0.749008,316.983,-254.233,0.780092,-0.625665,416.667,9.57307e-009,-0.675984,2.8,1.1,9000,5000,1,1,0.5,4.8
Kalibr,21,1,7103.6,6124.71,7145.78,6191.83,0.755751,0.65486,698.141,-422.204,0.855693,-0.517484,857.5,0.453429,-0.543908,1.2,0.45,9000,5000,1,2,0.75,4.8
Kinzhal,22,2,7085.71,3040.17,6959.11,3064.02,0.915218,0.40296,431.437,-1083.23,0.370019,-0.929024,1250,0.857143,-1.19177,2.4,0.12,7500,2000,2,4,1,4.8
Kinzhal,23,2,2424.53,3576.37,2252.72,3517.11,0.539355,0.842079,-900.72,-738.798,-0.77318,-0.634186,1250,0.857143,-2.45464,2.4,0.12,2500,4000,0,2,1,4.8
Geran2,24,0,6419.58,7677.19,6448.19,7660.67,0.643966,0.765054,75.9953,-399.327,0.186953,-0.982369,416.667,9.57307e-009,-1.38274,2.8,1.1,7500,2000,2,2,0.5,4.8
Geran2,25,0,4183.08,8046.32,4225.48,8119.58,0.461637,0.887069,195.495,-356.362,0.480967,-0.876739,416.667,9.57307e-009,-1.06904,2.8,1.1,7500,2000,2,2,0.5,4.8
Kalibr,26,1,2957.33,5195.72,2956.98,5314.69,0.486192,0.873852,-295.449,-760.849,-0.361982,-0.932185,857.5,0.453429,-1.94119,1.2,0.45,2500,4000,0,1,0.75,4.8
Kalibr,27,1,5528.48,5236.95,5567.53,5307.58,0.723803,0.690007,424.335,-697.438,0.519775,-0.854303,857.5,0.453429,-1.02421,1.2,0.45,7500,2000,2,3,0.75,4.8
Kinzhal,28,2,7990.48,5922.6,8060.6,6006.43,0.801859,0.597513,860.698,-786.59,0.738171,-0.674614,1250,0.857143,-0.740441,2.4,0.12,9000,5000,1,3,1,4.8
Kinzhal,29,2,8743.96,6481.47,8679.57,6425.89,0.803709,0.595023,648.623,-967.681,0.55678,-0.83066,1250,0.857143,-0.980292,2.4,0.12,9000,5000,1,3,1,4.8
Kinzhal,30,2,7833.52,4814.41,7888.54,4877.99,0.850525,0.525934,1080.57,-435.293,0.927567,-0.373657,1250,0.857143,-0.382949,2.4,0.12,9000,5000,1,3,1,4.8
Kalibr,31,1,2759.62,5635.68,2757.68,5626.68,0.440093,0.897952,-143.849,-802.577,-0.176423,-0.984314,857.5,0.453429,-1.74815,1.2,0.45,2500,4000,0,1,0.75,4.8
Kinzhal,32,2,6205.77,4765.15,6225.48,4788.01,0.792674,0.609645,494.278,-1056.04,0.423914,-0.905702,1250,0.857143,-1.13303,2.4,0.12,7500,2000,2,4,1,4.8
Kinzhal,34,2,7595.07,3883.36,7489.47,3776.53,0.892906,0.450243,82.7898,-1162.01,0.071067,-0.997472,1250,0.857143,-1.49967,2.4,0.12,7500,2000,2,4,1,4.8
Geran2,35,0,4927.28,6703.69,4889.69,6623.88,0.593902,0.804537,-271.456,-302.368,-0.668046,-0.74412,416.667,9.57307e-009,-2.30238,2.8,1.1,2500,4000,0,0,0.5,4.8
Kalibr,36,1,7077.5,4585.02,6976.06,4470.24,0.841967,0.539529,131.117,-805.78,0.160609,-0.987018,857.5,0.453429,-1.40949,1.2,0.45,7500,2000,2,3,0.75,4.8
Geran2,37,0,3632.82,6345.15,3576.41,6386.43,0.488605,0.872505,-176.686,-365.773,-0.434959,-0.90045,416.667,9.57307e-009,-2.02079,2.8,1.1,2500,4000,0,0,0.5,4.8
Kinzhal,38,2,6234.84,3439.89,6324.57,3567.95,0.870964,0.491347,765.774,-878.671,0.657015,-0.753878,1250,0.857143,-0.853944,2.4,0.12,7500,2000,2,4,1,4.8
Geran2,39,0,3595.42,6924.65,3652.35,7047.22,0.460142,0.887845,-142.525,-380.528,-0.350751,-0.936469,416.667,9.57307e-009,-1.92917,2.8,1.1,2500,4000,0,0,0.5,4.8
Geran2,40,0,5139.75,7391.6,5298.41,7438.41,0.580169,0.814496,-249.634,-320.734,-0.614207,-0.789145,416.667,9.57307e-009,-2.23218,2.8,1.1,2500,4000,0,0,0.5,4.8
Geran2,41,0,4923.64,7246.15,4853.5,7302.91,0.553507,0.832844,-243.175,-325.701,-0.598265,-0.801298,416.667,9.57307e-009,-2.21213,2.8,1.1,2500,4000,0,0,0.5,4.8
Kinzhal,42,2,7257.58,3323.37,7253.03,3425.45,0.904229,0.427048,210.082,-1146.88,0.18018,-0.983634,1250,0.857143,-1.38963,2.4,0.12,7500,2000,2,4,1,4.8
Geran2,43,0,2950.85,6995.63,2955.62,7123.08,0.383253,0.923643,-60.4895,-401.913,-0.148828,-0.988863,416.667,9.57307e-009,-1.72018,2.8,1.1,2500,4000,0,0,0.5,4.8
Kinzhal,44,2,5931.31,4087.61,5823.59,4125.08,0.816022,0.578021,700.217,-932.162,0.600601,-0.799549,1250,0.857143,-0.926544,2.4,0.12,7500,2000,2,4,1,4.8
Geran2,45,0,2972.32,7144.24,3087.7,7069.47,0.400254,0.916404,-60.3794,-401.951,-0.148549,-0.988905,416.667,9.57307e-009,-1.7199,2.8,1.1,2500,4000,0,0,0.5,4.8
Geran2,46,0,3660.51,6824.99,3762.36,6784.46,0.484975,0.874528,-154.409,-375.871,-0.379989,-0.924991,416.667,9.57307e-009,-1.96058,2.8,1.1,2500,4000,0,0,0.5,4.8
Kinzhal,47,2,7316.3,3647.75,7409.7,3550.84,0.901799,0.432156,129.189,-1158.8,0.110799,-0.993843,1250,0.857143,-1.45977,2.4,0.12,7500,2000,2,4,1,4.8
Kinzhal,48,2,4984.02,4421.42,4900.75,4449.8,0.740348,0.672223,704.248,-927.984,0.604528,-0.796584,1250,0.857143,-0.921623,2.4,0.12,7500,2000,2,4,1,4.8
Kinzhal,49,2,7118.74,4778.08,7095.27,4809.96,0.827729,0.561127,244.886,-1138.92,0.210211,-0.977656,1250,0.857143,-1.35901,2.4,0.12,7500,2000,2,4,1,4.8
Geran2,50,0,4406.24,6554.66,4464.69,6428.22,0.570451,0.821331,-242.922,-325.554,-0.59804,-0.801467,416.667,9.57307e-009,-2.21185,2.8,1.1,2500,4000,0,0,0.5,4.8
Kalibr,1,1,2595.37,6694.61,2515.83,6633.56,0.354611,0.935014,-46.1474,-813.698,-0.0566222,-0.998396,857.5,0.453429,-1.62745,1.2,0.45,2500,4000,0,1,0.75,4.9
Kalibr,2,1,4281.52,6340.17,4420.36,6329.67,0.572557,0.819865,-482.65,-656.978,-0.592054,-0.805898,857.5,0.453429,-2.2044,1.2,0.45,2500,4000,0,1,0.75,4.9
Geran2,3,0,5798.46,7776.5,5682.52,7685.64,0.594515,0.804085,307.047,-266.282,0.755476,-0.655176,416.667,9.57307e-009,-0.714416,2.8,1.1,9000,5000,1,1,0.5,4.9
Kinzhal,4,2,6180.47,4136.12,6202.3,4199.4,0.828052,0.560651,612.715,-991.903,0.525536,-0.850771,1250,0.857143,-1.01745,2.4,0.12,7500,2000,2,4,1,4.9
Kalibr,5,1,7115.08,5796.73,7154.33,5880.84,0.772511,0.635002,749.313,-322.936,0.918343,-0.395784,857.5,0.453429,-0.406922,1.2,0.45,9000,5000,1,2,0.75,4.9
Kalibr,7,1,5851.08,6108.51,5757.9,6049.15,0.689454,0.724329,764.19,-283.751,0.937462,-0.348088,857.5,0.453429,-0.355531,1.2,0.45,9000,5000,1,2,0.75,4.9
Kalibr,8,1,4009.31,5519.09,4028.71,5543.05,0.587924,0.808916,-574.199,-580.167,-0.703442,-0.710753,857.5,0.453429,-2.35102,1.2,0.45,2500,4000,0,1,0.75,4.9
Geran2,10,0,4639.03,6470.2,4654.07,6497.44,0.582318,0.812961,-266.053,-307.245,-0.654613,-0.755964,416.667,9.57307e-009,-2.28447,2.8,1.1,2500,4000,0,0,0.5,4.9
Geran2,11,0,5973.17,7324.9,6148.76,7179.78,0.650466,0.759535,322.192,-247.475,0.793058,-0.609146,416.667,9.57307e-009,-0.654983,2.8,1.1,9000,5000,1,1,0.5,4.9
Kinzhal,12,2,9248.32,5374.94,9186.43,5303.33,0.866044,0.499968,370.272,-1104.46,0.317864,-0.948136,1250,0.857143,-1.24732,2.4,0.12,9000,5000,1,3,1,4.9
Kinzhal,13,2,9089.64,4688.02,9065.3,4723.71,0.886826,0.462104,930.556,-700.716,0.798845,-0.601537,1250,0.857143,-0.645424,2.4,0.12,9000,5000,1,3,1,4.9
Kalibr,14,1,6583.46,7132.92,6632.99,7001.31,0.687754,0.725944,613.7,-537.967,0.751982,-0.659184,857.5,0.453429,-0.719733,1.2,0.45,9000,5000,1,2,0.75,4.9
Kalibr,15,1,3701.04,5289.6,3731.11,5340.99,0.572682,0.819778,-556.076,-597.657,-0.68118,-0.732116,857.5,0.453429,-2.32017,1.2,0.45,2500,4000,0,1,0.75,4.9
Geran2,16,0,5618.26,6786.95,5516.67,6877.81,0.625692,0.78007,148.64,-378.126,0.365846,-0.930676,416.667,9.57307e-009,-1.19626,2.8,1.1,7500,2000,2,2,0.5,4.9
Kalibr,17,1,3507.81,5647.94,3392.41,5574.33,0.519873,0.854244,-423.874,-697.526,-0.519315,-0.854583,857.5,0.453429,-2.11685,1.2,0.45,2500,4000,0,1,0.75,4.9
Kinzhal,19,2,2836.5,4727.17,2803.29,4748.93,0.50834,0.861157,-489.637,-1058.1,-0.419964,-0.907541,1250,0.857143,-2.0042,2.4,0.12,2500,4000,0,2,1,4.9
Geran2,20,0,6386.82,7095.88,6468.99,7050.44,0.67607,0.736837,316.983,-254.233,0.780092,-0.625665,416.667,9.57307e-009,-0.675984,2.8,1.1,9000,5000,1,1,0.5,4.9
Kalibr,21,1,7173.46,6082.56,7286.31,5987.9,0.772585,0.634911,698.579,-421.481,0.856228,-0.516598,857.5,0.453429,-0.542872,1.2,0.45,9000,5000,1,2,0.75,4.9
Kinzhal,22,2,7128.85,2931.86,7160.65,2783.62,0.932052,0.362325,431.409,-1083.16,0.370019,-0.929024,1250,0.857143,-1.19177,2.4,0.12,7500,2000,2,4,1,4.9
Kinzhal,23,2,2333.52,3503.67,2222.38,3551.15,0.530499,0.847686,-910.151,-727.022,-0.781329,-0.62412,1250,0.857143,-2.46759,2.4,0.12,2500,4000,0,2,1,4.9
Geran2,24,0,6427.18,7637.26,6431.99,7728.64,0.639683,0.768639,75.993,-399.315,0.186953,-0.982369,416.667,9.57307e-009,-1.38274,2.8,1.1,7500,2000,2,2,0.5,4.9
Geran2,25,0,4202.62,8010.68,4287.5,7882.76,0.477805,0.878466,195.49,-356.353,0.480967,-0.876739,416.667,9.57307e-009,-1.06904,2.8,1.1,7500,2000,2,2,0.5,4.9
Kalibr,26,1,2927.83,5119.62,2850.62,5020.1,0.493786,0.869583,-294.973,-761.005,-0.36141,-0.932407,857.5,0.453429,-1.94058,1.2,0.45,2500,4000,0,1,0.75,4.9
Kalibr,27,1,5570.92,5167.21,5620.56,5222.52,0.732571,0.680691,424.352,-697.377,0.519823,-0.854274,857.5,0.453429,-1.02415,1.2,0.45,7500,2000,2,3,0.75,4.9
Kinzhal,28,2,8076.55,5843.94,8231.95,5655.21,0.824241,0.566239,860.641,-786.539,0.738171,-0.674614,1250,0.857143,-0.740441,2.4,0.12,9000,5000,1,3,1,4.9
Kinzhal,29,2,8807.56,6383.88,8870.28,6261.26,0.816973,0.576676,635.994,-975.935,0.545975,-0.837801,1250,0.857143,-0.993243,2.4,0.12,9000,5000,1,3,1,4.9
Kinzhal,30,2,7942.12,4772.28,7900.57,4619.45,0.863265,0.504751,1086.05,-421.234,0.932328,-0.361613,1250,0.857143,-0.369997,2.4,0.12,9000,5000,1,3,1,4.9
Kalibr,31,1,2745.43,5555.38,2929.98,5588.81,0.464319,0.885668,-141.928,-802.964,-0.174057,-0.984736,857.5,0.453429,-1.74574,1.2,0.45,2500,4000,0,1,0.75,4.9
Kinzhal,32,2,6255.19,4659.56,6135.64,4521.42,0.805029,0.593235,494.246,-1055.97,0.423914,-0.905702,1250,0.857143,-1.13303,2.4,0.12,7500,2000,2,4,1,4.9
Kinzhal,34,2,7601.84,3767.07,7402.78,3927.93,0.883353,0.468709,67.7291,-1162.91,0.0581427,-0.998308,1250,0.857143,-1.51262,2.4,0.12,7500,2000,2,4,1,4.9
Geran2,35,0,4900.14,6673.45,4960.56,6763.1,0.591437,0.806351,-271.456,-302.368,-0.668046,-0.74412,416.667,9.57307e-009,-2.30238,2.8,1.1,2500,4000,0,0,0.5,4.9
Kalibr,36,1,7090.61,4504.44,7138.32,4365.12,0.853132,0.521695,131.179,-805.727,0.160692,-0.987005,857.5,0.453429,-1.4094,1.2,0.45,7500,2000,2,3,0.75,4.9
Geran2,37,0,3615.15,6308.57,3655.47,6251.09,0.504799,0.863237,-176.691,-365.784,-0.434959,-0.90045,416.667,9.57307e-009,-2.02079,2.8,1.1,2500,4000,0,0,0.5,4.9
Kinzhal,38,2,6311.5,3352.1,6277.29,3264.82,0.88718,0.461423,766.608,-877.896,0.65775,-0.753236,1250,0.857143,-0.852968,2.4,0.12,7500,2000,2,4,1,4.9
Geran2,39,0,3581.17,6886.6,3605.99,6706.76,0.473556,0.880764,-142.525,-380.528,-0.350751,-0.936469,416.667,9.57307e-009,-1.92917,2.8,1.1,2500,4000,0,0,0.5,4.9
Geran2,40,0,5114.79,7359.53,4868.62,7380.09,0.550666,0.834726,-249.629,-320.729,-0.614207,-0.789145,416.667,9.57307e-009,-2.23218,2.8,1.1,2500,4000,0,0,0.5,4.9
Geran2,41,0,4899.32,7213.58,5037.4,7366.4,0.564473,0.825452,-243.169,-325.693,-0.598265,-0.801298,416.667,9.57307e-009,-2.21213,2.8,1.1,2500,4000,0,0,0.5,4.9
Kinzhal,42,2,7278.58,3208.69,7357.66,3313.43,0.911806,0.41062,210.071,-1146.8,0.180182,-0.983633,1250,0.857143,-1.38963,2.4,0.12,7500,2000,2,4,1,4.9
Geran2,43,0,2944.81,6955.44,2781.46,6824.85,0.37741,0.926046,-60.4884,-401.905,-0.148828,-0.988863,416.667,9.57307e-009,-1.72018,2.8,1.1,2500,4000,0,0,0.5,4.9
Kinzhal,44,2,6001.33,3994.4,5944.92,4051.11,0.826373,0.563124,700.215,-932.083,0.600632,-0.799525,1250,0.857143,-0.926504,2.4,0.12,7500,2000,2,4,1,4.9
Geran2,45,0,2966.28,7104.05,2924.6,6971.05,0.386868,0.922135,-60.378,-401.941,-0.148549,-0.988905,416.667,9.57307e-009,-1.7199,2.8,1.1,2500,4000,0,0,0.5,4.9
Geran2,46,0,3645.07,6787.4,3806.33,6800.03,0.488438,0.872598,-154.409,-375.871,-0.379989,-0.924991,416.667,9.57307e-009,-1.96058,2.8,1.1,2500,4000,0,0,0.5,4.9
Kinzhal,47,2,7329.22,3531.88,7379.52,3651.5,0.896278,0.443492,129.18,-1158.73,0.110799,-0.993843,1250,0.857143,-1.45977,2.4,0.12,7500,2000,2,4,1,4.9
Kinzhal,48,2,5055.63,4329.54,5052.13,4237.82,0.76615,0.642662,716.159,-918.724,0.614794,-0.788688,1250,0.857143,-0.908672,2.4,0.12,7500,2000,2,4,1,4.9
Kinzhal,49,2,7141.75,4663.89,7109.75,4588.04,0.840237,0.542219,230.1,-1141.92,0.197532,-0.980296,1250,0.857143,-1.37196,2.4,0.12,7500,2000,2,4,1,4.9
Geran2,50,0,4381.94,6522.1,4501.62,6522.92,0.567994,0.823033,-242.93,-325.564,-0.59804,-0.801467,416.667,9.57307e-009,-2.21185,2.8,1.1,2500,4000,0,0,0.5,4.9
Kalibr,1,1,2590.97,6613.22,2714.21,6635.15,0.378612,0.925555,-44.0656,-813.889,-0.0540629,-0.998538,857.5,0.453429,-1.62489,1.2,0.45,2500,4000,0,1,0.75,5
Kalibr,2,1,4233.12,6274.57,4299.69,6232.63,0.567851,0.823131,-484.035,-656.031,-0.593711,-0.804678,857.5,0.453429,-2.20646,1.2,0.45,2500,4000,0,1,0.75,5
Geran2,3,0,5829.16,7749.87,5745.02,7711.49,0.597428,0.801922,307.042,-266.278,0.755476,-0.655176,416.667,9.57307e-009,-0.714416,2.8,1.1,9000,5000,1,1,0.5,5
Kinzhal,4,2,6241.74,4036.94,6245.09,4074.32,0.837523,0.546403,612.681,-991.845,0.525537,-0.850771,1250,0.857143,-1.01745,2.4,0.12,7500,2000,2,4,1,5
Kalibr,5,1,7190.04,5764.5,7163.8,5822.9,0.775991,0.630744,749.581,-322.301,0.918678,-0.395008,857.5,0.453429,-0.406077,1.2,0.45,9000,5000,1,2,0.75,5
Kalibr,7,1,5927.56,6080.29,5922.62,6061.11,0.698888,0.715231,764.83,-282.202,0.938175,-0.346162,857.5,0.453429,-0.353477,1.2,0.45,9000,5000,1,2,0.75,5
Kalibr,8,1,3951.88,5461.09,4053.18,5508.51,0.592656,0.805456,-574.311,-580.009,-0.703608,-0.710589,857.5,0.453429,-2.35126,1.2,0.45,2500,4000,0,1,0.75,5
Geran2,10,0,4612.42,6439.48,4558.27,6460.87,0.576486,0.817107,-266.048,-307.24,-0.654613,-0.755965,416.667,9.57307e-009,-2.28447,2.8,1.1,2500,4000,0,0,0.5,5
Geran2,11,0,6005.39,7300.15,5837.07,7419.86,0.618292,0.785948,322.198,-247.479,0.793058,-0.609146,416.667,9.57307e-009,-0.654983,2.8,1.1,9000,5000,1,1,0.5,5
Kinzhal,12,2,9283.91,5264.03,9214.56,5387.78,0.863264,0.504752,355.915,-1109.1,0.305557,-0.952174,1250,0.857143,-1.26027,2.4,0.12,9000,5000,1,3,1,5
Kinzhal,13,2,9183.59,4619.16,9163.86,4598.76,0.89377,0.448526,939.496,-688.563,0.806569,-0.59114,1250,0.857143,-0.632471,2.4,0.12,9000,5000,1,3,1,5
Kalibr,14,1,6644.81,7079.1,6714.94,6986.12,0.692975,0.720961,613.465,-538.206,0.751711,-0.659492,857.5,0.453429,-0.720143,1.2,0.45,9000,5000,1,2,0.75,5
Kalibr,15,1,3645.43,5229.84,3528.2,5267.31,0.556518,0.830835,-556.084,-597.596,-0.681223,-0.732076,857.5,0.453429,-2.32023,1.2,0.45,2500,4000,0,1,0.75,5
Geran2,16,0,5633.13,6749.14,5709.48,6901.24,0.637442,0.770498,148.642,-378.13,0.365846,-0.930676,416.667,9.57307e-009,-1.19626,2.8,1.1,7500,2000,2,2,0.5,5
Kalibr,17,1,3465.4,5578.2,3530.09,5671.36,0.528436,0.848973,-424.097,-697.357,-0.519606,-0.854406,857.5,0.453429,-2.11719,1.2,0.45,2500,4000,0,1,0.75,5
Kinzhal,19,2,2787.54,4621.37,2902.41,4509.07,0.541249,0.840862,-489.607,-1058.04,-0.419963,-0.907541,1250,0.857143,-2.0042,2.4,0.12,2500,4000,0,2,1,5
Geran2,20,0,6418.52,7070.46,6370.98,7100.67,0.667828,0.744316,316.983,-254.234,0.780092,-0.625665,416.667,9.57307e-009,-0.675984,2.8,1.1,9000,5000,1,1,0.5,5
Kalibr,21,1,7243.36,6040.48,7367.63,6078.98,0.771338,0.636425,698.978,-420.821,0.856716,-0.515788,857.5,0.453429,-0.541927,1.2,0.45,9000,5000,1,2,0.75,5
Kinzhal,22,2,7171.99,2823.55,7219.63,3056.94,0.920854,0.389909,431.383,-1083.09,0.370019,-0.929024,1250,0.857143,-1.19177,2.4,0.12,7500,2000,2,4,1,5
Kinzhal,23,2,2241.57,3432.15,2149.56,3360.48,0.53885,0.842402,-919.435,-715.129,-0.789347,-0.613948,1250,0.857143,-2.48054,2.4,0.12,2500,4000,0,2,1,5
Geran2,24,0,6434.78,7597.33,6509.42,7698.81,0.645655,0.763629,75.9909,-399.304,0.186953,-0.982369,416.667,9.57307e-009,-1.38274,2.8,1.1,7500,2000,2,2,0.5,5
Geran2,25,0,4222.17,7975.05,4276.8,7877.94,0.47711,0.878844,195.486,-356.346,0.480967,-0.876739,416.667,9.57307e-009,-1.06904,2.8,1.1,7500,2000,2,2,0.5,5
Kalibr,26,1,2898.38,5043.51,2964.18,4951.95,0.513605,0.858027,-294.525,-761.152,-0.360873,-0.932615,857.5,0.453429,-1.94,1.2,0.45,2500,4000,0,1,0.75,5
Kalibr,27,1,5613.35,5097.48,5548.37,5031.14,0.740792,0.671735,424.367,-697.322,0.519867,-0.854247,857.5,0.453429,-1.0241,1.2,0.45,7500,2000,2,3,0.75,5
Kinzhal,28,2,8162.61,5765.29,8125.62,5874.2,0.81041,0.585864,860.59,-786.492,0.738171,-0.674614,1250,0.857143,-0.740441,2.4,0.12,9000,5000,1,3,1,5
Kinzhal,29,2,8869.89,6285.47,8678.36,6289.14,0.809729,0.586804,623.262,-984.03,0.535078,-0.844802,1250,0.857143,-1.0062,2.4,0.12,9000,5000,1,3,1,5
Kinzhal,30,2,8051.26,4731.57,8244.67,4676.08,0.869837,0.49334,1091.35,-407.108,0.936934,-0.349507,1250,0.857143,-0.357045,2.4,0.12,9000,5000,1,3,1,5
Kalibr,31,1,2731.41,5475.05,2678.15,5553.48,0.434375,0.900732,-140.15,-803.317,-0.171868,-0.98512,857.5,0.453429,-1.74352,1.2,0.45,2500,4000,0,1,0.75,5
Kinzhal,32,2,6304.62,4553.97,6188.82,4629.04,0.80078,0.598959,494.216,-1055.9,0.423914,-0.905702,1250,0.857143,-1.13303,2.4,0.12,7500,2000,2,4,1,5
Kinzhal,34,2,7607.11,3650.7,7732.14,3574.55,0.907697,0.419626,52.6584,-1163.61,0.0452079,-0.998978,1250,0.857143,-1.52557,2.4,0.12,7500,2000,2,4,1,5
Geran2,35,0,4872.99,6643.22,4969.64,6752.55,0.592741,0.805394,-271.457,-302.368,-0.668046,-0.74412,416.667,9.57307e-009,-2.30238,2.8,1.1,2500,4000,0,0,0.5,5
Kalibr,36,1,7103.74,4423.88,7045.98,4450.13,0.845487,0.533996,131.235,-805.678,0.160768,-0.986992,857.5,0.453429,-1.40933,1.2,0.45,7500,2000,2,3,0.75,5
Geran2,37,0,3597.48,6271.99,3452.88,6388.93,0.475453,0.879741,-176.695,-365.793,-0.43496,-0.90045,416.667,9.57307e-009,-2.02079,2.8,1.1,2500,4000,0,0,0.5,5
Kinzhal,38,2,6388.23,3264.37,6280.24,3208.78,0.890499,0.454985,767.278,-877.267,0.658344,-0.752717,1250,0.857143,-0.852179,2.4,0.12,7500,2000,2,4,1,5
Geran2,39,0,3566.91,6848.55,3429.94,6808.18,0.449924,0.893067,-142.526,-380.528,-0.350751,-0.936469,416.667,9.57307e-009,-1.92917,2.8,1.1,2500,4000,0,0,0.5,5
Geran2,40,0,5089.82,7327.46,4966.73,7224.24,0.566533,0.824039,-249.625,-320.723,-0.614207,-0.789145,416.667,9.57307e-009,-2.23218,2.8,1.1,2500,4000,0,0,0.5,5
Geran2,41,0,4875.01,7181.01,4779.78,7208.64,0.552619,0.833434,-243.164,-325.686,-0.598265,-0.801298,416.667,9.57307e-009,-2.21213,2.8,1.1,2500,4000,0,0,0.5,5
Kinzhal,42,2,7299.59,3094.01,7194.35,3155.01,0.915807,0.401618,210.061,-1146.74,0.180184,-0.983633,1250,0.857143,-1.38962,2.4,0.12,7500,2000,2,4,1,5
Geran2,43,0,2938.76,6915.25,2952.41,6816.77,0.397435,0.91763,-60.4873,-401.898,-0.148828,-0.988863,416.667,9.57307e-009,-1.72018,2.8,1.1,2500,4000,0,0,0.5,5
Kinzhal,44,2,6071.35,3901.2,6108.6,3998.21,0.83671,0.547646,700.208,-932.014,0.600657,-0.799507,1250,0.857143,-0.926473,2.4,0.12,7500,2000,2,4,1,5
Geran2,45,0,2960.24,7063.86,2885.83,7175.51,0.373132,0.927778,-60.3767,-401.933,-0.148549,-0.988905,416.667,9.57307e-009,-1.7199,2.8,1.1,2500,4000,0,0,0.5,5
Geran2,46,0,3629.63,6749.81,3730.57,6739.21,0.48431,0.874896,-154.408,-375.87,-0.379989,-0.924991,416.667,9.57307e-009,-1.96058,2.8,1.1,2500,4000,0,0,0.5,5
Kinzhal,47,2,7342.14,3416.01,7264.79,3568.64,0.897555,0.440902,129.173,-1158.66,0.110798,-0.993843,1250,0.857143,-1.45977,2.4,0.12,7500,2000,2,4,1,5
Kinzhal,48,2,5128.43,4238.61,5152,4153.05,0.778545,0.627589,727.954,-909.316,0.624957,-0.780659,1250,0.857143,-0.895719,2.4,0.12,7500,2000,2,4,1,5
Kinzhal,49,2,7163.28,4549.41,7326.56,4686.9,0.842381,0.538882,215.278,-1144.74,0.184818,-0.982773,1250,0.857143,-1.38491,2.4,0.12,7500,2000,2,4,1,5
Geran2,50,0,4357.65,6489.54,4335.77,6416.33,0.559894,0.828564,-242.937,-325.573,-0.598039,-0.801467,416.667,9.57307e-009,-2.21185,2.8,1.1,2500,4000,0,0,0.5,5
Kalibr,1,1,2586.75,6531.82,2632.82,6453.69,0.377732,0.925915,-42.1771,-814.059,-0.0517415,-0.998661,857.5,0.453429,-1.62256,1.2,0.45,2500,4000,0,1,0.75,5.1
Kalibr,2,1,4184.59,6209.05,4151.53,6278.96,0.551529,0.834156,-485.287,-655.172,-0.595208,-0.803572,857.5,0.453429,-2.20832,1.2,0.45,2500,4000,0,1,0.75,5.1
Geran2,3,0,5859.86,7723.24,6003.7,7644.98,0.617626,0.786472,307.037,-266.274,0.755476,-0.655176,416.667,9.57307e-009,-0.714416,2.8,1.1,9000,5000,1,1,0.5,5.1
Kinzhal,4,2,6303,3937.76,6196.84,3771.2,0.854247,0.519868,612.65,-991.793,0.525537,-0.85077,1250,0.857143,-1.01745,2.4,0.12,7500,2000,2,4,1,5.1
Kalibr,5,1,7265.02,5732.33,7254.1,5791.36,0.781495,0.623912,749.827,-321.72,0.918983,-0.394297,857.5,0.453429,-0.405303,1.2,0.45,9000,5000,1,2,0.75,5.1
Kalibr,7,1,6004.1,6052.21,6172.89,5911,0.722262,0.691619,765.405,-280.804,0.938814,-0.344423,857.5,0.453429,-0.351624,1.2,0.45,9000,5000,1,2,0.75,5.1
Kalibr,8,1,3894.44,5403.1,4017.15,5525.56,0.588034,0.808836,-574.414,-579.865,-0.70376,-0.710438,857.5,0.453429,-2.35147,1.2,0.45,2500,4000,0,1,0.75,5.1
Geran2,10,0,4585.82,6408.76,4596.15,6497.04,0.577522,0.816375,-266.044,-307.235,-0.654613,-0.755964,416.667,9.57307e-009,-2.28447,2.8,1.1,2500,4000,0,0,0.5,5.1
Geran2,11,0,6037.61,7275.4,5745.46,7287.51,0.619124,0.785293,322.203,-247.483,0.793058,-0.609146,416.667,9.57307e-009,-0.654983,2.8,1.1,9000,5000,1,1,0.5,5.1
Kinzhal,12,2,9318.06,5152.67,9335.47,5265.63,0.871,0.491283,341.5,-1113.55,0.293198,-0.956052,1250,0.857143,-1.27323,2.4,0.12,9000,5000,1,3,1,5.1
Kinzhal,13,2,9278.41,4551.53,9207.28,4691.13,0.891015,0.453974,948.284,-676.299,0.814158,-0.580643,1250,0.857143,-0.619518,2.4,0.12,9000,5000,1,3,1,5.1
Kalibr,14,1,6706.13,7025.26,6595.23,7095.66,0.680806,0.732464,613.253,-538.422,0.751467,-0.65977,857.5,0.453429,-0.720513,1.2,0.45,9000,5000,1,2,0.75,5.1
Kalibr,15,1,3589.82,5170.08,3760.38,5148.45,0.589817,0.807537,-556.092,-597.539,-0.681262,-0.732039,857.5,0.453429,-2.32028,1.2,0.45,2500,4000,0,1,0.75,5.1
Geran2,16,0,5647.99,6711.32,5595.07,6661.13,0.643173,0.765721,148.643,-378.134,0.365846,-0.930676,416.667,9.57307e-009,-1.19626,2.8,1.1,7500,2000,2,2,0.5,5.1
Kalibr,17,1,3422.97,5508.48,3390.66,5579.26,0.519342,0.854567,-424.301,-697.202,-0.519873,-0.854244,857.5,0.453429,-2.1175,1.2,0.45,2500,4000,0,1,0.75,5.1
Kinzhal,19,2,2738.58,4515.57,2788.81,4390.16,0.5362,0.844091,-489.581,-1057.98,-0.419963,-0.907541,1250,0.857143,-2.0042,2.4,0.12,2500,4000,0,2,1,5.1
Geran2,20,0,6450.21,7045.03,6591.09,7004.61,0.685283,0.728277,316.984,-254.234,0.780092,-0.625665,416.667,9.57307e-009,-0.675984,2.8,1.1,9000,5000,1,1,0.5,5.1
Kalibr,21,1,7313.29,5998.46,7283.72,6041.61,0.769683,0.638427,699.343,-420.217,0.857162,-0.515046,857.5,0.453429,-0.541062,1.2,0.45,9000,5000,1,2,0.75,5.1
Kinzhal,22,2,7215.13,2715.25,7265.6,2767.48,0.934504,0.355953,431.36,-1083.04,0.370019,-0.929024,1250,0.857143,-1.19177,2.4,0.12,7500,2000,2,4,1,5.1
Kinzhal,23,2,2148.72,3361.84,2298.56,3308.02,0.570617,0.821216,-928.57,-703.121,-0.797233,-0.603672,1250,0.857143,-2.49349,2.4,0.12,2500,4000,0,2,1,5.1
Geran2,24,0,6442.38,7557.4,6381.29,7499.23,0.648057,0.761592,75.989,-399.294,0.186953,-0.982369,416.667,9.57307e-009,-1.38274,2.8,1.1,7500,2000,2,2,0.5,5.1
Geran2,25,0,4241.72,7939.41,4185.04,7857.32,0.470105,0.882611,195.482,-356.338,0.480967,-0.876739,416.667,9.57307e-009,-1.06904,2.8,1.1,7500,2000,2,2,0.5,5.1
Kalibr,26,1,2868.97,4967.38,2811.92,4771.39,0.507719,0.861522,-294.103,-761.291,-0.360365,-0.932811,857.5,0.453429,-1.93946,1.2,0.45,2500,4000,0,1,0.75,5.1
Kalibr,27,1,5655.79,5027.75,5660.17,4949.75,0.752768,0.658286,424.381,-697.272,0.519906,-0.854223,857.5,0.453429,-1.02406,1.2,0.45,7500,2000,2,3,0.75,5.1
Kinzhal,28,2,8248.66,5686.65,8284.45,5739.78,0.821988,0.569504,860.543,-786.449,0.738171,-0.674614,1250,0.857143,-0.740441,2.4,0.12,9000,5000,1,3,1,5.1
Kinzhal,29,2,8930.93,6186.28,8888.12,6237.72,0.818538,0.574453,610.43,-991.966,0.524091,-0.851662,1250,0.857143,-1.01915,2.4,0.12,9000,5000,1,3,1,5.1
Kinzhal,30,2,8160.9,4692.28,8085.01,4681.71,0.865384,0.50111,1096.47,-392.916,0.941382,-0.337342,1250,0.857143,-0.344092,2.4,0.12,9000,5000,1,3,1,5.1
Kalibr,31,1,2717.56,5394.69,2963.93,5372.46,0.483054,0.875591,-138.5,-803.642,-0.169837,-0.985472,857.5,0.453429,-1.74146,1.2,0.45,2500,4000,0,1,0.75,5.1
Kinzhal,32,2,6354.03,4448.38,6497.81,4328.69,0.832238,0.554418,494.189,-1055.85,0.423914,-0.905702,1250,0.857143,-1.13303,2.4,0.12,7500,2000,2,4,1,5.1
Kinzhal,34,2,7610.87,3534.29,7672.15,3612.45,0.904727,0.425993,37.5799,-1164.13,0.0322646,-0.999479,1250,0.857143,-1.53853,2.4,0.12,7500,2000,2,4,1,5.1
Geran2,35,0,4845.85,6612.98,4772.03,6403.59,0.59754,0.801839,-271.457,-302.369,-0.668046,-0.74412,416.667,9.57307e-009,-2.30238,2.8,1.1,2500,4000,0,0,0.5,5.1
Kalibr,36,1,7116.86,4343.31,7072.47,4163.75,0.861749,0.507335,131.285,-805.634,0.160837,-0.986981,857.5,0.453429,-1.40926,1.2,0.45,7500,2000,2,3,0.75,5.1
Geran2,37,0,3579.81,6235.41,3763.73,6180.67,0.520107,0.854101,-176.699,-365.802,-0.43496,-0.90045,416.667,9.57307e-009,-2.02079,2.8,1.1,2500,4000,0,0,0.5,5.1
Kinzhal,38,2,6465.01,3176.7,6574.37,3275.91,0.895041,0.445985,767.82,-876.754,0.658826,-0.752296,1250,0.857143,-0.85154,2.4,0.12,7500,2000,2,4,1,5.1
Geran2,39,0,3552.66,6810.5,3454.48,6778.63,0.454053,0.890975,-142.526,-380.528,-0.350751,-0.936469,416.667,9.57307e-009,-1.92917,2.8,1.1,2500,4000,0,0,0.5,5.1
Geran2,40,0,5064.86,7295.38,5104.59,7403.62,0.567631,0.823283,-249.622,-320.719,-0.614207,-0.789145,416.667,9.57307e-009,-2.23218,2.8,1.1,2500,4000,0,0,0.5,5.1
Geran2,41,0,4850.69,7148.44,4950.71,7076.84,0.573223,0.819399,-243.159,-325.679,-0.598265,-0.801298,416.667,9.57307e-009,-2.21213,2.8,1.1,2500,4000,0,0,0.5,5.1
Kinzhal,42,2,7320.6,2979.34,7245.98,2808.83,0.932398,0.361434,210.052,-1146.68,0.180185,-0.983633,1250,0.857143,-1.38962,2.4,0.12,7500,2000,2,4,1,5.1
Geran2,43,0,2932.71,6875.06,2848.64,6929.05,0.380237,0.924889,-60.4863,-401.892,-0.148828,-0.988863,416.667,9.57307e-009,-1.72018,2.8,1.1,2500,4000,0,0,0.5,5.1
Kinzhal,44,2,6141.37,3808.01,6152.49,3861.52,0.846993,0.531604,700.199,-931.954,0.600677,-0.799492,1250,0.857143,-0.926449,2.4,0.12,7500,2000,2,4,1,5.1
Geran2,45,0,2954.2,7023.66,2861.03,7027.64,0.377062,0.926188,-60.3755,-401.925,-0.148549,-0.988905,416.667,9.57307e-009,-1.7199,2.8,1.1,2500,4000,0,0,0.5,5.1
Geran2,46,0,3614.19,6712.22,3574.58,6697.37,0.470859,0.882208,-154.408,-375.87,-0.379989,-0.924991,416.667,9.57307e-009,-1.96058,2.8,1.1,2500,4000,0,0,0.5,5.1
Kinzhal,47,2,7355.05,3300.15,7387,3350.54,0.9107,0.413069,129.165,-1158.59,0.110798,-0.993843,1250,0.857143,-1.45977,2.4,0.12,7500,2000,2,4,1,5.1
Kinzhal,48,2,5202.39,4148.64,5082.26,4163.53,0.773561,0.633722,739.63,-899.761,0.635017,-0.772498,1250,0.857143,-0.882766,2.4,0.12,7500,2000,2,4,1,5.1
Kinzhal,49,2,7183.32,4434.68,7083.55,4522.92,0.842841,0.538162,200.421,-1147.37,0.172073,-0.985084,1250,0.857143,-1.39786,2.4,0.12,7500,2000,2,4,1,5.1
Geran2,50,0,4333.36,6456.99,4502.75,6513.42,0.568652,0.822578,-242.943,-325.582,-0.598039,-0.801467,416.667,9.57307e-009,-2.21185,2.8,1.1,2500,4000,0,0,0.5,5.1
Kalibr,1,1,2582.7,6450.4,2316.59,6581.65,0.332011,0.943275,-40.4622,-814.21,-0.0496338,-0.998767,857.5,0.453429,-1.62045,1.2,0.45,2500,4000,0,1,0.75,5.2
Kalibr,2,1,4135.95,6143.61,3992.53,6322.68,0.533922,0.845534,-486.42,-654.393,-0.596561,-0.802568,857.5,0.453429,-2.21001,1.2,0.45,2500,4000,0,1,0.75,5.2
Geran2,3,0,5890.57,7696.61,5943.82,7653.91,0.613348,0.789813,307.033,-266.27,0.755476,-0.655176,416.667,9.57307e-009,-0.714416,2.8,1.1,9000,5000,1,1,0.5,5.2
Kinzhal,4,2,6364.26,3838.58,6300.63,3942.02,0.847749,0.530398,612.621,-991.745,0.525538,-0.85077,1250,0.857143,-1.01745,2.4,0.12,7500,2000,2,4,1,5.2
Kalibr,5,1,7340.03,5700.21,7441.53,5611.17,0.798451,0.60206,750.052,-321.186,0.919263,-0.393645,857.5,0.453429,-0.404593,1.2,0.45,9000,5000,1,2,0.75,5.2
Kalibr,7,1,6080.69,6024.25,6070.05,6187.71,0.700287,0.713861,765.922,-279.543,0.939389,-0.342854,857.5,0.453429,-0.349954,1.2,0.45,9000,5000,1,2,0.75,5.2
Kalibr,8,1,3836.99,5345.13,3679.49,5284.17,0.571436,0.820647,-574.508,-579.733,-0.703899,-0.7103,857.5,0.453429,-2.35167,1.2,0.45,2500,4000,0,1,0.75,5.2
Geran2,10,0,4559.21,6378.03,4580.7,6451.54,0.578931,0.815377,-266.04,-307.231,-0.654613,-0.755964,416.667,9.57307e-009,-2.28447,2.8,1.1,2500,4000,0,0,0.5,5.2
Geran2,11,0,6069.83,7250.65,5886.23,7401.28,0.622449,0.782661,322.207,-247.486,0.793058,-0.609146,416.667,9.57307e-009,-0.654983,2.8,1.1,9000,5000,1,1,0.5,5.2
Kinzhal,12,2,9350.76,5040.89,9401.95,5217.94,0.874369,0.485262,327.031,-1117.83,0.28079,-0.959769,1250,0.857143,-1.28618,2.4,0.12,9000,5000,1,3,1,5.2
Kinzhal,13,2,9374.11,4485.14,9495.06,4398.18,0.907382,0.420306,956.916,-663.925,0.821611,-0.570048,1250,0.857143,-0.606565,2.4,0.12,9000,5000,1,3,1,5.2
Kalibr,14,1,6767.44,6971.39,6847.16,7054.63,0.696476,0.71758,613.061,-538.616,0.751247,-0.660022,857.5,0.453429,-0.720847,1.2,0.45,9000,5000,1,2,0.75,5.2
Kalibr,15,1,3534.21,5110.34,3419.61,4975.66,0.566398,0.824132,-556.099,-597.488,-0.681299,-0.732006,857.5,0.453429,-2.32033,1.2,0.45,2500,4000,0,1,0.75,5.2
Geran2,16,0,5662.86,6673.51,5643.09,6885.67,0.633867,0.773442,148.645,-378.138,0.365846,-0.930676,416.667,9.57307e-009,-1.19626,2.8,1.1,7500,2000,2,2,0.5,5.2
Kalibr,17,1,3380.52,5438.77,3247.34,5441.52,0.512455,0.858714,-424.49,-697.06,-0.520119,-0.854094,857.5,0.453429,-2.11779,1.2,0.45,2500,4000,0,1,0.75,5.2
Kinzhal,19,2,2689.62,4409.78,2615.61,4515.73,0.501215,0.865323,-489.557,-1057.93,-0.419963,-0.907541,1250,0.857143,-2.0042,2.4,0.12,2500,4000,0,2,1,5.2
Geran2,20,0,6481.91,7019.61,6638.33,7184.92,0.678617,0.734493,316.984,-254.234,0.780092,-0.625665,416.667,9.57307e-009,-0.675984,2.8,1.1,9000,5000,1,1,0.5,5.2
Kalibr,21,1,7383.26,5956.49,7385.41,6019.12,0.775164,0.63176,699.676,-419.663,0.85757,-0.514367,857.5,0.453429,-0.540269,1.2,0.45,9000,5000,1,2,0.75,5.2
Kinzhal,22,2,7258.26,2606.95,6944.9,2447.13,0.943161,0.332336,431.339,-1082.98,0.370019,-0.929024,1250,0.857143,-1.19177,2.4,0.12,7500,2000,2,4,1,5.2
Kinzhal,23,2,2054.96,3292.74,1893.57,3359.15,0.491058,0.871127,-937.553,-691,-0.804986,-0.593294,1250,0.857143,-2.50645,2.4,0.12,2500,4000,0,2,1,5.2
Geran2,24,0,6449.98,7517.48,6468.42,7440.34,0.656096,0.754678,75.9872,-399.284,0.186953,-0.982369,416.667,9.57307e-009,-1.38274,2.8,1.1,7500,2000,2,2,0.5,5.2
Geran2,25,0,4261.27,7903.78,4314.94,7852.3,0.481591,0.876396,195.479,-356.332,0.480967,-0.876739,416.667,9.57307e-009,-1.06904,2.8,1.1,7500,2000,2,2,0.5,5.2
Kalibr,26,1,2839.6,4891.24,2794.58,5003.91,0.487591,0.873072,-293.703,-761.424,-0.359884,-0.932997,857.5,0.453429,-1.93894,1.2,0.45,2500,4000,0,1,0.75,5.2
Kalibr,27,1,5698.23,4958.03,5746.76,5129.02,0.746067,0.66587,424.393,-697.226,0.519942,-0.854202,857.5,0.453429,-1.02401,1.2,0.45,7500,2000,2,3,0.75,5.2
Kinzhal,28,2,8334.71,5608.01,8333.54,5487.94,0.835171,0.54999,860.501,-786.41,0.738171,-0.674613,1250,0.857143,-0.740441,2.4,0.12,9000,5000,1,3,1,5.2
Kinzhal,29,2,8990.68,6086.3,8994.4,6172.57,0.824516,0.565839,597.5,-999.74,0.513015,-0.85838,1250,0.857143,-1.0321,2.4,0.12,9000,5000,1,3,1,5.2
Kinzhal,30,2,8271.04,4654.42,8322.53,4682.23,0.871539,0.490325,1101.41,-378.661,0.945673,-0.325119,1250,0.857143,-0.331138,2.4,0.12,9000,5000,1,3,1,5.2
Kalibr,31,1,2703.86,5314.29,2684.69,5207.96,0.458199,0.888849,-136.964,-803.94,-0.167946,-0.985796,857.5,0.453429,-1.73954,1.2,0.45,2500,4000,0,1,0.75,5.2
Kinzhal,32,2,6403.45,4342.8,6161.17,4262.85,0.822353,0.568977,494.165,-1055.8,0.423914,-0.905702,1250,0.857143,-1.13303,2.4,0.12,7500,2000,2,4,1,5.2
Kinzhal,34,2,7613.12,3417.84,7499.68,3272.2,0.916557,0.399905,22.4962,-1164.47,0.0193153,-0.999813,1250,0.857143,-1.55148,2.4,0.12,7500,2000,2,4,1,5.2
Geran2,35,0,4818.7,6582.74,5027.57,6492.46,0.612261,0.790656,-271.457,-302.369,-0.668046,-0.74412,416.667,9.57307e-009,-2.30238,2.8,1.1,2500,4000,0,0,0.5,5.2
Kalibr,36,1,7130,4262.75,7121.13,4249.73,0.858711,0.512459,131.331,-805.594,0.1609,-0.986971,857.5,0.453429,-1.40919,1.2,0.45,7500,2000,2,3,0.75,5.2
Geran2,37,0,3562.14,6198.83,3629.46,6145.65,0.508515,0.861053,-176.703,-365.809,-0.43496,-0.90045,416.667,9.57307e-009,-2.02079,2.8,1.1,2500,4000,0,0,0.5,5.2
Kinzhal,38,2,6541.83,3089.06,6430.64,3111.5,0.900165,0.435549,768.26,-876.334,0.659218,-0.751952,1250,0.857143,-0.851019,2.4,0.12,7500,2000,2,4,1,5.2
Geran2,39,0,3538.41,6772.44,3707.13,6821.41,0.477498,0.878633,-142.526,-380.529,-0.350751,-0.936469,416.667,9.57307e-009,-1.92917,2.8,1.1,2500,4000,0,0,0.5,5.2
Geran2,40,0,5039.9,7263.31,4989.8,7330.11,0.562721,0.826647,-249.618,-320.714,-0.614207,-0.789145,416.667,9.57307e-009,-2.23218,2.8,1.1,2500,4000,0,0,0.5,5.2
Geran2,41,0,4826.38,7115.88,5057.57,7069.96,0.581817,0.81332,-243.154,-325.673,-0.598265,-0.801298,416.667,9.57307e-009,-2.21213,2.8,1.1,2500,4000,0,0,0.5,5.2
Kinzhal,42,2,7341.6,2864.68,7413.22,2855.09,0.933183,0.359402,210.043,-1146.62,0.180186,-0.983633,1250,0.857143,-1.38962,2.4,0.12,7500,2000,2,4,1,5.2
Geran2,43,0,2926.66,6834.88,2912.34,6645.74,0.401377,0.915913,-60.4854,-401.886,-0.148828,-0.988863,416.667,9.57307e-009,-1.72018,2.8,1.1,2500,4000,0,0,0.5,5.2
Kinzhal,44,2,6211.39,3714.82,6392.01,3700.53,0.865432,0.501026,700.188,-931.901,0.600693,-0.79948,1250,0.857143,-0.926429,2.4,0.12,7500,2000,2,4,1,5.2
Geran2,45,0,2948.17,6983.47,2926.5,6787.59,0.395922,0.918284,-60.3744,-401.917,-0.148549,-0.988905,416.667,9.57307e-009,-1.7199,2.8,1.1,2500,4000,0,0,0.5,5.2
Geran2,46,0,3598.75,6674.64,3451.27,6649.42,0.460677,0.887568,-154.408,-375.87,-0.379989,-0.924991,416.667,9.57307e-009,-1.96058,2.8,1.1,2500,4000,0,0,0.5,5.2
Kinzhal,47,2,7367.97,3184.3,7358.82,3187.74,0.917605,0.397494,129.159,-1158.54,0.110798,-0.993843,1250,0.857143,-1.45977,2.4,0.12,7500,2000,2,4,1,5.2
Kinzhal,48,2,5277.51,4059.63,5294.41,3954.92,0.801153,0.59846,751.185,-890.06,0.64497,-0.764208,1250,0.857143,-0.869813,2.4,0.12,7500,2000,2,4,1,5.2
Kinzhal,49,2,7202.15,4319.74,7245.77,4434.42,0.852944,0.522003,188.333,-1149.39,0.161698,-0.98684,1250,0.857143,-1.40838,2.4,0.12,7500,2000,2,4,1,5.2
Geran2,50,0,4309.06,6424.43,4221.2,6287.72,0.557384,0.830255,-242.949,-325.589,-0.598039,-0.801467,416.667,9.57307e-009,-2.21185,2.8,1.1,2500,4000,0,0,0.5,5.2
Kalibr,1,1,2578.81,6368.96,2547.5,6500.06,0.364897,0.931048,-38.9035,-814.345,-0.0477183,-0.998861,857.5,0.453429,-1.61853,1.2,0.45,2500,4000,0,1,0.75,5.3
Kalibr,2,1,4087.2,6078.24,4098.72,5961.38,0.566554,0.824025,-487.445,-653.686,-0.597785,-0.801656,857.5,0.453429,-2.21153,1.2,0.45,2500,4000,0,1,0.75,5.3
Geran2,3,0,5921.27,7669.99,5951.36,7650.35,0.61401,0.789298,307.029,-266.266,0.755476,-0.655176,416.667,9.57307e-009,-0.714416,2.8,1.1,9000,5000,1,1,0.5,5.3
Kinzhal,4,2,6425.52,3739.41,6540.1,3755.34,0.867205,0.497951,612.595,-991.702,0.525538,-0.85077,1250,0.857143,-1.01745,2.4,0.12,7500,2000,2,4,1,5.3
Kalibr,5,1,7415.05,5668.14,7571,5706.39,0.798573,0.601897,750.259,-320.695,0.919519,-0.393045,857.5,0.453429,-0.40394,1.2,0.45,9000,5000,1,2,0.75,5.3
Kalibr,7,1,6157.33,5996.41,6149.47,5935.25,0.719528,0.694464,766.388,-278.404,0.939905,-0.341437,857.5,0.453429,-0.348446,1.2,0.45,9000,5000,1,2,0.75,5.3
Kalibr,8,1,3779.53,5287.17,3780.94,5254.1,0.5841,0.811682,-574.594,-579.612,-0.704026,-0.710174,857.5,0.453429,-2.35185,1.2,0.45,2500,4000,0,1,0.75,5.3
Geran2,10,0,4532.61,6347.31,4451.31,6303.96,0.576809,0.816879,-266.037,-307.227,-0.654613,-0.755964,416.667,9.57307e-009,-2.28447,2.8,1.1,2500,4000,0,0,0.5,5.3
Geran2,11,0,6102.06,7225.9,6125.55,7257.87,0.644977,0.764202,322.211,-247.49,0.793058,-0.609146,416.667,9.57307e-009,-0.654983,2.8,1.1,9000,5000,1,1,0.5,5.3
Kinzhal,12,2,9382.01,4928.7,9302.19,4851.91,0.88664,0.46246,312.509,-1121.92,0.268333,-0.963326,1250,0.857143,-1.29913,2.4,0.12,9000,5000,1,3,1,5.3
Kinzhal,13,2,9470.64,4419.99,9457.07,4453.98,0.904686,0.426078,965.393,-651.444,0.828927,-0.559357,1250,0.857143,-0.59361,2.4,0.12,9000,5000,1,3,1,5.3
Kalibr,14,1,6828.73,6917.52,6827.73,6757.17,0.71077,0.703425,612.888,-538.792,0.751047,-0.660248,857.5,0.453429,-0.721149,1.2,0.45,9000,5000,1,2,0.75,5.3
Kalibr,15,1,3478.6,5050.59,3481.48,4920.89,0.577559,0.816349,-556.106,-597.44,-0.681332,-0.731974,857.5,0.453429,-2.32038,1.2,0.45,2500,4000,0,1,0.75,5.3
Geran2,16,0,5677.72,6635.7,5648.11,6625.05,0.648769,0.760985,148.646,-378.141,0.365846,-0.930676,416.667,9.57307e-009,-1.19626,2.8,1.1,7500,2000,2,2,0.5,5.3
Kalibr,17,1,3338.05,5369.08,3471.75,5537.14,0.531212,0.847239,-424.663,-696.929,-0.520345,-0.853956,857.5,0.453429,-2.11805,1.2,0.45,2500,4000,0,1,0.75,5.3
Kinzhal,19,2,2640.67,4303.99,2640.15,4170.91,0.534846,0.844949,-489.535,-1057.89,-0.419963,-0.907541,1250,0.857143,-2.0042,2.4,0.12,2500,4000,0,2,1,5.3
Geran2,20,0,6513.61,6994.19,6617.1,6996.05,0.687157,0.726509,316.984,-254.234,0.780092,-0.625665,416.667,9.57307e-009,-0.675984,2.8,1.1,9000,5000,1,1,0.5,5.3
Kalibr,21,1,7453.26,5914.58,7417.49,5977.93,0.778614,0.627503,699.982,-419.155,0.857944,-0.513743,857.5,0.453429,-0.539542,1.2,0.45,9000,5000,1,2,0.75,5.3
Kinzhal,22,2,7301.39,2498.65,7447.57,2608.13,0.9438,0.330518,431.319,-1082.93,0.370019,-0.929024,1250,0.857143,-1.19177,2.4,0.12,7500,2000,2,4,1,5.3
Kinzhal,23,2,1960.32,3224.87,1897.31,3196.99,0.510359,0.859961,-946.382,-678.766,-0.812604,-0.582817,1250,0.857143,-2.5194,2.4,0.12,2500,4000,0,2,1,5.3
Geran2,24,0,6457.58,7477.55,6578.64,7477.76,0.660527,0.750803,75.9856,-399.276,0.186953,-0.982369,416.667,9.57307e-009,-1.38274,2.8,1.1,7500,2000,2,2,0.5,5.3
Geran2,25,0,4280.82,7868.15,4318.13,7923.35,0.478536,0.878068,195.475,-356.326,0.480967,-0.876739,416.667,9.57307e-009,-1.06904,2.8,1.1,7500,2000,2,2,0.5,5.3
Kalibr,26,1,2810.26,4815.08,2865.4,4813.29,0.51153,0.859266,-293.321,-761.551,-0.359424,-0.933174,857.5,0.453429,-1.93845,1.2,0.45,2500,4000,0,1,0.75,5.3
Kalibr,27,1,5740.67,4888.31,5788.27,4910.31,0.762571,0.646905,424.403,-697.185,0.519974,-0.854182,857.5,0.453429,-1.02398,1.2,0.45,7500,2000,2,3,0.75,5.3
Kinzhal,28,2,8420.76,5529.37,8427.74,5653.96,0.830434,0.557117,860.463,-786.375,0.738171,-0.674613,1250,0.857143,-0.740441,2.4,0.12,9000,5000,1,3,1,5.3
Kinzhal,29,2,9049.13,5985.57,8999.57,6063.08,0.829345,0.558737,584.473,-1007.35,0.501853,-0.864953,1250,0.857143,-1.04506,2.4,0.12,9000,5000,1,3,1,5.3
Kinzhal,30,2,8381.66,4617.98,8396.76,4666.51,0.874085,0.485774,1106.17,-364.345,0.949805,-0.312842,1250,0.857143,-0.318184,2.4,0.12,9000,5000,1,3,1,5.3
Kalibr,31,1,2690.31,5233.87,2760.38,5085.35,0.47706,0.878871,-135.53,-804.214,-0.166181,-0.986095,857.5,0.453429,-1.73775,1.2,0.45,2500,4000,0,1,0.75,5.3
Kinzhal,32,2,6452.87,4237.23,6496.28,4276.04,0.835289,0.549811,494.143,-1055.75,0.423914,-0.905702,1250,0.857143,-1.13303,2.4,0.12,7500,2000,2,4,1,5.3
Kinzhal,34,2,7613.86,3301.38,7677.96,3268.2,0.920112,0.391655,7.40941,-1164.61,0.00636203,-0.99998,1250,0.857143,-1.56443,2.4,0.12,7500,2000,2,4,1,5.3
Geran2,35,0,4791.56,6552.5,4787.64,6629.13,0.585485,0.810683,-271.457,-302.369,-0.668046,-0.74412,416.667,9.57307e-009,-2.30238,2.8,1.1,2500,4000,0,0,0.5,5.3
Kalibr,36,1,7143.14,4182.2,7030.17,4300.36,0.853058,0.521817,131.373,-805.557,0.160958,-0.986961,857.5,0.453429,-1.40914,1.2,0.45,7500,2000,2,3,0.75,5.3
Geran2,37,0,3544.47,6162.25,3566.01,6149.22,0.501662,0.865064,-176.707,-365.817,-0.43496,-0.90045,416.667,9.57307e-009,-2.02079,2.8,1.1,2500,4000,0,0,0.5,5.3
Kinzhal,38,2,6618.7,3001.46,6523.7,2708.34,0.923572,0.383425,768.618,-875.988,0.659539,-0.751671,1250,0.857143,-0.850591,2.4,0.12,7500,2000,2,4,1,5.3
Geran2,39,0,3524.16,6734.39,3498.51,6658.22,0.465141,0.885237,-142.526,-380.529,-0.350751,-0.936469,416.667,9.57307e-009,-1.92917,2.8,1.1,2500,4000,0,0,0.5,5.3
Geran2,40,0,5014.94,7231.24,5046.4,7239.89,0.571824,0.820376,-249.615,-320.71,-0.614207,-0.789145,416.667,9.57307e-009,-2.23218,2.8,1.1,2500,4000,0,0,0.5,5.3
Geran2,41,0,4802.06,7083.31,4763.11,7176.02,0.553019,0.833169,-243.15,-325.667,-0.598265,-0.801298,416.667,9.57307e-009,-2.21213,2.8,1.1,2500,4000,0,0,0.5,5.3
Kinzhal,42,2,7362.6,2750.02,7354.15,2732,0.937406,0.348238,210.035,-1146.57,0.180187,-0.983632,1250,0.857143,-1.38962,2.4,0.12,7500,2000,2,4,1,5.3
Geran2,43,0,2920.61,6794.69,2945.46,6694.5,0.402725,0.915321,-60.4846,-401.88,-0.148828,-0.988863,416.667,9.57307e-009,-1.72018,2.8,1.1,2500,4000,0,0,0.5,5.3
Kinzhal,44,2,6281.41,3621.63,6271.04,3618.91,0.866125,0.499827,700.176,-931.855,0.600705,-0.79947,1250,0.857143,-0.926413,2.4,0.12,7500,2000,2,4,1,5.3
Geran2,45,0,2942.13,6943.28,2966.11,7000.69,0.390117,0.920765,-60.3735,-401.911,-0.148549,-0.988905,416.667,9.57307e-009,-1.7199,2.8,1.1,2500,4000,0,0,0.5,5.3
Geran2,46,0,3583.31,6637.05,3584.04,6674.44,0.473087,0.881016,-154.408,-375.87,-0.379988,-0.924991,416.667,9.57307e-009,-1.96058,2.8,1.1,2500,4000,0,0,0.5,5.3
Kinzhal,47,2,7380.89,3068.45,7431.46,3060.74,0.924646,0.380828,129.153,-1158.49,0.110798,-0.993843,1250,0.857143,-1.45977,2.4,0.12,7500,2000,2,4,1,5.3
Kinzhal,48,2,5353.77,3971.61,5236.55,3888.86,0.802828,0.59621,762.617,-880.214,0.654815,-0.755789,1250,0.857143,-0.856858,2.4,0.12,7500,2000,2,4,1,5.3
Kinzhal,49,2,7220.02,4204.64,7325.89,4302.41,0.862291,0.506414,178.694,-1150.93,0.153423,-0.988161,1250,0.857143,-1.41676,2.4,0.12,7500,2000,2,4,1,5.3
Geran2,50,0,4284.77,6391.87,4274.46,6373.75,0.556979,0.830526,-242.954,-325.596,-0.598039,-0.801467,416.667,9.57307e-009,-2.21185,2.8,1.1,2500,4000,0,0,0.5,5.3
Kalibr,1,1,2575.06,6287.51,2562.11,6375.88,0.372865,0.927886,-37.4851,-814.465,-0.0459755,-0.998943,857.5,0.453429,-1.61679,1.2,0.45,2500,4000,0,1,0.75,5.4
Kalibr,2,1,4038.36,6012.94,4027.66,5983.55,0.558402,0.82957,-488.374,-653.043,-0.598894,-0.800828,857.5,0.453429,-2.21292,1.2,0.45,2500,4000,0,1,0.75,5.4
Geran2,3,0,5951.97,7643.36,5896.35,7782.34,0.6039,0.79706,307.025,-266.263,0.755476,-0.655176,416.667,9.57307e-009,-0.714416,2.8,1.1,9000,5000,1,1,0.5,5.4
Kinzhal,4,2,6486.78,3640.25,6350.9,3653.53,0.866802,0.498652,612.571,-991.662,0.525539,-0.85077,1250,0.857143,-1.01745,2.4,0.12,7500,2000,2,4,1,5.4
Kalibr,5,1,7490.1,5636.12,7487.46,5714.19,0.794947,0.606678,750.449,-320.242,0.919756,-0.392491,857.5,0.453429,-0.403339,1.2,0.45,9000,5000,1,2,0.75,5.4
Kalibr,7,1,6234.01,5968.68,6083.32,5856.29,0.720422,0.693536,766.808,-277.375,0.940369,-0.340156,857.5,0.453429,-0.347083,1.2,0.45,9000,5000,1,2,0.75,5.4
Kalibr,8,1,3722.06,5229.22,3612.61,5200.7,0.570504,0.821295,-574.674,-579.501,-0.704143,-0.710058,857.5,0.453429,-2.35201,1.2,0.45,2500,4000,0,1,0.75,5.4
Geran2,10,0,4506,6316.59,4552.76,6347.74,0.582819,0.812602,-266.034,-307.223,-0.654613,-0.755965,416.667,9.57307e-009,-2.28447,2.8,1.1,2500,4000,0,0,0.5,5.4
Geran2,11,0,6134.28,7201.16,6144.56,7122.84,0.653195,0.75719,322.215,-247.493,0.793058,-0.609146,416.667,9.57307e-009,-0.654983,2.8,1.1,9000,5000,1,1,0.5,5.4
Kinzhal,12,2,9411.81,4816.12,9305.58,4778.2,0.88958,0.456779,297.936,-1125.83,0.255831,-0.966721,1250,0.857143,-1.31209,2.4,0.12,9000,5000,1,3,1,5.4
Kinzhal,13,2,9568.02,4356.11,9805.2,4291.11,0.916111,0.400924,973.711,-638.857,0.836103,-0.548572,1250,0.857143,-0.580655,2.4,0.12,9000,5000,1,3,1,5.4
Kalibr,14,1,6890,6863.62,6975.88,6920.7,0.709909,0.704293,612.731,-538.95,0.750867,-0.660453,857.5,0.453429,-0.721422,1.2,0.45,9000,5000,1,2,0.75,5.4
Kalibr,15,1,3422.99,4990.85,3492.14,4983.17,0.573895,0.818929,-556.113,-597.397,-0.681364,-0.731945,857.5,0.453429,-2.32042,1.2,0.45,2500,4000,0,1,0.75,5.4
Geran2,16,0,5692.59,6597.88,5815.9,6742.82,0.653141,0.757236,148.647,-378.144,0.365846,-0.930676,416.667,9.57307e-009,-1.19625,2.8,1.1,7500,2000,2,2,0.5,5.4
Kalibr,17,1,3295.57,5299.4,3362.56,5437.94,0.525926,0.85053,-424.824,-696.808,-0.520555,-0.853828,857.5,0.453429,-2.1183,1.2,0.45,2500,4000,0,1,0.75,5.4
Kinzhal,19,2,2591.72,4198.21,2538.18,4096.42,0.5267,0.850051,-489.515,-1057.84,-0.419963,-0.907541,1250,0.857143,-2.0042,2.4,0.12,2500,4000,0,2,1,5.4
Geran2,20,0,6545.31,6968.76,6610,7010.39,0.686024,0.727579,316.985,-254.235,0.780092,-0.625665,416.667,9.57307e-009,-0.675984,2.8,1.1,9000,5000,1,1,0.5,5.4
Kalibr,21,1,7523.29,5872.71,7567.79,5885.02,0.789405,0.613873,700.263,-418.687,0.858287,-0.51317,857.5,0.453429,-0.538874,1.2,0.45,9000,5000,1,2,0.75,5.4
Kinzhal,22,2,7344.52,2390.36,7368.86,2437.94,0.94939,0.3141,431.302,-1082.89,0.370019,-0.929024,1250,0.857143,-1.19177,2.4,0.12,7500,2000,2,4,1,5.4
Kinzhal,23,2,1864.82,3158.22,1873.83,3189.27,0.506576,0.862195,-955.056,-666.421,-0.820086,-0.572241,1250,0.857143,-2.53236,2.4,0.12,2500,4000,0,2,1,5.4
Geran2,24,0,6465.17,7437.62,6495.25,7374.8,0.660939,0.750439,75.9841,-399.268,0.186953,-0.982369,416.667,9.57307e-009,-1.38274,2.8,1.1,7500,2000,2,2,0.5,5.4
Geran2,25,0,4300.36,7832.52,4234,7852.02,0.47462,0.880191,195.472,-356.32,0.480967,-0.876739,416.667,9.57307e-009,-1.06904,2.8,1.1,7500,2000,2,2,0.5,5.4
Kalibr,26,1,2780.97,4738.91,2906.07,4882.14,0.511488,0.859291,-292.954,-761.674,-0.358982,-0.933344,857.5,0.453429,-1.93797,1.2,0.45,2500,4000,0,1,0.75,5.4
Kalibr,27,1,5783.11,4818.59,5752.31,4691.78,0.774924,0.632054,424.413,-697.148,0.520002,-0.854165,857.5,0.453429,-1.02394,1.2,0.45,7500,2000,2,3,0.75,5.4
Kinzhal,28,2,8506.8,5450.73,8573.69,5555.01,0.839243,0.543756,860.428,-786.343,0.738171,-0.674613,1250,0.857143,-0.740441,2.4,0.12,9000,5000,1,3,1,5.4
Kinzhal,29,2,9106.26,5884.09,9213.31,6017.74,0.837234,0.546845,571.35,-1014.8,0.490605,-0.871382,1250,0.857143,-1.05801,2.4,0.12,9000,5000,1,3,1,5.4
Kinzhal,30,2,8492.74,4582.98,8529.96,4606.45,0.879894,0.475171,1110.75,-349.97,0.953778,-0.300511,1250,0.857143,-0.305229,2.4,0.12,9000,5000,1,3,1,5.4
Kalibr,31,1,2676.89,5153.42,2781.86,5342.25,0.461862,0.886952,-134.185,-804.469,-0.164527,-0.986373,857.5,0.453429,-1.73607,1.2,0.45,2500,4000,0,1,0.75,5.4
Kinzhal,32,2,6502.28,4131.66,6693.75,4001.62,0.85832,0.513115,494.123,-1055.71,0.423914,-0.905702,1250,0.857143,-1.13303,2.4,0.12,7500,2000,2,4,1,5.4
Kinzhal,34,2,7613.09,3184.93,7365.54,3190.19,0.917626,0.397445,-7.67793,-1164.56,-0.00659286,-0.999978,1250,0.857143,-1.57739,2.4,0.12,7500,2000,2,4,1,5.4
Geran2,35,0,4764.41,6522.27,4738.6,6487.94,0.589806,0.807545,-271.457,-302.369,-0.668046,-0.74412,416.667,9.57307e-009,-2.30238,2.8,1.1,2500,4000,0,0,0.5,5.4
Kalibr,36,1,7156.28,4101.65,7000.6,4217.93,0.856543,0.516076,131.412,-805.524,0.16101,-0.986953,857.5,0.453429,-1.40908,1.2,0.45,7500,2000,2,3,0.75,5.4
Geran2,37,0,3526.8,6125.67,3599.67,6157.66,0.504676,0.863309,-176.71,-365.823,-0.43496,-0.90045,416.667,9.57307e-009,-2.02079,2.8,1.1,2500,4000,0,0,0.5,5.4
Kinzhal,38,2,6695.59,2913.89,6636.24,2943.35,0.914122,0.405438,768.912,-875.7,0.659803,-0.751438,1250,0.857143,-0.850239,2.4,0.12,7500,2000,2,4,1,5.4
Geran2,39,0,3509.9,6696.34,3582.42,6615.75,0.476169,0.879354,-142.526,-380.529,-0.350751,-0.936469,416.667,9.57307e-009,-1.92917,2.8,1.1,2500,4000,0,0,0.5,5.4
Geran2,40,0,4989.98,7199.17,4990.58,7161.3,0.571744,0.820432,-249.612,-320.707,-0.614207,-0.789145,416.667,9.57307e-009,-2.23218,2.8,1.1,2500,4000,0,0,0.5,5.4
Geran2,41,0,4777.75,7050.74,4743.15,6878.18,0.567699,0.823236,-243.146,-325.662,-0.598265,-0.801298,416.667,9.57307e-009,-2.21213,2.8,1.1,2500,4000,0,0,0.5,5.4
Kinzhal,42,2,7383.61,2635.37,7298.29,2806.5,0.933368,0.35892,210.028,-1146.53,0.180188,-0.983632,1250,0.857143,-1.38962,2.4,0.12,7500,2000,2,4,1,5.4
Geran2,43,0,2914.56,6754.5,3036.7,6807.73,0.407375,0.913261,-60.4839,-401.875,-0.148828,-0.988863,416.667,9.57307e-009,-1.72018,2.8,1.1,2500,4000,0,0,0.5,5.4
Kinzhal,44,2,6351.42,3528.45,6270.12,3624.68,0.865749,0.500479,700.164,-931.814,0.600716,-0.799463,1250,0.857143,-0.9264,2.4,0.12,7500,2000,2,4,1,5.4
Geran2,45,0,2936.09,6903.09,2799.74,6762.04,0.382545,0.923937,-60.3725,-401.905,-0.148549,-0.988905,416.667,9.57307e-009,-1.7199,2.8,1.1,2500,4000,0,0,0.5,5.4
Geran2,46,0,3567.86,6599.46,3634.34,6651.89,0.479465,0.877561,-154.408,-375.869,-0.379988,-0.924991,416.667,9.57307e-009,-1.96058,2.8,1.1,2500,4000,0,0,0.5,5.4
Kinzhal,47,2,7393.8,2952.61,7172.06,2968.61,0.923978,0.382447,129.148,-1158.44,0.110798,-0.993843,1250,0.857143,-1.45977,2.4,0.12,7500,2000,2,4,1,5.4
Kinzhal,48,2,5431.17,3884.59,5311.26,3942.88,0.802934,0.596068,773.924,-870.225,0.664551,-0.747243,1250,0.857143,-0.843903,2.4,0.12,7500,2000,2,4,1,5.4
Kinzhal,49,2,7237.12,4089.43,7220.17,4090.28,0.870082,0.492907,170.993,-1152.11,0.146809,-0.989165,1250,0.857143,-1.42345,2.4,0.12,7500,2000,2,4,1,5.4
Geran2,50,0,4260.47,6359.31,4255.67,6306.94,0.559336,0.828941,-242.959,-325.603,-0.598039,-0.801467,416.667,9.57307e-009,-2.21185,2.8,1.1,2500,4000,0,0,0.5,5.4
Kalibr,1,1,2571.44,6206.06,2562.23,6409.09,0.371215,0.928547,-36.1929,-814.572,-0.044388,-0.999014,857.5,0.453429,-1.6152,1.2,0.45,2500,4000,0,1,0.75,5.5
Kalibr,2,1,3989.44,5947.69,3804.62,6103,0.529023,0.848608,-489.217,-652.459,-0.5999,-0.800075,857.5,0.453429,-2.21417,1.2,0.45,2500,4000,0,1,0.75,5.5
Geran2,3,0,5982.67,7616.73,5804.42,7577.41,0.608106,0.793856,307.022,-266.26,0.755476,-0.655176,416.667,9.57307e-009,-0.714416,2.8,1.1,9000,5000,1,1,0.5,5.5
Kinzhal,4,2,6548.04,3541.09,6780.84,3529.64,0.887024,0.461724,612.55,-991.627,0.525539,-0.850769,1250,0.857143,-1.01745,2.4,0.12,7500,2000,2,4,1,5.5
Kalibr,5,1,7565.16,5604.14,7561.93,5405.27,0.813536,0.581515,750.624,-319.825,0.919973,-0.391981,857.5,0.453429,-0.402784,1.2,0.45,9000,5000,1,2,0.75,5.5
Kalibr,7,1,6310.73,5941.03,6222.85,6030.49,0.718119,0.69592,767.186,-276.444,0.940787,-0.338998,857.5,0.453429,-0.345852,1.2,0.45,9000,5000,1,2,0.75,5.5
Kalibr,8,1,3664.59,5171.28,3638.59,5151.03,0.576955,0.816776,-574.747,-579.398,-0.704251,-0.709951,857.5,0.453429,-2.35216,1.2,0.45,2500,4000,0,1,0.75,5.5
Geran2,10,0,4479.4,6285.87,4546.77,6341.73,0.582676,0.812705,-266.031,-307.22,-0.654613,-0.755964,416.667,9.57307e-009,-2.28447,2.8,1.1,2500,4000,0,0,0.5,5.5
Geran2,11,0,6166.5,7176.41,6198,7121.77,0.65649,0.754335,322.219,-247.495,0.793058,-0.609146,416.667,9.57307e-009,-0.654983,2.8,1.1,9000,5000,1,1,0.5,5.5
Kinzhal,12,2,9440.14,4703.16,9541.75,4777.98,0.894161,0.447746,283.315,-1129.55,0.243286,-0.969955,1250,0.857143,-1.32504,2.4,0.12,9000,5000,1,3,1,5.5
Kinzhal,13,2,9666.2,4293.49,9573.75,4018.6,0.922064,0.387038,981.868,-626.165,0.84314,-0.537694,1250,0.857143,-0.5677,2.4,0.12,9000,5000,1,3,1,5.5
Kalibr,14,1,6951.26,6809.71,6930.31,6777.12,0.714965,0.699161,612.588,-539.094,0.750704,-0.660639,857.5,0.453429,-0.72167,1.2,0.45,9000,5000,1,2,0.75,5.5
Kalibr,15,1,3367.38,4931.12,3401.86,4782.48,0.579636,0.814876,-556.12,-597.356,-0.681393,-0.731918,857.5,0.453429,-2.32046,1.2,0.45,2500,4000,0,1,0.75,5.5
Geran2,16,0,5707.45,6560.07,5623.49,6614.03,0.647753,0.761851,148.648,-378.147,0.365846,-0.930675,416.667,9.57307e-009,-1.19625,2.8,1.1,7500,2000,2,2,0.5,5.5
Kalibr,17,1,3253.08,5229.73,3355.1,5304.64,0.53454,0.845143,-424.973,-696.696,-0.520749,-0.85371,857.5,0.453429,-2.11852,1.2,0.45,2500,4000,0,1,0.75,5.5
Kinzhal,19,2,2542.77,4092.43,2519.51,4274.75,0.507762,0.861498,-489.497,-1057.81,-0.419962,-0.907542,1250,0.857143,-2.0042,2.4,0.12,2500,4000,0,2,1,5.5
Geran2,20,0,6577.01,6943.34,6585.93,6923.35,0.689231,0.724542,316.985,-254.235,0.780092,-0.625665,416.667,9.57307e-009,-0.675984,2.8,1.1,9000,5000,1,1,0.5,5.5
Kalibr,21,1,7593.34,5830.88,7651.69,5754.52,0.79921,0.601052,700.521,-418.256,0.858603,-0.512641,857.5,0.453429,-0.538258,1.2,0.45,9000,5000,1,2,0.75,5.5
Kinzhal,22,2,7387.65,2282.08,7365.93,2328.59,0.953489,0.301427,431.286,-1082.85,0.370019,-0.929024,1250,0.857143,-1.19177,2.4,0.12,7500,2000,2,4,1,5.5
Kinzhal,23,2,1768.46,3092.83,1728.99,3107.66,0.486182,0.873858,-963.574,-653.968,-0.82743,-0.561568,1250,0.857143,-2.54531,2.4,0.12,2500,4000,0,2,1,5.5
Geran2,24,0,6472.77,7397.69,6658.88,7389.8,0.669412,0.742891,75.9827,-399.261,0.186953,-0.982369,416.667,9.57307e-009,-1.38274,2.8,1.1,7500,2000,2,2,0.5,5.5
Geran2,25,0,4319.91,7796.88,4153.88,8018.38,0.459985,0.887927,195.469,-356.315,0.480967,-0.876739,416.667,9.57307e-009,-1.06904,2.8,1.1,7500,2000,2,2,0.5,5.5
Kalibr,26,1,2751.71,4662.73,2774.46,4571.86,0.518799,0.854896,-292.599,-761.794,-0.358553,-0.933509,857.5,0.453429,-1.93751,1.2,0.45,2500,4000,0,1,0.75,5.5
Kalibr,27,1,5825.56,4748.88,5846.08,4724.83,0.777746,0.628578,424.421,-697.114,0.520028,-0.854149,857.5,0.453429,-1.02391,1.2,0.45,7500,2000,2,3,0.75,5.5
Kinzhal,28,2,8592.84,5372.1,8690.52,5313.54,0.853165,0.521641,860.396,-786.314,0.738172,-0.674613,1250,0.857143,-0.74044,2.4,0.12,9000,5000,1,3,1,5.5
Kinzhal,29,2,9162.08,5781.88,9121.62,5895.44,0.839855,0.542811,558.134,-1022.07,0.479275,-0.877665,1250,0.857143,-1.07097,2.4,0.12,9000,5000,1,3,1,5.5
Kinzhal,30,2,8604.25,4549.43,8608.37,4347.39,0.892628,0.450794,1115.15,-335.538,0.957591,-0.28813,1250,0.857143,-0.292273,2.4,0.12,9000,5000,1,3,1,5.5
Kalibr,31,1,2663.6,5072.95,2678.46,4965.84,0.474724,0.880135,-132.919,-804.706,-0.162969,-0.986631,857.5,0.453429,-1.7345,1.2,0.45,2500,4000,0,1,0.75,5.5
Kinzhal,32,2,6551.69,4026.09,6556.97,4205.12,0.841766,0.539842,494.105,-1055.67,0.423914,-0.905702,1250,0.857143,-1.13303,2.4,0.12,7500,2000,2,4,1,5.5
Kinzhal,34,2,7610.81,3068.5,7659.6,2940.41,0.933573,0.358386,-22.7634,-1164.32,-0.0195472,-0.999809,1250,0.857143,-1.59034,2.4,0.12,7500,2000,2,4,1,5.5
Geran2,35,0,4737.27,6492.03,4718.51,6624.45,0.58016,0.814503,-271.457,-302.369,-0.668046,-0.74412,416.667,9.57307e-009,-2.30238,2.8,1.1,2500,4000,0,0,0.5,5.5
Kalibr,36,1,7169.42,4021.1,7137.07,4113.7,0.866387,0.499373,131.447,-805.493,0.161057,-0.986945,857.5,0.453429,-1.40903,1.2,0.45,7500,2000,2,3,0.75,5.5
Geran2,37,0,3509.13,6089.08,3493.48,6063.59,0.499214,0.866479,-176.713,-365.829,-0.43496,-0.90045,416.667,9.57307e-009,-2.02079,2.8,1.1,2500,4000,0,0,0.5,5.5
Kinzhal,38,2,6772.5,2826.35,6727.85,2883.92,0.919117,0.393984,769.156,-875.46,0.660024,-0.751245,1250,0.857143,-0.849946,2.4,0.12,7500,2000,2,4,1,5.5
Geran2,39,0,3495.65,6658.28,3507.05,6773.25,0.4598,0.888023,-142.526,-380.529,-0.350751,-0.936469,416.667,9.57307e-009,-1.92917,2.8,1.1,2500,4000,0,0,0.5,5.5
Geran2,40,0,4965.02,7167.1,4896.02,7058.25,0.569961,0.821672,-249.609,-320.703,-0.614207,-0.789145,416.667,9.57307e-009,-2.23218,2.8,1.1,2500,4000,0,0,0.5,5.5
Geran2,41,0,4753.43,7018.18,4770.63,7008.53,0.562699,0.826662,-243.142,-325.657,-0.598265,-0.801298,416.667,9.57307e-009,-2.21213,2.8,1.1,2500,4000,0,0,0.5,5.5
Kinzhal,42,2,7404.61,2520.72,7299.28,2604.48,0.94184,0.336061,210.022,-1146.48,0.180189,-0.983632,1250,0.857143,-1.38962,2.4,0.12,7500,2000,2,4,1,5.5
Geran2,43,0,2908.51,6714.31,2822.01,6622.65,0.392009,0.919961,-60.4832,-401.871,-0.148828,-0.988863,416.667,9.57307e-009,-1.72018,2.8,1.1,2500,4000,0,0,0.5,5.5
Kinzhal,44,2,6421.44,3435.27,6392.94,3313.75,0.887818,0.460195,700.151,-931.777,0.600724,-0.799457,1250,0.857143,-0.92639,2.4,0.12,7500,2000,2,4,1,5.5
Geran2,45,0,2930.05,6862.9,2738.76,6796.64,0.373755,0.927528,-60.3717,-401.899,-0.148549,-0.988905,416.667,9.57307e-009,-1.7199,2.8,1.1,2500,4000,0,0,0.5,5.5
Geran2,46,0,3552.42,6561.88,3629.18,6703.99,0.476065,0.87941,-154.408,-375.869,-0.379988,-0.924991,416.667,9.57307e-009,-1.96058,2.8,1.1,2500,4000,0,0,0.5,5.5
Kinzhal,47,2,7406.71,2836.77,7503.59,2766.49,0.938261,0.345927,129.143,-1158.4,0.110798,-0.993843,1250,0.857143,-1.45977,2.4,0.12,7500,2000,2,4,1,5.5
Kinzhal,48,2,5509.68,3798.58,5599.17,3873.9,0.82236,0.568967,785.104,-860.093,0.674176,-0.738571,1250,0.857143,-0.830948,2.4,0.12,7500,2000,2,4,1,5.5
Kinzhal,49,2,7253.61,3974.13,7413.45,4037.36,0.878211,0.478273,164.823,-1153.03,0.141509,-0.989937,1250,0.857143,-1.42881,2.4,0.12,7500,2000,2,4,1,5.5
Geran2,50,0,4236.17,6326.75,4168.73,6236.24,0.555737,0.831358,-242.963,-325.609,-0.598039,-0.801467,416.667,9.57307e-009,-2.21185,2.8,1.1,2500,4000,0,0,0.5,5.5
Kalibr,1,1,2567.94,6124.59,2732.57,6198.54,0.403383,0.915031,-35.0142,-814.669,-0.04294,-0.999078,857.5,0.453429,-1.61375,1.2,0.45,2500,4000,0,1,0.75,5.6
Kalibr,2,1,3940.44,5882.5,4107.19,5886.4,0.572219,0.820101,-489.983,-651.927,-0.600814,-0.799389,857.5,0.453429,-2.21532,1.2,0.45,2500,4000,0,1,0.75,5.6
Geran2,3,0,6013.38,7590.11,6013.47,7769.33,0.612078,0.790797,307.019,-266.258,0.755476,-0.655176,416.667,9.57307e-009,-0.714416,2.8,1.1,9000,5000,1,1,0.5,5.6
Kinzhal,4,2,6609.29,3441.93,6627.81,3464.66,0.886219,0.463267,612.53,-991.594,0.525539,-0.850769,1250,0.857143,-1.01745,2.4,0.12,7500,2000,2,4,1,5.6
Kalibr,5,1,7640.24,5572.19,7642.26,5549.87,0.809146,0.587608,750.787,-319.438,0.920175,-0.391508,857.5,0.453429,-0.40227,1.2,0.45,9000,5000,1,2,0.75,5.6
Kalibr,7,1,6387.48,5913.47,6446.56,5737.86,0.746973,0.664854,767.528,-275.601,0.941164,-0.33795,857.5,0.453429,-0.344737,1.2,0.45,9000,5000,1,2,0.75,5.6
Kalibr,8,1,3607.1,5113.35,3820.69,5126.07,0.597609,0.801788,-574.815,-579.304,-0.704351,-0.709852,857.5,0.453429,-2.3523,1.2,0.45,2500,4000,0,1,0.75,5.6
Geran2,10,0,4452.8,6255.15,4242.55,6233.15,0.562673,0.826679,-266.028,-307.217,-0.654613,-0.755964,416.667,9.57307e-009,-2.28447,2.8,1.1,2500,4000,0,0,0.5,5.6
Geran2,11,0,6198.72,7151.66,6105.98,7193.36,0.647133,0.762377,322.222,-247.498,0.793058,-0.609146,416.667,9.57307e-009,-0.654983,2.8,1.1,9000,5000,1,1,0.5,5.6
Kinzhal,12,2,9467.01,4589.85,9498.53,4536.25,0.902375,0.430951,268.648,-1133.09,0.230699,-0.973025,1250,0.857143,-1.338,2.4,0.12,9000,5000,1,3,1,5.6
Kinzhal,13,2,9765.19,4232.15,9584.43,4171.68,0.916911,0.399091,989.865,-613.371,0.850035,-0.526725,1250,0.857143,-0.554744,2.4,0.12,9000,5000,1,3,1,5.6
Kalibr,14,1,7012.5,6755.79,6943.86,6781.72,0.71541,0.698705,612.459,-539.224,0.750556,-0.660807,857.5,0.453429,-0.721893,1.2,0.45,9000,5000,1,2,0.75,5.6
Kalibr,15,1,3311.77,4871.38,3480.02,4913.33,0.577989,0.816044,-556.127,-597.319,-0.68142,-0.731893,857.5,0.453429,-2.3205,1.2,0.45,2500,4000,0,1,0.75,5.6
Geran2,16,0,5722.32,6522.25,5816.83,6431.57,0.670773,0.741663,148.649,-378.149,0.365846,-0.930676,416.667,9.57307e-009,-1.19626,2.8,1.1,7500,2000,2,2,0.5,5.6
Kalibr,17,1,3210.56,5160.07,3067.31,5336.64,0.498318,0.866994,-425.111,-696.592,-0.520929,-0.8536,857.5,0.453429,-2.11874,1.2,0.45,2500,4000,0,1,0.75,5.6
Geran2,20,0,6608.71,6917.92,6601.11,6815.58,0.695714,0.718319,316.985,-254.235,0.780092,-0.625665,416.667,9.57307e-009,-0.675984,2.8,1.1,9000,5000,1,1,0.5,5.6
Kalibr,21,1,7663.42,5789.1,7654.73,5746.51,0.799726,0.600365,700.76,-417.858,0.858895,-0.512152,857.5,0.453429,-0.537689,1.2,0.45,9000,5000,1,2,0.75,5.6
Kinzhal,22,2,7430.78,2173.8,7468.86,2123.8,0.961869,0.273511,431.272,-1082.81,0.370019,-0.929024,1250,0.857143,-1.19177,2.4,0.12,7500,2000,2,4,1,5.6
Kinzhal,23,2,1671.27,3028.69,1517.95,2908.67,0.462658,0.886537,-971.932,-641.407,-0.834636,-0.550802,1250,0.857143,-2.55827,2.4,0.12,2500,4000,0,2,1,5.6
Geran2,24,0,6480.37,7357.77,6507,7351.42,0.662792,0.748803,75.9814,-399.254,0.186953,-0.982369,416.667,9.57307e-009,-1.38274,2.8,1.1,7500,2000,2,2,0.5,5.6
Geran2,25,0,4339.46,7761.25,4208,7956.68,0.467509,0.883988,195.467,-356.311,0.480967,-0.876739,416.667,9.57307e-009,-1.06904,2.8,1.1,7500,2000,2,2,0.5,5.6
Kalibr,26,1,2722.48,4586.54,2673.4,4531.19,0.508149,0.861269,-292.25,-761.913,-0.358132,-0.933671,857.5,0.453429,-1.93706,1.2,0.45,2500,4000,0,1,0.75,5.6
Kalibr,27,1,5868,4679.17,5811.39,4496.18,0.790919,0.611921,424.428,-697.083,0.520051,-0.854135,857.5,0.453429,-1.02389,1.2,0.45,7500,2000,2,3,0.75,5.6
Kinzhal,28,2,8678.88,5293.47,8500.9,5373.05,0.845307,0.534281,860.367,-786.288,0.738172,-0.674613,1250,0.857143,-0.74044,2.4,0.12,9000,5000,1,3,1,5.6
Kinzhal,29,2,9216.56,5678.96,9293.26,5847.26,0.846399,0.532549,544.827,-1029.18,0.467864,-0.8838,1250,0.857143,-1.08392,2.4,0.12,9000,5000,1,3,1,5.6
Kinzhal,30,2,8716.19,4517.32,8577.19,4654.27,0.878936,0.47694,1119.37,-321.051,0.961244,-0.275699,1250,0.857143,-0.279317,2.4,0.12,9000,5000,1,3,1,5.6
Kalibr,31,1,2650.43,4992.46,2801.81,5030.92,0.486551,0.873652,-131.722,-804.927,-0.161497,-0.986873,857.5,0.453429,-1.733,1.2,0.45,2500,4000,0,1,0.75,5.6
Kinzhal,32,2,6601.1,3920.53,6632.22,3879.32,0.863182,0.504893,494.088,-1055.63,0.423914,-0.905702,1250,0.857143,-1.13303,2.4,0.12,7500,2000,2,4,1,5.6
Kinzhal,34,2,7607.03,2952.11,7692.38,2912.09,0.935228,0.354047,-37.8447,-1163.88,-0.0324987,-0.999472,1250,0.857143,-1.6033,2.4,0.12,7500,2000,2,4,1,5.6
Geran2,35,0,4710.12,6461.79,4849.67,6398.39,0.604048,0.796948,-271.457,-302.369,-0.668046,-0.74412,416.667,9.57307e-009,-2.30238,2.8,1.1,2500,4000,0,0,0.5,5.6
Kalibr,36,1,7182.57,3940.55,7338.77,3756.16,0.890177,0.455615,131.479,-805.466,0.161101,-0.986938,857.5,0.453429,-1.40899,1.2,0.45,7500,2000,2,3,0.75,5.6
Geran2,37,0,3491.45,6052.5,3478.65,6082.67,0.496444,0.868069,-176.715,-365.835,-0.43496,-0.90045,416.667,9.57307e-009,-2.02079,2.8,1.1,2500,4000,0,0,0.5,5.6
Kinzhal,38,2,6849.44,2738.82,6877.21,2941.56,0.919426,0.393263,769.359,-875.258,0.660208,-0.751083,1250,0.857143,-0.849701,2.4,0.12,7500,2000,2,4,1,5.6
Geran2,39,0,3481.4,6620.23,3398.99,6441.66,0.466675,0.884429,-142.526,-380.529,-0.350751,-0.936469,416.667,9.57307e-009,-1.92917,2.8,1.1,2500,4000,0,0,0.5,5.6
Geran2,40,0,4940.06,7135.03,4884.7,6942.28,0.575445,0.81784,-249.607,-320.7,-0.614207,-0.789145,416.667,9.57307e-009,-2.23218,2.8,1.1,2500,4000,0,0,0.5,5.6
Geran2,41,0,4729.12,6985.61,4782.47,6983.25,0.565043,0.825062,-243.139,-325.653,-0.598265,-0.801298,416.667,9.57307e-009,-2.21213,2.8,1.1,2500,4000,0,0,0.5,5.6
Kinzhal,42,2,7425.61,2406.08,7573.06,2282.32,0.957463,0.288555,210.016,-1146.45,0.18019,-0.983632,1250,0.857143,-1.38962,2.4,0.12,7500,2000,2,4,1,5.6
Geran2,43,0,2902.47,6674.13,2827.74,6745.93,0.386587,0.922253,-60.4825,-401.867,-0.148828,-0.988863,416.667,9.57307e-009,-1.72018,2.8,1.1,2500,4000,0,0,0.5,5.6
Kinzhal,44,2,6491.45,3342.1,6627.59,3404.02,0.889531,0.456875,700.139,-931.745,0.60073,-0.799452,1250,0.857143,-0.926382,2.4,0.12,7500,2000,2,4,1,5.6
Geran2,45,0,2924.02,6822.71,2834.12,6768.66,0.386222,0.922406,-60.3709,-401.894,-0.148549,-0.988905,416.667,9.57307e-009,-1.7199,2.8,1.1,2500,4000,0,0,0.5,5.6
Geran2,46,0,3536.98,6524.29,3494.09,6529.55,0.471814,0.881698,-154.408,-375.869,-0.379988,-0.924991,416.667,9.57307e-009,-1.96058,2.8,1.1,2500,4000,0,0,0.5,5.6
Kinzhal,47,2,7419.63,2720.93,7407.5,2686.47,0.940085,0.340939,129.139,-1158.36,0.110798,-0.993843,1250,0.857143,-1.45977,2.4,0.12,7500,2000,2,4,1,5.6
Kinzhal,48,2,5589.29,3713.59,5512.87,3558.83,0.840148,0.542357,796.154,-849.82,0.683688,-0.729774,1250,0.857143,-0.817992,2.4,0.12,7500,2000,2,4,1,5.6
Kinzhal,49,2,7269.59,3858.75,7384.75,3921.7,0.883187,0.46902,159.866,-1153.75,0.13725,-0.990536,1250,0.857143,-1.43311,2.4,0.12,7500,2000,2,4,1,5.6
Geran2,50,0,4211.88,6294.18,4143.04,6335.42,0.54731,0.83693,-242.967,-325.614,-0.598039,-0.801467,416.667,9.57307e-009,-2.21185,2.8,1.1,2500,4000,0,0,0.5,5.6
Kalibr,1,1,2564.55,6043.12,2616.78,6011.28,0.399134,0.916893,-33.9376,-814.755,-0.0416176,-0.999134,857.5,0.453429,-1.61243,1.2,0.45,2500,4000,0,1,0.75,5.7
Kalibr,2,1,3891.38,5817.36,3809.53,5875.6,0.544023,0.83907,-490.679,-651.443,-0.601644,-0.798764,857.5,0.453429,-2.21635,1.2,0.45,2500,4000,0,1,0.75,5.7
Geran2,3,0,6044.08,7563.48,6073.55,7582.76,0.625156,0.7805,307.016,-266.255,0.755476,-0.655176,416.667,9.57307e-009,-0.714416,2.8,1.1,9000,5000,1,1,0.5,5.7
Kinzhal,4,2,6670.54,3342.77,6744.82,3180.17,0.904501,0.426471,612.512,-991.565,0.525539,-0.850769,1250,0.857143,-1.01745,2.4,0.12,7500,2000,2,4,1,5.7
Kalibr,5,1,7715.33,5540.28,7845.83,5472.09,0.820213,0.572059,750.937,-319.079,0.920361,-0.391069,857.5,0.453429,-0.401793,1.2,0.45,9000,5000,1,2,0.75,5.7
Kalibr,7,1,6464.27,5885.99,6576.51,5789.94,0.750566,0.660796,767.838,-274.838,0.941505,-0.337,857.5,0.453429,-0.343729,1.2,0.45,9000,5000,1,2,0.75,5.7
Kalibr,8,1,3549.62,5055.43,3591.88,4829.38,0.596789,0.802398,-574.878,-579.217,-0.704443,-0.709761,857.5,0.453429,-2.35243,1.2,0.45,2500,4000,0,1,0.75,5.7
Geran2,10,0,4426.2,6224.42,4516.76,6203.58,0.588603,0.808422,-266.026,-307.214,-0.654613,-0.755964,416.667,9.57307e-009,-2.28447,2.8,1.1,2500,4000,0,0,0.5,5.7
Geran2,11,0,6230.94,7126.91,6249.54,7007.9,0.66557,0.746335,322.225,-247.5,0.793058,-0.609146,416.667,9.57307e-009,-0.654983,2.8,1.1,9000,5000,1,1,0.5,5.7
Kinzhal,12,2,9492.4,4476.21,9566.09,4528.53,0.903839,0.427872,253.938,-1136.44,0.218073,-0.975932,1250,0.857143,-1.35096,2.4,0.12,9000,5000,1,3,1,5.7
Kinzhal,13,2,9864.96,4172.11,9817.38,4156.97,0.920851,0.389915,997.697,-600.476,0.856788,-0.515668,1250,0.857143,-0.541787,2.4,0.12,9000,5000,1,3,1,5.7
Kalibr,14,1,7073.74,6701.85,7081.14,6796.78,0.721444,0.692473,612.342,-539.341,0.750422,-0.660959,857.5,0.453429,-0.722096,1.2,0.45,9000,5000,1,2,0.75,5.7
Kalibr,15,1,3256.15,4811.66,3301.44,4860.54,0.561876,0.827222,-556.134,-597.284,-0.681446,-0.731869,857.5,0.453429,-2.32053,1.2,0.45,2500,4000,0,1,0.75,5.7
Geran2,16,0,5737.18,6484.44,5513.22,6591.67,0.641568,0.767066,148.65,-378.152,0.365846,-0.930675,416.667,9.57307e-009,-1.19625,2.8,1.1,7500,2000,2,2,0.5,5.7
Kalibr,17,1,3168.04,5090.42,3134.11,5133.68,0.521071,0.853513,-425.241,-696.496,-0.521097,-0.853498,857.5,0.453429,-2.11893,1.2,0.45,2500,4000,0,1,0.75,5.7
Geran2,20,0,6640.4,6892.49,6571.56,6657.77,0.702484,0.7117,316.985,-254.235,0.780092,-0.625665,416.667,9.57307e-009,-0.675984,2.8,1.1,9000,5000,1,1,0.5,5.7
Kalibr,21,1,7733.51,5747.35,7675.35,5733.65,0.801144,0.598472,700.98,-417.489,0.859164,-0.5117,857.5,0.453429,-0.537162,1.2,0.45,9000,5000,1,2,0.75,5.7
Kinzhal,22,2,7473.9,2065.52,7578.15,2126.31,0.962818,0.270151,431.259,-1082.78,0.370019,-0.929024,1250,0.857143,-1.19177,2.4,0.12,7500,2000,2,4,1,5.7
Kinzhal,23,2,1573.25,2965.81,1565.53,2984.72,0.464497,0.885575,-980.13,-628.741,-0.841702,-0.539942,1250,0.857143,-2.57122,2.4,0.12,2500,4000,0,2,1,5.7
Geran2,24,0,6487.97,7317.84,6380.21,7410.76,0.652448,0.757833,75.9803,-399.248,0.186953,-0.982369,416.667,9.57307e-009,-1.38274,2.8,1.1,7500,2000,2,2,0.5,5.7
Geran2,25,0,4359,7725.62,4427.43,7784.02,0.494405,0.869231,195.465,-356.306,0.480967,-0.876739,416.667,9.57307e-009,-1.06904,2.8,1.1,7500,2000,2,2,0.5,5.7
Kalibr,26,1,2693.29,4510.34,2812.77,4331.08,0.544657,0.838659,-291.904,-762.032,-0.357714,-0.933831,857.5,0.453429,-1.93661,1.2,0.45,2500,4000,0,1,0.75,5.7
Kalibr,27,1,5910.44,4609.47,5857.3,4599.46,0.786495,0.617597,424.435,-697.055,0.520072,-0.854122,857.5,0.453429,-1.02386,1.2,0.45,7500,2000,2,3,0.75,5.7
Kinzhal,28,2,8764.91,5214.85,8611.12,5403.09,0.847063,0.531493,860.341,-786.264,0.738171,-0.674613,1250,0.857143,-0.74044,2.4,0.12,9000,5000,1,3,1,5.7
Kinzhal,29,2,9269.7,5575.35,9403.62,5366.78,0.86851,0.495671,531.431,-1036.12,0.456375,-0.889788,1250,0.857143,-1.09688,2.4,0.12,9000,5000,1,3,1,5.7
Kinzhal,30,2,8828.53,4486.67,8786.6,4489.02,0.890513,0.454957,1123.4,-306.512,0.964735,-0.263222,1250,0.857143,-0.266361,2.4,0.12,9000,5000,1,3,1,5.7
Kalibr,31,1,2637.37,4911.95,2704.29,5143.34,0.465378,0.885112,-130.583,-805.135,-0.160096,-0.987102,857.5,0.453429,-1.73158,1.2,0.45,2500,4000,0,1,0.75,5.7
Kinzhal,32,2,6650.5,3814.97,6824.5,3818.96,0.872656,0.488335,494.073,-1055.6,0.423914,-0.905702,1250,0.857143,-1.13303,2.4,0.12,7500,2000,2,4,1,5.7
Kinzhal,34,2,7601.74,2835.78,7667.37,2871.03,0.936499,0.35067,-52.9192,-1163.26,-0.0454452,-0.998967,1250,0.857143,-1.61626,2.4,0.12,7500,2000,2,4,1,5.7
Geran2,35,0,4682.97,6431.56,4761.75,6257.97,0.605542,0.795813,-271.458,-302.369,-0.668046,-0.744119,416.667,9.57307e-009,-2.30238,2.8,1.1,2500,4000,0,0,0.5,5.7
Kalibr,36,1,7195.72,3860.01,7344.36,3738.01,0.891209,0.453593,131.508,-805.44,0.161141,-0.986931,857.5,0.453429,-1.40895,1.2,0.45,7500,2000,2,3,0.75,5.7
Geran2,37,0,3473.78,6015.92,3554.4,6045.49,0.506833,0.862045,-176.718,-365.84,-0.43496,-0.90045,416.667,9.57307e-009,-2.02079,2.8,1.1,2500,4000,0,0,0.5,5.7
Kinzhal,38,2,6926.39,2651.31,6905.49,2780.84,0.927611,0.373549,769.531,-875.085,0.660365,-0.750945,1250,0.857143,-0.849492,2.4,0.12,7500,2000,2,4,1,5.7
Geran2,39,0,3467.15,6582.18,3347.94,6515.48,0.457037,0.889448,-142.526,-380.529,-0.350751,-0.936469,416.667,9.57307e-009,-1.92917,2.8,1.1,2500,4000,0,0,0.5,5.7
Geran2,40,0,4915.09,7102.96,4876.13,7060.65,0.568263,0.822847,-249.605,-320.697,-0.614207,-0.789145,416.667,9.57307e-009,-2.23218,2.8,1.1,2500,4000,0,0,0.5,5.7
Geran2,41,0,4704.8,6953.05,4568.01,7021.32,0.545337,0.838217,-243.136,-325.649,-0.598265,-0.801298,416.667,9.57307e-009,-2.21213,2.8,1.1,2500,4000,0,0,0.5,5.7
Kinzhal,42,2,7446.61,2291.44,7449.62,2302.34,0.955413,0.295274,210.011,-1146.41,0.180191,-0.983632,1250,0.857143,-1.38962,2.4,0.12,7500,2000,2,4,1,5.7
Geran2,43,0,2896.42,6633.94,2715.75,6749.81,0.373265,0.927725,-60.482,-401.863,-0.148828,-0.988863,416.667,9.57307e-009,-1.72018,2.8,1.1,2500,4000,0,0,0.5,5.7
Kinzhal,44,2,6561.47,3248.92,6500.61,3263.22,0.893716,0.448634,700.127,-931.716,0.600736,-0.799448,1250,0.857143,-0.926375,2.4,0.12,7500,2000,2,4,1,5.7
Geran2,45,0,2917.98,6782.52,3010.22,6860.03,0.401822,0.915718,-60.3702,-401.889,-0.148549,-0.988905,416.667,9.57307e-009,-1.7199,2.8,1.1,2500,4000,0,0,0.5,5.7
Geran2,46,0,3521.54,6486.7,3454.05,6493.49,0.46962,0.882869,-154.408,-375.869,-0.379988,-0.924991,416.667,9.57307e-009,-1.96058,2.8,1.1,2500,4000,0,0,0.5,5.7
Kinzhal,47,2,7432.54,2605.1,7393.47,2486.94,0.947816,0.318817,129.135,-1158.32,0.110798,-0.993843,1250,0.857143,-1.45977,2.4,0.12,7500,2000,2,4,1,5.7
Kinzhal,48,2,5670,3629.65,5652.89,3542.49,0.847362,0.531015,807.072,-839.408,0.693086,-0.720855,1250,0.857143,-0.805035,2.4,0.12,7500,2000,2,4,1,5.7
Kinzhal,49,2,7285.18,3743.32,7361.45,3938.91,0.881715,0.471782,155.87,-1154.33,0.133817,-0.991006,1250,0.857143,-1.43658,2.4,0.12,7500,2000,2,4,1,5.7
Geran2,50,0,4187.58,6261.62,4040.78,6404.38,0.533606,0.845733,-242.971,-325.619,-0.598039,-0.801467,416.667,9.57307e-009,-2.21185,2.8,1.1,2500,4000,0,0,0.5,5.7
Kalibr,1,1,2561.25,5961.63,2665.23,5984.51,0.406833,0.913503,-32.9528,-814.833,-0.0404081,-0.999183,857.5,0.453429,-1.61122,1.2,0.45,2500,4000,0,1,0.75,5.8
Kalibr,2,1,3842.25,5752.26,3935.9,5688.11,0.569012,0.822329,-491.313,-651.001,-0.6024,-0.798194,857.5,0.453429,-2.2173,1.2,0.45,2500,4000,0,1,0.75,5.8
Geran2,3,0,6074.78,7536.86,5938.98,7559.35,0.617789,0.786344,307.013,-266.253,0.755476,-0.655176,416.667,9.57307e-009,-0.714416,2.8,1.1,9000,5000,1,1,0.5,5.8
Kinzhal,4,2,6731.79,3243.62,6726.02,3240.92,0.900872,0.434084,612.496,-991.538,0.52554,-0.850769,1250,0.857143,-1.01745,2.4,0.12,7500,2000,2,4,1,5.8
Kalibr,5,1,7790.44,5508.41,7901.79,5385.81,0.826314,0.56321,751.077,-318.745,0.920535,-0.39066,857.5,0.453429,-0.401349,1.2,0.45,9000,5000,1,2,0.75,5.8
Kalibr,7,1,6541.08,5858.57,6520.79,5715.82,0.751998,0.659166,768.117,-274.146,0.941812,-0.336139,857.5,0.453429,-0.342815,1.2,0.45,9000,5000,1,2,0.75,5.8
Kalibr,8,1,3492.12,4997.51,3501.98,4937.72,0.578505,0.815679,-574.936,-579.137,-0.704528,-0.709676,857.5,0.453429,-2.35255,1.2,0.45,2500,4000,0,1,0.75,5.8
Geran2,10,0,4399.59,6193.7,4341.59,6202.72,0.573435,0.819251,-266.024,-307.211,-0.654613,-0.755965,416.667,9.57307e-009,-2.28447,2.8,1.1,2500,4000,0,0,0.5,5.8
Geran2,11,0,6263.17,7102.16,6183.88,7178.87,0.652649,0.757661,322.227,-247.502,0.793058,-0.609146,416.667,9.57307e-009,-0.654983,2.8,1.1,9000,5000,1,1,0.5,5.8
Kinzhal,12,2,9516.32,4362.25,9356.76,4240.05,0.910844,0.412752,239.185,-1139.6,0.20541,-0.978676,1250,0.857143,-1.36391,2.4,0.12,9000,5000,1,3,1,5.8
Kinzhal,13,2,9965.49,4113.36,9942.71,4191.99,0.92145,0.388497,1005.37,-587.482,0.863398,-0.504524,1250,0.857143,-0.52883,2.4,0.12,9000,5000,1,3,1,5.8
Kalibr,14,1,7134.96,6647.91,6956.15,6537.89,0.728674,0.68486,612.236,-539.448,0.7503,-0.661097,857.5,0.453429,-0.72228,1.2,0.45,9000,5000,1,2,0.75,5.8
Kalibr,15,1,3200.54,4751.93,3145.86,4747.68,0.552356,0.833608,-556.141,-597.252,-0.68147,-0.731846,857.5,0.453429,-2.32057,1.2,0.45,2500,4000,0,1,0.75,5.8
Geran2,16,0,5752.05,6446.62,5661.62,6302.14,0.668293,0.743899,148.651,-378.154,0.365846,-0.930676,416.667,9.57307e-009,-1.19625,2.8,1.1,7500,2000,2,2,0.5,5.8
Kalibr,17,1,3125.5,5020.78,3168.97,5044.69,0.531933,0.846786,-425.362,-696.406,-0.521254,-0.853402,857.5,0.453429,-2.11912,1.2,0.45,2500,4000,0,1,0.75,5.8
Geran2,20,0,6672.1,6867.07,6903.02,6740.76,0.715465,0.698648,316.986,-254.235,0.780092,-0.625665,416.667,9.57307e-009,-0.675984,2.8,1.1,9000,5000,1,1,0.5,5.8
Kalibr,21,1,7803.63,5705.63,7736.98,5648.53,0.80766,0.589648,701.185,-417.147,0.859414,-0.51128,857.5,0.453429,-0.536673,1.2,0.45,9000,5000,1,2,0.75,5.8
Kinzhal,23,2,1474.44,2904.21,1381.2,2772.83,0.445866,0.8951,-988.166,-615.972,-0.848628,-0.528991,1250,0.857143,-2.58418,2.4,0.12,2500,4000,0,2,1,5.8
Geran2,24,0,6495.57,7277.92,6402.49,7266.6,0.661087,0.75031,75.9792,-399.243,0.186953,-0.982369,416.667,9.57307e-009,-1.38274,2.8,1.1,7500,2000,2,2,0.5,5.8
Geran2,25,0,4378.55,7689.99,4449.06,7685.56,0.500996,0.865449,195.462,-356.302,0.480967,-0.876739,416.667,9.57307e-009,-1.06904,2.8,1.1,7500,2000,2,2,0.5,5.8
Kalibr,26,1,2664.14,4434.12,2744.86,4129.54,0.55356,0.832809,-291.554,-762.153,-0.35729,-0.933993,857.5,0.453429,-1.93616,1.2,0.45,2500,4000,0,1,0.75,5.8
Kalibr,27,1,5952.89,4539.77,5838.01,4430.65,0.796572,0.604544,424.44,-697.03,0.520091,-0.854111,857.5,0.453429,-1.02384,1.2,0.45,7500,2000,2,3,0.75,5.8
Kinzhal,28,2,8850.94,5136.22,8807.58,5309.89,0.856404,0.516307,860.317,-786.242,0.738171,-0.674613,1250,0.857143,-0.740441,2.4,0.12,9000,5000,1,3,1,5.8
Kinzhal,29,2,9321.5,5471.06,9163.98,5438.97,0.859943,0.51039,517.947,-1042.89,0.444808,-0.895626,1250,0.857143,-1.10984,2.4,0.12,9000,5000,1,3,1,5.8
Kinzhal,30,2,8941.25,4457.48,9156.12,4452.51,0.899305,0.437321,1127.24,-291.923,0.968065,-0.250701,1250,0.857143,-0.253404,2.4,0.12,9000,5000,1,3,1,5.8
Kalibr,31,1,2624.42,4831.41,2564.67,4803.77,0.470967,0.882151,-129.492,-805.332,-0.158754,-0.987318,857.5,0.453429,-1.73023,1.2,0.45,2500,4000,0,1,0.75,5.8
Kinzhal,32,2,6699.91,3709.41,6821.05,3724.52,0.877682,0.479244,494.06,-1055.57,0.423914,-0.905702,1250,0.857143,-1.13303,2.4,0.12,7500,2000,2,4,1,5.8
Kinzhal,34,2,7594.94,2719.54,7599.74,2754.04,0.94017,0.340705,-67.9846,-1162.44,-0.0583845,-0.998294,1250,0.857143,-1.62921,2.4,0.12,7500,2000,2,4,1,5.8
Geran2,35,0,4655.83,6401.32,4614.4,6396.37,0.585057,0.810992,-271.458,-302.37,-0.668047,-0.744119,416.667,9.57307e-009,-2.30238,2.8,1.1,2500,4000,0,0,0.5,5.8
Kalibr,36,1,7208.87,3779.46,7386.58,3625.93,0.897678,0.440653,131.535,-805.417,0.161178,-0.986925,857.5,0.453429,-1.40891,1.2,0.45,7500,2000,2,3,0.75,5.8
Geran2,37,0,3456.11,5979.33,3618.19,5950.81,0.519523,0.854456,-176.72,-365.844,-0.43496,-0.90045,416.667,9.57307e-009,-2.02079,2.8,1.1,2500,4000,0,0,0.5,5.8
Kinzhal,38,2,7003.36,2563.82,6884.34,2820.51,0.92535,0.379115,769.678,-874.936,0.660499,-0.750827,1250,0.857143,-0.849313,2.4,0.12,7500,2000,2,4,1,5.8
Geran2,39,0,3452.89,6544.13,3277.3,6464.94,0.452154,0.89194,-142.526,-380.53,-0.350751,-0.936469,416.667,9.57307e-009,-1.92917,2.8,1.1,2500,4000,0,0,0.5,5.8
Geran2,40,0,4890.13,7070.89,5072.03,7091.1,0.581767,0.813356,-249.603,-320.695,-0.614207,-0.789145,416.667,9.57307e-009,-2.23218,2.8,1.1,2500,4000,0,0,0.5,5.8
Geran2,41,0,4680.49,6920.48,4698.05,6904.24,0.562569,0.82675,-243.133,-325.645,-0.598265,-0.801298,416.667,9.57307e-009,-2.21213,2.8,1.1,2500,4000,0,0,0.5,5.8
Kinzhal,42,2,7467.61,2176.8,7402.08,2189.13,0.958942,0.283602,210.007,-1146.38,0.180192,-0.983631,1250,0.857143,-1.38961,2.4,0.12,7500,2000,2,4,1,5.8
Geran2,43,0,2890.37,6593.75,2819.43,6685.01,0.388606,0.921404,-60.4814,-401.859,-0.148828,-0.988863,416.667,9.57307e-009,-1.72018,2.8,1.1,2500,4000,0,0,0.5,5.8
Kinzhal,44,2,6631.48,3155.76,6415.02,3285.79,0.89004,0.455882,700.116,-931.691,0.60074,-0.799444,1250,0.857143,-0.92637,2.4,0.12,7500,2000,2,4,1,5.8
Geran2,45,0,2911.94,6742.33,2958.08,6707.11,0.403533,0.914965,-60.3696,-401.885,-0.148549,-0.988905,416.667,9.57307e-009,-1.7199,2.8,1.1,2500,4000,0,0,0.5,5.8
Geran2,46,0,3506.1,6449.12,3542.75,6444.19,0.481757,0.876305,-154.408,-375.869,-0.379988,-0.924991,416.667,9.57307e-009,-1.96058,2.8,1.1,2500,4000,0,0,0.5,5.8
Kinzhal,47,2,7445.45,2489.27,7467.2,2503.28,0.94814,0.317852,129.131,-1158.29,0.110797,-0.993843,1250,0.857143,-1.45977,2.4,0.12,7500,2000,2,4,1,5.8
Kinzhal,48,2,5751.78,3546.77,5675.24,3616.47,0.843328,0.537399,817.857,-828.857,0.702368,-0.711815,1250,0.857143,-0.792078,2.4,0.12,7500,2000,2,4,1,5.8
Kinzhal,49,2,7300.44,3627.84,7117.49,3538.31,0.895453,0.445156,152.638,-1154.79,0.131038,-0.991377,1250,0.857143,-1.43938,2.4,0.12,7500,2000,2,4,1,5.8
Geran2,50,0,4163.28,6229.06,4266.11,6234.57,0.564715,0.825286,-242.974,-325.624,-0.598039,-0.801467,416.667,9.57307e-009,-2.21185,2.8,1.1,2500,4000,0,0,0.5,5.8
Kalibr,1,1,2558.05,5880.14,2390.08,5896.52,0.37565,0.926761,-32.0505,-814.904,-0.0393,-0.999227,857.5,0.453429,-1.61011,1.2,0.45,2500,4000,0,1,0.75,5.9
Kalibr,2,1,3793.06,5687.2,3746.17,5558.06,0.558907,0.82923,-491.891,-650.598,-0.603089,-0.797674,857.5,0.453429,-2.21816,1.2,0.45,2500,4000,0,1,0.75,5.9
Geran2,3,0,6105.48,7510.23,5965.12,7641.9,0.615316,0.78828,307.011,-266.251,0.755476,-0.655176,416.667,9.57307e-009,-0.714416,2.8,1.1,9000,5000,1,1,0.5,5.9
Kinzhal,4,2,6793.04,3144.46,6648.12,2970.29,0.913016,0.407923,612.481,-991.514,0.52554,-0.850769,1250,0.857143,-1.01745,2.4,0.12,7500,2000,2,4,1,5.9
Kalibr,5,1,7865.56,5476.57,7783.47,5505.47,0.816411,0.577471,751.207,-318.433,0.920697,-0.390278,857.5,0.453429,-0.400934,1.2,0.45,9000,5000,1,2,0.75,5.9
Kalibr,7,1,6617.92,5831.22,6543.91,5830.51,0.746632,0.665237,768.371,-273.519,0.942091,-0.335358,857.5,0.453429,-0.341985,1.2,0.45,9000,5000,1,2,0.75,5.9
Kalibr,8,1,3434.62,4939.61,3350.3,4950.55,0.56047,0.828175,-574.991,-579.062,-0.704608,-0.709597,857.5,0.453429,-2.35267,1.2,0.45,2500,4000,0,1,0.75,5.9
Geran2,10,0,4372.99,6162.98,4640.82,6197.54,0.599394,0.800454,-266.022,-307.209,-0.654613,-0.755964,416.667,9.57307e-009,-2.28447,2.8,1.1,2500,4000,0,0,0.5,5.9
Geran2,11,0,6295.39,7077.41,6207.1,6954.84,0.665862,0.746075,322.23,-247.504,0.793058,-0.609146,416.667,9.57307e-009,-0.654983,2.8,1.1,9000,5000,1,1,0.5,5.9
Kinzhal,12,2,9538.76,4247.99,9342.55,4418.13,0.904011,0.42751,224.394,-1142.57,0.192712,-0.981255,1250,0.857143,-1.37687,2.4,0.12,9000,5000,1,3,1,5.9
Kalibr,14,1,7196.18,6593.96,7061.31,6450.08,0.73834,0.674429,612.14,-539.545,0.750189,-0.661223,857.5,0.453429,-0.722448,1.2,0.45,9000,5000,1,2,0.75,5.9
Kalibr,15,1,3144.92,4692.21,3302.93,4793.58,0.567385,0.823453,-556.148,-597.222,-0.681493,-0.731825,857.5,0.453429,-2.3206,1.2,0.45,2500,4000,0,1,0.75,5.9
Geran2,16,0,5766.91,6408.81,5748.64,6479.02,0.663687,0.74801,148.652,-378.156,0.365846,-0.930676,416.667,9.57307e-009,-1.19625,2.8,1.1,7500,2000,2,2,0.5,5.9
Kalibr,17,1,3082.96,4951.15,3126.01,4975.88,0.531965,0.846766,-425.476,-696.322,-0.521402,-0.853311,857.5,0.453429,-2.11929,1.2,0.45,2500,4000,0,1,0.75,5.9
Geran2,20,0,6703.8,6841.65,6717.55,6616.93,0.712423,0.701751,316.986,-254.235,0.780092,-0.625665,416.667,9.57307e-009,-0.675984,2.8,1.1,9000,5000,1,1,0.5,5.9
Kalibr,21,1,7873.77,5663.95,7887.78,5667.41,0.812109,0.583505,701.375,-416.828,0.859647,-0.510889,857.5,0.453429,-0.536218,1.2,0.45,9000,5000,1,2,0.75,5.9
Kinzhal,23,2,1374.83,2843.9,1236.72,2844.83,0.398683,0.917089,-996.039,-603.102,-0.85541,-0.517951,1250,0.857143,-2.59714,2.4,0.12,2500,4000,0,2,1,5.9
Geran2,24,0,6503.17,7238,6616.59,7111.54,0.681171,0.732125,75.9783,-399.237,0.186953,-0.982369,416.667,9.57307e-009,-1.38274,2.8,1.1,7500,2000,2,2,0.5,5.9
Geran2,25,0,4398.1,7654.36,4394.01,7720.78,0.494623,0.869108,195.461,-356.299,0.480967,-0.876739,416.667,9.57307e-009,-1.06904,2.8,1.1,7500,2000,2,2,0.5,5.9
Kalibr,26,1,2635.02,4357.9,2687.03,4433.97,0.51827,0.855217,-291.193,-762.279,-0.356853,-0.934161,857.5,0.453429,-1.93569,1.2,0.45,2500,4000,0,1,0.75,5.9
Kalibr,27,1,5995.33,4470.07,5958.47,4378.06,0.805855,0.592112,424.446,-697.007,0.520109,-0.8541,857.5,0.453429,-1.02382,1.2,0.45,7500,2000,2,3,0.75,5.9
Kinzhal,28,2,8936.97,5057.6,8865.53,5017.94,0.870269,0.492577,860.296,-786.222,0.738172,-0.674613,1250,0.857143,-0.74044,2.4,0.12,9000,5000,1,3,1,5.9
Kinzhal,29,2,9371.93,5366.11,9589.88,5311.74,0.874775,0.484529,504.378,-1049.49,0.433166,-0.901314,1250,0.857143,-1.12279,2.4,0.12,9000,5000,1,3,1,5.9
Kinzhal,30,2,9054.34,4429.75,9057.77,4375.28,0.900452,0.434956,1130.9,-277.286,0.971232,-0.238136,1250,0.857143,-0.240447,2.4,0.12,9000,5000,1,3,1,5.9
Kalibr,31,1,2611.58,4750.86,2663.23,4668.23,0.495532,0.868589,-128.439,-805.52,-0.15746,-0.987525,857.5,0.453429,-1.72891,1.2,0.45,2500,4000,0,1,0.75,5.9
Kinzhal,32,2,6749.31,3603.86,6686.98,3474.21,0.887381,0.461038,494.047,-1055.54,0.423914,-0.905702,1250,0.857143,-1.13303,2.4,0.12,7500,2000,2,4,1,5.9
Kinzhal,34,2,7586.63,2603.39,7430.56,2612.02,0.943409,0.331631,-83.0384,-1161.43,-0.0713143,-0.997454,1250,0.857143,-1.64217,2.4,0.12,7500,2000,2,4,1,5.9
Geran2,35,0,4628.68,6371.08,4733.77,6323.32,0.599293,0.80053,-271.458,-302.37,-0.668046,-0.74412,416.667,9.57307e-009,-2.30238,2.8,1.1,2500,4000,0,0,0.5,5.9
Kalibr,36,1,7222.03,3698.92,7251,3685.25,0.891469,0.453081,131.56,-805.396,0.161211,-0.98692,857.5,0.453429,-1.40888,1.2,0.45,7500,2000,2,3,0.75,5.9
Geran2,37,0,3438.44,5942.75,3374.29,5765.4,0.505115,0.863052,-176.722,-365.849,-0.43496,-0.90045,416.667,9.57307e-009,-2.02079,2.8,1.1,2500,4000,0,0,0.5,5.9
Kinzhal,38,2,7080.34,2476.34,7042.8,2478.45,0.943295,0.331957,769.807,-874.805,0.660617,-0.750723,1250,0.857143,-0.849155,2.4,0.12,7500,2000,2,4,1,5.9
Geran2,39,0,3438.64,6506.07,3315.92,6559.85,0.451128,0.892459,-142.526,-380.53,-0.350751,-0.936469,416.667,9.57307e-009,-1.92917,2.8,1.1,2500,4000,0,0,0.5,5.9
Geran2,40,0,4865.17,7038.82,4913.56,6914.5,0.579256,0.815145,-249.601,-320.692,-0.614207,-0.789145,416.667,9.57307e-009,-2.23218,2.8,1.1,2500,4000,0,0,0.5,5.9
Geran2,41,0,4656.18,6887.92,4741.49,6903.61,0.566145,0.824306,-243.131,-325.642,-0.598265,-0.801298,416.667,9.57307e-009,-2.21213,2.8,1.1,2500,4000,0,0,0.5,5.9
Kinzhal,42,2,7488.61,2062.16,7480.55,1906.63,0.96902,0.246983,210.003,-1146.35,0.180193,-0.983631,1250,0.857143,-1.38961,2.4,0.12,7500,2000,2,4,1,5.9
Geran2,43,0,2884.32,6553.57,2938.24,6504.33,0.411679,0.911329,-60.4809,-401.856,-0.148828,-0.988863,416.667,9.57307e-009,-1.72018,2.8,1.1,2500,4000,0,0,0.5,5.9
Kinzhal,44,2,6701.49,3062.59,6567.62,2961.32,0.911615,0.411044,700.105,-931.668,0.600744,-0.799442,1250,0.857143,-0.926365,2.4,0.12,7500,2000,2,4,1,5.9
Geran2,45,0,2905.91,6702.15,2917.66,6800.74,0.394268,0.918996,-60.369,-401.881,-0.148549,-0.988905,416.667,9.57307e-009,-1.7199,2.8,1.1,2500,4000,0,0,0.5,5.9
Geran2,46,0,3490.66,6411.53,3303.31,6438.71,0.456471,0.889738,-154.408,-375.869,-0.379988,-0.924991,416.667,9.57307e-009,-1.96058,2.8,1.1,2500,4000,0,0,0.5,5.9
Kinzhal,47,2,7458.37,2373.44,7431.14,2321.28,0.954515,0.298164,129.128,-1158.26,0.110797,-0.993843,1250,0.857143,-1.45977,2.4,0.12,7500,2000,2,4,1,5.9
Kinzhal,48,2,5834.63,3464.95,5891.62,3540.21,0.857157,0.515056,828.506,-818.17,0.711531,-0.702654,1250,0.857143,-0.779121,2.4,0.12,7500,2000,2,4,1,5.9
Kinzhal,49,2,7315.44,3512.33,7397.97,3581.73,0.900061,0.435764,150.011,-1155.16,0.12878,-0.991673,1250,0.857143,-1.44166,2.4,0.12,7500,2000,2,4,1,5.9
Geran2,50,0,4138.98,6196.5,4056.41,6301.27,0.541285,0.840839,-242.977,-325.628,-0.598039,-0.801467,416.667,9.57307e-009,-2.21185,2.8,1.1,2500,4000,0,0,0.5,5.9
Kalibr,1,1,2554.93,5798.65,2546.56,5963.18,0.392735,0.919652,-31.2224,-814.967,-0.0382832,-0.999267,857.5,0.453429,-1.60909,1.2,0.45,2500,4000,0,1,0.75,6
Kalibr,2,1,3743.81,5622.17,3778.47,5522.31,0.564689,0.825304,-492.418,-650.229,-0.603718,-0.797198,857.5,0.453429,-2.21895,1.2,0.45,2500,4000,0,1,0.75,6
Geran2,3,0,6136.18,7483.61,5979.03,7308.83,0.633179,0.774005,307.009,-266.249,0.755476,-0.655176,416.667,9.57307e-009,-0.714416,2.8,1.1,9000,5000,1,1,0.5,6
Kinzhal,4,2,6854.28,3045.32,6841.71,3069.94,0.912362,0.409386,612.468,-991.492,0.52554,-0.850769,1250,0.857143,-1.01745,2.4,0.12,7500,2000,2,4,1,6
Kalibr,5,1,7940.7,5444.75,7976.96,5453.92,0.8255,0.564402,751.33,-318.14,0.920849,-0.38992,857.5,0.453429,-0.400545,1.2,0.45,9000,5000,1,2,0.75,6
Kalibr,7,1,6694.78,5803.93,6686.55,5745.04,0.758487,0.651688,768.601,-272.949,0.942343,-0.334649,857.5,0.453429,-0.341232,1.2,0.45,9000,5000,1,2,0.75,6
Kalibr,8,1,3377.12,4881.71,3358.05,4731.15,0.5788,0.81547,-575.042,-578.993,-0.704682,-0.709523,857.5,0.453429,-2.35277,1.2,0.45,2500,4000,0,1,0.75,6
Geran2,10,0,4346.39,6132.26,4412.11,6190.78,0.580378,0.814347,-266.02,-307.207,-0.654613,-0.755965,416.667,9.57307e-009,-2.28447,2.8,1.1,2500,4000,0,0,0.5,6
Geran2,11,0,6327.61,7052.65,6324.14,7062.91,0.66707,0.744995,322.232,-247.506,0.793058,-0.609146,416.667,9.57307e-009,-0.654983,2.8,1.1,9000,5000,1,1,0.5,6
Kinzhal,12,2,9559.71,4133.46,9527.06,4030.56,0.920971,0.38963,209.566,-1145.36,0.179982,-0.98367,1250,0.857143,-1.38983,2.4,0.12,9000,5000,1,3,1,6
Kalibr,14,1,7257.38,6539.99,7319.1,6364.61,0.754597,0.656189,612.052,-539.633,0.750089,-0.661337,857.5,0.453429,-0.7226,1.2,0.45,9000,5000,1,2,0.75,6
Kalibr,15,1,3089.31,4632.49,3119.15,4659.48,0.556283,0.830993,-556.155,-597.194,-0.681515,-0.731804,857.5,0.453429,-2.32063,1.2,0.45,2500,4000,0,1,0.75,6
Geran2,16,0,5781.78,6370.99,5882.17,6338.2,0.680246,0.732984,148.653,-378.157,0.365846,-0.930676,416.667,9.57307e-009,-1.19625,2.8,1.1,7500,2000,2,2,0.5,6
Kalibr,17,1,3040.4,4881.53,3301.09,4856.22,0.562178,0.827017,-425.584,-696.243,-0.521541,-0.853226,857.5,0.453429,-2.11945,1.2,0.45,2500,4000,0,1,0.75,6
Geran2,20,0,6735.5,6816.22,6740.4,6977.62,0.694775,0.719227,316.986,-254.236,0.780092,-0.625665,416.667,9.57307e-009,-0.675984,2.8,1.1,9000,5000,1,1,0.5,6
Kalibr,21,1,7943.93,5622.3,7903.39,5564.94,0.817646,0.575721,701.553,-416.53,0.859864,-0.510523,857.5,0.453429,-0.535793,1.2,0.45,9000,5000,1,2,0.75,6
Kinzhal,23,2,1274.46,2784.89,1292.36,2575.6,0.44848,0.893793,-1003.75,-590.131,-0.86205,-0.506824,1250,0.857143,-2.6101,2.4,0.12,2500,4000,0,2,1,6
Geran2,24,0,6510.76,7198.07,6480.24,7355.81,0.661038,0.750352,75.9774,-399.233,0.186953,-0.982369,416.667,9.57307e-009,-1.38274,2.8,1.1,7500,2000,2,2,0.5,6
Geran2,25,0,4417.64,7618.73,4429.12,7523.34,0.507328,0.861753,195.459,-356.296,0.480967,-0.876739,416.667,9.57307e-009,-1.06904,2.8,1.1,7500,2000,2,2,0.5,6
Kalibr,26,1,2605.94,4281.65,2641.76,4096.34,0.541977,0.840393,-290.809,-762.416,-0.356385,-0.934339,857.5,0.453429,-1.93519,1.2,0.45,2500,4000,0,1,0.75,6
Kalibr,27,1,6037.77,4400.37,6101.05,4340.54,0.814828,0.579703,424.45,-696.986,0.520124,-0.854091,857.5,0.453429,-1.0238,1.2,0.45,7500,2000,2,3,0.75,6
Kinzhal,29,2,9421.01,5260.52,9303.27,5038.62,0.879318,0.476236,490.726,-1055.91,0.421451,-0.906851,1250,0.857143,-1.13575,2.4,0.12,9000,5000,1,3,1,6
Kinzhal,30,2,9167.78,4403.49,9240.28,4482.41,0.899727,0.436453,1134.37,-262.603,0.974236,-0.225532,1250,0.857143,-0.227489,2.4,0.12,9000,5000,1,3,1,6
Kalibr,31,1,2598.84,4670.29,2506.92,4675.86,0.472513,0.881323,-127.413,-805.7,-0.156198,-0.987726,857.5,0.453429,-1.72764,1.2,0.45,2500,4000,0,1,0.75,6
Kinzhal,32,2,6798.72,3498.3,6799.89,3425.12,0.893101,0.449856,494.036,-1055.52,0.423914,-0.905702,1250,0.857143,-1.13303,2.4,0.12,7500,2000,2,4,1,6
Kinzhal,34,2,7576.83,2487.37,7755.64,2471.5,0.952791,0.303627,-98.078,-1160.23,-0.0842325,-0.996446,1250,0.857143,-1.65513,2.4,0.12,7500,2000,2,4,1,6
Geran2,35,0,4601.54,6340.85,4724.77,6437.28,0.591698,0.80616,-271.458,-302.37,-0.668046,-0.74412,416.667,9.57307e-009,-2.30238,2.8,1.1,2500,4000,0,0,0.5,6
Kalibr,36,1,7235.19,3618.39,7258.85,3526.95,0.899448,0.437027,131.582,-805.376,0.161242,-0.986915,857.5,0.453429,-1.40885,1.2,0.45,7500,2000,2,3,0.75,6
Geran2,37,0,3420.77,5906.16,3520.9,5840.56,0.51628,0.85642,-176.724,-365.853,-0.43496,-0.90045,416.667,9.57307e-009,-2.02079,2.8,1.1,2500,4000,0,0,0.5,6
Kinzhal,38,2,7157.33,2388.87,7222.04,2325.81,0.951858,0.306539,769.922,-874.687,0.660723,-0.750629,1250,0.857143,-0.849014,2.4,0.12,7500,2000,2,4,1,6
Geran2,39,0,3424.39,6468.02,3418.4,6462.94,0.467551,0.883966,-142.526,-380.53,-0.350751,-0.936469,416.667,9.57307e-009,-1.92917,2.8,1.1,2500,4000,0,0,0.5,6
Geran2,40,0,4840.21,7006.75,4898.31,7108.07,0.567434,0.823419,-249.599,-320.69,-0.614207,-0.789145,416.667,9.57307e-009,-2.23218,2.8,1.1,2500,4000,0,0,0.5,6
Geran2,41,0,4631.86,6855.35,4591.36,6797.11,0.55975,0.828662,-243.128,-325.639,-0.598265,-0.801298,416.667,9.57307e-009,-2.21213,2.8,1.1,2500,4000,0,0,0.5,6
Geran2,43,0,2878.27,6513.38,2875.45,6507.47,0.40417,0.914684,-60.4805,-401.853,-0.148828,-0.988863,416.667,9.57307e-009,-1.72018,2.8,1.1,2500,4000,0,0,0.5,6
Kinzhal,44,2,6771.5,2969.42,6765.87,2988.82,0.914724,0.404079,700.095,-931.647,0.600746,-0.79944,1250,0.857143,-0.926362,2.4,0.12,7500,2000,2,4,1,6
Geran2,45,0,2899.87,6661.96,3000.42,6810.77,0.403153,0.915132,-60.3685,-401.878,-0.148549,-0.988905,416.667,9.57307e-009,-1.7199,2.8,1.1,2500,4000,0,0,0.5,6
Geran2,46,0,3475.22,6373.94,3498.79,6192.73,0.491903,0.87065,-154.408,-375.868,-0.379988,-0.924991,416.667,9.57307e-009,-1.96058,2.8,1.1,2500,4000,0,0,0.5,6
Kinzhal,47,2,7471.28,2257.62,7503.47,2264.01,0.95737,0.288866,129.125,-1158.24,0.110797,-0.993843,1250,0.857143,-1.45977,2.4,0.12,7500,2000,2,4,1,6
Kinzhal,48,2,5918.54,3384.22,5876.29,3476.25,0.860677,0.509152,839.019,-807.347,0.720576,-0.693376,1250,0.857143,-0.766164,2.4,0.12,7500,2000,2,4,1,6
Kinzhal,49,2,7330.23,3396.78,7507.68,3403.94,0.910761,0.412934,147.865,-1155.46,0.126935,-0.991911,1250,0.857143,-1.44352,2.4,0.12,7500,2000,2,4,1,6
Geran2,50,0,4114.69,6163.93,4147.29,6204.09,0.555741,0.831355,-242.98,-325.632,-0.598039,-0.801467,416.667,9.57307e-009,-2.21185,2.8,1.1,2500,4000,0,0,0.5,6
Kalibr,1,1,2551.88,5717.14,2519.63,5702.48,0.404154,0.914691,-30.461,-815.025,-0.0373483,-0.999302,857.5,0.453429,-1.60815,1.2,0.45,2500,4000,0,1,0.75,6.1
Kalibr,2,1,3694.52,5557.18,3773.62,5586.46,0.559755,0.828658,-492.9,-649.891,-0.604292,-0.796763,857.5,0.453429,-2.21967,1.2,0.45,2500,4000,0,1,0.75,6.1
Geran2,3,0,6166.88,7456.98,6098.34,7558.08,0.627947,0.778256,307.007,-266.247,0.755476,-0.655176,416.667,9.57307e-009,-0.714416,2.8,1.1,9000,5000,1,1,0.5,6.1
Kinzhal,4,2,6915.53,2946.17,6747.84,2772.91,0.924949,0.380092,612.456,-991.472,0.52554,-0.850769,1250,0.857143,-1.01745,2.4,0.12,7500,2000,2,4,1,6.1
Kalibr,5,1,8015.84,5412.97,7943.36,5512.22,0.821564,0.570116,751.445,-317.864,0.920992,-0.389582,857.5,0.453429,-0.400178,1.2,0.45,9000,5000,1,2,0.75,6.1
Kalibr,7,1,6771.66,5776.68,6795.15,6002.34,0.749475,0.662032,768.809,-272.43,0.942572,-0.334004,857.5,0.453429,-0.340548,1.2,0.45,9000,5000,1,2,0.75,6.1
Kalibr,8,1,3319.61,4823.82,3224.55,4869.7,0.5521,0.833778,-575.091,-578.928,-0.704752,-0.709454,857.5,0.453429,-2.35287,1.2,0.45,2500,4000,0,1,0.75,6.1
Geran2,10,0,4319.79,6101.54,4435.18,6169.81,0.58369,0.811976,-266.018,-307.205,-0.654613,-0.755965,416.667,9.57307e-009,-2.28447,2.8,1.1,2500,4000,0,0,0.5,6.1
Geran2,11,0,6359.84,7027.9,6393.32,7143.51,0.666896,0.745151,322.234,-247.507,0.793058,-0.609146,416.667,9.57307e-009,-0.654983,2.8,1.1,9000,5000,1,1,0.5,6.1
Kinzhal,12,2,9579.19,4018.66,9598.56,4003.05,0.922952,0.384914,194.703,-1147.95,0.167221,-0.985919,1250,0.857143,-1.40279,2.4,0.12,9000,5000,1,3,1,6.1
Kalibr,14,1,7318.58,6486.02,7495.72,6453.08,0.757847,0.652432,611.972,-539.713,0.749997,-0.661441,857.5,0.453429,-0.722738,1.2,0.45,9000,5000,1,2,0.75,6.1
Kalibr,15,1,3033.69,4572.77,3142.44,4531.51,0.569853,0.821747,-556.163,-597.167,-0.681536,-0.731784,857.5,0.453429,-2.32066,1.2,0.45,2500,4000,0,1,0.75,6.1
Geran2,16,0,5796.64,6333.17,5769.46,6287.66,0.676092,0.736817,148.653,-378.159,0.365846,-0.930676,416.667,9.57307e-009,-1.19625,2.8,1.1,7500,2000,2,2,0.5,6.1
Kalibr,17,1,2997.83,4811.91,2986.97,5054.43,0.508763,0.860907,-425.686,-696.168,-0.521673,-0.853145,857.5,0.453429,-2.11961,1.2,0.45,2500,4000,0,1,0.75,6.1
Geran2,20,0,6767.2,6790.8,6839.83,6847.39,0.706716,0.707497,316.986,-254.236,0.780092,-0.625665,416.667,9.57307e-009,-0.675984,2.8,1.1,9000,5000,1,1,0.5,6.1
Kalibr,21,1,8014.1,5580.67,8047.02,5696.28,0.816201,0.577768,701.719,-416.25,0.860068,-0.51018,857.5,0.453429,-0.535394,1.2,0.45,9000,5000,1,2,0.75,6.1
Kinzhal,23,2,1173.33,2727.19,1101.16,2654.16,0.383208,0.923662,-1011.29,-577.064,-0.868545,-0.495611,1250,0.857143,-2.62305,2.4,0.12,2500,4000,0,2,1,6.1
Geran2,24,0,6518.36,7158.15,6416.42,7017.09,0.674815,0.737987,75.9766,-399.229,0.186953,-0.982369,416.667,9.57307e-009,-1.38274,2.8,1.1,7500,2000,2,2,0.5,6.1
Geran2,25,0,4437.19,7583.1,4374.84,7501.26,0.503794,0.863824,195.457,-356.293,0.480967,-0.876739,416.667,9.57307e-009,-1.06904,2.8,1.1,7500,2000,2,2,0.5,6.1
Kalibr,26,1,2576.9,4205.4,2564.63,4104.64,0.529885,0.848069,-290.379,-762.57,-0.355863,-0.934538,857.5,0.453429,-1.93463,1.2,0.45,2500,4000,0,1,0.75,6.1
Kalibr,27,1,6080.22,4330.67,6093.03,4393.16,0.811144,0.584847,424.454,-696.966,0.520138,-0.854082,857.5,0.453429,-1.02378,1.2,0.45,7500,2000,2,3,0.75,6.1
Kinzhal,29,2,9468.71,5154.3,9441.01,5298.13,0.872066,0.489388,476.993,-1062.16,0.409665,-0.912236,1250,0.857143,-1.14871,2.4,0.12,9000,5000,1,3,1,6.1
Kinzhal,30,2,9281.55,4378.7,9379.11,4469.72,0.90273,0.430207,1137.66,-247.877,0.977076,-0.212889,1250,0.857143,-0.214531,2.4,0.12,9000,5000,1,3,1,6.1
Kalibr,31,1,2586.2,4589.71,2552.22,4554.67,0.488837,0.872375,-126.401,-805.875,-0.154955,-0.987921,857.5,0.453429,-1.72638,1.2,0.45,2500,4000,0,1,0.75,6.1
Kinzhal,32,2,6848.12,3392.75,6893.07,3426.39,0.895472,0.445119,494.026,-1055.5,0.423914,-0.905702,1250,0.857143,-1.13303,2.4,0.12,7500,2000,2,4,1,6.1
Kinzhal,34,2,7565.52,2371.49,7714.39,2510.03,0.950931,0.309404,-113.101,-1158.84,-0.0971369,-0.995271,1250,0.857143,-1.66809,2.4,0.12,7500,2000,2,4,1,6.1
Geran2,35,0,4574.39,6310.61,4564.84,6256.37,0.589417,0.807829,-271.458,-302.37,-0.668046,-0.74412,416.667,9.57307e-009,-2.30238,2.8,1.1,2500,4000,0,0,0.5,6.1
Kalibr,36,1,7248.35,3537.85,7260.08,3619.41,0.894951,0.446165,131.604,-805.359,0.161271,-0.98691,857.5,0.453429,-1.40882,1.2,0.45,7500,2000,2,3,0.75,6.1
Geran2,37,0,3403.09,5869.58,3304.94,5727.21,0.499811,0.866134,-176.726,-365.856,-0.43496,-0.90045,416.667,9.57307e-009,-2.02079,2.8,1.1,2500,4000,0,0,0.5,6.1
Kinzhal,38,2,7234.33,2301.41,7174.14,2358.63,0.949976,0.312322,770.03,-874.578,0.660822,-0.750543,1250,0.857143,-0.848883,2.4,0.12,7500,2000,2,4,1,6.1
Geran2,39,0,3410.14,6429.97,3387.72,6478.72,0.463374,0.886163,-142.526,-380.53,-0.350751,-0.936469,416.667,9.57307e-009,-1.92917,2.8,1.1,2500,4000,0,0,0.5,6.1
Geran2,40,0,4815.25,6974.69,4583.64,6971.12,0.549397,0.835561,-249.598,-320.688,-0.614207,-0.789145,416.667,9.57307e-009,-2.23218,2.8,1.1,2500,4000,0,0,0.5,6.1
Geran2,41,0,4607.55,6822.79,4680.8,7124.55,0.549092,0.835762,-243.126,-325.636,-0.598265,-0.801298,416.667,9.57307e-009,-2.21213,2.8,1.1,2500,4000,0,0,0.5,6.1
Geran2,43,0,2872.23,6473.2,2914.77,6447.81,0.411922,0.911219,-60.4801,-401.851,-0.148828,-0.988863,416.667,9.57307e-009,-1.72018,2.8,1.1,2500,4000,0,0,0.5,6.1
Kinzhal,44,2,6841.51,2876.26,6952.94,2828.3,0.926296,0.376797,700.085,-931.628,0.600749,-0.799438,1250,0.857143,-0.926359,2.4,0.12,7500,2000,2,4,1,6.1
Geran2,45,0,2893.83,6621.77,2890.37,6598.05,0.401253,0.915967,-60.368,-401.874,-0.148549,-0.988905,416.667,9.57307e-009,-1.7199,2.8,1.1,2500,4000,0,0,0.5,6.1
Geran2,46,0,3459.78,6336.36,3398.49,6578.52,0.458976,0.888449,-154.408,-375.868,-0.379988,-0.924991,416.667,9.57307e-009,-1.96058,2.8,1.1,2500,4000,0,0,0.5,6.1
Kinzhal,47,2,7484.19,2141.8,7502.74,1981.47,0.96685,0.255345,129.122,-1158.21,0.110797,-0.993843,1250,0.857143,-1.45977,2.4,0.12,7500,2000,2,4,1,6.1
Kinzhal,48,2,6003.35,3304.44,6084.86,3370.59,0.87476,0.484556,848.157,-797.738,0.728426,-0.685125,1250,0.857143,-0.754775,2.4,0.12,7500,2000,2,4,1,6.1
Kinzhal,49,2,7344.84,3281.21,7280.01,3295.32,0.911015,0.412374,146.103,-1155.71,0.12542,-0.992104,1250,0.857143,-1.44505,2.4,0.12,7500,2000,2,4,1,6.1
Geran2,50,0,4090.39,6131.37,4063.76,6099.72,0.554444,0.832221,-242.983,-325.635,-0.598039,-0.801467,416.667,9.57307e-009,-2.21185,2.8,1.1,2500,4000,0,0,0.5,6.1
Kalibr,1,1,2548.9,5635.63,2670.33,5660.55,0.426653,0.904416,-29.7595,-815.077,-0.036487,-0.999334,857.5,0.453429,-1.60729,1.2,0.45,2500,4000,0,1,0.75,6.2
Kalibr,2,1,3645.19,5492.23,3710.3,5717.55,0.544359,0.838852,-493.341,-649.582,-0.604818,-0.796363,857.5,0.453429,-2.22033,1.2,0.45,2500,4000,0,1,0.75,6.2
Geran2,3,0,6197.58,7430.36,6336.77,7387.52,0.651064,0.759023,307.005,-266.246,0.755476,-0.655176,416.667,9.57307e-009,-0.714416,2.8,1.1,9000,5000,1,1,0.5,6.2
Kinzhal,4,2,6976.77,2847.02,6920.39,2866.89,0.923862,0.382725,612.445,-991.454,0.52554,-0.850769,1250,0.857143,-1.01745,2.4,0.12,7500,2000,2,4,1,6.2
Kalibr,5,1,8091,5381.21,8250.93,5497.17,0.832211,0.554459,751.554,-317.602,0.921127,-0.389263,857.5,0.453429,-0.399831,1.2,0.45,9000,5000,1,2,0.75,6.2
Kalibr,7,1,6848.56,5749.49,6963.44,5602.06,0.779157,0.626829,768.999,-271.959,0.94278,-0.333417,857.5,0.453429,-0.339925,1.2,0.45,9000,5000,1,2,0.75,6.2
Kalibr,8,1,3262.1,4765.93,3164.93,4642.03,0.563326,0.826235,-575.136,-578.867,-0.704817,-0.709389,857.5,0.453429,-2.35296,1.2,0.45,2500,4000,0,1,0.75,6.2
Geran2,10,0,4293.19,6070.82,4322.4,5901.15,0.590909,0.806738,-266.017,-307.203,-0.654613,-0.755965,416.667,9.57307e-009,-2.28447,2.8,1.1,2500,4000,0,0,0.5,6.2
Geran2,11,0,6392.06,7003.15,6249.93,7047.05,0.663527,0.748153,322.236,-247.509,0.793058,-0.609146,416.667,9.57307e-009,-0.654983,2.8,1.1,9000,5000,1,1,0.5,6.2
Kinzhal,12,2,9597.17,3903.62,9521.36,4028.3,0.920966,0.389642,179.808,-1150.36,0.154431,-0.988004,1250,0.857143,-1.41574,2.4,0.12,9000,5000,1,3,1,6.2
Kalibr,14,1,7379.77,6432.04,7321.45,6366.26,0.754617,0.656166,611.899,-539.786,0.749914,-0.661535,857.5,0.453429,-0.722864,1.2,0.45,9000,5000,1,2,0.75,6.2
Kalibr,15,1,2978.08,4513.06,2885.26,4403.57,0.548048,0.836447,-556.17,-597.142,-0.681557,-0.731765,857.5,0.453429,-2.32068,1.2,0.45,2500,4000,0,1,0.75,6.2
Geran2,16,0,5811.51,6295.36,5585.7,6287.84,0.664132,0.747616,148.654,-378.161,0.365846,-0.930676,416.667,9.57307e-009,-1.19625,2.8,1.1,7500,2000,2,2,0.5,6.2
Kalibr,17,1,2955.25,4742.3,2862.56,4842.03,0.508908,0.860821,-425.784,-696.097,-0.521799,-0.853068,857.5,0.453429,-2.11976,1.2,0.45,2500,4000,0,1,0.75,6.2
Geran2,20,0,6798.9,6765.37,6885.25,6716.92,0.715803,0.698302,316.986,-254.236,0.780091,-0.625665,416.667,9.57307e-009,-0.675984,2.8,1.1,9000,5000,1,1,0.5,6.2
Kalibr,21,1,8084.28,5539.07,7907.25,5499.49,0.820964,0.57098,701.876,-415.986,0.860259,-0.509856,857.5,0.453429,-0.535018,1.2,0.45,9000,5000,1,2,0.75,6.2
Kinzhal,23,2,1071.46,2670.79,907.957,2632.53,0.326051,0.945352,-1018.66,-563.9,-0.874894,-0.484315,1250,0.857143,-2.63601,2.4,0.12,2500,4000,0,2,1,6.2
Geran2,24,0,6525.96,7118.23,6463.91,7122.33,0.67205,0.740506,75.9759,-399.225,0.186953,-0.982369,416.667,9.57307e-009,-1.38274,2.8,1.1,7500,2000,2,2,0.5,6.2
Geran2,25,0,4456.73,7547.47,4449.81,7540.11,0.508246,0.861212,195.456,-356.29,0.480967,-0.876739,416.667,9.57307e-009,-1.06904,2.8,1.1,7500,2000,2,2,0.5,6.2
Kalibr,26,1,2547.91,4129.12,2557.01,4064.62,0.532486,0.846439,-289.862,-762.758,-0.355233,-0.934778,857.5,0.453429,-1.93396,1.2,0.45,2500,4000,0,1,0.75,6.2
Kalibr,27,1,6122.67,4260.98,6060.09,4388.73,0.809918,0.586544,424.458,-696.949,0.520151,-0.854074,857.5,0.453429,-1.02377,1.2,0.45,7500,2000,2,3,0.75,6.2
Kinzhal,29,2,9515.02,5047.48,9648.25,5008.39,0.887544,0.460723,463.18,-1068.23,0.39781,-0.917468,1250,0.857143,-1.16167,2.4,0.12,9000,5000,1,3,1,6.2
Kinzhal,30,2,9395.62,4355.39,9386.46,4426.39,0.904476,0.426525,1140.75,-233.111,0.979753,-0.200211,1250,0.857143,-0.201573,2.4,0.12,9000,5000,1,3,1,6.2
Kalibr,31,1,2573.66,4509.1,2556.38,4419.13,0.500733,0.865602,-125.39,-806.047,-0.153712,-0.988116,857.5,0.453429,-1.72512,1.2,0.45,2500,4000,0,1,0.75,6.2
Kinzhal,32,2,6897.52,3287.21,6873.25,3332.15,0.899831,0.436239,494.017,-1055.48,0.423914,-0.905702,1250,0.857143,-1.13303,2.4,0.12,7500,2000,2,4,1,6.2
Kinzhal,34,2,7552.71,2255.76,7569,2400.62,0.953205,0.302323,-128.105,-1157.26,-0.110025,-0.993929,1250,0.857143,-1.68104,2.4,0.12,7500,2000,2,4,1,6.2
Geran2,35,0,4547.24,6280.37,4667.96,6175.46,0.603002,0.79774,-271.458,-302.37,-0.668046,-0.74412,416.667,9.57307e-009,-2.30238,2.8,1.1,2500,4000,0,0,0.5,6.2
Kalibr,36,1,7261.51,3457.32,7204.07,3450.03,0.90191,0.431924,131.623,-805.342,0.161298,-0.986906,857.5,0.453429,-1.40879,1.2,0.45,7500,2000,2,3,0.75,6.2
Geran2,37,0,3385.42,5832.99,3263.94,5647.12,0.500411,0.865788,-176.727,-365.859,-0.43496,-0.90045,416.667,9.57307e-009,-2.02079,2.8,1.1,2500,4000,0,0,0.5,6.2
Kinzhal,38,2,7311.35,2213.96,7358.88,2223.85,0.957245,0.289279,770.135,-874.472,0.660918,-0.750458,1250,0.857143,-0.848755,2.4,0.12,7500,2000,2,4,1,6.2
Geran2,39,0,3395.88,6391.91,3437.23,6520.52,0.466318,0.884617,-142.526,-380.53,-0.350751,-0.936469,416.667,9.57307e-009,-1.92917,2.8,1.1,2500,4000,0,0,0.5,6.2
Geran2,40,0,4790.29,6942.62,4634.13,7013.28,0.551286,0.834316,-249.596,-320.686,-0.614207,-0.789145,416.667,9.57307e-009,-2.23218,2.8,1.1,2500,4000,0,0,0.5,6.2
Geran2,41,0,4583.24,6790.23,4594.61,6823.22,0.558548,0.829472,-243.124,-325.633,-0.598265,-0.801298,416.667,9.57307e-009,-2.21213,2.8,1.1,2500,4000,0,0,0.5,6.2
Geran2,43,0,2866.18,6433.01,2908.41,6511.99,0.407799,0.913072,-60.4797,-401.848,-0.148828,-0.988863,416.667,9.57307e-009,-1.72018,2.8,1.1,2500,4000,0,0,0.5,6.2
Kinzhal,44,2,6911.51,2783.1,6935.42,2869.16,0.924048,0.382276,700.077,-931.612,0.600751,-0.799436,1250,0.857143,-0.926356,2.4,0.12,7500,2000,2,4,1,6.2
Geran2,45,0,2887.8,6581.58,2821.99,6443.68,0.401163,0.916007,-60.3675,-401.871,-0.148549,-0.988905,416.667,9.57307e-009,-1.7199,2.8,1.1,2500,4000,0,0,0.5,6.2
Geran2,46,0,3444.34,6298.77,3341.49,6159.65,0.476836,0.878992,-154.408,-375.868,-0.379988,-0.924991,416.667,9.57307e-009,-1.96058,2.8,1.1,2500,4000,0,0,0.5,6.2
Kinzhal,48,2,6088.9,3225.45,6007.12,3252.57,0.879371,0.476138,855.435,-789.964,0.734662,-0.678434,1250,0.857143,-0.745629,2.4,0.12,7500,2000,2,4,1,6.2
Kinzhal,49,2,7359.31,3165.62,7358.05,3273.69,0.913653,0.406496,144.645,-1155.91,0.124166,-0.992261,1250,0.857143,-1.44631,2.4,0.12,7500,2000,2,4,1,6.2
Geran2,50,0,4066.09,6098.81,4039.5,6020.1,0.55719,0.830385,-242.985,-325.639,-0.598039,-0.801467,416.667,9.57307e-009,-2.21185,2.8,1.1,2500,4000,0,0,0.5,6.2
Kalibr,1,1,2545.99,5554.12,2564.91,5542.33,0.419991,0.907528,-29.1117,-815.124,-0.0356917,-0.999363,857.5,0.453429,-1.6065,1.2,0.45,2500,4000,0,1,0.75,6.3
Kalibr,2,1,3595.82,5427.3,3561.61,5333.7,0.555327,0.831632,-493.746,-649.297,-0.605301,-0.795997,857.5,0.453429,-2.22094,1.2,0.45,2500,4000,0,1,0.75,6.3
Geran2,3,0,6228.28,7403.73,6361.81,7426.63,0.650563,0.759452,307.003,-266.244,0.755476,-0.655176,416.667,9.57307e-009,-0.714416,2.8,1.1,9000,5000,1,1,0.5,6.3
Kinzhal,4,2,7038.02,2747.88,6938.08,2801.86,0.927244,0.374457,612.435,-991.437,0.52554,-0.850769,1250,0.857143,-1.01745,2.4,0.12,7500,2000,2,4,1,6.3
Kalibr,5,1,8166.16,5349.47,8238.95,5355.7,0.838426,0.545015,751.658,-317.354,0.921255,-0.388958,857.5,0.453429,-0.399501,1.2,0.45,9000,5000,1,2,0.75,6.3
Kalibr,7,1,6925.47,5722.33,6824.31,5734.29,0.765602,0.643315,769.172,-271.529,0.942969,-0.332882,857.5,0.453429,-0.339358,1.2,0.45,9000,5000,1,2,0.75,6.3
Kalibr,8,1,3204.58,4708.05,3341.88,4743.16,0.575967,0.817473,-575.18,-578.81,-0.704879,-0.709327,857.5,0.453429,-2.35305,1.2,0.45,2500,4000,0,1,0.75,6.3
Geran2,10,0,4266.58,6040.1,4324,5878.62,0.592522,0.805554,-266.015,-307.202,-0.654613,-0.755965,416.667,9.57307e-009,-2.28447,2.8,1.1,2500,4000,0,0,0.5,6.3
Geran2,11,0,6424.28,6978.4,6457.67,6817.42,0.687692,0.726003,322.238,-247.51,0.793058,-0.609146,416.667,9.57307e-009,-0.654983,2.8,1.1,9000,5000,1,1,0.5,6.3
Kinzhal,12,2,9613.65,3788.37,9614.79,3739.63,0.931987,0.362492,164.884,-1152.57,0.141616,-0.989922,1250,0.857143,-1.4287,2.4,0.12,9000,5000,1,3,1,6.3
Kalibr,14,1,7440.95,6378.06,7394.23,6363.61,0.757954,0.652308,611.833,-539.853,0.749838,-0.661622,857.5,0.453429,-0.72298,1.2,0.45,9000,5000,1,2,0.75,6.3
Kalibr,15,1,2922.46,4453.35,2787.26,4442.18,0.531492,0.847063,-556.179,-597.118,-0.681577,-0.731746,857.5,0.453429,-2.32071,1.2,0.45,2500,4000,0,1,0.75,6.3
Geran2,16,0,5826.37,6257.54,5821.37,6257.31,0.681143,0.732151,148.654,-378.162,0.365846,-0.930676,416.667,9.57307e-009,-1.19625,2.8,1.1,7500,2000,2,2,0.5,6.3
Kalibr,17,1,2912.66,4672.7,2875.21,4564.3,0.532998,0.846117,-425.879,-696.029,-0.521921,-0.852994,857.5,0.453429,-2.1199,1.2,0.45,2500,4000,0,1,0.75,6.3
Geran2,20,0,6830.6,6739.95,6834.29,6722.31,0.712923,0.701242,316.986,-254.236,0.780091,-0.625665,416.667,9.57307e-009,-0.675984,2.8,1.1,9000,5000,1,1,0.5,6.3
Kalibr,21,1,8154.49,5497.5,8124.48,5491.87,0.828477,0.560023,702.025,-415.737,0.860441,-0.50955,857.5,0.453429,-0.534662,1.2,0.45,9000,5000,1,2,0.75,6.3
Kinzhal,23,2,968.876,2615.73,898.006,2383.52,0.352564,0.935788,-1025.86,-550.644,-0.881096,-0.472938,1250,0.857143,-2.64897,2.4,0.12,2500,4000,0,2,1,6.3
Geran2,24,0,6533.56,7078.31,6365.85,7171.3,0.663861,0.747856,75.9752,-399.221,0.186953,-0.982369,416.667,9.57307e-009,-1.38274,2.8,1.1,7500,2000,2,2,0.5,6.3
Geran2,25,0,4476.28,7511.85,4373.52,7514.11,0.503037,0.864265,195.454,-356.287,0.480967,-0.876739,416.667,9.57307e-009,-1.06904,2.8,1.1,7500,2000,2,2,0.5,6.3
Kalibr,27,1,6165.11,4191.28,6110.66,4257.7,0.820477,0.57168,424.461,-696.933,0.520162,-0.854067,857.5,0.453429,-1.02376,1.2,0.45,7500,2000,2,3,0.75,6.3
Kinzhal,29,2,9559.95,4940.07,9642.18,4953.54,0.889487,0.456961,449.292,-1074.12,0.385888,-0.922545,1250,0.857143,-1.17463,2.4,0.12,9000,5000,1,3,1,6.3
Kinzhal,30,2,9509.99,4333.56,9410.78,4342.56,0.907992,0.418988,1143.66,-218.305,0.982265,-0.187498,1250,0.857143,-0.188615,2.4,0.12,9000,5000,1,3,1,6.3
Kalibr,31,1,2561.22,4428.48,2527.44,4483.27,0.491088,0.87111,-124.358,-806.22,-0.152445,-0.988312,857.5,0.453429,-1.72384,1.2,0.45,2500,4000,0,1,0.75,6.3
Kinzhal,32,2,6946.92,3181.66,6642.25,3221.42,0.899764,0.436377,494.008,-1055.46,0.423914,-0.905702,1250,0.857143,-1.13303,2.4,0.12,7500,2000,2,4,1,6.3
Kinzhal,34,2,7538.4,2140.21,7709.22,2247.76,0.960026,0.279912,-143.088,-1155.48,-0.122895,-0.99242,1250,0.857143,-1.694,2.4,0.12,7500,2000,2,4,1,6.3
Geran2,35,0,4520.1,6250.14,4533.71,6150.45,0.593351,0.804944,-271.458,-302.37,-0.668046,-0.74412,416.667,9.57307e-009,-2.30238,2.8,1.1,2500,4000,0,0,0.5,6.3
Kalibr,36,1,7274.67,3376.78,7243.99,3369.4,0.906716,0.421741,131.641,-805.328,0.161322,-0.986902,857.5,0.453429,-1.40877,1.2,0.45,7500,2000,2,3,0.75,6.3
Geran2,37,0,3367.75,5796.4,3229.78,5886.11,0.481052,0.876692,-176.729,-365.862,-0.43496,-0.90045,416.667,9.57307e-009,-2.02079,2.8,1.1,2500,4000,0,0,0.5,6.3
Kinzhal,38,2,7388.37,2126.53,7381.37,2030.78,0.964175,0.265266,770.249,-874.359,0.661021,-0.750367,1250,0.857143,-0.848618,2.4,0.12,7500,2000,2,4,1,6.3
Geran2,39,0,3381.63,6353.86,3459.39,6237.09,0.485036,0.874494,-142.526,-380.53,-0.350751,-0.936469,416.667,9.57307e-009,-1.92917,2.8,1.1,2500,4000,0,0,0.5,6.3
Geran2,40,0,4765.34,6910.55,4515.99,6987.35,0.542807,0.839857,-249.595,-320.685,-0.614207,-0.789145,416.667,9.57307e-009,-2.23218,2.8,1.1,2500,4000,0,0,0.5,6.3
Geran2,41,0,4558.93,6757.66,4581.45,6704.85,0.564174,0.825656,-243.123,-325.631,-0.598265,-0.801298,416.667,9.57307e-009,-2.21213,2.8,1.1,2500,4000,0,0,0.5,6.3
Geran2,43,0,2860.13,6392.83,2770.5,6439.55,0.395207,0.918592,-60.4794,-401.846,-0.148828,-0.988863,416.667,9.57307e-009,-1.72018,2.8,1.1,2500,4000,0,0,0.5,6.3
Kinzhal,44,2,6981.52,2689.94,6837.65,2689.99,0.930577,0.366097,700.068,-931.597,0.600753,-0.799435,1250,0.857143,-0.926354,2.4,0.12,7500,2000,2,4,1,6.3
Geran2,45,0,2881.76,6541.4,2978.09,6636.66,0.409404,0.912353,-60.3671,-401.868,-0.148549,-0.988905,416.667,9.57307e-009,-1.7199,2.8,1.1,2500,4000,0,0,0.5,6.3
Geran2,46,0,3428.9,6261.18,3396.21,6230.98,0.478579,0.878044,-154.408,-375.868,-0.379988,-0.924991,416.667,9.57307e-009,-1.96058,2.8,1.1,2500,4000,0,0,0.5,6.3
Kinzhal,48,2,6175.02,3147.08,6300.72,3055.05,0.899805,0.436291,861.262,-783.663,0.739642,-0.673001,1250,0.857143,-0.738258,2.4,0.12,7500,2000,2,4,1,6.3
Kinzhal,49,2,7373.65,3050.01,7527.57,3206.52,0.920009,0.391896,143.429,-1156.08,0.123121,-0.992392,1250,0.857143,-1.44736,2.4,0.12,7500,2000,2,4,1,6.3
Geran2,50,0,4041.79,6066.24,4105.05,6097.32,0.558477,0.82952,-242.988,-325.641,-0.598039,-0.801467,416.667,9.57307e-009,-2.21185,2.8,1.1,2500,4000,0,0,0.5,6.3
Kalibr,1,1,2543.14,5472.61,2379.78,5448.08,0.400288,0.916389,-28.512,-815.167,-0.0349555,-0.999389,857.5,0.453429,-1.60576,1.2,0.45,2500,4000,0,1,0.75,6.4
Kalibr,2,1,3546.4,5362.39,3498.92,5604.54,0.529573,0.848265,-494.118,-649.035,-0.605744,-0.795659,857.5,0.453429,-2.2215,1.2,0.45,2500,4000,0,1,0.75,6.4
Geran2,3,0,6258.98,7377.11,6263.24,7307.13,0.65079,0.759258,307.002,-266.243,0.755476,-0.655176,416.667,9.57307e-009,-0.714416,2.8,1.1,9000,5000,1,1,0.5,6.4
Kinzhal,4,2,7099.26,2648.74,6965.23,2652.62,0.934523,0.355902,612.425,-991.422,0.52554,-0.850769,1250,0.857143,-1.01745,2.4,0.12,7500,2000,2,4,1,6.4
Kalibr,5,1,8241.34,5317.76,8210.06,5558.39,0.828071,0.560623,751.758,-317.115,0.921378,-0.388667,857.5,0.453429,-0.399184,1.2,0.45,9000,5000,1,2,0.75,6.4
Kalibr,7,1,7002.41,5695.22,6938.75,5713,0.771999,0.635623,769.329,-271.137,0.943141,-0.332394,857.5,0.453429,-0.338841,1.2,0.45,9000,5000,1,2,0.75,6.4
Kalibr,8,1,3147.06,4650.17,3296.11,4766.14,0.568799,0.822477,-575.222,-578.755,-0.704938,-0.709269,857.5,0.453429,-2.35313,1.2,0.45,2500,4000,0,1,0.75,6.4
Geran2,10,0,4239.98,6009.38,4157.95,6091.38,0.563776,0.825928,-266.014,-307.2,-0.654613,-0.755965,416.667,9.57307e-009,-2.28447,2.8,1.1,2500,4000,0,0,0.5,6.4
Geran2,11,0,6456.51,6953.65,6498.12,6973.34,0.681739,0.731595,322.239,-247.511,0.793058,-0.609146,416.667,9.57307e-009,-0.654983,2.8,1.1,9000,5000,1,1,0.5,6.4
Kinzhal,12,2,9628.65,3672.91,9604.74,3816.7,0.929315,0.369288,149.933,-1154.59,0.128776,-0.991674,1250,0.857143,-1.44166,2.4,0.12,9000,5000,1,3,1,6.4
Kalibr,14,1,7502.13,6324.07,7517.15,6480.66,0.757392,0.65296,611.772,-539.914,0.749768,-0.661701,857.5,0.453429,-0.723085,1.2,0.45,9000,5000,1,2,0.75,6.4
Kalibr,15,1,2866.84,4393.64,2813.26,4241.83,0.552709,0.833375,-556.188,-597.095,-0.681597,-0.731728,857.5,0.453429,-2.32074,1.2,0.45,2500,4000,0,1,0.75,6.4
Geran2,16,0,5841.24,6219.73,5912.05,6272.33,0.685898,0.727697,148.655,-378.163,0.365846,-0.930676,416.667,9.57307e-009,-1.19625,2.8,1.1,7500,2000,2,2,0.5,6.4
Kalibr,17,1,2870.07,4603.1,2850.68,4539.44,0.531812,0.846862,-425.971,-695.964,-0.522039,-0.852922,857.5,0.453429,-2.12004,1.2,0.45,2500,4000,0,1,0.75,6.4
Geran2,20,0,6862.3,6714.53,6878.91,6828.58,0.709698,0.704506,316.986,-254.236,0.780091,-0.625665,416.667,9.57307e-009,-0.675984,2.8,1.1,9000,5000,1,1,0.5,6.4
Kalibr,21,1,8224.7,5455.95,8206.2,5587.43,0.826589,0.562807,702.166,-415.499,0.860614,-0.509258,857.5,0.453429,-0.534323,1.2,0.45,9000,5000,1,2,0.75,6.4
Kinzhal,23,2,865.587,2562,771.356,2479.01,0.297104,0.954845,-1032.9,-537.295,-0.88715,-0.461481,1250,0.857143,-2.66193,2.4,0.12,2500,4000,0,2,1,6.4
Geran2,24,0,6541.15,7038.38,6553.14,7021.49,0.682304,0.731068,75.9746,-399.218,0.186953,-0.982369,416.667,9.57307e-009,-1.38274,2.8,1.1,7500,2000,2,2,0.5,6.4
Geran2,25,0,4495.82,7476.22,4367.89,7504.5,0.503034,0.864266,195.453,-356.285,0.480967,-0.876739,416.667,9.57307e-009,-1.06904,2.8,1.1,7500,2000,2,2,0.5,6.4
Kalibr,27,1,6207.56,4121.59,6192.16,4127.29,0.832101,0.554624,424.464,-696.919,0.520173,-0.854061,857.5,0.453429,-1.02374,1.2,0.45,7500,2000,2,3,0.75,6.4
Kinzhal,29,2,9603.49,4832.08,9456.03,4762.83,0.893108,0.449842,435.328,-1079.84,0.373901,-0.927468,1250,0.857143,-1.18758,2.4,0.12,9000,5000,1,3,1,6.4
Kinzhal,30,2,9624.62,4313.22,9630.18,4234.77,0.915403,0.402539,1146.37,-203.464,0.984612,-0.174754,1250,0.857143,-0.175656,2.4,0.12,9000,5000,1,3,1,6.4
Kalibr,31,1,2548.89,4347.84,2580.76,4231.33,0.520707,0.853735,-123.279,-806.397,-0.151121,-0.988515,857.5,0.453429,-1.7225,1.2,0.45,2500,4000,0,1,0.75,6.4
Kinzhal,32,2,6996.32,3076.12,6969.44,3030.53,0.917054,0.398763,494,-1055.44,0.423914,-0.905702,1250,0.857143,-1.13303,2.4,0.12,7500,2000,2,4,1,6.4
Geran2,35,0,4492.95,6219.9,4296.76,6136.53,0.573569,0.819157,-271.458,-302.37,-0.668046,-0.74412,416.667,9.57307e-009,-2.30238,2.8,1.1,2500,4000,0,0,0.5,6.4
Kalibr,36,1,7287.84,3296.25,7408.43,3299.2,0.913511,0.406814,131.658,-805.314,0.161345,-0.986898,857.5,0.453429,-1.40874,1.2,0.45,7500,2000,2,3,0.75,6.4
Geran2,37,0,3350.07,5759.82,3472.52,5550.59,0.530372,0.847765,-176.73,-365.865,-0.43496,-0.90045,416.667,9.57307e-009,-2.02079,2.8,1.1,2500,4000,0,0,0.5,6.4
Geran2,39,0,3367.38,6315.81,3357.62,6270.65,0.472041,0.881577,-142.526,-380.53,-0.350751,-0.936469,416.667,9.57307e-009,-1.92917,2.8,1.1,2500,4000,0,0,0.5,6.4
Geran2,40,0,4740.38,6878.48,4665.7,6973.56,0.556074,0.831133,-249.594,-320.683,-0.614207,-0.789145,416.667,9.57307e-009,-2.23218,2.8,1.1,2500,4000,0,0,0.5,6.4
Geran2,41,0,4534.62,6725.1,4566.1,6793.24,0.557849,0.829943,-243.121,-325.629,-0.598265,-0.801298,416.667,9.57307e-009,-2.21213,2.8,1.1,2500,4000,0,0,0.5,6.4
Geran2,43,0,2854.08,6352.64,2754.54,6383.05,0.396221,0.918155,-60.4791,-401.844,-0.148828,-0.988863,416.667,9.57307e-009,-1.72018,2.8,1.1,2500,4000,0,0,0.5,6.4
Kinzhal,44,2,7051.53,2596.78,7014.28,2696.62,0.933398,0.358842,700.061,-931.583,0.600754,-0.799434,1250,0.857143,-0.926352,2.4,0.12,7500,2000,2,4,1,6.4
Geran2,45,0,2875.72,6501.21,2820.3,6549.86,0.395484,0.918473,-60.3667,-401.866,-0.148549,-0.988905,416.667,9.57307e-009,-1.7199,2.8,1.1,2500,4000,0,0,0.5,6.4
Geran2,46,0,3413.46,6223.59,3382.24,6181.02,0.48003,0.877252,-154.408,-375.868,-0.379989,-0.924991,416.667,9.57307e-009,-1.96058,2.8,1.1,2500,4000,0,0,0.5,6.4
Kinzhal,48,2,6261.62,3069.23,6173.53,2990.19,0.899988,0.435915,865.953,-778.545,0.743641,-0.668579,1250,0.857143,-0.732296,2.4,0.12,7500,2000,2,4,1,6.4
Kinzhal,49,2,7387.89,2934.39,7440.4,2958.59,0.929231,0.369498,142.406,-1156.23,0.12224,-0.992501,1250,0.857143,-1.44825,2.4,0.12,7500,2000,2,4,1,6.4
Geran2,50,0,4017.49,6033.68,4036.55,5998.94,0.558262,0.829665,-242.99,-325.644,-0.598039,-0.801467,416.667,9.57307e-009,-2.21185,2.8,1.1,2500,4000,0,0,0.5,6.4
Kalibr,1,1,2540.35,5391.09,2498.39,5389.28,0.420588,0.907252,-27.9553,-815.207,-0.0342721,-0.999413,857.5,0.453429,-1.60508,1.2,0.45,2500,4000,0,1,0.75,6.5
Kalibr,2,1,3496.96,5297.51,3331.09,5381.47,0.526321,0.850286,-494.46,-648.794,-0.606153,-0.795348,857.5,0.453429,-2.22201,1.2,0.45,2500,4000,0,1,0.75,6.5
Geran2,3,0,6289.68,7350.49,6217.37,7313.26,0.647715,0.761883,307,-266.242,0.755476,-0.655176,416.667,9.57307e-009,-0.714416,2.8,1.1,9000,5000,1,1,0.5,6.5
Kinzhal,4,2,7160.5,2549.6,7089.08,2526.43,0.941968,0.335702,612.417,-991.409,0.52554,-0.850769,1250,0.857143,-1.01745,2.4,0.12,7500,2000,2,4,1,6.5
Kalibr,5,1,8316.52,5286.07,8410.39,5414.35,0.840829,0.5413,751.854,-316.884,0.921497,-0.388384,857.5,0.453429,-0.398878,1.2,0.45,9000,5000,1,2,0.75,6.5
Kalibr,7,1,7079.35,5668.14,7044.77,5627.07,0.781342,0.624103,769.472,-270.779,0.943298,-0.331948,857.5,0.453429,-0.338368,1.2,0.45,9000,5000,1,2,0.75,6.5
Kalibr,8,1,3089.53,4592.3,3043.48,4514.56,0.558987,0.829176,-575.262,-578.704,-0.704994,-0.709213,857.5,0.453429,-2.35321,1.2,0.45,2500,4000,0,1,0.75,6.5
Geran2,10,0,4213.38,5978.66,4260.05,5961.25,0.581421,0.813603,-266.013,-307.199,-0.654612,-0.755965,416.667,9.57307e-009,-2.28447,2.8,1.1,2500,4000,0,0,0.5,6.5
Geran2,11,0,6488.73,6928.9,6500.67,6926.42,0.684341,0.729162,322.241,-247.512,0.793058,-0.609146,416.667,9.57307e-009,-0.654983,2.8,1.1,9000,5000,1,1,0.5,6.5
Kinzhal,12,2,9642.14,3557.27,9654.12,3529.11,0.939214,0.343334,134.956,-1156.42,0.115915,-0.993259,1250,0.857143,-1.45462,2.4,0.12,9000,5000,1,3,1,6.5
Kalibr,14,1,7563.3,6270.07,7598.98,6185.68,0.775539,0.6313,611.717,-539.97,0.749704,-0.661773,857.5,0.453429,-0.723181,1.2,0.45,9000,5000,1,2,0.75,6.5
Kalibr,15,1,2811.22,4333.93,2645.89,4357.61,0.519007,0.85477,-556.198,-597.072,-0.681618,-0.731709,857.5,0.453429,-2.32077,1.2,0.45,2500,4000,0,1,0.75,6.5
Geran2,16,0,5856.1,6181.91,5889.08,6051.76,0.697409,0.716673,148.655,-378.164,0.365846,-0.930676,416.667,9.57307e-009,-1.19625,2.8,1.1,7500,2000,2,2,0.5,6.5
Kalibr,17,1,2827.46,4533.51,2743.84,4589.5,0.513139,0.858306,-426.061,-695.9,-0.522154,-0.852851,857.5,0.453429,-2.12017,1.2,0.45,2500,4000,0,1,0.75,6.5
Geran2,20,0,6893.99,6689.1,6912.49,6664.47,0.719904,0.694073,316.986,-254.236,0.780091,-0.625665,416.667,9.57307e-009,-0.675984,2.8,1.1,9000,5000,1,1,0.5,6.5
Kalibr,21,1,8294.93,5414.42,8242.99,5448.76,0.834219,0.551433,702.302,-415.27,0.860779,-0.508978,857.5,0.453429,-0.533997,1.2,0.45,9000,5000,1,2,0.75,6.5
Kinzhal,23,2,761.611,2509.62,746.483,2604.62,0.275508,0.961299,-1039.76,-523.858,-0.893056,-0.449946,1250,0.857143,-2.67489,2.4,0.12,2500,4000,0,2,1,6.5
Geran2,24,0,6548.75,6998.46,6354.07,7137.12,0.664946,0.746891,75.974,-399.215,0.186953,-0.982369,416.667,9.57307e-009,-1.38274,2.8,1.1,7500,2000,2,2,0.5,6.5
Geran2,25,0,4515.37,7440.59,4485.9,7477.76,0.514432,0.857531,195.452,-356.283,0.480967,-0.876739,416.667,9.57307e-009,-1.06904,2.8,1.1,7500,2000,2,2,0.5,6.5
Kalibr,27,1,6250.01,4051.9,6262.58,4124.1,0.835173,0.549987,424.467,-696.906,0.520182,-0.854055,857.5,0.453429,-1.02373,1.2,0.45,7500,2000,2,3,0.75,6.5
Kinzhal,29,2,9645.61,4723.55,9782.79,4654.12,0.903016,0.429606,421.293,-1085.37,0.361851,-0.932236,1250,0.857143,-1.20054,2.4,0.12,9000,5000,1,3,1,6.5
Kinzhal,30,2,9739.51,4294.36,9844.19,4261.34,0.917708,0.397256,1148.89,-188.589,0.986794,-0.161981,1250,0.857143,-0.162697,2.4,0.12,9000,5000,1,3,1,6.5
Kalibr,31,1,2536.68,4267.18,2436.08,4176.78,0.503813,0.863813,-122.109,-806.586,-0.149685,-0.988734,857.5,0.453429,-1.72105,1.2,0.45,2500,4000,0,1,0.75,6.5
Kinzhal,32,2,7045.72,2970.57,7163.1,3024.46,0.921248,0.388976,493.993,-1055.43,0.423914,-0.905702,1250,0.857143,-1.13303,2.4,0.12,7500,2000,2,4,1,6.5
Geran2,35,0,4465.81,6189.66,4531.58,6276.34,0.585377,0.810761,-271.458,-302.37,-0.668046,-0.74412,416.667,9.57307e-009,-2.30238,2.8,1.1,2500,4000,0,0,0.5,6.5
Kalibr,36,1,7301.01,3215.72,7366.25,3252.9,0.914776,0.403961,131.674,-805.301,0.161367,-0.986895,857.5,0.453429,-1.40872,1.2,0.45,7500,2000,2,3,0.75,6.5
Geran2,37,0,3332.4,5723.23,3442.33,5762.13,0.512857,0.858474,-176.731,-365.868,-0.43496,-0.90045,416.667,9.57307e-009,-2.02079,2.8,1.1,2500,4000,0,0,0.5,6.5
Geran2,39,0,3353.12,6277.75,3253.94,6069.68,0.472484,0.881339,-142.526,-380.53,-0.350751,-0.936469,416.667,9.57307e-009,-1.92917,2.8,1.1,2500,4000,0,0,0.5,6.5
Geran2,40,0,4715.42,6846.41,4751.69,6935.26,0.565211,0.824946,-249.593,-320.682,-0.614207,-0.789145,416.667,9.57307e-009,-2.23218,2.8,1.1,2500,4000,0,0,0.5,6.5
Geran2,41,0,4510.3,6692.54,4524.12,6612.81,0.564647,0.825332,-243.119,-325.627,-0.598265,-0.801298,416.667,9.57307e-009,-2.21213,2.8,1.1,2500,4000,0,0,0.5,6.5
Geran2,43,0,2848.03,6312.46,2919.96,6246.55,0.42347,0.90591,-60.4788,-401.842,-0.148828,-0.988863,416.667,9.57307e-009,-1.72018,2.8,1.1,2500,4000,0,0,0.5,6.5
Kinzhal,44,2,7121.53,2503.62,6973.68,2341.48,0.947991,0.318297,700.054,-931.571,0.600755,-0.799433,1250,0.857143,-0.926351,2.4,0.12,7500,2000,2,4,1,6.5
Geran2,45,0,2869.69,6461.02,2747.19,6316.6,0.398829,0.917026,-60.3664,-401.864,-0.148549,-0.988905,416.667,9.57307e-009,-1.7199,2.8,1.1,2500,4000,0,0,0.5,6.5
Geran2,46,0,3398.02,6186.01,3465,6109.02,0.49336,0.869825,-154.407,-375.868,-0.379989,-0.924991,416.667,9.57307e-009,-1.96058,2.8,1.1,2500,4000,0,0,0.5,6.5
Kinzhal,48,2,6348.59,2991.79,6455.39,2964.95,0.908732,0.41738,869.751,-774.372,0.746872,-0.664968,1250,0.857143,-0.727451,2.4,0.12,7500,2000,2,4,1,6.5
Kinzhal,49,2,7402.04,2818.75,7350.09,2804.13,0.934314,0.356451,141.533,-1156.35,0.121489,-0.992593,1250,0.857143,-1.44901,2.4,0.12,7500,2000,2,4,1,6.5
Geran2,50,0,3993.19,6001.11,4002.34,5938.71,0.558869,0.829256,-242.991,-325.647,-0.598039,-0.801467,416.667,9.57307e-009,-2.21185,2.8,1.1,2500,4000,0,0,0.5,6.5
Kalibr,1,1,2537.6,5309.56,2619.95,5217.28,0.448763,0.893651,-27.4369,-815.243,-0.0336358,-0.999434,857.5,0.453429,-1.60444,1.2,0.45,2500,4000,0,1,0.75,6.6
Kalibr,2,1,3447.48,5232.66,3592.78,5346.07,0.557785,0.829986,-494.776,-648.57,-0.60653,-0.795061,857.5,0.453429,-2.22248,1.2,0.45,2500,4000,0,1,0.75,6.6
Geran2,3,0,6320.38,7323.86,6364.14,7443.7,0.649839,0.760072,306.999,-266.241,0.755476,-0.655176,416.667,9.57307e-009,-0.714416,2.8,1.1,9000,5000,1,1,0.5,6.6
Kinzhal,4,2,7221.74,2450.46,6987.62,2447.35,0.943787,0.330553,612.409,-991.396,0.52554,-0.850769,1250,0.857143,-1.01745,2.4,0.12,7500,2000,2,4,1,6.6
Kalibr,5,1,8391.72,5254.4,8435.4,5128.58,0.854469,0.519502,751.948,-316.659,0.921614,-0.388109,857.5,0.453429,-0.398579,1.2,0.45,9000,5000,1,2,0.75,6.6
Kalibr,7,1,7156.31,5641.1,7138.15,5582.27,0.787725,0.616027,769.603,-270.451,0.943441,-0.33154,857.5,0.453429,-0.337936,1.2,0.45,9000,5000,1,2,0.75,6.6
Kalibr,8,1,3032,4534.44,3052.2,4415.57,0.568614,0.822604,-575.301,-578.654,-0.705049,-0.709159,857.5,0.453429,-2.35329,1.2,0.45,2500,4000,0,1,0.75,6.6
Geran2,10,0,4186.78,5947.94,4353.41,5924.06,0.592168,0.805815,-266.012,-307.198,-0.654612,-0.755965,416.667,9.57307e-009,-2.28447,2.8,1.1,2500,4000,0,0,0.5,6.6
Geran2,11,0,6520.96,6904.15,6519.87,7039.02,0.679534,0.733644,322.242,-247.513,0.793058,-0.609146,416.667,9.57307e-009,-0.654983,2.8,1.1,9000,5000,1,1,0.5,6.6
Kinzhal,12,2,9654.14,3441.46,9758.8,3515.31,0.940821,0.338903,119.958,-1158.06,0.103034,-0.994678,1250,0.857143,-1.46758,2.4,0.12,9000,5000,1,3,1,6.6
Kalibr,14,1,7624.47,6216.07,7732.61,6206.51,0.779863,0.62595,611.666,-540.021,0.749646,-0.661839,857.5,0.453429,-0.72327,1.2,0.45,9000,5000,1,2,0.75,6.6
Kalibr,15,1,2755.6,4274.22,2681.85,4177.23,0.540256,0.841501,-556.209,-597.049,-0.681639,-0.731689,857.5,0.453429,-2.3208,1.2,0.45,2500,4000,0,1,0.75,6.6
Geran2,16,0,5870.97,6144.09,5743.04,6051.21,0.688396,0.725335,148.656,-378.165,0.365846,-0.930676,416.667,9.57307e-009,-1.19625,2.8,1.1,7500,2000,2,2,0.5,6.6
Kalibr,17,1,2784.84,4463.93,2786.3,4537.74,0.523258,0.852174,-426.151,-695.837,-0.522269,-0.852781,857.5,0.453429,-2.12031,1.2,0.45,2500,4000,0,1,0.75,6.6
Geran2,20,0,6925.69,6663.68,6815.34,6612.02,0.717731,0.69632,316.987,-254.236,0.780091,-0.625666,416.667,9.57307e-009,-0.675984,2.8,1.1,9000,5000,1,1,0.5,6.6
Kalibr,21,1,8365.18,5372.92,8361.82,5426.64,0.838835,0.544386,702.432,-415.05,0.860939,-0.508707,857.5,0.453429,-0.533683,1.2,0.45,9000,5000,1,2,0.75,6.6
Kinzhal,23,2,656.966,2458.58,509.013,2463.43,0.202353,0.979313,-1046.45,-510.334,-0.898812,-0.438335,1250,0.857143,-2.68785,2.4,0.12,2500,4000,0,2,1,6.6
Geran2,24,0,6556.35,6958.54,6457.61,6943.65,0.681013,0.732271,75.9735,-399.212,0.186953,-0.982369,416.667,9.57307e-009,-1.38274,2.8,1.1,7500,2000,2,2,0.5,6.6
Geran2,25,0,4534.92,7404.96,4640.32,7457.45,0.528313,0.84905,195.451,-356.281,0.480967,-0.876739,416.667,9.57307e-009,-1.06904,2.8,1.1,7500,2000,2,2,0.5,6.6
Kalibr,27,1,6292.45,3982.21,6198.78,4017.31,0.839179,0.543856,424.469,-696.894,0.520191,-0.85405,857.5,0.453429,-1.02372,1.2,0.45,7500,2000,2,3,0.75,6.6
Kinzhal,29,2,9686.33,4614.48,9750.24,4564.57,0.905668,0.423988,407.187,-1090.73,0.349741,-0.936847,1250,0.857143,-1.2135,2.4,0.12,9000,5000,1,3,1,6.6
Kinzhal,30,2,9854.64,4276.99,9716.37,4274.56,0.915337,0.402688,1151.23,-173.683,0.98881,-0.14918,1250,0.857143,-0.149739,2.4,0.12,9000,5000,1,3,1,6.6
Kalibr,31,1,2524.61,4186.5,2393.34,4144.57,0.500075,0.865982,-120.768,-806.797,-0.148039,-0.988981,857.5,0.453429,-1.71938,1.2,0.45,2500,4000,0,1,0.75,6.6
Kinzhal,32,2,7095.12,2865.03,7235.02,2810.64,0.932134,0.362113,493.987,-1055.41,0.423914,-0.905702,1250,0.857143,-1.13303,2.4,0.12,7500,2000,2,4,1,6.6
Geran2,35,0,4438.66,6159.43,4357.48,6172.56,0.576717,0.816944,-271.458,-302.37,-0.668046,-0.74412,416.667,9.57307e-009,-2.30238,2.8,1.1,2500,4000,0,0,0.5,6.6
Kalibr,36,1,7314.18,3135.19,7231.44,3245.22,0.912343,0.409428,131.689,-805.29,0.161387,-0.986891,857.5,0.453429,-1.4087,1.2,0.45,7500,2000,2,3,0.75,6.6
Geran2,37,0,3314.73,5686.64,3504.56,5869.4,0.512658,0.858593,-176.732,-365.87,-0.43496,-0.90045,416.667,9.57307e-009,-2.02079,2.8,1.1,2500,4000,0,0,0.5,6.6
Geran2,39,0,3338.87,6239.7,3304.83,6270.31,0.466262,0.884647,-142.526,-380.53,-0.350751,-0.936469,416.667,9.57307e-009,-1.92917,2.8,1.1,2500,4000,0,0,0.5,6.6
Geran2,40,0,4690.46,6814.34,4582.35,6744.02,0.562009,0.827131,-249.592,-320.681,-0.614207,-0.789145,416.667,9.57307e-009,-2.23218,2.8,1.1,2500,4000,0,0,0.5,6.6
Geran2,41,0,4485.99,6659.98,4493.29,6581.23,0.563858,0.825872,-243.118,-325.625,-0.598265,-0.801298,416.667,9.57307e-009,-2.21213,2.8,1.1,2500,4000,0,0,0.5,6.6
Geran2,43,0,2841.99,6272.27,2675.8,6285.7,0.391684,0.9201,-60.4786,-401.84,-0.148828,-0.988863,416.667,9.57307e-009,-1.72018,2.8,1.1,2500,4000,0,0,0.5,6.6
Kinzhal,44,2,7191.54,2410.47,7273.59,2225.39,0.956245,0.292568,700.048,-931.56,0.600757,-0.799432,1250,0.857143,-0.926349,2.4,0.12,7500,2000,2,4,1,6.6
Geran2,45,0,2863.65,6420.84,2735.6,6476.39,0.389108,0.921192,-60.3661,-401.862,-0.148549,-0.988905,416.667,9.57307e-009,-1.7199,2.8,1.1,2500,4000,0,0,0.5,6.6
Geran2,46,0,3382.58,6148.42,3385.08,6062.89,0.487491,0.873128,-154.407,-375.868,-0.379989,-0.924991,416.667,9.57307e-009,-1.96058,2.8,1.1,2500,4000,0,0,0.5,6.6
Kinzhal,48,2,6435.88,2914.69,6334.12,2875.18,0.910581,0.413331,872.845,-770.956,0.749498,-0.662007,1250,0.857143,-0.723494,2.4,0.12,7500,2000,2,4,1,6.6
Kinzhal,49,2,7416.12,2703.11,7512.25,2840.65,0.935361,0.353694,140.777,-1156.46,0.120839,-0.992672,1250,0.857143,-1.44966,2.4,0.12,7500,2000,2,4,1,6.6
Geran2,50,0,3968.89,5968.55,4031.59,6107.05,0.550932,0.83455,-242.993,-325.649,-0.598039,-0.801467,416.667,9.57307e-009,-2.21185,2.8,1.1,2500,4000,0,0,0.5,6.6
Kalibr,1,1,2534.91,5228.03,2606.86,5344.2,0.438414,0.898773,-26.9525,-815.275,-0.0330414,-0.999454,857.5,0.453429,-1.60384,1.2,0.45,2500,4000,0,1,0.75,6.7
Kalibr,2,1,3397.97,5167.82,3231.34,5067.11,0.537682,0.843148,-495.068,-648.363,-0.606879,-0.794795,857.5,0.453429,-2.22292,1.2,0.45,2500,4000,0,1,0.75,6.7
Geran2,3,0,6351.08,7297.24,6397.53,7102.6,0.669264,0.743024,306.998,-266.24,0.755476,-0.655176,416.667,9.57307e-009,-0.714416,2.8,1.1,9000,5000,1,1,0.5,6.7
Kinzhal,4,2,7282.98,2351.32,7314.03,2421.38,0.949329,0.314284,612.402,-991.385,0.52554,-0.850769,1250,0.857143,-1.01745,2.4,0.12,7500,2000,2,4,1,6.7
Kalibr,5,1,8466.92,5222.76,8561.74,5516.46,0.840621,0.541624,752.04,-316.437,0.921728,-0.387836,857.5,0.453429,-0.398283,1.2,0.45,9000,5000,1,2,0.75,6.7
Kalibr,7,1,7233.29,5614.08,7393.17,5667.45,0.79364,0.608388,769.723,-270.151,0.943572,-0.331167,857.5,0.453429,-0.33754,1.2,0.45,9000,5000,1,2,0.75,6.7
Kalibr,8,1,2974.47,4476.58,3121.67,4456.47,0.573726,0.819047,-575.339,-578.606,-0.705102,-0.709106,857.5,0.453429,-2.35336,1.2,0.45,2500,4000,0,1,0.75,6.7
Geran2,10,0,4160.18,5917.22,4078.31,5815.68,0.574155,0.818746,-266.011,-307.196,-0.654613,-0.755965,416.667,9.57307e-009,-2.28447,2.8,1.1,2500,4000,0,0,0.5,6.7
Geran2,11,0,6553.18,6879.4,6586.41,6828.06,0.694256,0.719728,322.243,-247.514,0.793058,-0.609146,416.667,9.57307e-009,-0.654983,2.8,1.1,9000,5000,1,1,0.5,6.7
Kinzhal,12,2,9664.63,3325.51,9571.56,3185.97,0.948819,0.315822,104.94,-1159.5,0.0901356,-0.99593,1250,0.857143,-1.48054,2.4,0.12,9000,5000,1,3,1,6.7
Kalibr,14,1,7685.63,6162.06,7951.33,6169.91,0.790048,0.613045,611.619,-540.068,0.749592,-0.6619,857.5,0.453429,-0.723351,1.2,0.45,9000,5000,1,2,0.75,6.7
Kalibr,15,1,2699.98,4214.52,2696.48,4162.77,0.543667,0.839301,-556.222,-597.026,-0.681661,-0.731668,857.5,0.453429,-2.32083,1.2,0.45,2500,4000,0,1,0.75,6.7
Geran2,16,0,5885.84,6106.28,5991.24,6141.26,0.69831,0.715796,148.656,-378.166,0.365846,-0.930676,416.667,9.57307e-009,-1.19625,2.8,1.1,7500,2000,2,2,0.5,6.7
Kalibr,17,1,2742.22,4394.35,2846.54,4339.51,0.548487,0.836159,-426.243,-695.774,-0.522385,-0.85271,857.5,0.453429,-2.12044,1.2,0.45,2500,4000,0,1,0.75,6.7
Geran2,20,0,6957.39,6638.26,7088.08,6670.26,0.728245,0.685317,316.987,-254.236,0.780091,-0.625665,416.667,9.57307e-009,-0.675984,2.8,1.1,9000,5000,1,1,0.5,6.7
Kalibr,21,1,8435.43,5331.44,8356,5371.42,0.841192,0.540737,702.56,-414.834,0.861096,-0.508443,857.5,0.453429,-0.533375,1.2,0.45,9000,5000,1,2,0.75,6.7
Kinzhal,23,2,551.67,2408.91,701.077,2439.54,0.276202,0.9611,-1052.96,-496.724,-0.904416,-0.426651,1250,0.857143,-2.70081,2.4,0.12,2500,4000,0,2,1,6.7
Geran2,24,0,6563.94,6918.62,6502.46,6945.15,0.683459,0.729989,75.973,-399.21,0.186953,-0.982369,416.667,9.57307e-009,-1.38274,2.8,1.1,7500,2000,2,2,0.5,6.7
Geran2,25,0,4554.46,7369.33,4518.05,7461.41,0.517965,0.855402,195.45,-356.279,0.480967,-0.876739,416.667,9.57307e-009,-1.06904,2.8,1.1,7500,2000,2,2,0.5,6.7
Kalibr,27,1,6334.9,3912.52,6304.19,3813.42,0.855637,0.517577,424.472,-696.883,0.520199,-0.854045,857.5,0.453429,-1.02371,1.2,0.45,7500,2000,2,3,0.75,6.7
Kinzhal,29,2,9725.63,4504.89,9638.43,4583.49,0.903087,0.429457,393.014,-1095.9,0.337571,-0.9413,1250,0.857143,-1.22646,2.4,0.12,9000,5000,1,3,1,6.7
Kinzhal,30,2,9969.97,4261.11,9979.33,4279.63,0.919052,0.394136,1153.37,-158.748,0.99066,-0.136353,1250,0.857143,-0.136779,2.4,0.12,9000,5000,1,3,1,6.7
Kalibr,31,1,2512.7,4105.79,2486.41,3987.13,0.52915,0.848528,-119.077,-807.056,-0.145964,-0.98929,857.5,0.453429,-1.71728,1.2,0.45,2500,4000,0,1,0.75,6.7
Kinzhal,32,2,7144.52,2759.49,7258.7,2871,0.929905,0.367801,493.981,-1055.4,0.423914,-0.905702,1250,0.857143,-1.13303,2.4,0.12,7500,2000,2,4,1,6.7
Geran2,35,0,4411.51,6129.19,4396.69,6180.19,0.579689,0.814838,-271.458,-302.37,-0.668046,-0.74412,416.667,9.57307e-009,-2.30238,2.8,1.1,2500,4000,0,0,0.5,6.7
Kalibr,36,1,7327.35,3054.67,7487.59,3181.24,0.920375,0.391038,131.703,-805.28,0.161406,-0.986888,857.5,0.453429,-1.40868,1.2,0.45,7500,2000,2,3,0.75,6.7
Geran2,37,0,3297.05,5650.06,3533.64,5742.69,0.524062,0.85168,-176.733,-365.872,-0.43496,-0.90045,416.667,9.57307e-009,-2.02079,2.8,1.1,2500,4000,0,0,0.5,6.7
Geran2,39,0,3324.62,6201.65,3394.66,6152.67,0.483086,0.875573,-142.526,-380.53,-0.350751,-0.936469,416.667,9.57307e-009,-1.92917,2.8,1.1,2500,4000,0,0,0.5,6.7
Geran2,40,0,4665.5,6782.28,4646.61,6655.66,0.57244,0.819947,-249.591,-320.679,-0.614207,-0.789145,416.667,9.57307e-009,-2.23218,2.8,1.1,2500,4000,0,0,0.5,6.7
Geran2,41,0,4461.68,6627.41,4407.12,6580.42,0.556462,0.830873,-243.117,-325.623,-0.598265,-0.801298,416.667,9.57307e-009,-2.21213,2.8,1.1,2500,4000,0,0,0.5,6.7
Geran2,43,0,2835.94,6232.09,2893,6127.83,0.426921,0.904289,-60.4783,-401.839,-0.148828,-0.988863,416.667,9.57307e-009,-1.72018,2.8,1.1,2500,4000,0,0,0.5,6.7
Kinzhal,44,2,7261.54,2317.31,7368.56,2376.37,0.951731,0.306934,700.042,-931.55,0.600758,-0.799431,1250,0.857143,-0.926348,2.4,0.12,7500,2000,2,4,1,6.7
Geran2,45,0,2857.61,6380.65,2664.87,6408.82,0.383943,0.923357,-60.3658,-401.86,-0.148549,-0.988905,416.667,9.57307e-009,-1.7199,2.8,1.1,2500,4000,0,0,0.5,6.7
Geran2,46,0,3367.14,6110.83,3270.5,6083.98,0.473483,0.880803,-154.407,-375.868,-0.379989,-0.924991,416.667,9.57307e-009,-1.96058,2.8,1.1,2500,4000,0,0,0.5,6.7
Kinzhal,48,2,6523.41,2837.88,6522.11,2796.68,0.919069,0.394097,875.382,-768.145,0.751646,-0.659567,1250,0.857143,-0.720243,2.4,0.12,7500,2000,2,4,1,6.7
Kinzhal,49,2,7430.13,2587.45,7510.63,2525.01,0.947867,0.318665,140.11,-1156.56,0.120265,-0.992742,1250,0.857143,-1.45024,2.4,0.12,7500,2000,2,4,1,6.7
Geran2,50,0,3944.59,5935.98,4086.66,5898.5,0.5695,0.821991,-242.995,-325.651,-0.598039,-0.801467,416.667,9.57307e-009,-2.21185,2.8,1.1,2500,4000,0,0,0.5,6.7
Kalibr,1,1,2532.26,5146.5,2599.57,5227.85,0.445245,0.895409,-26.4982,-815.306,-0.0324838,-0.999472,857.5,0.453429,-1.60329,1.2,0.45,2500,4000,0,1,0.75,6.8
Kalibr,2,1,3348.44,5103,3383.11,5058.04,0.55596,0.831209,-495.34,-648.171,-0.607202,-0.794547,857.5,0.453429,-2.22333,1.2,0.45,2500,4000,0,1,0.75,6.8
Geran2,3,0,6381.78,7270.61,6522.78,7046.67,0.679301,0.73386,306.997,-266.239,0.755476,-0.655176,416.667,9.57307e-009,-0.714416,2.8,1.1,9000,5000,1,1,0.5,6.8
Kinzhal,4,2,7344.22,2252.18,7258.16,2227.2,0.956004,0.293354,612.396,-991.375,0.52554,-0.850769,1250,0.857143,-1.01745,2.4,0.12,7500,2000,2,4,1,6.8
Kalibr,5,1,8542.13,5191.14,8684.89,5061.79,0.863969,0.503544,752.134,-316.213,0.921843,-0.387563,857.5,0.453429,-0.397986,1.2,0.45,9000,5000,1,2,0.75,6.8
Kalibr,7,1,7310.27,5587.1,7381.8,5368.35,0.808748,0.588155,769.833,-269.875,0.943693,-0.330824,857.5,0.453429,-0.337176,1.2,0.45,9000,5000,1,2,0.75,6.8
Kalibr,8,1,2916.93,4418.72,2976.14,4501.62,0.551497,0.834177,-575.378,-578.559,-0.705154,-0.709054,857.5,0.453429,-2.35344,1.2,0.45,2500,4000,0,1,0.75,6.8
Geran2,10,0,4133.58,5886.5,4061.48,6052.87,0.557189,0.830386,-266.01,-307.195,-0.654613,-0.755965,416.667,9.57307e-009,-2.28447,2.8,1.1,2500,4000,0,0,0.5,6.8
Geran2,11,0,6585.4,6854.65,6500.48,6821.35,0.689876,0.723928,322.244,-247.515,0.793058,-0.609146,416.667,9.57307e-009,-0.654983,2.8,1.1,9000,5000,1,1,0.5,6.8
Kinzhal,12,2,9673.62,3209.43,9785.64,3228.68,0.949645,0.313327,89.9039,-1160.75,0.0772219,-0.997014,1250,0.857143,-1.4935,2.4,0.12,9000,5000,1,3,1,6.8
Kalibr,14,1,7746.79,6108.05,7723.32,6197.56,0.779937,0.625858,611.576,-540.111,0.749542,-0.661956,857.5,0.453429,-0.723426,1.2,0.45,9000,5000,1,2,0.75,6.8
Kalibr,15,1,2644.35,4154.82,2471.66,4254.9,0.502298,0.864694,-556.237,-597.001,-0.681687,-0.731644,857.5,0.453429,-2.32086,1.2,0.45,2500,4000,0,1,0.75,6.8
Geran2,16,0,5900.7,6068.46,5950.12,6037.09,0.701958,0.712218,148.656,-378.167,0.365846,-0.930676,416.667,9.57307e-009,-1.19625,2.8,1.1,7500,2000,2,2,0.5,6.8
Kalibr,17,1,2699.59,4324.78,2634.59,4330.18,0.519778,0.854301,-426.338,-695.709,-0.522505,-0.852636,857.5,0.453429,-2.12058,1.2,0.45,2500,4000,0,1,0.75,6.8
Geran2,20,0,6989.09,6612.83,7054.64,6754.1,0.722325,0.691554,316.987,-254.236,0.780092,-0.625665,416.667,9.57307e-009,-0.675984,2.8,1.1,9000,5000,1,1,0.5,6.8
Kalibr,21,1,8505.7,5289.97,8610.8,5314.06,0.850991,0.525179,702.687,-414.62,0.86125,-0.508181,857.5,0.453429,-0.533071,1.2,0.45,9000,5000,1,2,0.75,6.8
Kinzhal,23,2,445.741,2360.61,375.86,2299.12,0.161338,0.986899,-1059.3,-483.032,-0.909869,-0.414895,1250,0.857143,-2.71377,2.4,0.12,2500,4000,0,2,1,6.8
Geran2,24,0,6571.54,6878.7,6527,6940.51,0.685073,0.728475,75.9725,-399.207,0.186953,-0.982369,416.667,9.57307e-009,-1.38274,2.8,1.1,7500,2000,2,2,0.5,6.8
Geran2,25,0,4574,7333.71,4616.3,7343,0.532229,0.846601,195.449,-356.278,0.480967,-0.876739,416.667,9.57307e-009,-1.06904,2.8,1.1,7500,2000,2,2,0.5,6.8
Kalibr,27,1,6377.35,3842.83,6022.44,3839.97,0.843185,0.537623,424.474,-696.873,0.520206,-0.854041,857.5,0.453429,-1.0237,1.2,0.45,7500,2000,2,3,0.75,6.8
Kinzhal,29,2,9763.51,4394.8,9854.21,4319.38,0.915879,0.401455,378.775,-1100.89,0.325344,-0.945596,1250,0.857143,-1.23942,2.4,0.12,9000,5000,1,3,1,6.8
Kinzhal,32,2,7193.92,2653.95,7155.97,2631.88,0.938536,0.345182,493.976,-1055.39,0.423914,-0.905702,1250,0.857143,-1.13303,2.4,0.12,7500,2000,2,4,1,6.8
Geran2,35,0,4384.37,6098.95,4359.56,6009.59,0.587197,0.809444,-271.458,-302.37,-0.668046,-0.74412,416.667,9.57307e-009,-2.30238,2.8,1.1,2500,4000,0,0,0.5,6.8
Kalibr,36,1,7340.52,2974.14,7286.2,3038.31,0.922969,0.384874,131.717,-805.27,0.161424,-0.986885,857.5,0.453429,-1.40866,1.2,0.45,7500,2000,2,3,0.75,6.8
Geran2,37,0,3279.38,5613.47,3322.4,5748.92,0.500368,0.865813,-176.734,-365.874,-0.43496,-0.90045,416.667,9.57307e-009,-2.02079,2.8,1.1,2500,4000,0,0,0.5,6.8
Geran2,39,0,3310.37,6163.59,3187.73,6240.05,0.454927,0.890529,-142.526,-380.531,-0.350751,-0.936469,416.667,9.57307e-009,-1.92917,2.8,1.1,2500,4000,0,0,0.5,6.8
Geran2,40,0,4640.54,6750.21,4674.58,6754.95,0.569052,0.822302,-249.59,-320.678,-0.614207,-0.789145,416.667,9.57307e-009,-2.23218,2.8,1.1,2500,4000,0,0,0.5,6.8
Geran2,41,0,4437.37,6594.85,4445.94,6470.76,0.566295,0.824203,-243.116,-325.622,-0.598265,-0.801298,416.667,9.57307e-009,-2.21213,2.8,1.1,2500,4000,0,0,0.5,6.8
Geran2,43,0,2829.89,6191.91,2792,6180.73,0.411673,0.911332,-60.4781,-401.837,-0.148828,-0.988863,416.667,9.57307e-009,-1.72018,2.8,1.1,2500,4000,0,0,0.5,6.8
Kinzhal,44,2,7331.55,2224.16,7304.93,2425.4,0.949056,0.315108,700.037,-931.54,0.600759,-0.79943,1250,0.857143,-0.926346,2.4,0.12,7500,2000,2,4,1,6.8
Geran2,45,0,2851.58,6340.47,2806.18,6382.66,0.402475,0.915431,-60.3655,-401.858,-0.148549,-0.988905,416.667,9.57307e-009,-1.7199,2.8,1.1,2500,4000,0,0,0.5,6.8
Geran2,46,0,3351.7,6073.25,3559.31,6039.35,0.507736,0.861513,-154.407,-375.868,-0.379989,-0.924991,416.667,9.57307e-009,-1.96058,2.8,1.1,2500,4000,0,0,0.5,6.8
Kinzhal,48,2,6611.16,2761.3,6520.38,2639.57,0.926928,0.375239,877.479,-765.818,0.753417,-0.657543,1250,0.857143,-0.717553,2.4,0.12,7500,2000,2,4,1,6.8
Kinzhal,49,2,7444.08,2471.79,7463.44,2439.5,0.950513,0.310685,139.504,-1156.64,0.119743,-0.992805,1250,0.857143,-1.45077,2.4,0.12,7500,2000,2,4,1,6.8
Geran2,50,0,3920.29,5903.42,3938.49,5860.45,0.557787,0.829984,-242.996,-325.653,-0.598039,-0.801467,416.667,9.57307e-009,-2.21185,2.8,1.1,2500,4000,0,0,0.5,6.8
Kalibr,1,1,2529.65,5064.97,2453.5,5104.19,0.433232,0.901282,-26.0702,-815.333,-0.0319585,-0.999489,857.5,0.453429,-1.60276,1.2,0.45,2500,4000,0,1,0.75,6.9
Kalibr,2,1,3298.88,5038.2,3305.59,4923.06,0.557447,0.830213,-495.592,-647.991,-0.607503,-0.794317,857.5,0.453429,-2.22371,1.2,0.45,2500,4000,0,1,0.75,6.9
Geran2,3,0,6412.48,7243.99,6344.84,7119.72,0.665313,0.746565,306.996,-266.238,0.755476,-0.655176,416.667,9.57307e-009,-0.714416,2.8,1.1,9000,5000,1,1,0.5,6.9
Kinzhal,4,2,7405.46,2153.04,7544.71,2260.5,0.957928,0.287009,612.391,-991.366,0.52554,-0.850769,1250,0.857143,-1.01745,2.4,0.12,7500,2000,2,4,1,6.9
Kalibr,5,1,8617.36,5159.54,8497.44,5221.47,0.852004,0.523535,752.229,-315.984,0.921961,-0.387283,857.5,0.453429,-0.397682,1.2,0.45,9000,5000,1,2,0.75,6.9
Kalibr,7,1,7387.26,5560.13,7555.26,5681.54,0.799233,0.601022,769.934,-269.621,0.943803,-0.330508,857.5,0.453429,-0.336842,1.2,0.45,9000,5000,1,2,0.75,6.9
Kalibr,8,1,2859.39,4360.87,2739.26,4439.21,0.525131,0.851021,-575.416,-578.513,-0.705207,-0.709002,857.5,0.453429,-2.35351,1.2,0.45,2500,4000,0,1,0.75,6.9
Geran2,10,0,4106.98,5855.78,4002.21,5866.25,0.563577,0.826064,-266.009,-307.194,-0.654613,-0.755965,416.667,9.57307e-009,-2.28447,2.8,1.1,2500,4000,0,0,0.5,6.9
Geran2,11,0,6617.63,6829.89,6777,6847.02,0.703464,0.710731,322.245,-247.516,0.793058,-0.609146,416.667,9.57307e-009,-0.654983,2.8,1.1,9000,5000,1,1,0.5,6.9
Kinzhal,12,2,9681.11,3093.25,9810.71,2972.25,0.957043,0.289945,74.8533,-1161.81,0.064295,-0.997931,1250,0.857143,-1.50646,2.4,0.12,9000,5000,1,3,1,6.9
Kalibr,14,1,7807.94,6054.03,7785.99,6010.04,0.7916,0.611039,611.536,-540.151,0.749497,-0.662008,857.5,0.453429,-0.723495,1.2,0.45,9000,5000,1,2,0.75,6.9
Kalibr,15,1,2588.73,4095.12,2691.93,4132.74,0.545793,0.83792,-556.258,-596.973,-0.681718,-0.731615,857.5,0.453429,-2.3209,1.2,0.45,2500,4000,0,1,0.75,6.9
Geran2,16,0,5915.57,6030.64,5966.1,6004.68,0.704824,0.709382,148.657,-378.168,0.365846,-0.930676,416.667,9.57307e-009,-1.19626,2.8,1.1,7500,2000,2,2,0.5,6.9
Kalibr,17,1,2656.94,4255.22,2686.81,4421.79,0.519283,0.854603,-426.44,-695.641,-0.522633,-0.852558,857.5,0.453429,-2.12073,1.2,0.45,2500,4000,0,1,0.75,6.9
Geran2,20,0,7020.79,6587.41,6898.4,6454.89,0.73019,0.683244,316.987,-254.236,0.780091,-0.625665,416.667,9.57307e-009,-0.675984,2.8,1.1,9000,5000,1,1,0.5,6.9
Kalibr,21,1,8575.98,5248.53,8689.49,5380.59,0.850205,0.526452,702.813,-414.406,0.861405,-0.507918,857.5,0.453429,-0.532766,1.2,0.45,9000,5000,1,2,0.75,6.9
Kinzhal,23,2,339.195,2313.68,385.595,2281.78,0.166626,0.98602,-1065.46,-469.259,-0.91517,-0.403069,1250,0.857143,-2.72672,2.4,0.12,2500,4000,0,2,1,6.9
Geran2,24,0,6579.14,6838.78,6598.55,6731.98,0.699994,0.714148,75.9722,-399.205,0.186953,-0.982369,416.667,9.57307e-009,-1.38274,2.8,1.1,7500,2000,2,2,0.5,6.9
Geran2,25,0,4593.55,7298.08,4527.48,7285.98,0.527796,0.849371,195.448,-356.276,0.480967,-0.876739,416.667,9.57307e-009,-1.06904,2.8,1.1,7500,2000,2,2,0.5,6.9
Kalibr,27,1,6419.79,3773.15,6513.62,3955.39,0.854747,0.519045,424.475,-696.864,0.520213,-0.854037,857.5,0.453429,-1.0237,1.2,0.45,7500,2000,2,3,0.75,6.9
Kinzhal,29,2,9799.96,4284.23,9724.72,4325.37,0.913697,0.406395,364.473,-1105.69,0.313063,-0.949732,1250,0.857143,-1.25238,2.4,0.12,9000,5000,1,3,1,6.9
Kinzhal,32,2,7243.31,2548.41,7288.49,2609.12,0.941493,0.337033,493.971,-1055.38,0.423914,-0.905702,1250,0.857143,-1.13303,2.4,0.12,7500,2000,2,4,1,6.9
Geran2,35,0,4357.22,6068.72,4420.44,6086.07,0.587668,0.809102,-271.458,-302.37,-0.668046,-0.74412,416.667,9.57307e-009,-2.30238,2.8,1.1,2500,4000,0,0,0.5,6.9
Kalibr,36,1,7353.69,2893.61,7442.33,2809.85,0.935543,0.353214,131.73,-805.261,0.161441,-0.986883,857.5,0.453429,-1.40865,1.2,0.45,7500,2000,2,3,0.75,6.9
Geran2,37,0,3261.71,5576.88,3120.9,5600.44,0.48678,0.873524,-176.735,-365.876,-0.43496,-0.90045,416.667,9.57307e-009,-2.02079,2.8,1.1,2500,4000,0,0,0.5,6.9
Geran2,39,0,3296.11,6125.54,3148.29,6086.74,0.459421,0.888219,-142.526,-380.531,-0.350751,-0.936469,416.667,9.57307e-009,-1.92917,2.8,1.1,2500,4000,0,0,0.5,6.9
Geran2,40,0,4615.58,6718.14,4549.17,6789.97,0.556606,0.830776,-249.589,-320.677,-0.614207,-0.789145,416.667,9.57307e-009,-2.23218,2.8,1.1,2500,4000,0,0,0.5,6.9
Geran2,41,0,4413.06,6562.29,4582.08,6535.28,0.574083,0.818797,-243.115,-325.62,-0.598265,-0.801298,416.667,9.57307e-009,-2.21213,2.8,1.1,2500,4000,0,0,0.5,6.9
Geran2,43,0,2823.84,6151.72,2755.61,5970.36,0.419066,0.907956,-60.4779,-401.836,-0.148828,-0.988863,416.667,9.57307e-009,-1.72018,2.8,1.1,2500,4000,0,0,0.5,6.9
Kinzhal,44,2,7401.55,2131.01,7579.34,2000.45,0.966889,0.255196,700.033,-931.532,0.60076,-0.79943,1250,0.857143,-0.926345,2.4,0.12,7500,2000,2,4,1,6.9
Geran2,45,0,2845.54,6300.28,3062.25,6339.2,0.434974,0.900443,-60.3652,-401.856,-0.148549,-0.988905,416.667,9.57307e-009,-1.7199,2.8,1.1,2500,4000,0,0,0.5,6.9
Geran2,46,0,3336.25,6035.66,3277.42,6099.16,0.473345,0.880877,-154.407,-375.868,-0.379989,-0.924991,416.667,9.57307e-009,-1.96058,2.8,1.1,2500,4000,0,0,0.5,6.9
Kinzhal,48,2,6699.08,2684.91,6824.34,2611.06,0.933972,0.357347,879.226,-763.875,0.75489,-0.655851,1250,0.857143,-0.71531,2.4,0.12,7500,2000,2,4,1,6.9
Kinzhal,49,2,7457.97,2356.11,7523.29,2471.51,0.950048,0.312105,138.931,-1156.72,0.119251,-0.992864,1250,0.857143,-1.45126,2.4,0.12,7500,2000,2,4,1,6.9
Geran2,50,0,3895.99,5870.85,3871.51,5923.5,0.547096,0.83707,-242.997,-325.655,-0.598039,-0.801467,416.667,9.57307e-009,-2.21185,2.8,1.1,2500,4000,0,0,0.5,6.9
Kalibr,1,1,2527.08,4983.43,2501.03,5131.69,0.438107,0.898923,-25.6648,-815.359,-0.0314612,-0.999505,857.5,0.453429,-1.60226,1.2,0.45,2500,4000,0,1,0.75,7
Kalibr,2,1,3249.3,4973.42,3197.12,4979.33,0.540293,0.841477,-495.827,-647.823,-0.607785,-0.794102,857.5,0.453429,-2.22406,1.2,0.45,2500,4000,0,1,0.75,7
Geran2,3,0,6443.18,7217.37,6463.92,7259.7,0.664987,0.746855,306.995,-266.237,0.755476,-0.655176,416.667,9.57307e-009,-0.714416,2.8,1.1,9000,5000,1,1,0.5,7
Kinzhal,4,2,7466.7,2053.91,7529.83,2155.55,0.961383,0.275214,612.385,-991.358,0.52554,-0.850769,1250,0.857143,-1.01745,2.4,0.12,7500,2000,2,4,1,7
Kalibr,5,1,8692.59,5127.97,8752.45,5021.74,0.867374,0.497657,752.33,-315.744,0.922085,-0.386988,857.5,0.453429,-0.397363,1.2,0.45,9000,5000,1,2,0.75,7
Kalibr,7,1,7464.27,5533.2,7373.91,5509.1,0.801111,0.598516,770.026,-269.387,0.943905,-0.330217,857.5,0.453429,-0.336534,1.2,0.45,9000,5000,1,2,0.75,7
Kalibr,8,1,2801.84,4303.02,2778.69,4215.87,0.55032,0.834954,-575.456,-578.466,-0.70526,-0.708949,857.5,0.453429,-2.35359,1.2,0.45,2500,4000,0,1,0.75,7
Geran2,10,0,4080.38,5825.06,4274.79,5652.63,0.603184,0.797602,-266.008,-307.193,-0.654613,-0.755965,416.667,9.57307e-009,-2.28447,2.8,1.1,2500,4000,0,0,0.5,7
Geran2,11,0,6649.85,6805.14,6789.26,6944.91,0.699048,0.715075,322.246,-247.517,0.793058,-0.609146,416.667,9.57307e-009,-0.654983,2.8,1.1,9000,5000,1,1,0.5,7
Kinzhal,12,2,9687.09,2976.99,9862.47,3164.32,0.952191,0.305505,59.7904,-1162.67,0.0513573,-0.99868,1250,0.857143,-1.51942,2.4,0.12,9000,5000,1,3,1,7
Kalibr,14,1,7869.09,6000.01,7878.44,5840.31,0.803341,0.595519,611.499,-540.188,0.749455,-0.662056,857.5,0.453429,-0.723558,1.2,0.45,9000,5000,1,2,0.75,7
Geran2,16,0,5930.43,5992.83,5953.53,6056.75,0.701004,0.713157,148.657,-378.169,0.365846,-0.930676,416.667,9.57307e-009,-1.19626,2.8,1.1,7500,2000,2,2,0.5,7
Kalibr,17,1,2614.29,4185.66,2484.1,4290.77,0.501032,0.865429,-426.555,-695.565,-0.522777,-0.85247,857.5,0.453429,-2.1209,1.2,0.45,2500,4000,0,1,0.75,7
Geran2,20,0,7052.49,6561.98,7136.11,6434.97,0.742648,0.669682,316.987,-254.237,0.780092,-0.625665,416.667,9.57307e-009,-0.675984,2.8,1.1,9000,5000,1,1,0.5,7
Kalibr,21,1,8646.28,5207.11,8624.32,5237.99,0.854708,0.519108,702.943,-414.186,0.861565,-0.507648,857.5,0.453429,-0.532453,1.2,0.45,9000,5000,1,2,0.75,7
Kinzhal,23,2,232.052,2268.14,209.761,2362.08,0.0884552,0.99608,-1071.44,-455.408,-0.920316,-0.391175,1250,0.857143,-2.73968,2.4,0.12,2500,4000,0,2,1,7
Geran2,24,0,6586.74,6798.86,6499.14,6725.18,0.694919,0.719088,75.9718,-399.203,0.186953,-0.982369,416.667,9.57307e-009,-1.38274,2.8,1.1,7500,2000,2,2,0.5,7
Geran2,25,0,4613.09,7262.45,4640.1,7324.69,0.535145,0.84476,195.447,-356.275,0.480967,-0.876739,416.667,9.57307e-009,-1.06904,2.8,1.1,7500,2000,2,2,0.5,7
Kalibr,27,1,6462.24,3703.46,6450.3,3637.43,0.871048,0.491198,424.477,-696.856,0.520219,-0.854033,857.5,0.453429,-1.02369,1.2,0.45,7500,2000,2,3,0.75,7
Kinzhal,29,2,9834.97,4173.2,9843.99,4100.2,0.923126,0.384498,350.11,-1110.31,0.300729,-0.95371,1250,0.857143,-1.26534,2.4,0.12,9000,5000,1,3,1,7
Kinzhal,32,2,7292.71,2442.88,7387.89,2586.64,0.943824,0.33045,493.967,-1055.37,0.423914,-0.905702,1250,0.857143,-1.13303,2.4,0.12,7500,2000,2,4,1,7
Geran2,35,0,4330.08,6038.48,4333.7,6075.87,0.580687,0.814127,-271.458,-302.37,-0.668046,-0.74412,416.667,9.57307e-009,-2.30238,2.8,1.1,2500,4000,0,0,0.5,7
Kalibr,36,1,7366.87,2813.09,7525.12,2796.41,0.93737,0.348336,131.742,-805.253,0.161457,-0.98688,857.5,0.453429,-1.40863,1.2,0.45,7500,2000,2,3,0.75,7
Geran2,37,0,3244.03,5540.29,3197.03,5475.05,0.504254,0.863555,-176.736,-365.877,-0.43496,-0.90045,416.667,9.57307e-009,-2.02079,2.8,1.1,2500,4000,0,0,0.5,7
Geran2,39,0,3281.86,6087.49,3209.82,6299.06,0.454023,0.89099,-142.526,-380.531,-0.350751,-0.936469,416.667,9.57307e-009,-1.92917,2.8,1.1,2500,4000,0,0,0.5,7
Geran2,40,0,4590.62,6686.07,4804.13,6784.82,0.577874,0.816126,-249.589,-320.676,-0.614207,-0.789145,416.667,9.57307e-009,-2.23218,2.8,1.1,2500,4000,0,0,0.5,7
Geran2,41,0,4388.75,6529.73,4464.02,6502.42,0.565978,0.82442,-243.114,-325.619,-0.598265,-0.801298,416.667,9.57307e-009,-2.21213,2.8,1.1,2500,4000,0,0,0.5,7
Geran2,43,0,2817.8,6111.54,2706.15,6057.65,0.407882,0.913035,-60.4777,-401.835,-0.148828,-0.988863,416.667,9.57307e-009,-1.72018,2.8,1.1,2500,4000,0,0,0.5,7
Geran2,45,0,2839.5,6260.09,2826.05,6396.85,0.404108,0.914711,-60.365,-401.855,-0.148549,-0.988905,416.667,9.57307e-009,-1.7199,2.8,1.1,2500,4000,0,0,0.5,7
Geran2,46,0,3320.81,5998.07,3244.02,5990.35,0.476198,0.879338,-154.407,-375.868,-0.379989,-0.924991,416.667,9.57307e-009,-1.96058,2.8,1.1,2500,4000,0,0,0.5,7
Kinzhal,48,2,6787.15,2608.69,6712.53,2753.58,0.925182,0.379524,880.697,-762.237,0.756128,-0.654424,1250,0.857143,-0.71342,2.4,0.12,7500,2000,2,4,1,7
Kinzhal,49,2,7471.81,2240.43,7485.79,2114.55,0.962343,0.271838,138.356,-1156.8,0.118756,-0.992924,1250,0.857143,-1.45176,2.4,0.12,7500,2000,2,4,1,7
Geran2,50,0,3871.69,5838.29,3823.82,6015.81,0.536433,0.843943,-242.998,-325.656,-0.598039,-0.801467,416.667,9.57307e-009,-2.21185,2.8,1.1,2500,4000,0,0,0.5,7
Kalibr,1,1,2524.56,4901.9,2380.15,4900.4,0.436897,0.899512,-25.2788,-815.382,-0.0309875,-0.99952,857.5,0.453429,-1.60179,1.2,0.45,2500,4000,0,1,0.75,7.1
Kalibr,2,1,3199.69,4908.65,3102.43,4756,0.546353,0.837555,-496.048,-647.666,-0.608049,-0.7939,857.5,0.453429,-2.2244,1.2,0.45,2500,4000,0,1,0.75,7.1
Geran2,3,0,6473.88,7190.74,6592.43,7054.91,0.682753,0.73065,306.994,-266.237,0.755476,-0.655176,416.667,9.57307e-009,-0.714416,2.8,1.1,9000,5000,1,1,0.5,7.1
Kalibr,5,1,8767.83,5096.42,8793.55,5163.21,0.86234,0.50633,752.44,-315.48,0.92222,-0.386665,857.5,0.453429,-0.397012,1.2,0.45,9000,5000,1,2,0.75,7.1
Kalibr,7,1,7541.28,5506.28,7578.84,5520.74,0.808286,0.58879,770.112,-269.171,0.943999,-0.329949,857.5,0.453429,-0.336249,1.2,0.45,9000,5000,1,2,0.75,7.1
Kalibr,8,1,2744.29,4245.18,2770.84,4160.08,0.554347,0.832285,-575.499,-578.417,-0.705316,-0.708893,857.5,0.453429,-2.35367,1.2,0.45,2500,4000,0,1,0.75,7.1
Geran2,10,0,4053.78,5794.34,4064.94,5704.35,0.580331,0.814381,-266.007,-307.193,-0.654613,-0.755965,416.667,9.57307e-009,-2.28447,2.8,1.1,2500,4000,0,0,0.5,7.1
Geran2,11,0,6682.08,6780.39,6537.84,6799.93,0.693078,0.720863,322.247,-247.517,0.793058,-0.609146,416.667,9.57307e-009,-0.654983,2.8,1.1,9000,5000,1,1,0.5,7.1
Kinzhal,12,2,9691.56,2860.65,9797.44,2929.78,0.95808,0.2865,44.7176,-1163.34,0.0384107,-0.999262,1250,0.857143,-1.53238,2.4,0.12,9000,5000,1,3,1,7.1
Kalibr,14,1,7930.24,5945.99,7707.99,5967.74,0.79071,0.612191,611.465,-540.223,0.749416,-0.6621,857.5,0.453429,-0.723617,1.2,0.45,9000,5000,1,2,0.75,7.1
Geran2,16,0,5945.3,5955.01,6064.56,5968.54,0.712727,0.701442,148.657,-378.17,0.365846,-0.930676,416.667,9.57307e-009,-1.19626,2.8,1.1,7500,2000,2,2,0.5,7.1
Kalibr,17,1,2571.62,4116.11,2589.06,4137.12,0.530494,0.847688,-426.694,-695.475,-0.52295,-0.852363,857.5,0.453429,-2.1211,1.2,0.45,2500,4000,0,1,0.75,7.1
Geran2,20,0,7084.19,6536.56,7063.04,6460.53,0.737878,0.674934,316.987,-254.237,0.780092,-0.625665,416.667,9.57307e-009,-0.675984,2.8,1.1,9000,5000,1,1,0.5,7.1
Kalibr,21,1,8716.58,5165.72,8627.27,5160.4,0.858193,0.513328,703.08,-413.954,0.861732,-0.507363,857.5,0.453429,-0.532122,1.2,0.45,9000,5000,1,2,0.75,7.1
Kinzhal,23,2,124.327,2223.99,135.638,2122.92,0.063762,0.997965,-1077.24,-441.482,-0.925308,-0.379216,1250,0.857143,-2.75264,2.4,0.12,2500,4000,0,2,1,7.1
Geran2,24,0,6594.33,6758.94,6622.43,6641.22,0.706104,0.708108,75.9715,-399.202,0.186953,-0.982369,416.667,9.57307e-009,-1.38274,2.8,1.1,7500,2000,2,2,0.5,7.1
Geran2,25,0,4632.64,7226.82,4584.48,7204.63,0.536852,0.843676,195.447,-356.274,0.480967,-0.876739,416.667,9.57307e-009,-1.06904,2.8,1.1,7500,2000,2,2,0.5,7.1
Kalibr,27,1,6504.69,3633.78,6471.97,3564.73,0.875922,0.482453,424.479,-696.848,0.520224,-0.85403,857.5,0.453429,-1.02368,1.2,0.45,7500,2000,2,3,0.75,7.1
Kinzhal,29,2,9868.54,4061.72,9703.65,4021.01,0.923825,0.382815,335.689,-1114.75,0.288344,-0.957527,1250,0.857143,-1.2783,2.4,0.12,9000,5000,1,3,1,7.1
Kinzhal,32,2,7342.11,2337.34,7414.87,2293.8,0.955333,0.295533,493.964,-1055.36,0.423915,-0.905702,1250,0.857143,-1.13303,2.4,0.12,7500,2000,2,4,1,7.1
Geran2,35,0,4302.93,6008.24,4119.57,5975.1,0.567623,0.823289,-271.458,-302.37,-0.668046,-0.74412,416.667,9.57307e-009,-2.30238,2.8,1.1,2500,4000,0,0,0.5,7.1
Kalibr,36,1,7380.04,2732.56,7417.73,2715.08,0.939071,0.343724,131.754,-805.245,0.161473,-0.986877,857.5,0.453429,-1.40861,1.2,0.45,7500,2000,2,3,0.75,7.1
Geran2,37,0,3226.36,5503.71,3360.89,5357.46,0.531417,0.847111,-176.737,-365.879,-0.43496,-0.90045,416.667,9.57307e-009,-2.02079,2.8,1.1,2500,4000,0,0,0.5,7.1
Geran2,39,0,3267.61,6049.44,3388.18,6224.53,0.478089,0.878311,-142.526,-380.531,-0.350751,-0.936469,416.667,9.57307e-009,-1.92917,2.8,1.1,2500,4000,0,0,0.5,7.1
Geran2,40,0,4565.66,6654,4686.39,6573.49,0.580503,0.814258,-249.588,-320.676,-0.614207,-0.789145,416.667,9.57307e-009,-2.23218,2.8,1.1,2500,4000,0,0,0.5,7.1
Geran2,41,0,4364.43,6497.16,4456.06,6587.37,0.560301,0.828289,-243.113,-325.618,-0.598265,-0.801298,416.667,9.57307e-009,-2.21213,2.8,1.1,2500,4000,0,0,0.5,7.1
Geran2,43,0,2811.75,6071.36,2635.91,6035.5,0.40023,0.916415,-60.4775,-401.834,-0.148828,-0.988863,416.667,9.57307e-009,-1.72018,2.8,1.1,2500,4000,0,0,0.5,7.1
Geran2,45,0,2833.47,6219.91,2828.24,6210.18,0.414463,0.910066,-60.3648,-401.853,-0.148549,-0.988905,416.667,9.57307e-009,-1.7199,2.8,1.1,2500,4000,0,0,0.5,7.1
Geran2,46,0,3305.37,5960.49,3409.49,5929.71,0.498461,0.866912,-154.407,-375.868,-0.379989,-0.924991,416.667,9.57307e-009,-1.96058,2.8,1.1,2500,4000,0,0,0.5,7.1
Kinzhal,48,2,6875.35,2532.6,6846.88,2651.94,0.932498,0.361175,881.951,-760.84,0.757182,-0.653204,1250,0.857143,-0.711808,2.4,0.12,7500,2000,2,4,1,7.1
Kinzhal,49,2,7485.58,2124.74,7373.51,2168.23,0.959381,0.282113,137.709,-1156.89,0.118199,-0.99299,1250,0.857143,-1.45232,2.4,0.12,7500,2000,2,4,1,7.1
Geran2,50,0,3847.39,5805.72,3919.31,5774.8,0.56157,0.827429,-243,-325.658,-0.598039,-0.801467,416.667,9.57307e-009,-2.21185,2.8,1.1,2500,4000,0,0,0.5,7.1
Kalibr,1,1,2522.06,4820.36,2693.17,4684.66,0.4984,0.866947,-24.9085,-815.404,-0.0305332,-0.999534,857.5,0.453429,-1.60133,1.2,0.45,2500,4000,0,1,0.75,7.2
Kalibr,2,1,3150.07,4843.9,3135.25,4765.64,0.549611,0.835421,-496.255,-647.517,-0.608297,-0.793709,857.5,0.453429,-2.22471,1.2,0.45,2500,4000,0,1,0.75,7.2
Geran2,3,0,6504.58,7164.12,6366.2,6881.6,0.679083,0.734061,306.993,-266.236,0.755476,-0.655176,416.667,9.57307e-009,-0.714416,2.8,1.1,9000,5000,1,1,0.5,7.2
Kalibr,5,1,8843.09,5064.9,8896.59,4992.47,0.872072,0.489378,752.568,-315.173,0.922378,-0.386289,857.5,0.453429,-0.396605,1.2,0.45,9000,5000,1,2,0.75,7.2
Kalibr,7,1,7618.3,5479.38,7810.58,5467.37,0.819234,0.57346,770.191,-268.971,0.944086,-0.3297,857.5,0.453429,-0.335986,1.2,0.45,9000,5000,1,2,0.75,7.2
Kalibr,8,1,2686.74,4187.34,2587.39,4268.66,0.518349,0.855169,-575.545,-578.364,-0.705377,-0.708832,857.5,0.453429,-2.35375,1.2,0.45,2500,4000,0,1,0.75,7.2
Geran2,10,0,4027.18,5763.62,3760.76,5733.98,0.548436,0.836193,-266.007,-307.192,-0.654613,-0.755965,416.667,9.57307e-009,-2.28447,2.8,1.1,2500,4000,0,0,0.5,7.2
Geran2,11,0,6714.3,6755.64,6598.63,6965.39,0.687736,0.725961,322.248,-247.518,0.793058,-0.609146,416.667,9.57307e-009,-0.654983,2.8,1.1,9000,5000,1,1,0.5,7.2
Kinzhal,12,2,9694.52,2744.27,9806.31,2762.73,0.96253,0.271173,29.6375,-1163.81,0.0254577,-0.999676,1250,0.857143,-1.54534,2.4,0.12,9000,5000,1,3,1,7.2
Kalibr,14,1,7991.38,5891.97,7986.64,5932.79,0.80275,0.596315,611.434,-540.255,0.749379,-0.662141,857.5,0.453429,-0.723672,1.2,0.45,9000,5000,1,2,0.75,7.2
Geran2,16,0,5960.16,5917.19,5851.89,5766.33,0.712295,0.701881,148.658,-378.17,0.365846,-0.930676,416.667,9.57307e-009,-1.19626,2.8,1.1,7500,2000,2,2,0.5,7.2
Geran2,20,0,7115.89,6511.14,7028.71,6449.99,0.736788,0.676124,316.987,-254.237,0.780092,-0.625665,416.667,9.57307e-009,-0.675984,2.8,1.1,9000,5000,1,1,0.5,7.2
Kalibr,21,1,8786.91,5124.35,8986.46,5060.85,0.871328,0.490701,703.231,-413.699,0.861916,-0.507051,857.5,0.453429,-0.53176,1.2,0.45,9000,5000,1,2,0.75,7.2
Kinzhal,23,2,16.0411,2181.24,19.9359,2126.04,0.0093766,0.999956,-1082.86,-427.481,-0.930145,-0.367192,1250,0.857143,-2.7656,2.4,0.12,2500,4000,0,2,1,7.2
Geran2,24,0,6601.93,6719.02,6601.29,6614.28,0.706411,0.707801,75.9712,-399.2,0.186953,-0.982369,416.667,9.57307e-009,-1.38274,2.8,1.1,7500,2000,2,2,0.5,7.2
Geran2,25,0,4652.18,7191.2,4594.32,7001.62,0.548615,0.836075,195.446,-356.272,0.480967,-0.876739,416.667,9.57307e-009,-1.06904,2.8,1.1,7500,2000,2,2,0.5,7.2
Kalibr,27,1,6547.14,3564.09,6602.63,3529.15,0.881923,0.471394,424.48,-696.841,0.520229,-0.854027,857.5,0.453429,-1.02368,1.2,0.45,7500,2000,2,3,0.75,7.2
Kinzhal,29,2,9900.66,3949.82,9867.33,3912.85,0.92958,0.368622,321.212,-1119,0.275911,-0.961183,1250,0.857143,-1.29126,2.4,0.12,9000,5000,1,3,1,7.2
Kinzhal,32,2,7391.5,2231.81,7283.6,2439.19,0.94824,0.317554,493.96,-1055.36,0.423915,-0.905702,1250,0.857143,-1.13303,2.4,0.12,7500,2000,2,4,1,7.2
Geran2,35,0,4275.78,5978.01,4310.83,6021.59,0.582104,0.813114,-271.458,-302.371,-0.668046,-0.74412,416.667,9.57307e-009,-2.30238,2.8,1.1,2500,4000,0,0,0.5,7.2
Kalibr,36,1,7393.22,2652.04,7274.89,2501.49,0.945657,0.325167,131.766,-805.238,0.161488,-0.986875,857.5,0.453429,-1.4086,1.2,0.45,7500,2000,2,3,0.75,7.2
Geran2,37,0,3208.69,5467.12,3171.5,5714.58,0.48526,0.87437,-176.737,-365.88,-0.43496,-0.90045,416.667,9.57307e-009,-2.02079,2.8,1.1,2500,4000,0,0,0.5,7.2
Geran2,39,0,3253.36,6011.38,3382.73,6061.93,0.487293,0.873239,-142.526,-380.531,-0.350751,-0.936469,416.667,9.57307e-009,-1.92917,2.8,1.1,2500,4000,0,0,0.5,7.2
Geran2,40,0,4540.7,6621.94,4580.89,6695.86,0.564643,0.825335,-249.587,-320.675,-0.614207,-0.789145,416.667,9.57307e-009,-2.23218,2.8,1.1,2500,4000,0,0,0.5,7.2
Geran2,41,0,4340.12,6464.6,4230.12,6420.21,0.550188,0.835041,-243.112,-325.617,-0.598265,-0.801298,416.667,9.57307e-009,-2.21213,2.8,1.1,2500,4000,0,0,0.5,7.2
Geran2,43,0,2805.7,6031.17,2692.17,6348.84,0.390392,0.920649,-60.4774,-401.833,-0.148828,-0.988863,416.667,9.57307e-009,-1.72018,2.8,1.1,2500,4000,0,0,0.5,7.2
Geran2,45,0,2827.43,6179.72,2862.06,6173.99,0.420575,0.907258,-60.3646,-401.852,-0.148549,-0.988905,416.667,9.57307e-009,-1.7199,2.8,1.1,2500,4000,0,0,0.5,7.2
Geran2,46,0,3289.93,5922.9,3179.97,6063.59,0.464443,0.885603,-154.407,-375.868,-0.379989,-0.924991,416.667,9.57307e-009,-1.96058,2.8,1.1,2500,4000,0,0,0.5,7.2
Kinzhal,48,2,6963.65,2456.64,7161.24,2439.57,0.946581,0.322465,883.038,-759.629,0.758093,-0.652146,1250,0.857143,-0.710412,2.4,0.12,7500,2000,2,4,1,7.2
Geran2,50,0,3823.09,5773.16,3820.35,5837.88,0.547578,0.836755,-243.001,-325.659,-0.598039,-0.801467,416.667,9.57307e-009,-2.21185,2.8,1.1,2500,4000,0,0,0.5,7.2
Kalibr,1,1,2519.61,4738.81,2508.24,4836.21,0.4604,0.887711,-24.5504,-815.425,-0.0300939,-0.999547,857.5,0.453429,-1.60089,1.2,0.45,2500,4000,0,1,0.75,7.3
Kalibr,2,1,3100.42,4779.17,3131.41,4778.94,0.548073,0.83643,-496.452,-647.375,-0.608532,-0.793529,857.5,0.453429,-2.22501,1.2,0.45,2500,4000,0,1,0.75,7.3
Geran2,3,0,6535.28,7137.5,6477.77,7029.92,0.677637,0.735397,306.993,-266.235,0.755476,-0.655176,416.667,9.57307e-009,-0.714416,2.8,1.1,9000,5000,1,1,0.5,7.3
Kalibr,5,1,8918.36,5033.42,8871.59,4971.32,0.872371,0.488845,752.734,-314.773,0.922583,-0.385799,857.5,0.453429,-0.396074,1.2,0.45,9000,5000,1,2,0.75,7.3
Kalibr,7,1,7695.32,5452.5,7736.57,5353.39,0.822327,0.569016,770.264,-268.785,0.944166,-0.329469,857.5,0.453429,-0.335741,1.2,0.45,9000,5000,1,2,0.75,7.3
Kalibr,8,1,2629.18,4129.51,2761.33,4175.5,0.551608,0.834104,-575.599,-578.305,-0.705447,-0.708763,857.5,0.453429,-2.35385,1.2,0.45,2500,4000,0,1,0.75,7.3
Geran2,10,0,4000.57,5732.9,3988.25,5661.49,0.575903,0.817518,-266.006,-307.191,-0.654613,-0.755965,416.667,9.57307e-009,-2.28447,2.8,1.1,2500,4000,0,0,0.5,7.3
Geran2,11,0,6746.53,6730.89,6689.78,6673.08,0.70799,0.706223,322.249,-247.519,0.793058,-0.609146,416.667,9.57307e-009,-0.654983,2.8,1.1,9000,5000,1,1,0.5,7.3
Kinzhal,12,2,9695.98,2627.86,9927.67,2555.66,0.968426,0.2493,14.5525,-1164.09,0.0125002,-0.999922,1250,0.857143,-1.5583,2.4,0.12,9000,5000,1,3,1,7.3
Kalibr,14,1,8052.52,5837.94,8023.45,5726.52,0.81395,0.580935,611.404,-540.284,0.749345,-0.66218,857.5,0.453429,-0.723724,1.2,0.45,9000,5000,1,2,0.75,7.3
Geran2,16,0,5975.03,5879.37,6029.14,5952.86,0.711594,0.702591,148.658,-378.171,0.365846,-0.930676,416.667,9.57307e-009,-1.19626,2.8,1.1,7500,2000,2,2,0.5,7.3
Geran2,20,0,7147.58,6485.71,7199.47,6636.31,0.735279,0.677764,316.987,-254.237,0.780092,-0.625665,416.667,9.57307e-009,-0.675984,2.8,1.1,9000,5000,1,1,0.5,7.3
Kalibr,21,1,8857.25,5083.01,8886.32,5073.93,0.86841,0.495846,703.406,-413.4,0.862131,-0.506685,857.5,0.453429,-0.531335,1.2,0.45,9000,5000,1,2,0.75,7.3
Geran2,24,0,6609.53,6679.1,6623.6,6602.69,0.708224,0.705988,75.9709,-399.199,0.186953,-0.982369,416.667,9.57307e-009,-1.38274,2.8,1.1,7500,2000,2,2,0.5,7.3
Geran2,25,0,4671.73,7155.57,4450.11,7077.12,0.532311,0.846549,195.445,-356.271,0.480967,-0.876739,416.667,9.57307e-009,-1.06904,2.8,1.1,7500,2000,2,2,0.5,7.3
Kalibr,27,1,6589.59,3494.41,6476.66,3379.77,0.886549,0.462636,424.481,-696.835,0.520234,-0.854024,857.5,0.453429,-1.02367,1.2,0.45,7500,2000,2,3,0.75,7.3
Kinzhal,29,2,9931.33,3837.52,9896.47,3833.36,0.93249,0.361197,306.682,-1123.06,0.263431,-0.964678,1250,0.857143,-1.30422,2.4,0.12,9000,5000,1,3,1,7.3
Kinzhal,32,2,7440.9,2126.27,7572.12,1977.37,0.967554,0.252665,493.957,-1055.35,0.423915,-0.905702,1250,0.857143,-1.13303,2.4,0.12,7500,2000,2,4,1,7.3
Geran2,35,0,4248.64,5947.77,4199.37,5939.44,0.577309,0.816525,-271.458,-302.371,-0.668046,-0.74412,416.667,9.57307e-009,-2.30238,2.8,1.1,2500,4000,0,0,0.5,7.3
Kalibr,36,1,7406.4,2571.52,7381.7,2652.53,0.941086,0.338168,131.777,-805.231,0.161503,-0.986872,857.5,0.453429,-1.40858,1.2,0.45,7500,2000,2,3,0.75,7.3
Geran2,37,0,3191.01,5430.53,3196.34,5274.15,0.518288,0.855206,-176.738,-365.881,-0.43496,-0.90045,416.667,9.57307e-009,-2.02079,2.8,1.1,2500,4000,0,0,0.5,7.3
Geran2,39,0,3239.1,5973.33,3221.57,5805.09,0.485242,0.87438,-142.526,-380.531,-0.350751,-0.936469,416.667,9.57307e-009,-1.92917,2.8,1.1,2500,4000,0,0,0.5,7.3
Geran2,40,0,4515.75,6589.87,4649.19,6764.71,0.566401,0.82413,-249.587,-320.674,-0.614207,-0.789145,416.667,9.57307e-009,-2.23218,2.8,1.1,2500,4000,0,0,0.5,7.3
Geran2,41,0,4315.81,6432.04,4313.92,6477.47,0.55431,0.83231,-243.111,-325.616,-0.598265,-0.801298,416.667,9.57307e-009,-2.21213,2.8,1.1,2500,4000,0,0,0.5,7.3
Geran2,43,0,2799.65,5990.99,2825.41,5975.46,0.42746,0.904034,-60.4773,-401.832,-0.148828,-0.988863,416.667,9.57307e-009,-1.72018,2.8,1.1,2500,4000,0,0,0.5,7.3
Geran2,45,0,2821.39,6139.54,2782.33,6140.34,0.41273,0.910854,-60.3644,-401.851,-0.148549,-0.988905,416.667,9.57307e-009,-1.7199,2.8,1.1,2500,4000,0,0,0.5,7.3
Geran2,46,0,3274.49,5885.31,3414.52,5798.54,0.507419,0.861699,-154.407,-375.868,-0.379989,-0.924991,416.667,9.57307e-009,-1.96058,2.8,1.1,2500,4000,0,0,0.5,7.3
Kinzhal,48,2,7052.05,2380.78,7118.87,2221.26,0.954609,0.297861,883.997,-758.558,0.758898,-0.65121,1250,0.857143,-0.709178,2.4,0.12,7500,2000,2,4,1,7.3
Geran2,50,0,3798.79,5740.59,3728.74,5712.05,0.546626,0.837377,-243.001,-325.66,-0.598039,-0.801467,416.667,9.57307e-009,-2.21185,2.8,1.1,2500,4000,0,0,0.5,7.3
Kalibr,1,1,2517.19,4657.27,2466.11,4684.32,0.465847,0.884865,-24.2007,-815.444,-0.0296648,-0.99956,857.5,0.453429,-1.60047,1.2,0.45,2500,4000,0,1,0.75,7.4
Kalibr,2,1,3050.76,4714.44,3084,4833.81,0.537861,0.843034,-496.639,-647.241,-0.608756,-0.793357,857.5,0.453429,-2.22529,1.2,0.45,2500,4000,0,1,0.75,7.4
Geran2,3,0,6565.98,7110.87,6512.84,7250.7,0.668239,0.743946,306.992,-266.235,0.755476,-0.655176,416.667,9.57307e-009,-0.714416,2.8,1.1,9000,5000,1,1,0.5,7.4
Kalibr,7,1,7772.36,5425.64,7634.15,5481.32,0.812304,0.583234,770.332,-268.612,0.944242,-0.329254,857.5,0.453429,-0.335513,1.2,0.45,9000,5000,1,2,0.75,7.4
Kalibr,8,1,2571.61,4071.69,2564.87,4216.09,0.519734,0.854328,-575.67,-578.23,-0.705536,-0.708674,857.5,0.453429,-2.35398,1.2,0.45,2500,4000,0,1,0.75,7.4
Geran2,10,0,3973.97,5702.19,3996.61,5564.65,0.583349,0.812222,-266.006,-307.191,-0.654613,-0.755965,416.667,9.57307e-009,-2.28447,2.8,1.1,2500,4000,0,0,0.5,7.4
Geran2,11,0,6778.75,6706.13,6838.54,6674.43,0.715641,0.698468,322.249,-247.519,0.793058,-0.609146,416.667,9.57307e-009,-0.654983,2.8,1.1,9000,5000,1,1,0.5,7.4
Kinzhal,12,2,9695.93,2511.45,9735.69,2531.57,0.967816,0.25166,-0.534846,-1164.17,-0.000459422,-1,1250,0.857143,-1.57126,2.4,0.12,9000,5000,1,3,1,7.4
Kalibr,14,1,8113.66,5783.91,8152.24,5919.53,0.809179,0.587563,611.377,-540.312,0.749313,-0.662216,857.5,0.453429,-0.723772,1.2,0.45,9000,5000,1,2,0.75,7.4
Geran2,16,0,5989.9,5841.56,5897.23,5695.4,0.719309,0.694691,148.658,-378.171,0.365846,-0.930676,416.667,9.57307e-009,-1.19626,2.8,1.1,7500,2000,2,2,0.5,7.4
Geran2,20,0,7179.28,6460.29,7142.71,6489.44,0.740143,0.67245,316.987,-254.237,0.780092,-0.625665,416.667,9.57307e-009,-0.675984,2.8,1.1,9000,5000,1,1,0.5,7.4
Kalibr,21,1,8927.61,5041.71,8843.11,4950.04,0.872594,0.488446,703.637,-413.008,0.862414,-0.506204,857.5,0.453429,-0.530777,1.2,0.45,9000,5000,1,2,0.75,7.4
Geran2,24,0,6617.12,6639.18,6759.46,6661.26,0.712262,0.701914,75.9706,-399.197,0.186953,-0.982369,416.667,9.57307e-009,-1.38274,2.8,1.1,7500,2000,2,2,0.5,7.4
Geran2,25,0,4691.27,7119.94,4822.66,7143.79,0.559521,0.828816,195.445,-356.27,0.480967,-0.876739,416.667,9.57307e-009,-1.06904,2.8,1.1,7500,2000,2,2,0.5,7.4
Kalibr,27,1,6632.03,3424.73,6572.74,3498.81,0.882723,0.469893,424.483,-696.829,0.520238,-0.854021,857.5,0.453429,-1.02367,1.2,0.45,7500,2000,2,3,0.75,7.4
Kinzhal,29,2,9960.54,3724.82,10028,3886,0.932437,0.361332,292.1,-1126.93,0.250907,-0.968011,1250,0.857143,-1.31718,2.4,0.12,9000,5000,1,3,1,7.4
Geran2,35,0,4221.49,5917.53,4028.86,5884.09,0.564962,0.825117,-271.458,-302.371,-0.668046,-0.74412,416.667,9.57307e-009,-2.30238,2.8,1.1,2500,4000,0,0,0.5,7.4
Kalibr,36,1,7419.57,2490.99,7466.01,2640.38,0.942779,0.333417,131.789,-805.225,0.161519,-0.98687,857.5,0.453429,-1.40857,1.2,0.45,7500,2000,2,3,0.75,7.4
Geran2,37,0,3173.34,5393.94,3022.76,5392.51,0.488967,0.872302,-176.738,-365.883,-0.43496,-0.90045,416.667,9.57307e-009,-2.02079,2.8,1.1,2500,4000,0,0,0.5,7.4
Geran2,39,0,3224.85,5935.28,3454.24,5916.22,0.50421,0.863581,-142.526,-380.531,-0.350751,-0.936469,416.667,9.57307e-009,-1.92917,2.8,1.1,2500,4000,0,0,0.5,7.4
Geran2,40,0,4490.79,6557.8,4466.84,6586.53,0.561278,0.827627,-249.586,-320.673,-0.614207,-0.789145,416.667,9.57307e-009,-2.23218,2.8,1.1,2500,4000,0,0,0.5,7.4
Geran2,41,0,4291.5,6399.48,4336.2,6490.7,0.555504,0.831514,-243.111,-325.615,-0.598265,-0.801298,416.667,9.57307e-009,-2.21213,2.8,1.1,2500,4000,0,0,0.5,7.4
Geran2,43,0,2793.6,5950.81,2858.18,5926.12,0.434416,0.900712,-60.4771,-401.831,-0.148828,-0.988863,416.667,9.57307e-009,-1.72018,2.8,1.1,2500,4000,0,0,0.5,7.4
Geran2,45,0,2815.36,6099.35,2727.44,6171.24,0.40424,0.914653,-60.3643,-401.85,-0.148549,-0.988905,416.667,9.57307e-009,-1.7199,2.8,1.1,2500,4000,0,0,0.5,7.4
Geran2,46,0,3259.05,5847.73,3207.74,5867.9,0.479667,0.877451,-154.407,-375.868,-0.379989,-0.924991,416.667,9.57307e-009,-1.96058,2.8,1.1,2500,4000,0,0,0.5,7.4
Kinzhal,48,2,7140.54,2305.02,7086.47,2411.26,0.946697,0.322125,884.869,-757.584,0.759628,-0.650358,1250,0.857143,-0.708056,2.4,0.12,7500,2000,2,4,1,7.4
Geran2,50,0,3774.49,5708.02,3790.51,5581.95,0.561781,0.827286,-243.002,-325.661,-0.598039,-0.801467,416.667,9.57307e-009,-2.21185,2.8,1.1,2500,4000,0,0,0.5,7.4
Kalibr,1,1,2514.8,4575.72,2527.75,4547.9,0.485811,0.874064,-23.8549,-815.462,-0.0292407,-0.999572,857.5,0.453429,-1.60004,1.2,0.45,2500,4000,0,1,0.75,7.5
Kalibr,2,1,3001.08,4649.73,3050.66,4544,0.557396,0.830247,-496.818,-647.111,-0.608971,-0.793192,857.5,0.453429,-2.22556,1.2,0.45,2500,4000,0,1,0.75,7.5
Geran2,3,0,6596.68,7084.25,6516.14,7059.03,0.678286,0.734798,306.992,-266.234,0.755476,-0.655176,416.667,9.57307e-009,-0.714416,2.8,1.1,9000,5000,1,1,0.5,7.5
Kalibr,7,1,7849.4,5398.8,7732.01,5167.02,0.831437,0.555619,770.395,-268.45,0.944312,-0.329052,857.5,0.453429,-0.3353,1.2,0.45,9000,5000,1,2,0.75,7.5
Geran2,10,0,3947.37,5671.47,3855.22,5735.71,0.557843,0.829947,-266.005,-307.19,-0.654613,-0.755965,416.667,9.57307e-009,-2.28447,2.8,1.1,2500,4000,0,0,0.5,7.5
Geran2,11,0,6810.98,6681.38,6813.36,6526.21,0.722161,0.691725,322.25,-247.52,0.793058,-0.609146,416.667,9.57307e-009,-0.654983,2.8,1.1,9000,5000,1,1,0.5,7.5
Kinzhal,12,2,9694.36,2395.04,9665.38,2459.44,0.969117,0.2466,-15.622,-1164.06,-0.0134191,-0.99991,1250,0.857143,-1.58422,2.4,0.12,9000,5000,1,3,1,7.5
Kalibr,14,1,8174.79,5729.87,8153.22,5608.79,0.823879,0.566766,611.351,-540.339,0.749284,-0.662249,857.5,0.453429,-0.723817,1.2,0.45,9000,5000,1,2,0.75,7.5
Geran2,16,0,6004.76,5803.74,6103.48,5836,0.722767,0.691092,148.658,-378.172,0.365846,-0.930676,416.667,9.57307e-009,-1.19626,2.8,1.1,7500,2000,2,2,0.5,7.5
Geran2,20,0,7210.98,6434.86,7329.63,6598.55,0.743199,0.66907,316.987,-254.237,0.780092,-0.625665,416.667,9.57307e-009,-0.675984,2.8,1.1,9000,5000,1,1,0.5,7.5
Geran2,24,0,6624.72,6599.26,6639.34,6590.72,0.709701,0.704503,75.9704,-399.196,0.186953,-0.982369,416.667,9.57307e-009,-1.38274,2.8,1.1,7500,2000,2,2,0.5,7.5
Geran2,25,0,4710.82,7084.31,4913.54,7186.99,0.56438,0.825515,195.444,-356.27,0.480967,-0.876739,416.667,9.57307e-009,-1.06904,2.8,1.1,7500,2000,2,2,0.5,7.5
Kalibr,27,1,6674.48,3355.04,6563.43,3414.64,0.887125,0.461529,424.484,-696.824,0.520242,-0.854019,857.5,0.453429,-1.02366,1.2,0.45,7500,2000,2,3,0.75,7.5
Kinzhal,29,2,9988.29,3611.76,9976.05,3611.42,0.940284,0.340391,277.469,-1130.62,0.238341,-0.971181,1250,0.857143,-1.33014,2.4,0.12,9000,5000,1,3,1,7.5
Geran2,35,0,4194.35,5887.29,4376.97,5915.88,0.594774,0.803893,-271.458,-302.371,-0.668046,-0.74412,416.667,9.57307e-009,-2.30238,2.8,1.1,2500,4000,0,0,0.5,7.5
Kalibr,36,1,7432.75,2410.47,7491.94,2535.19,0.947237,0.320534,131.801,-805.219,0.161534,-0.986867,857.5,0.453429,-1.40855,1.2,0.45,7500,2000,2,3,0.75,7.5
Geran2,37,0,3155.67,5357.35,3275.99,5302.59,0.525593,0.850736,-176.739,-365.884,-0.43496,-0.90045,416.667,9.57307e-009,-2.02079,2.8,1.1,2500,4000,0,0,0.5,7.5
Geran2,39,0,3210.6,5897.22,3112.16,5837.44,0.470454,0.882425,-142.526,-380.531,-0.350751,-0.936469,416.667,9.57307e-009,-1.92917,2.8,1.1,2500,4000,0,0,0.5,7.5
Geran2,40,0,4465.83,6525.73,4417.23,6493.94,0.562428,0.826846,-249.586,-320.673,-0.614207,-0.789145,416.667,9.57307e-009,-2.23218,2.8,1.1,2500,4000,0,0,0.5,7.5
Geran2,41,0,4267.19,6366.92,4447.54,6453.94,0.567434,0.823419,-243.11,-325.614,-0.598265,-0.801298,416.667,9.57307e-009,-2.21213,2.8,1.1,2500,4000,0,0,0.5,7.5
Geran2,43,0,2787.56,5910.62,3141.76,5927.49,0.468316,0.883561,-60.477,-401.83,-0.148828,-0.988863,416.667,9.57307e-009,-1.72018,2.8,1.1,2500,4000,0,0,0.5,7.5
Geran2,45,0,2809.32,6059.17,2731.97,6015.57,0.413505,0.910502,-60.3642,-401.849,-0.148549,-0.988905,416.667,9.57307e-009,-1.7199,2.8,1.1,2500,4000,0,0,0.5,7.5
Geran2,46,0,3243.61,5810.14,3194.29,5955.25,0.472679,0.881235,-154.407,-375.867,-0.379989,-0.924991,416.667,9.57307e-009,-1.96058,2.8,1.1,2500,4000,0,0,0.5,7.5
Kinzhal,48,2,7229.11,2229.36,7228.68,2149.01,0.958538,0.284963,885.691,-756.661,0.760317,-0.649552,1250,0.857143,-0.706995,2.4,0.12,7500,2000,2,4,1,7.5
Geran2,50,0,3750.19,5675.46,3972.01,5732.3,0.569549,0.821957,-243.003,-325.662,-0.598039,-0.801467,416.667,9.57307e-009,-2.21185,2.8,1.1,2500,4000,0,0,0.5,7.5
Kalibr,1,1,2512.45,4494.17,2490.84,4536.77,0.481269,0.876573,-23.5076,-815.48,-0.0288148,-0.999585,857.5,0.453429,-1.59962,1.2,0.45,2500,4000,0,1,0.75,7.6
Kalibr,2,1,2951.38,4585.03,2882.05,4725.21,0.520716,0.85373,-496.99,-646.985,-0.609179,-0.793033,857.5,0.453429,-2.22582,1.2,0.45,2500,4000,0,1,0.75,7.6
Geran2,3,0,6627.38,7057.62,6654.12,6967.54,0.690654,0.723185,306.991,-266.234,0.755476,-0.655176,416.667,9.57307e-009,-0.714416,2.8,1.1,9000,5000,1,1,0.5,7.6
Kalibr,7,1,7926.44,5371.97,7929.27,5355.88,0.828673,0.559732,770.455,-268.298,0.944377,-0.328864,857.5,0.453429,-0.3351,1.2,0.45,9000,5000,1,2,0.75,7.6
Geran2,10,0,3920.77,5640.75,3990.42,5559.64,0.583098,0.812401,-266.005,-307.189,-0.654613,-0.755964,416.667,9.57307e-009,-2.28447,2.8,1.1,2500,4000,0,0,0.5,7.6
Geran2,11,0,6843.2,6656.63,6904.53,6604.62,0.722627,0.691238,322.251,-247.52,0.793058,-0.609146,416.667,9.57307e-009,-0.654983,2.8,1.1,9000,5000,1,1,0.5,7.6
Kinzhal,12,2,9691.29,2278.66,9789.32,2195.58,0.975759,0.218847,-30.7065,-1163.76,-0.0263765,-0.999652,1250,0.857143,-1.59718,2.4,0.12,9000,5000,1,3,1,7.6
Kalibr,14,1,8235.93,5675.84,8210.13,5646.47,0.823948,0.566665,611.327,-540.364,0.749255,-0.662281,857.5,0.453429,-0.723859,1.2,0.45,9000,5000,1,2,0.75,7.6
Geran2,16,0,6019.63,5765.92,6045.21,5916.27,0.714688,0.699444,148.658,-378.172,0.365846,-0.930676,416.667,9.57307e-009,-1.19626,2.8,1.1,7500,2000,2,2,0.5,7.6
Geran2,20,0,7242.68,6409.44,7419.17,6344.58,0.76,0.649923,316.987,-254.237,0.780092,-0.625665,416.667,9.57307e-009,-0.675984,2.8,1.1,9000,5000,1,1,0.5,7.6
Geran2,24,0,6632.32,6559.34,6621.88,6826.03,0.696292,0.717758,75.9702,-399.195,0.186953,-0.982369,416.667,9.57307e-009,-1.38274,2.8,1.1,7500,2000,2,2,0.5,7.6
Geran2,25,0,4730.36,7048.69,4651.39,7145.75,0.545537,0.838087,195.444,-356.269,0.480967,-0.876739,416.667,9.57307e-009,-1.06904,2.8,1.1,7500,2000,2,2,0.5,7.6
Kalibr,27,1,6716.93,3285.36,6700.61,3264.38,0.898991,0.437968,424.485,-696.819,0.520246,-0.854017,857.5,0.453429,-1.02366,1.2,0.45,7500,2000,2,3,0.75,7.6
Geran2,35,0,4167.2,5857.06,4091.75,6017.95,0.562268,0.826955,-271.458,-302.371,-0.668046,-0.74412,416.667,9.57307e-009,-2.30238,2.8,1.1,2500,4000,0,0,0.5,7.6
Kalibr,36,1,7445.94,2329.95,7574.06,2244.75,0.958778,0.284157,131.814,-805.214,0.161551,-0.986864,857.5,0.453429,-1.40853,1.2,0.45,7500,2000,2,3,0.75,7.6
Geran2,37,0,3137.99,5320.76,3254.36,5331.74,0.520992,0.853561,-176.739,-365.885,-0.43496,-0.90045,416.667,9.57307e-009,-2.02079,2.8,1.1,2500,4000,0,0,0.5,7.6
Geran2,39,0,3196.34,5859.17,3102.46,5888.19,0.466148,0.884707,-142.526,-380.531,-0.350751,-0.936469,416.667,9.57307e-009,-1.92917,2.8,1.1,2500,4000,0,0,0.5,7.6
Geran2,40,0,4440.87,6493.67,4414.47,6467.07,0.563781,0.825924,-249.586,-320.672,-0.614207,-0.789145,416.667,9.57307e-009,-2.23218,2.8,1.1,2500,4000,0,0,0.5,7.6
Geran2,41,0,4242.88,6334.36,4098.66,6452.04,0.536206,0.844087,-243.109,-325.613,-0.598265,-0.801298,416.667,9.57307e-009,-2.21213,2.8,1.1,2500,4000,0,0,0.5,7.6
Geran2,43,0,2781.51,5870.44,2887.86,6005.14,0.433388,0.901207,-60.4769,-401.829,-0.148828,-0.988863,416.667,9.57307e-009,-1.72018,2.8,1.1,2500,4000,0,0,0.5,7.6
Geran2,45,0,2803.28,6018.98,2904.26,5916.38,0.440655,0.897677,-60.364,-401.848,-0.148549,-0.988905,416.667,9.57307e-009,-1.7199,2.8,1.1,2500,4000,0,0,0.5,7.6
Geran2,46,0,3228.17,5772.55,3164.02,5815.99,0.477882,0.878424,-154.408,-375.867,-0.379989,-0.924991,416.667,9.57307e-009,-1.96058,2.8,1.1,2500,4000,0,0,0.5,7.6
Kinzhal,48,2,7317.76,2153.79,7205.41,2151.24,0.958205,0.286081,886.517,-755.728,0.761011,-0.648739,1250,0.857143,-0.705926,2.4,0.12,7500,2000,2,4,1,7.6
Geran2,50,0,3725.89,5642.89,3787.15,5744.43,0.55042,0.834888,-243.004,-325.663,-0.598039,-0.801467,416.667,9.57307e-009,-2.21185,2.8,1.1,2500,4000,0,0,0.5,7.6
Kalibr,1,1,2510.14,4412.62,2473.93,4490.24,0.482562,0.875862,-23.1517,-815.497,-0.0283783,-0.999597,857.5,0.453429,-1.59918,1.2,0.45,2500,4000,0,1,0.75,7.7
Kalibr,2,1,2901.66,4520.35,2984.79,4471.24,0.55521,0.83171,-497.159,-646.862,-0.609382,-0.792877,857.5,0.453429,-2.22608,1.2,0.45,2500,4000,0,1,0.75,7.7
Geran2,3,0,6658.08,7031,6706.56,7050.12,0.689233,0.72454,306.991,-266.233,0.755476,-0.655176,416.667,9.57307e-009,-0.714416,2.8,1.1,9000,5000,1,1,0.5,7.7
Kalibr,7,1,8003.49,5345.15,8116.56,5296.56,0.837462,0.546496,770.51,-268.154,0.944439,-0.328686,857.5,0.453429,-0.334912,1.2,0.45,9000,5000,1,2,0.75,7.7
Geran2,10,0,3894.17,5610.03,3771.75,5567.28,0.560886,0.827893,-266.004,-307.189,-0.654613,-0.755964,416.667,9.57307e-009,-2.28447,2.8,1.1,2500,4000,0,0,0.5,7.7
Geran2,11,0,6875.43,6631.88,6769.18,6779.9,0.706547,0.707666,322.251,-247.52,0.793058,-0.609146,416.667,9.57307e-009,-0.654983,2.8,1.1,9000,5000,1,1,0.5,7.7
Kinzhal,12,2,9686.71,2162.34,9604.07,2297.83,0.972551,0.232689,-45.7858,-1163.26,-0.0393296,-0.999226,1250,0.857143,-1.61014,2.4,0.12,9000,5000,1,3,1,7.7
Kalibr,14,1,8297.06,5621.8,8319.35,5656.81,0.826943,0.562286,611.304,-540.387,0.749228,-0.662312,857.5,0.453429,-0.7239,1.2,0.45,9000,5000,1,2,0.75,7.7
Geran2,16,0,6034.49,5728.11,6024.84,5836.26,0.718258,0.695776,148.658,-378.173,0.365846,-0.930676,416.667,9.57307e-009,-1.19626,2.8,1.1,7500,2000,2,2,0.5,7.7
Geran2,20,0,7274.38,6384.02,7369.84,6440.16,0.753004,0.658016,316.987,-254.237,0.780092,-0.625665,416.667,9.57307e-009,-0.675984,2.8,1.1,9000,5000,1,1,0.5,7.7
Geran2,24,0,6639.92,6519.42,6643.16,6475.47,0.716087,0.698011,75.97,-399.194,0.186953,-0.982369,416.667,9.57307e-009,-1.38274,2.8,1.1,7500,2000,2,2,0.5,7.7
Geran2,25,0,4749.91,7013.06,4809.22,6883.27,0.572737,0.819739,195.444,-356.268,0.480967,-0.876739,416.667,9.57307e-009,-1.06904,2.8,1.1,7500,2000,2,2,0.5,7.7
Kalibr,27,1,6759.38,3215.68,6728.69,3118.51,0.907293,0.420499,424.486,-696.815,0.520249,-0.854015,857.5,0.453429,-1.02365,1.2,0.45,7500,2000,2,3,0.75,7.7
Geran2,35,0,4140.05,5826.82,4098.35,6013.37,0.563179,0.826335,-271.458,-302.371,-0.668045,-0.74412,416.667,9.57307e-009,-2.30238,2.8,1.1,2500,4000,0,0,0.5,7.7
Kalibr,36,1,7459.12,2249.43,7595.3,2289.38,0.957451,0.288595,131.828,-805.208,0.161569,-0.986861,857.5,0.453429,-1.40852,1.2,0.45,7500,2000,2,3,0.75,7.7
Geran2,37,0,3120.32,5284.18,3031.81,5129.56,0.508817,0.860875,-176.74,-365.885,-0.43496,-0.90045,416.667,9.57307e-009,-2.02079,2.8,1.1,2500,4000,0,0,0.5,7.7
Geran2,39,0,3182.09,5821.12,3193.61,5847.73,0.479308,0.877647,-142.526,-380.531,-0.350751,-0.936469,416.667,9.57307e-009,-1.92917,2.8,1.1,2500,4000,0,0,0.5,7.7
Geran2,40,0,4415.91,6461.6,4519.33,6706.68,0.55882,0.829289,-249.585,-320.672,-0.614207,-0.789145,416.667,9.57307e-009,-2.23218,2.8,1.1,2500,4000,0,0,0.5,7.7
Geran2,41,0,4218.57,6301.8,4300.99,6423.73,0.556357,0.830944,-243.109,-325.612,-0.598265,-0.801298,416.667,9.57307e-009,-2.21213,2.8,1.1,2500,4000,0,0,0.5,7.7
Geran2,43,0,2775.46,5830.26,2939.14,6033.15,0.437959,0.898995,-60.4768,-401.829,-0.148828,-0.988863,416.667,9.57307e-009,-1.72018,2.8,1.1,2500,4000,0,0,0.5,7.7
Geran2,45,0,2797.25,5978.8,2907.1,6021.27,0.434783,0.900535,-60.3639,-401.847,-0.148549,-0.988905,416.667,9.57307e-009,-1.7199,2.8,1.1,2500,4000,0,0,0.5,7.7
Geran2,46,0,3212.73,5734.96,3406.93,5601.09,0.519677,0.854363,-154.408,-375.867,-0.379989,-0.924991,416.667,9.57307e-009,-1.96058,2.8,1.1,2500,4000,0,0,0.5,7.7
Kinzhal,48,2,7406.51,2078.32,7439.88,1974.75,0.966533,0.256544,887.444,-754.671,0.761794,-0.64782,1250,0.857143,-0.704719,2.4,0.12,7500,2000,2,4,1,7.7
Geran2,50,0,3701.59,5610.32,3647.73,5542.78,0.549739,0.835337,-243.004,-325.664,-0.598039,-0.801467,416.667,9.57307e-009,-2.21185,2.8,1.1,2500,4000,0,0,0.5,7.7
Kalibr,1,1,2507.86,4331.07,2536.47,4357.48,0.503072,0.864244,-22.7769,-815.513,-0.0279186,-0.99961,857.5,0.453429,-1.59872,1.2,0.45,2500,4000,0,1,0.75,7.8
Kalibr,2,1,2851.93,4455.67,2977.99,4403.15,0.560231,0.828336,-497.325,-646.74,-0.609582,-0.792723,857.5,0.453429,-2.22633,1.2,0.45,2500,4000,0,1,0.75,7.8
Geran2,3,0,6688.77,7004.38,6804.14,6859.4,0.704241,0.709961,306.99,-266.233,0.755476,-0.655176,416.667,9.57307e-009,-0.714416,2.8,1.1,9000,5000,1,1,0.5,7.8
Kalibr,7,1,8080.55,5318.35,8018.07,5359.94,0.831353,0.555745,770.563,-268.018,0.944498,-0.328517,857.5,0.453429,-0.334733,1.2,0.45,9000,5000,1,2,0.75,7.8
Geran2,10,0,3867.57,5579.31,3848.18,5673.89,0.561306,0.827608,-266.004,-307.189,-0.654613,-0.755965,416.667,9.57307e-009,-2.28447,2.8,1.1,2500,4000,0,0,0.5,7.8
Geran2,11,0,6907.65,6607.13,6909.27,6453.24,0.730813,0.682577,322.252,-247.521,0.793058,-0.609146,416.667,9.57307e-009,-0.654983,2.8,1.1,9000,5000,1,1,0.5,7.8
Kinzhal,12,2,9680.63,2046.08,9659.15,1963.78,0.979952,0.199232,-60.8573,-1162.56,-0.0522761,-0.998633,1250,0.857143,-1.6231,2.4,0.12,9000,5000,1,3,1,7.8
Kalibr,14,1,8358.18,5567.76,8206.77,5522.89,0.82963,0.558314,611.282,-540.41,0.749203,-0.662341,857.5,0.453429,-0.723939,1.2,0.45,9000,5000,1,2,0.75,7.8
Geran2,16,0,6049.36,5690.29,6084.77,5464.02,0.74404,0.668135,148.659,-378.173,0.365846,-0.930676,416.667,9.57307e-009,-1.19626,2.8,1.1,7500,2000,2,2,0.5,7.8
Geran2,20,0,7306.08,6358.59,7240.13,6517.21,0.743238,0.669027,316.987,-254.237,0.780092,-0.625665,416.667,9.57307e-009,-0.675984,2.8,1.1,9000,5000,1,1,0.5,7.8
Geran2,24,0,6647.51,6479.5,6793.14,6442.37,0.725592,0.688125,75.9698,-399.193,0.186953,-0.982369,416.667,9.57307e-009,-1.38274,2.8,1.1,7500,2000,2,2,0.5,7.8
Geran2,25,0,4769.45,6977.43,4771.26,6886.04,0.569533,0.821968,195.443,-356.267,0.480967,-0.876739,416.667,9.57307e-009,-1.06904,2.8,1.1,7500,2000,2,2,0.5,7.8
Kalibr,27,1,6801.83,3146,6714.15,3147.38,0.905453,0.424447,424.487,-696.811,0.520252,-0.854013,857.5,0.453429,-1.02365,1.2,0.45,7500,2000,2,3,0.75,7.8
Geran2,35,0,4112.91,5796.58,4230.21,5871.79,0.584534,0.811369,-271.458,-302.371,-0.668045,-0.74412,416.667,9.57307e-009,-2.30238,2.8,1.1,2500,4000,0,0,0.5,7.8
Kalibr,36,1,7472.3,2168.91,7601.84,1997.82,0.967158,0.254176,131.845,-805.202,0.16159,-0.986858,857.5,0.453429,-1.40849,1.2,0.45,7500,2000,2,3,0.75,7.8
Geran2,37,0,3102.64,5247.59,3045.62,5227.11,0.503435,0.864033,-176.74,-365.886,-0.43496,-0.90045,416.667,9.57307e-009,-2.02079,2.8,1.1,2500,4000,0,0,0.5,7.8
Geran2,39,0,3167.84,5783.06,3136.05,5609.51,0.487978,0.872856,-142.526,-380.531,-0.350751,-0.936469,416.667,9.57307e-009,-1.92917,2.8,1.1,2500,4000,0,0,0.5,7.8
Geran2,40,0,4390.95,6429.53,4382.78,6498.89,0.559125,0.829084,-249.585,-320.671,-0.614207,-0.789145,416.667,9.57307e-009,-2.23218,2.8,1.1,2500,4000,0,0,0.5,7.8
Geran2,41,0,4194.26,6269.23,4244.47,6329.32,0.556962,0.830538,-243.108,-325.612,-0.598265,-0.801298,416.667,9.57307e-009,-2.21213,2.8,1.1,2500,4000,0,0,0.5,7.8
Geran2,43,0,2769.41,5790.08,2786.56,5947.01,0.424297,0.905523,-60.4767,-401.828,-0.148828,-0.988863,416.667,9.57307e-009,-1.72018,2.8,1.1,2500,4000,0,0,0.5,7.8
Geran2,45,0,2791.21,5938.62,2735.51,5875.46,0.422078,0.90656,-60.3638,-401.846,-0.148549,-0.988905,416.667,9.57307e-009,-1.7199,2.8,1.1,2500,4000,0,0,0.5,7.8
Geran2,46,0,3197.29,5697.38,3173.11,5557.68,0.495819,0.868426,-154.408,-375.867,-0.379989,-0.924991,416.667,9.57307e-009,-1.96058,2.8,1.1,2500,4000,0,0,0.5,7.8
Geran2,50,0,3677.29,5577.76,3713.29,5563.29,0.555159,0.831744,-243.005,-325.665,-0.598039,-0.801467,416.667,9.57307e-009,-2.21185,2.8,1.1,2500,4000,0,0,0.5,7.8
Kalibr,1,1,2505.62,4249.52,2439.21,4310.31,0.492508,0.870308,-22.3659,-815.53,-0.0274147,-0.999624,857.5,0.453429,-1.59821,1.2,0.45,2500,4000,0,1,0.75,7.9
Kalibr,2,1,2802.18,4391.01,2831.22,4274.44,0.552213,0.833703,-497.492,-646.617,-0.609783,-0.792568,857.5,0.453429,-2.22658,1.2,0.45,2500,4000,0,1,0.75,7.9
Geran2,3,0,6719.47,6977.75,6777.82,6905.92,0.700457,0.713695,306.99,-266.233,0.755476,-0.655176,416.667,9.57307e-009,-0.714416,2.8,1.1,9000,5000,1,1,0.5,7.9
Kalibr,7,1,8157.61,5291.56,8082.06,5272.4,0.83754,0.546376,770.613,-267.889,0.944554,-0.328356,857.5,0.453429,-0.334563,1.2,0.45,9000,5000,1,2,0.75,7.9
Geran2,10,0,3840.97,5548.59,3839.5,5416.08,0.578329,0.815803,-266.004,-307.188,-0.654613,-0.755965,416.667,9.57307e-009,-2.28447,2.8,1.1,2500,4000,0,0,0.5,7.9
Geran2,11,0,6939.88,6582.38,6941.6,6447.23,0.732717,0.680534,322.252,-247.521,0.793058,-0.609146,416.667,9.57307e-009,-0.654983,2.8,1.1,9000,5000,1,1,0.5,7.9
Kinzhal,12,2,9673.04,1929.92,9716.25,1799.36,0.983281,0.182095,-75.9186,-1161.67,-0.0652139,-0.997871,1250,0.857143,-1.63606,2.4,0.12,9000,5000,1,3,1,7.9
Kalibr,14,1,8419.31,5513.71,8420.94,5478.92,0.838202,0.54536,611.261,-540.432,0.749178,-0.662369,857.5,0.453429,-0.723976,1.2,0.45,9000,5000,1,2,0.75,7.9
Geran2,16,0,6064.22,5652.47,6219.98,5671.11,0.738959,0.673751,148.659,-378.173,0.365846,-0.930676,416.667,9.57307e-009,-1.19625,2.8,1.1,7500,2000,2,2,0.5,7.9
Geran2,20,0,7337.78,6333.17,7244.44,6339.68,0.752536,0.658551,316.987,-254.237,0.780092,-0.625665,416.667,9.57307e-009,-0.675984,2.8,1.1,9000,5000,1,1,0.5,7.9
Geran2,24,0,6655.11,6439.58,6627.46,6475.26,0.715272,0.698846,75.9696,-399.192,0.186953,-0.982369,416.667,9.57307e-009,-1.38274,2.8,1.1,7500,2000,2,2,0.5,7.9
Geran2,25,0,4788.99,6941.81,4787.63,6886.12,0.570846,0.821057,195.443,-356.267,0.480967,-0.876739,416.667,9.57307e-009,-1.06904,2.8,1.1,7500,2000,2,2,0.5,7.9
Kalibr,27,1,6844.28,3076.32,6897.76,3115.78,0.911338,0.41166,424.488,-696.807,0.520255,-0.854011,857.5,0.453429,-1.02365,1.2,0.45,7500,2000,2,3,0.75,7.9
Geran2,35,0,4085.76,5766.34,4017.45,5695.74,0.576389,0.817175,-271.458,-302.371,-0.668045,-0.74412,416.667,9.57307e-009,-2.30238,2.8,1.1,2500,4000,0,0,0.5,7.9
Kalibr,36,1,7485.49,2088.39,7626.21,2087.05,0.964533,0.263962,131.867,-805.196,0.161617,-0.986854,857.5,0.453429,-1.40847,1.2,0.45,7500,2000,2,3,0.75,7.9
Geran2,37,0,3084.97,5211,3180.87,5271.92,0.51661,0.856221,-176.741,-365.887,-0.43496,-0.90045,416.667,9.57307e-009,-2.02079,2.8,1.1,2500,4000,0,0,0.5,7.9
Geran2,39,0,3153.59,5745.01,3040.35,5749.91,0.467441,0.884024,-142.526,-380.531,-0.350751,-0.936469,416.667,9.57307e-009,-1.92917,2.8,1.1,2500,4000,0,0,0.5,7.9
Geran2,40,0,4365.99,6397.47,4336.12,6372.92,0.562535,0.826774,-249.584,-320.671,-0.614207,-0.789145,416.667,9.57307e-009,-2.23218,2.8,1.1,2500,4000,0,0,0.5,7.9
Geran2,41,0,4169.95,6236.67,4135.01,6208.2,0.554348,0.832285,-243.108,-325.611,-0.598265,-0.801298,416.667,9.57307e-009,-2.21213,2.8,1.1,2500,4000,0,0,0.5,7.9
Geran2,43,0,2763.37,5749.89,2646.69,5769.52,0.416958,0.908926,-60.4767,-401.827,-0.148828,-0.988863,416.667,9.57307e-009,-1.72018,2.8,1.1,2500,4000,0,0,0.5,7.9
Geran2,45,0,2785.17,5898.43,2806.44,5758.07,0.438124,0.898915,-60.3637,-401.846,-0.148549,-0.988905,416.667,9.57307e-009,-1.7199,2.8,1.1,2500,4000,0,0,0.5,7.9
Geran2,46,0,3181.85,5659.79,3279.25,5829.25,0.490296,0.871556,-154.408,-375.867,-0.379989,-0.924991,416.667,9.57307e-009,-1.96058,2.8,1.1,2500,4000,0,0,0.5,7.9
Geran2,50,0,3652.99,5545.19,3536.28,5376.19,0.549542,0.835466,-243.005,-325.666,-0.598039,-0.801467,416.667,9.57307e-009,-2.21185,2.8,1.1,2500,4000,0,0,0.5,7.9
Kalibr,1,1,2503.44,4167.97,2525.15,4174.66,0.51756,0.855647,-21.8863,-815.548,-0.0268266,-0.99964,857.5,0.453429,-1.59763,1.2,0.45,2500,4000,0,1,0.75,8
Kalibr,2,1,2752.41,4326.36,2690.94,4317.9,0.528904,0.848682,-497.662,-646.491,-0.609989,-0.79241,857.5,0.453429,-2.22684,1.2,0.45,2500,4000,0,1,0.75,8
Geran2,3,0,6750.17,6951.13,6859.75,6923.53,0.703827,0.710371,306.989,-266.232,0.755476,-0.655176,416.667,9.57307e-009,-0.714416,2.8,1.1,9000,5000,1,1,0.5,8
Kalibr,7,1,8234.67,5264.78,8312.31,5218.7,0.84692,0.53172,770.66,-267.764,0.944608,-0.328202,857.5,0.453429,-0.334399,1.2,0.45,9000,5000,1,2,0.75,8
Geran2,10,0,3814.37,5517.87,3839.87,5558.82,0.568355,0.822783,-266.003,-307.188,-0.654613,-0.755965,416.667,9.57307e-009,-2.28447,2.8,1.1,2500,4000,0,0,0.5,8
Geran2,11,0,6972.1,6557.62,6936.61,6591.74,0.724897,0.688857,322.252,-247.521,0.793058,-0.609146,416.667,9.57307e-009,-0.654983,2.8,1.1,9000,5000,1,1,0.5,8
Kinzhal,12,2,9663.94,1813.86,9565.58,1777.07,0.983178,0.182653,-90.9671,-1160.58,-0.0781408,-0.996942,1250,0.857143,-1.64902,2.4,0.12,9000,5000,1,3,1,8
Kalibr,14,1,8480.43,5459.67,8555.36,5359.43,0.847449,0.530877,611.24,-540.453,0.749154,-0.662396,857.5,0.453429,-0.724012,1.2,0.45,9000,5000,1,2,0.75,8
Geran2,16,0,6079.09,5614.65,5984.33,5617.11,0.729124,0.684382,148.659,-378.174,0.365846,-0.930676,416.667,9.57307e-009,-1.19625,2.8,1.1,7500,2000,2,2,0.5,8
Geran2,20,0,7369.48,6307.75,7307.07,6431.21,0.750663,0.660685,316.988,-254.237,0.780092,-0.625665,416.667,9.57307e-009,-0.675984,2.8,1.1,9000,5000,1,1,0.5,8
Geran2,24,0,6662.71,6399.66,6637.09,6331,0.723595,0.690224,75.9694,-399.191,0.186953,-0.982369,416.667,9.57307e-009,-1.38274,2.8,1.1,7500,2000,2,2,0.5,8
Geran2,25,0,4808.54,6906.18,4948.22,7045.54,0.574736,0.818339,195.443,-356.266,0.480967,-0.876739,416.667,9.57307e-009,-1.06904,2.8,1.1,7500,2000,2,2,0.5,8
Kalibr,27,1,6886.73,3006.64,6848.08,3157.05,0.908141,0.418664,424.489,-696.803,0.520258,-0.854009,857.5,0.453429,-1.02364,1.2,0.45,7500,2000,2,3,0.75,8
Geran2,35,0,4058.62,5736.11,3845.42,5793.15,0.553038,0.833156,-271.458,-302.371,-0.668045,-0.74412,416.667,9.57307e-009,-2.30238,2.8,1.1,2500,4000,0,0,0.5,8
Geran2,37,0,3067.29,5174.41,3093.37,5134.65,0.516039,0.856565,-176.741,-365.888,-0.43496,-0.90045,416.667,9.57307e-009,-2.02079,2.8,1.1,2500,4000,0,0,0.5,8
Geran2,39,0,3139.33,5706.96,3393.62,5811.28,0.504282,0.863539,-142.526,-380.531,-0.350751,-0.936469,416.667,9.57307e-009,-1.92917,2.8,1.1,2500,4000,0,0,0.5,8
Geran2,40,0,4341.04,6365.4,4376.55,6379.97,0.565679,0.824626,-249.584,-320.671,-0.614207,-0.789145,416.667,9.57307e-009,-2.23218,2.8,1.1,2500,4000,0,0,0.5,8
Geran2,41,0,4145.63,6204.11,4237.42,6121.78,0.569144,0.822238,-243.108,-325.611,-0.598265,-0.801298,416.667,9.57307e-009,-2.21213,2.8,1.1,2500,4000,0,0,0.5,8
Geran2,43,0,2757.32,5709.71,2788.49,5695.12,0.439745,0.898122,-60.4766,-401.827,-0.148828,-0.988863,416.667,9.57307e-009,-1.72018,2.8,1.1,2500,4000,0,0,0.5,8
Geran2,45,0,2779.14,5858.25,2817.14,5977.94,0.426291,0.904586,-60.3636,-401.845,-0.148549,-0.988905,416.667,9.57307e-009,-1.7199,2.8,1.1,2500,4000,0,0,0.5,8
Geran2,46,0,3166.41,5622.2,3188.46,5545.46,0.49845,0.866919,-154.408,-375.867,-0.379989,-0.924991,416.667,9.57307e-009,-1.96058,2.8,1.1,2500,4000,0,0,0.5,8
Geran2,50,0,3628.69,5512.62,3477.37,5628.68,0.525584,0.850742,-243.006,-325.666,-0.598039,-0.801467,416.667,9.57307e-009,-2.21185,2.8,1.1,2500,4000,0,0,0.5,8
Kalibr,1,1,2501.31,4086.41,2569.84,4151.8,0.526306,0.850295,-21.2594,-815.569,-0.0260581,-0.99966,857.5,0.453429,-1.59686,1.2,0.45,2500,4000,0,1,0.75,8.1
Kalibr,2,1,2702.63,4261.73,2738.92,4151.19,0.550722,0.834689,-497.842,-646.357,-0.610206,-0.792243,857.5,0.453429,-2.22712,1.2,0.45,2500,4000,0,1,0.75,8.1
Geran2,3,0,6780.87,6924.51,6850.13,6969.3,0.700983,0.713178,306.989,-266.232,0.755476,-0.655176,416.667,9.57307e-009,-0.714416,2.8,1.1,9000,5000,1,1,0.5,8.1
Kalibr,7,1,8311.75,5238.02,8346.13,5381.57,0.840435,0.541912,770.706,-267.643,0.94466,-0.328052,857.5,0.453429,-0.334241,1.2,0.45,9000,5000,1,2,0.75,8.1
Geran2,10,0,3787.77,5487.15,3771.77,5479.66,0.566988,0.823726,-266.003,-307.188,-0.654613,-0.755965,416.667,9.57307e-009,-2.28447,2.8,1.1,2500,4000,0,0,0.5,8.1
Geran2,11,0,7004.33,6532.87,6970.24,6682,0.721875,0.692023,322.253,-247.522,0.793058,-0.609146,416.667,9.57307e-009,-0.654983,2.8,1.1,9000,5000,1,1,0.5,8.1
Kinzhal,12,2,9653.34,1697.93,9750.42,1736.8,0.984503,0.175366,-106,-1159.3,-0.0910547,-0.995846,1250,0.857143,-1.66198,2.4,0.12,9000,5000,1,3,1,8.1
Kalibr,14,1,8541.56,5405.62,8553.46,5236.68,0.852857,0.522144,611.22,-540.474,0.74913,-0.662422,857.5,0.453429,-0.724048,1.2,0.45,9000,5000,1,2,0.75,8.1
Geran2,16,0,6093.96,5576.84,6095.42,5401.17,0.748444,0.663198,148.659,-378.174,0.365846,-0.930676,416.667,9.57307e-009,-1.19625,2.8,1.1,7500,2000,2,2,0.5,8.1
Geran2,20,0,7401.17,6282.32,7330.66,6316.74,0.757553,0.652774,316.988,-254.237,0.780092,-0.625665,416.667,9.57307e-009,-0.675984,2.8,1.1,9000,5000,1,1,0.5,8.1
Geran2,24,0,6670.31,6359.74,6570.02,6409.56,0.715793,0.698312,75.9693,-399.19,0.186953,-0.982369,416.667,9.57307e-009,-1.38274,2.8,1.1,7500,2000,2,2,0.5,8.1
Geran2,25,0,4828.08,6870.55,4903.27,6982.02,0.574709,0.818358,195.442,-356.266,0.480967,-0.876739,416.667,9.57307e-009,-1.06904,2.8,1.1,7500,2000,2,2,0.5,8.1
Kalibr,27,1,6929.18,2936.96,6896.88,2986.34,0.917668,0.397349,424.49,-696.8,0.52026,-0.854008,857.5,0.453429,-1.02364,1.2,0.45,7500,2000,2,3,0.75,8.1
Geran2,35,0,4031.47,5705.87,4229.49,5717.94,0.594681,0.803962,-271.458,-302.371,-0.668045,-0.74412,416.667,9.57307e-009,-2.30238,2.8,1.1,2500,4000,0,0,0.5,8.1
Geran2,37,0,3049.62,5137.82,3075.26,4926.01,0.529566,0.848269,-176.741,-365.888,-0.43496,-0.90045,416.667,9.57307e-009,-2.02079,2.8,1.1,2500,4000,0,0,0.5,8.1
Geran2,39,0,3125.08,5668.9,3143.65,5696.51,0.483166,0.875529,-142.526,-380.531,-0.350751,-0.936469,416.667,9.57307e-009,-1.92917,2.8,1.1,2500,4000,0,0,0.5,8.1
Geran2,40,0,4316.08,6333.33,4400.56,6244.98,0.576013,0.81744,-249.584,-320.67,-0.614207,-0.789145,416.667,9.57307e-009,-2.23218,2.8,1.1,2500,4000,0,0,0.5,8.1
Geran2,41,0,4121.32,6171.55,4214.33,6342.38,0.553433,0.832893,-243.107,-325.61,-0.598265,-0.801298,416.667,9.57307e-009,-2.21213,2.8,1.1,2500,4000,0,0,0.5,8.1
Geran2,43,0,2751.27,5669.53,2697.34,5705.51,0.427404,0.904061,-60.4765,-401.826,-0.148828,-0.988863,416.667,9.57307e-009,-1.72018,2.8,1.1,2500,4000,0,0,0.5,8.1
Geran2,45,0,2773.1,5818.06,2702.93,5891.59,0.416989,0.908912,-60.3635,-401.845,-0.148549,-0.988905,416.667,9.57307e-009,-1.7199,2.8,1.1,2500,4000,0,0,0.5,8.1
Geran2,46,0,3150.97,5584.62,3144.62,5599.43,0.489663,0.871912,-154.408,-375.867,-0.379989,-0.924991,416.667,9.57307e-009,-1.96058,2.8,1.1,2500,4000,0,0,0.5,8.1
Geran2,50,0,3604.39,5480.06,3602.58,5489.46,0.548669,0.83604,-243.006,-325.667,-0.598039,-0.801467,416.667,9.57307e-009,-2.21185,2.8,1.1,2500,4000,0,0,0.5,8.1
Kalibr,2,1,2652.83,4197.1,2668.95,4125.8,0.543153,0.839634,-498.038,-646.21,-0.610444,-0.792059,857.5,0.453429,-2.22742,1.2,0.45,2500,4000,0,1,0.75,8.2
Geran2,3,0,6811.57,6897.89,6632.53,6937.98,0.691016,0.722839,306.989,-266.232,0.755476,-0.655176,416.667,9.57307e-009,-0.714416,2.8,1.1,9000,5000,1,1,0.5,8.2
Kalibr,7,1,8388.82,5211.27,8279.77,5345.5,0.840125,0.542393,770.751,-267.525,0.94471,-0.327906,857.5,0.453429,-0.334086,1.2,0.45,9000,5000,1,2,0.75,8.2
Geran2,10,0,3761.17,5456.44,3740.32,5185.87,0.584974,0.811052,-266.003,-307.187,-0.654612,-0.755965,416.667,9.57307e-009,-2.28447,2.8,1.1,2500,4000,0,0,0.5,8.2
Geran2,11,0,7036.55,6508.12,7003.05,6544.14,0.730641,0.682762,322.253,-247.522,0.793058,-0.609146,416.667,9.57307e-009,-0.654984,2.8,1.1,9000,5000,1,1,0.5,8.2
Kinzhal,12,2,9641.24,1582.15,9740.1,1822.88,0.982934,0.183958,-121.016,-1157.83,-0.103953,-0.994582,1250,0.857143,-1.67494,2.4,0.12,9000,5000,1,3,1,8.2
Kalibr,14,1,8602.68,5351.57,8634.74,5457.61,0.845308,0.534279,611.2,-540.495,0.749107,-0.662449,857.5,0.453429,-0.724083,1.2,0.45,9000,5000,1,2,0.75,8.2
Geran2,16,0,6108.82,5539.02,6246.38,5551.31,0.74747,0.664295,148.659,-378.174,0.365846,-0.930676,416.667,9.57307e-009,-1.19625,2.8,1.1,7500,2000,2,2,0.5,8.2
Geran2,20,0,7432.87,6256.9,7327.1,6290.46,0.75874,0.651393,316.988,-254.237,0.780092,-0.625665,416.667,9.57307e-009,-0.675984,2.8,1.1,9000,5000,1,1,0.5,8.2
Geran2,24,0,6677.9,6319.82,6623.36,6247.55,0.727443,0.686168,75.9691,-399.19,0.186953,-0.982369,416.667,9.57307e-009,-1.38274,2.8,1.1,7500,2000,2,2,0.5,8.2
Geran2,25,0,4847.63,6834.93,4727.59,6888.66,0.565849,0.824509,195.442,-356.265,0.480967,-0.876739,416.667,9.57307e-009,-1.06904,2.8,1.1,7500,2000,2,2,0.5,8.2
Kalibr,27,1,6971.62,2867.28,7158.65,2740.61,0.9339,0.357533,424.491,-696.797,0.520263,-0.854006,857.5,0.453429,-1.02364,1.2,0.45,7500,2000,2,3,0.75,8.2
Geran2,35,0,4004.33,5675.63,3962.73,5603.47,0.577397,0.816464,-271.458,-302.371,-0.668046,-0.74412,416.667,9.57307e-009,-2.30238,2.8,1.1,2500,4000,0,0,0.5,8.2
Geran2,37,0,3031.95,5101.23,3016.16,5007.76,0.515941,0.856624,-176.742,-365.889,-0.43496,-0.90045,416.667,9.57307e-009,-2.02079,2.8,1.1,2500,4000,0,0,0.5,8.2
Geran2,39,0,3110.83,5630.85,3159.7,5583.53,0.492505,0.87031,-142.526,-380.531,-0.350751,-0.936469,416.667,9.57307e-009,-1.92917,2.8,1.1,2500,4000,0,0,0.5,8.2
Geran2,40,0,4291.12,6301.27,4379.61,6317.45,0.569737,0.821827,-249.584,-320.67,-0.614207,-0.789145,416.667,9.57307e-009,-2.23218,2.8,1.1,2500,4000,0,0,0.5,8.2
Geran2,41,0,4097.01,6138.99,4156.41,5890.09,0.576563,0.817053,-243.107,-325.61,-0.598265,-0.801298,416.667,9.57307e-009,-2.21213,2.8,1.1,2500,4000,0,0,0.5,8.2
Geran2,43,0,2745.22,5629.35,2749.59,5724.4,0.432971,0.901408,-60.4765,-401.826,-0.148828,-0.988863,416.667,9.57307e-009,-1.72018,2.8,1.1,2500,4000,0,0,0.5,8.2
Geran2,45,0,2767.07,5777.88,2599.74,5926.94,0.401688,0.915776,-60.3634,-401.844,-0.148549,-0.988905,416.667,9.57307e-009,-1.7199,2.8,1.1,2500,4000,0,0,0.5,8.2
Geran2,46,0,3135.53,5547.03,3015.26,5731.25,0.465603,0.884993,-154.408,-375.867,-0.37999,-0.924991,416.667,9.57307e-009,-1.96058,2.8,1.1,2500,4000,0,0,0.5,8.2
Geran2,50,0,3580.09,5447.49,3564.1,5542.77,0.540854,0.841117,-243.007,-325.668,-0.598039,-0.801467,416.667,9.57307e-009,-2.21185,2.8,1.1,2500,4000,0,0,0.5,8.2
Kalibr,2,1,2603,4132.5,2698.35,4436.33,0.519662,0.854372,-498.266,-646.038,-0.610722,-0.791845,857.5,0.453429,-2.22777,1.2,0.45,2500,4000,0,1,0.75,8.3
Geran2,3,0,6842.27,6871.26,6666.15,6871.77,0.696287,0.717764,306.988,-266.231,0.755476,-0.655176,416.667,9.57307e-009,-0.714416,2.8,1.1,9000,5000,1,1,0.5,8.3
Kalibr,7,1,8465.9,5184.53,8460.75,5178.89,0.852903,0.522069,770.795,-267.408,0.944761,-0.327761,857.5,0.453429,-0.333933,1.2,0.45,9000,5000,1,2,0.75,8.3
Geran2,10,0,3734.57,5425.72,3761.89,5235.59,0.583515,0.812103,-266.002,-307.187,-0.654612,-0.755965,416.667,9.57307e-009,-2.28447,2.8,1.1,2500,4000,0,0,0.5,8.3
Geran2,11,0,7068.78,6483.37,7154.02,6545.18,0.737805,0.675014,322.253,-247.522,0.793058,-0.609146,416.667,9.57307e-009,-0.654984,2.8,1.1,9000,5000,1,1,0.5,8.3
Kinzhal,12,2,9627.64,1466.53,9602.23,1253.5,0.991587,0.129444,-136.011,-1156.16,-0.116834,-0.993151,1250,0.857143,-1.6879,2.4,0.12,9000,5000,1,3,1,8.3
Kalibr,14,1,8663.79,5297.52,8658.06,5307.98,0.852538,0.522665,611.18,-540.517,0.749083,-0.662476,857.5,0.453429,-0.724119,1.2,0.45,9000,5000,1,2,0.75,8.3
Geran2,16,0,6123.69,5501.2,6083.92,5393.7,0.748278,0.663386,148.659,-378.174,0.365846,-0.930676,416.667,9.57307e-009,-1.19625,2.8,1.1,7500,2000,2,2,0.5,8.3
Geran2,20,0,7464.57,6231.47,7373.99,5954.32,0.778023,0.628236,316.988,-254.237,0.780092,-0.625665,416.667,9.57307e-009,-0.675984,2.8,1.1,9000,5000,1,1,0.5,8.3
Geran2,24,0,6685.5,6279.91,6714.03,6282.02,0.730209,0.683224,75.969,-399.189,0.186953,-0.982369,416.667,9.57307e-009,-1.38274,2.8,1.1,7500,2000,2,2,0.5,8.3
Geran2,25,0,4867.17,6799.3,4839.4,6847.14,0.57717,0.816624,195.442,-356.265,0.480967,-0.876739,416.667,9.57307e-009,-1.06904,2.8,1.1,7500,2000,2,2,0.5,8.3
Kalibr,27,1,7014.07,2797.6,7092.2,2741.97,0.932718,0.360606,424.492,-696.794,0.520265,-0.854005,857.5,0.453429,-1.02363,1.2,0.45,7500,2000,2,3,0.75,8.3
Geran2,35,0,3977.18,5645.4,3991.16,5737.08,0.571078,0.820896,-271.458,-302.371,-0.668046,-0.74412,416.667,9.57307e-009,-2.30238,2.8,1.1,2500,4000,0,0,0.5,8.3
Geran2,37,0,3014.27,5064.64,2921.71,5168.82,0.492083,0.870548,-176.742,-365.889,-0.43496,-0.90045,416.667,9.57307e-009,-2.02079,2.8,1.1,2500,4000,0,0,0.5,8.3
Geran2,39,0,3096.58,5592.8,3233.2,5719.58,0.492103,0.870537,-142.526,-380.531,-0.350751,-0.936469,416.667,9.57307e-009,-1.92917,2.8,1.1,2500,4000,0,0,0.5,8.3
Geran2,40,0,4266.16,6269.2,4305.47,6166.15,0.572495,0.819908,-249.583,-320.67,-0.614207,-0.789145,416.667,9.57307e-009,-2.23218,2.8,1.1,2500,4000,0,0,0.5,8.3
Geran2,41,0,4072.7,6106.43,4181.96,5965.53,0.574023,0.818839,-243.107,-325.609,-0.598265,-0.801298,416.667,9.57307e-009,-2.21213,2.8,1.1,2500,4000,0,0,0.5,8.3
Geran2,43,0,2739.18,5589.16,2695.63,5702.27,0.427381,0.904072,-60.4764,-401.826,-0.148828,-0.988863,416.667,9.57307e-009,-1.72018,2.8,1.1,2500,4000,0,0,0.5,8.3
Geran2,45,0,2761.03,5737.69,2586.15,5741.68,0.410681,0.911779,-60.3634,-401.844,-0.148549,-0.988905,416.667,9.57307e-009,-1.7199,2.8,1.1,2500,4000,0,0,0.5,8.3
Geran2,46,0,3120.09,5509.44,3099.76,5495.65,0.49128,0.871002,-154.408,-375.867,-0.37999,-0.924991,416.667,9.57307e-009,-1.96058,2.8,1.1,2500,4000,0,0,0.5,8.3
Geran2,50,0,3555.79,5414.92,3458.67,5286.77,0.547464,0.83683,-243.007,-325.668,-0.598039,-0.801467,416.667,9.57307e-009,-2.21185,2.8,1.1,2500,4000,0,0,0.5,8.3
Kalibr,2,1,2553.14,4067.92,2570.81,3973.92,0.54317,0.839623,-498.564,-645.812,-0.611085,-0.791565,857.5,0.453429,-2.22823,1.2,0.45,2500,4000,0,1,0.75,8.4
Geran2,3,0,6872.97,6844.64,6733.72,6972.69,0.694673,0.719326,306.988,-266.231,0.755476,-0.655176,416.667,9.57307e-009,-0.714416,2.8,1.1,9000,5000,1,1,0.5,8.4
Kalibr,7,1,8542.98,5157.8,8502.45,5063.13,0.859198,0.511644,770.839,-267.29,0.944811,-0.327616,857.5,0.453429,-0.333779,1.2,0.45,9000,5000,1,2,0.75,8.4
Geran2,10,0,3707.97,5395,3850.08,5526.91,0.571591,0.820539,-266.002,-307.187,-0.654613,-0.755965,416.667,9.57307e-009,-2.28447,2.8,1.1,2500,4000,0,0,0.5,8.4
Geran2,11,0,7101,6458.61,7202.07,6555.39,0.739528,0.673126,322.254,-247.522,0.793058,-0.609146,416.667,9.57307e-009,-0.654984,2.8,1.1,9000,5000,1,1,0.5,8.4
Kinzhal,12,2,9612.54,1351.1,9480.72,1328.39,0.990326,0.138759,-150.983,-1154.3,-0.129696,-0.991554,1250,0.857143,-1.70086,2.4,0.12,9000,5000,1,3,1,8.4
Kalibr,14,1,8724.91,5243.47,8921.46,5233.65,0.862537,0.505995,611.159,-540.539,0.749058,-0.662504,857.5,0.453429,-0.724157,1.2,0.45,9000,5000,1,2,0.75,8.4
Geran2,16,0,6138.55,5463.38,6151.8,5477.62,0.746845,0.664998,148.659,-378.175,0.365846,-0.930675,416.667,9.57307e-009,-1.19625,2.8,1.1,7500,2000,2,2,0.5,8.4
Geran2,20,0,7496.27,6206.05,7503.44,6205.85,0.770591,0.63733,316.988,-254.237,0.780092,-0.625665,416.667,9.57307e-009,-0.675983,2.8,1.1,9000,5000,1,1,0.5,8.4
Geran2,24,0,6693.1,6239.99,6804.09,6121.98,0.743387,0.668862,75.9689,-399.189,0.186953,-0.982369,416.667,9.57307e-009,-1.38274,2.8,1.1,7500,2000,2,2,0.5,8.4
Geran2,25,0,4886.72,6763.67,4830.01,6874.61,0.574882,0.818236,195.442,-356.264,0.480967,-0.876739,416.667,9.57307e-009,-1.06904,2.8,1.1,7500,2000,2,2,0.5,8.4
Kalibr,27,1,7056.52,2727.92,7073.51,2755.05,0.931816,0.362932,424.492,-696.792,0.520267,-0.854003,857.5,0.453429,-1.02363,1.2,0.45,7500,2000,2,3,0.75,8.4
Geran2,35,0,3950.03,5615.16,3947.11,5458.27,0.585981,0.810325,-271.458,-302.371,-0.668046,-0.74412,416.667,9.57307e-009,-2.30238,2.8,1.1,2500,4000,0,0,0.5,8.4
Geran2,37,0,2996.6,5028.05,2999.88,5013.7,0.513446,0.858122,-176.742,-365.89,-0.43496,-0.90045,416.667,9.57307e-009,-2.02079,2.8,1.1,2500,4000,0,0,0.5,8.4
Geran2,39,0,3082.32,5554.74,3107.6,5622.71,0.483724,0.875221,-142.527,-380.531,-0.350751,-0.936469,416.667,9.57307e-009,-1.92917,2.8,1.1,2500,4000,0,0,0.5,8.4
Geran2,40,0,4241.2,6237.13,4207.35,6307.21,0.554932,0.831896,-249.583,-320.669,-0.614207,-0.789145,416.667,9.57307e-009,-2.23218,2.8,1.1,2500,4000,0,0,0.5,8.4
Geran2,41,0,4048.39,6073.87,4070.11,6087.27,0.555827,0.831298,-243.106,-325.609,-0.598265,-0.801298,416.667,9.57307e-009,-2.21213,2.8,1.1,2500,4000,0,0,0.5,8.4
Geran2,43,0,2733.13,5548.98,2750.58,5522.44,0.445833,0.895116,-60.4764,-401.825,-0.148828,-0.988863,416.667,9.57307e-009,-1.72018,2.8,1.1,2500,4000,0,0,0.5,8.4
Geran2,45,0,2754.99,5697.51,2713.49,5583.52,0.437099,0.899413,-60.3633,-401.843,-0.148549,-0.988905,416.667,9.57307e-009,-1.7199,2.8,1.1,2500,4000,0,0,0.5,8.4
Geran2,46,0,3104.64,5471.86,3152.53,5400.08,0.504168,0.863606,-154.408,-375.867,-0.37999,-0.924991,416.667,9.57307e-009,-1.96058,2.8,1.1,2500,4000,0,0,0.5,8.4
Geran2,50,0,3531.49,5382.36,3641.47,5452.02,0.555417,0.831572,-243.008,-325.668,-0.598039,-0.801467,416.667,9.57307e-009,-2.21185,2.8,1.1,2500,4000,0,0,0.5,8.4
Geran2,3,0,6903.67,6818.02,6734.7,6871.18,0.699979,0.714163,306.988,-266.231,0.755476,-0.655176,416.667,9.57307e-009,-0.714416,2.8,1.1,9000,5000,1,1,0.5,8.5
Kalibr,7,1,8620.07,5131.08,8612.94,5049.34,0.862681,0.505748,770.883,-267.169,0.944863,-0.327466,857.5,0.453429,-0.33362,1.2,0.45,9000,5000,1,2,0.75,8.5
Geran2,10,0,3681.37,5364.28,3619.51,5504.7,0.549405,0.835557,-266.002,-307.186,-0.654613,-0.755965,416.667,9.57307e-009,-2.28447,2.8,1.1,2500,4000,0,0,0.5,8.5
Geran2,11,0,7133.23,6433.86,7134.19,6261.19,0.751596,0.659624,322.254,-247.523,0.793058,-0.609146,416.667,9.57307e-009,-0.654983,2.8,1.1,9000,5000,1,1,0.5,8.5
Kinzhal,12,2,9595.95,1235.88,9778.66,1114.47,0.993568,0.113237,-165.93,-1152.24,-0.142536,-0.98979,1250,0.857143,-1.71382,2.4,0.12,9000,5000,1,3,1,8.5
Kalibr,14,1,8786.02,5189.41,8767.98,5197.18,0.860234,0.5099,611.137,-540.564,0.749031,-0.662534,857.5,0.453429,-0.724197,1.2,0.45,9000,5000,1,2,0.75,8.5
Geran2,16,0,6153.42,5425.57,6114.24,5536.32,0.741271,0.671206,148.659,-378.175,0.365846,-0.930675,416.667,9.57307e-009,-1.19625,2.8,1.1,7500,2000,2,2,0.5,8.5
Geran2,20,0,7527.97,6180.63,7632.88,6302.39,0.771112,0.636699,316.988,-254.237,0.780092,-0.625665,416.667,9.57307e-009,-0.675983,2.8,1.1,9000,5000,1,1,0.5,8.5
Geran2,24,0,6700.69,6200.07,6587.59,6247.24,0.725602,0.688114,75.9688,-399.188,0.186953,-0.982369,416.667,9.57307e-009,-1.38274,2.8,1.1,7500,2000,2,2,0.5,8.5
Geran2,25,0,4906.26,6728.05,4888.76,6780.6,0.584835,0.811152,195.441,-356.264,0.480967,-0.876739,416.667,9.57307e-009,-1.06904,2.8,1.1,7500,2000,2,2,0.5,8.5
Kalibr,27,1,7098.97,2658.24,7110.27,2666.82,0.936309,0.351178,424.493,-696.789,0.520269,-0.854002,857.5,0.453429,-1.02363,1.2,0.45,7500,2000,2,3,0.75,8.5
Geran2,35,0,3922.89,5584.92,4044.41,5458.86,0.595305,0.8035,-271.458,-302.371,-0.668046,-0.74412,416.667,9.57307e-009,-2.30238,2.8,1.1,2500,4000,0,0,0.5,8.5
Geran2,37,0,2978.92,4991.46,2942.44,4991.75,0.507803,0.861473,-176.742,-365.89,-0.43496,-0.90045,416.667,9.57307e-009,-2.02079,2.8,1.1,2500,4000,0,0,0.5,8.5
Geran2,39,0,3068.07,5516.69,2945.78,5626.89,0.463805,0.885937,-142.527,-380.531,-0.350751,-0.936469,416.667,9.57307e-009,-1.92917,2.8,1.1,2500,4000,0,0,0.5,8.5
Geran2,40,0,4216.24,6205.06,4176.2,6249.51,0.555608,0.831445,-249.583,-320.669,-0.614207,-0.789145,416.667,9.57307e-009,-2.23218,2.8,1.1,2500,4000,0,0,0.5,8.5
Geran2,41,0,4024.08,6041.31,4142.92,5788.17,0.58203,0.813167,-243.106,-325.609,-0.598265,-0.801298,416.667,9.57307e-009,-2.21213,2.8,1.1,2500,4000,0,0,0.5,8.5
Geran2,43,0,2727.08,5508.8,2688.96,5550.79,0.435967,0.899963,-60.4764,-401.825,-0.148828,-0.988863,416.667,9.57307e-009,-1.72018,2.8,1.1,2500,4000,0,0,0.5,8.5
Geran2,45,0,2748.96,5657.32,2884.71,5731.6,0.44957,0.893245,-60.3632,-401.843,-0.148549,-0.988905,416.667,9.57307e-009,-1.7199,2.8,1.1,2500,4000,0,0,0.5,8.5
Geran2,46,0,3089.2,5434.27,2954.88,5374.57,0.481776,0.876294,-154.408,-375.867,-0.37999,-0.924991,416.667,9.57307e-009,-1.96058,2.8,1.1,2500,4000,0,0,0.5,8.5
Geran2,50,0,3507.19,5349.79,3527.08,5376.03,0.548554,0.836115,-243.008,-325.669,-0.598039,-0.801467,416.667,9.57307e-009,-2.21185,2.8,1.1,2500,4000,0,0,0.5,8.5
Geran2,3,0,6934.36,6791.39,6915.07,6795.56,0.713243,0.700917,306.988,-266.231,0.755476,-0.655176,416.667,9.57307e-009,-0.714416,2.8,1.1,9000,5000,1,1,0.5,8.6
Kalibr,7,1,8697.16,5104.38,8588.7,5202.67,0.855313,0.518112,770.93,-267.04,0.944918,-0.327307,857.5,0.453429,-0.333453,1.2,0.45,9000,5000,1,2,0.75,8.6
Geran2,10,0,3654.77,5333.56,3654.76,5253.5,0.571081,0.820894,-266.002,-307.186,-0.654613,-0.755965,416.667,9.57307e-009,-2.28447,2.8,1.1,2500,4000,0,0,0.5,8.6
Geran2,11,0,7165.46,6409.11,7121.43,6589.21,0.734002,0.679147,322.254,-247.523,0.793058,-0.609146,416.667,9.57307e-009,-0.654983,2.8,1.1,9000,5000,1,1,0.5,8.6
Kinzhal,12,2,9577.86,1120.88,9458.14,1240.03,0.991515,0.129995,-180.849,-1149.99,-0.155352,-0.987859,1250,0.857143,-1.72678,2.4,0.12,9000,5000,1,3,1,8.6
Kalibr,14,1,8847.14,5135.35,8781.04,5112.04,0.864217,0.503119,611.111,-540.591,0.749001,-0.662569,857.5,0.453429,-0.724243,1.2,0.45,9000,5000,1,2,0.75,8.6
Geran2,16,0,6168.28,5387.75,6088.41,5448.19,0.745201,0.66684,148.66,-378.175,0.365846,-0.930675,416.667,9.57307e-009,-1.19625,2.8,1.1,7500,2000,2,2,0.5,8.6
Geran2,20,0,7559.67,6155.2,7445.77,6416.42,0.757528,0.652803,316.988,-254.237,0.780092,-0.625665,416.667,9.57307e-009,-0.675983,2.8,1.1,9000,5000,1,1,0.5,8.6
Geran2,24,0,6708.29,6160.15,6918,5966.53,0.757262,0.653111,75.9687,-399.188,0.186953,-0.982369,416.667,9.57307e-009,-1.38274,2.8,1.1,7500,2000,2,2,0.5,8.6
Geran2,25,0,4925.8,6692.42,5042.14,6655.24,0.60388,0.797076,195.441,-356.264,0.480967,-0.876739,416.667,9.57307e-009,-1.06904,2.8,1.1,7500,2000,2,2,0.5,8.6
Kalibr,27,1,7141.42,2588.56,7151.09,2547.49,0.942012,0.33558,424.494,-696.787,0.520271,-0.854001,857.5,0.453429,-1.02363,1.2,0.45,7500,2000,2,3,0.75,8.6
Geran2,35,0,3895.74,5554.68,4017.67,5641.07,0.580122,0.81453,-271.458,-302.371,-0.668046,-0.74412,416.667,9.57307e-009,-2.30238,2.8,1.1,2500,4000,0,0,0.5,8.6
Geran2,37,0,2961.25,4954.88,3122.44,4903.47,0.537127,0.843502,-176.742,-365.891,-0.43496,-0.90045,416.667,9.57307e-009,-2.02079,2.8,1.1,2500,4000,0,0,0.5,8.6
Geran2,39,0,3053.82,5478.64,3176.62,5785.81,0.48127,0.876573,-142.527,-380.531,-0.350751,-0.936469,416.667,9.57307e-009,-1.92917,2.8,1.1,2500,4000,0,0,0.5,8.6
Geran2,40,0,4191.29,6173,4144.53,6266.61,0.551636,0.834085,-249.583,-320.669,-0.614207,-0.789145,416.667,9.57307e-009,-2.23218,2.8,1.1,2500,4000,0,0,0.5,8.6
Geran2,41,0,3999.77,6008.75,4269.11,6115.43,0.57241,0.819968,-243.106,-325.608,-0.598265,-0.801298,416.667,9.57307e-009,-2.21213,2.8,1.1,2500,4000,0,0,0.5,8.6
Geran2,43,0,2721.03,5468.61,2570.52,5424.24,0.428242,0.903664,-60.4763,-401.825,-0.148828,-0.988863,416.667,9.57307e-009,-1.72018,2.8,1.1,2500,4000,0,0,0.5,8.6
Geran2,45,0,2742.92,5617.14,2742.88,5464,0.448637,0.893714,-60.3632,-401.842,-0.148549,-0.988905,416.667,9.57307e-009,-1.7199,2.8,1.1,2500,4000,0,0,0.5,8.6
Geran2,46,0,3073.76,5396.68,3182.27,5466.48,0.503103,0.864227,-154.408,-375.867,-0.37999,-0.924991,416.667,9.57307e-009,-1.96058,2.8,1.1,2500,4000,0,0,0.5,8.6
Geran2,50,0,3482.89,5317.22,3410.81,5266.46,0.5436,0.839345,-243.008,-325.669,-0.598039,-0.801467,416.667,9.57307e-009,-2.21185,2.8,1.1,2500,4000,0,0,0.5,8.6
Geran2,3,0,6965.06,6764.77,6954.95,6706.48,0.719848,0.694131,306.988,-266.231,0.755476,-0.655176,416.667,9.57307e-009,-0.714416,2.8,1.1,9000,5000,1,1,0.5,8.7
Kalibr,7,1,8774.26,5077.69,8708.76,5138.74,0.861245,0.508191,770.982,-266.898,0.944979,-0.327132,857.5,0.453429,-0.333267,1.2,0.45,9000,5000,1,2,0.75,8.7
Geran2,10,0,3628.17,5302.84,3484.65,5374.73,0.544009,0.83908,-266.002,-307.186,-0.654613,-0.755965,416.667,9.57307e-009,-2.28447,2.8,1.1,2500,4000,0,0,0.5,8.7
Geran2,11,0,7197.68,6384.36,7181.79,6256.46,0.754011,0.656861,322.254,-247.523,0.793058,-0.609146,416.667,9.57307e-009,-0.654983,2.8,1.1,9000,5000,1,1,0.5,8.7
Kinzhal,12,2,9558.29,1006.12,9479.69,949.691,0.995019,0.0996827,-195.737,-1147.55,-0.168141,-0.985763,1250,0.857143,-1.73974,2.4,0.12,9000,5000,1,3,1,8.7
Kalibr,14,1,8908.24,5081.29,8930.48,5012.21,0.872042,0.489432,611.081,-540.625,0.748964,-0.662611,857.5,0.453429,-0.724299,1.2,0.45,9000,5000,1,2,0.75,8.7
Geran2,16,0,6183.15,5349.93,6160.4,5221.15,0.762867,0.646556,148.66,-378.175,0.365846,-0.930675,416.667,9.57307e-009,-1.19625,2.8,1.1,7500,2000,2,2,0.5,8.7
Geran2,20,0,7591.37,6129.78,7605.48,5972.4,0.786486,0.617608,316.988,-254.237,0.780092,-0.625665,416.667,9.57307e-009,-0.675983,2.8,1.1,9000,5000,1,1,0.5,8.7
Geran2,24,0,6715.89,6120.23,6634.79,6205.39,0.730346,0.683078,75.9686,-399.187,0.186953,-0.982369,416.667,9.57307e-009,-1.38274,2.8,1.1,7500,2000,2,2,0.5,8.7
Geran2,25,0,4945.35,6656.8,4837.45,6886.36,0.574817,0.818282,195.441,-356.263,0.480967,-0.876739,416.667,9.57307e-009,-1.06904,2.8,1.1,7500,2000,2,2,0.5,8.7
Kalibr,27,1,7183.87,2518.88,7004.36,2613.31,0.936914,0.34956,424.495,-696.785,0.520274,-0.854,857.5,0.453429,-1.02363,1.2,0.45,7500,2000,2,3,0.75,8.7
Geran2,35,0,3868.6,5524.45,3795.19,5397.33,0.575195,0.818016,-271.458,-302.371,-0.668046,-0.74412,416.667,9.57307e-009,-2.30238,2.8,1.1,2500,4000,0,0,0.5,8.7
Geran2,37,0,2943.58,4918.29,3035.91,5025.72,0.517058,0.85595,-176.743,-365.891,-0.43496,-0.90045,416.667,9.57307e-009,-2.02079,2.8,1.1,2500,4000,0,0,0.5,8.7
Geran2,39,0,3039.57,5440.58,2905.55,5514.81,0.466126,0.884718,-142.527,-380.531,-0.350751,-0.936469,416.667,9.57307e-009,-1.92917,2.8,1.1,2500,4000,0,0,0.5,8.7
Geran2,40,0,4166.33,6140.93,4179.92,6187.1,0.559806,0.828624,-249.583,-320.669,-0.614207,-0.789145,416.667,9.57307e-009,-2.23218,2.8,1.1,2500,4000,0,0,0.5,8.7
Geran2,41,0,3975.46,5976.19,4087.16,6071.46,0.558432,0.82955,-243.106,-325.608,-0.598265,-0.801298,416.667,9.57307e-009,-2.21213,2.8,1.1,2500,4000,0,0,0.5,8.7
Geran2,43,0,2714.99,5428.43,2762.26,5381.76,0.456628,0.889658,-60.4763,-401.824,-0.148828,-0.988863,416.667,9.57307e-009,-1.72018,2.8,1.1,2500,4000,0,0,0.5,8.7
Geran2,45,0,2736.88,5576.96,2735.59,5528.13,0.443516,0.896266,-60.3631,-401.842,-0.148549,-0.988905,416.667,9.57307e-009,-1.7199,2.8,1.1,2500,4000,0,0,0.5,8.7
Geran2,46,0,3058.32,5359.1,3130.28,5110.02,0.52236,0.852725,-154.408,-375.867,-0.37999,-0.924991,416.667,9.57307e-009,-1.96058,2.8,1.1,2500,4000,0,0,0.5,8.7
Geran2,50,0,3458.59,5284.66,3437.17,5148.45,0.555244,0.831688,-243.008,-325.67,-0.598039,-0.801467,416.667,9.57307e-009,-2.21185,2.8,1.1,2500,4000,0,0,0.5,8.7
Geran2,3,0,6995.76,6738.15,7078,6760.05,0.723163,0.690678,306.987,-266.231,0.755476,-0.655176,416.667,9.57307e-009,-0.714416,2.8,1.1,9000,5000,1,1,0.5,8.8
Kalibr,7,1,8851.37,5051.01,8986.9,5087,0.870254,0.492604,771.042,-266.73,0.94505,-0.326926,857.5,0.453429,-0.333049,1.2,0.45,9000,5000,1,2,0.75,8.8
Geran2,10,0,3601.57,5272.12,3561.71,5100.01,0.572567,0.819858,-266.001,-307.186,-0.654613,-0.755965,416.667,9.57307e-009,-2.28447,2.8,1.1,2500,4000,0,0,0.5,8.8
Geran2,11,0,7229.91,6359.6,7333.85,6293.43,0.758885,0.651225,322.255,-247.523,0.793058,-0.609146,416.667,9.57307e-009,-0.654983,2.8,1.1,9000,5000,1,1,0.5,8.8
Kinzhal,12,2,9537.23,891.63,9539.12,909.827,0.995482,0.0949477,-210.593,-1144.91,-0.180903,-0.983501,1250,0.857143,-1.7527,2.4,0.12,9000,5000,1,3,1,8.8
Geran2,16,0,6198.02,5312.11,6238.82,5360.39,0.758486,0.65169,148.66,-378.175,0.365846,-0.930675,416.667,9.57307e-009,-1.19625,2.8,1.1,7500,2000,2,2,0.5,8.8
Geran2,20,0,7623.07,6104.35,7759.09,6110.48,0.785627,0.618701,316.988,-254.237,0.780092,-0.625665,416.667,9.57307e-009,-0.675983,2.8,1.1,9000,5000,1,1,0.5,8.8
Geran2,24,0,6723.48,6080.31,6738.16,6132.14,0.739583,0.673066,75.9686,-399.187,0.186953,-0.982369,416.667,9.57307e-009,-1.38274,2.8,1.1,7500,2000,2,2,0.5,8.8
Geran2,25,0,4964.89,6621.17,4764.76,6680.89,0.580648,0.814154,195.441,-356.263,0.480967,-0.876739,416.667,9.57307e-009,-1.06904,2.8,1.1,7500,2000,2,2,0.5,8.8
Kalibr,27,1,7226.32,2449.21,7263.95,2424.57,0.948556,0.31661,424.496,-696.783,0.520276,-0.853998,857.5,0.453429,-1.02362,1.2,0.45,7500,2000,2,3,0.75,8.8
Geran2,35,0,3841.45,5494.21,3590.71,5564.76,0.542185,0.840259,-271.458,-302.371,-0.668046,-0.74412,416.667,9.57307e-009,-2.30238,2.8,1.1,2500,4000,0,0,0.5,8.8
Geran2,37,0,2925.9,4881.7,2840.49,4908.52,0.500866,0.865525,-176.743,-365.891,-0.43496,-0.90045,416.667,9.57307e-009,-2.02079,2.8,1.1,2500,4000,0,0,0.5,8.8
Geran2,39,0,3025.31,5402.53,3055.04,5369.51,0.494521,0.869166,-142.527,-380.531,-0.350751,-0.936469,416.667,9.57307e-009,-1.92917,2.8,1.1,2500,4000,0,0,0.5,8.8
Geran2,40,0,4141.37,6108.86,4077.4,6290.95,0.543889,0.839157,-249.582,-320.669,-0.614207,-0.789145,416.667,9.57307e-009,-2.23218,2.8,1.1,2500,4000,0,0,0.5,8.8
Geran2,41,0,3951.15,5943.62,3993.91,5939.16,0.55803,0.829821,-243.105,-325.608,-0.598265,-0.801298,416.667,9.57307e-009,-2.21213,2.8,1.1,2500,4000,0,0,0.5,8.8
Geran2,43,0,2708.94,5388.25,2757.18,5480.97,0.449389,0.893336,-60.4763,-401.824,-0.148828,-0.988863,416.667,9.57307e-009,-1.72018,2.8,1.1,2500,4000,0,0,0.5,8.8
Geran2,45,0,2730.85,5536.77,2879.14,5595.75,0.457514,0.889202,-60.3631,-401.842,-0.148549,-0.988905,416.667,9.57307e-009,-1.7199,2.8,1.1,2500,4000,0,0,0.5,8.8
Geran2,46,0,3042.88,5321.51,3070.09,5275.33,0.502992,0.864291,-154.408,-375.867,-0.37999,-0.924991,416.667,9.57307e-009,-1.96058,2.8,1.1,2500,4000,0,0,0.5,8.8
Geran2,50,0,3434.29,5252.09,3447.08,5251.72,0.548727,0.836001,-243.009,-325.67,-0.598039,-0.801467,416.667,9.57307e-009,-2.21185,2.8,1.1,2500,4000,0,0,0.5,8.8
Geran2,3,0,7026.46,6711.52,6906.65,6770.81,0.714095,0.700049,306.987,-266.23,0.755476,-0.655176,416.667,9.57307e-009,-0.714416,2.8,1.1,9000,5000,1,1,0.5,8.9
Kalibr,7,1,8928.48,5024.36,9012.4,4930.86,0.877281,0.479977,771.122,-266.506,0.945145,-0.32665,857.5,0.453429,-0.332757,1.2,0.45,9000,5000,1,2,0.75,8.9
Geran2,10,0,3574.97,5241.4,3696.65,5186.24,0.580426,0.814313,-266.001,-307.186,-0.654613,-0.755965,416.667,9.57307e-009,-2.28447,2.8,1.1,2500,4000,0,0,0.5,8.9
Geran2,11,0,7262.13,6334.85,7296.82,6518.38,0.745767,0.666207,322.255,-247.523,0.793058,-0.609146,416.667,9.57307e-009,-0.654983,2.8,1.1,9000,5000,1,1,0.5,8.9
Kinzhal,12,2,9514.69,777.421,9492.67,680.85,0.997438,0.07154,-225.413,-1142.09,-0.193634,-0.981074,1250,0.857143,-1.76566,2.4,0.12,9000,5000,1,3,1,8.9
Geran2,16,0,6212.88,5274.3,6127.08,5373.29,0.75184,0.659345,148.66,-378.175,0.365846,-0.930675,416.667,9.57307e-009,-1.19625,2.8,1.1,7500,2000,2,2,0.5,8.9
Geran2,20,0,7654.76,6078.93,7689.71,6163.59,0.780283,0.625426,316.988,-254.237,0.780092,-0.625665,416.667,9.57307e-009,-0.675983,2.8,1.1,9000,5000,1,1,0.5,8.9
Geran2,24,0,6731.08,6040.39,6879.56,5922.05,0.757879,0.652396,75.9685,-399.186,0.186953,-0.982369,416.667,9.57307e-009,-1.38274,2.8,1.1,7500,2000,2,2,0.5,8.9
Geran2,25,0,4984.44,6585.54,4904.1,6695.91,0.590875,0.806763,195.441,-356.263,0.480967,-0.876739,416.667,9.57307e-009,-1.06904,2.8,1.1,7500,2000,2,2,0.5,8.9
Kalibr,27,1,7268.77,2379.53,7265.36,2559.98,0.943164,0.332328,424.497,-696.781,0.520278,-0.853997,857.5,0.453429,-1.02362,1.2,0.45,7500,2000,2,3,0.75,8.9
Geran2,35,0,3814.31,5463.97,3834.68,5411.92,0.578141,0.815937,-271.458,-302.371,-0.668046,-0.74412,416.667,9.57307e-009,-2.30238,2.8,1.1,2500,4000,0,0,0.5,8.9
Geran2,37,0,2908.23,4845.11,2857.21,4805.52,0.511059,0.859546,-176.743,-365.892,-0.43496,-0.90045,416.667,9.57307e-009,-2.02079,2.8,1.1,2500,4000,0,0,0.5,8.9
Geran2,39,0,3011.06,5364.48,3026.05,5346.71,0.49255,0.870284,-142.527,-380.531,-0.350751,-0.936469,416.667,9.57307e-009,-1.92917,2.8,1.1,2500,4000,0,0,0.5,8.9
Geran2,40,0,4116.41,6076.8,4113.96,6038.93,0.56301,0.82645,-249.582,-320.668,-0.614207,-0.789145,416.667,9.57307e-009,-2.23218,2.8,1.1,2500,4000,0,0,0.5,8.9
Geran2,41,0,3926.84,5911.06,4160.38,5693.71,0.589979,0.807419,-243.105,-325.608,-0.598265,-0.801298,416.667,9.57307e-009,-2.21213,2.8,1.1,2500,4000,0,0,0.5,8.9
Geran2,43,0,2702.89,5348.07,2605.29,5233.85,0.445621,0.895222,-60.4762,-401.824,-0.148828,-0.988863,416.667,9.57307e-009,-1.72018,2.8,1.1,2500,4000,0,0,0.5,8.9
Geran2,45,0,2724.81,5496.59,2704.8,5408.93,0.447257,0.894405,-60.363,-401.841,-0.148549,-0.988905,416.667,9.57307e-009,-1.7199,2.8,1.1,2500,4000,0,0,0.5,8.9
Geran2,46,0,3027.44,5283.92,3085.87,5361.22,0.498856,0.866685,-154.408,-375.867,-0.37999,-0.924991,416.667,9.57307e-009,-1.96058,2.8,1.1,2500,4000,0,0,0.5,8.9
Geran2,50,0,3409.98,5219.52,3274.18,5025.84,0.545854,0.83788,-243.009,-325.67,-0.598039,-0.801467,416.667,9.57307e-009,-2.21185,2.8,1.1,2500,4000,0,0,0.5,8.9
Geran2,3,0,7057.16,6684.9,6812.54,6630.73,0.716604,0.69748,306.987,-266.23,0.755476,-0.655176,416.667,9.57307e-009,-0.714416,2.8,1.1,9000,5000,1,1,0.5,9
Geran2,10,0,3548.37,5210.69,3571.24,5070.7,0.575814,0.817581,-266.001,-307.185,-0.654613,-0.755964,416.667,9.57307e-009,-2.28447,2.8,1.1,2500,4000,0,0,0.5,9
Geran2,11,0,7294.36,6310.1,7411.76,6334.97,0.760166,0.649729,322.255,-247.523,0.793058,-0.609146,416.667,9.57307e-009,-0.654983,2.8,1.1,9000,5000,1,1,0.5,9
Kinzhal,12,2,9490.67,663.514,9500.99,597.067,0.998031,0.0627189,-240.196,-1139.07,-0.206333,-0.978482,1250,0.857143,-1.77862,2.4,0.12,9000,5000,1,3,1,9
Geran2,16,0,6227.75,5236.48,6185.98,5142.72,0.76897,0.639284,148.66,-378.176,0.365846,-0.930675,416.667,9.57307e-009,-1.19625,2.8,1.1,7500,2000,2,2,0.5,9
Geran2,20,0,7686.46,6053.51,7535.29,6125.93,0.775937,0.63081,316.988,-254.237,0.780092,-0.625665,416.667,9.57307e-009,-0.675983,2.8,1.1,9000,5000,1,1,0.5,9
Geran2,24,0,6738.68,6000.47,6777.8,6073.47,0.744743,0.667351,75.9685,-399.186,0.186953,-0.982369,416.667,9.57307e-009,-1.38274,2.8,1.1,7500,2000,2,2,0.5,9
Geran2,25,0,5003.98,6549.92,4900.76,6463.92,0.604159,0.796863,195.441,-356.263,0.480967,-0.876739,416.667,9.57307e-009,-1.06904,2.8,1.1,7500,2000,2,2,0.5,9
Kalibr,27,1,7311.22,2309.85,7369.43,2388.83,0.95127,0.308358,424.499,-696.779,0.52028,-0.853996,857.5,0.453429,-1.02362,1.2,0.45,7500,2000,2,3,0.75,9
Geran2,35,0,3787.16,5433.73,3854.66,5505.71,0.573529,0.819185,-271.458,-302.371,-0.668046,-0.74412,416.667,9.57307e-009,-2.30238,2.8,1.1,2500,4000,0,0,0.5,9
Geran2,37,0,2890.55,4808.52,2938.97,4913.5,0.513323,0.858196,-176.743,-365.892,-0.43496,-0.90045,416.667,9.57307e-009,-2.02079,2.8,1.1,2500,4000,0,0,0.5,9
Geran2,39,0,2996.81,5326.42,2928.32,5411.68,0.475906,0.879496,-142.527,-380.531,-0.350751,-0.936469,416.667,9.57307e-009,-1.92917,2.8,1.1,2500,4000,0,0,0.5,9
Geran2,40,0,4091.45,6044.73,4264.97,6007.11,0.578915,0.815388,-249.582,-320.668,-0.614207,-0.789145,416.667,9.57307e-009,-2.23218,2.8,1.1,2500,4000,0,0,0.5,9
Geran2,41,0,3902.53,5878.5,3969.8,5922.12,0.556808,0.830642,-243.105,-325.607,-0.598265,-0.801298,416.667,9.57307e-009,-2.21213,2.8,1.1,2500,4000,0,0,0.5,9
Geran2,43,0,2696.84,5307.88,2826.16,5217.43,0.476289,0.879289,-60.4762,-401.824,-0.148828,-0.988863,416.667,9.57307e-009,-1.72018,2.8,1.1,2500,4000,0,0,0.5,9
Geran2,45,0,2718.77,5456.4,2624.63,5289.1,0.444512,0.895773,-60.3629,-401.841,-0.148549,-0.988905,416.667,9.57307e-009,-1.7199,2.8,1.1,2500,4000,0,0,0.5,9
Geran2,46,0,3012,5246.33,3015.92,5358.71,0.490465,0.871461,-154.408,-375.867,-0.37999,-0.92499,416.667,9.57307e-009,-1.96058,2.8,1.1,2500,4000,0,0,0.5,9
Geran2,50,0,3385.68,5186.96,3289.62,5347.87,0.523938,0.851756,-243.009,-325.671,-0.598039,-0.801467,416.667,9.57307e-009,-2.21185,2.8,1.1,2500,4000,0,0,0.5,9
Geran2,3,0,7087.86,6658.28,7032.73,6672.14,0.72546,0.688264,306.987,-266.23,0.755476,-0.655176,416.667,9.57307e-009,-0.714416,2.8,1.1,9000,5000,1,1,0.5,9.1
Geran2,10,0,3521.77,5179.97,3550.41,5144.69,0.567988,0.823037,-266.001,-307.185,-0.654613,-0.755964,416.667,9.57307e-009,-2.28447,2.8,1.1,2500,4000,0,0,0.5,9.1
Geran2,11,0,7326.58,6285.35,7426.63,6018.88,0.776895,0.629631,322.255,-247.523,0.793058,-0.609146,416.667,9.57307e-009,-0.654983,2.8,1.1,9000,5000,1,1,0.5,9.1
Kinzhal,12,2,9465.17,549.928,9329.2,613.746,0.997843,0.0656458,-254.938,-1135.86,-0.218997,-0.975726,1250,0.857143,-1.79158,2.4,0.12,9000,5000,1,3,1,9.1
Geran2,16,0,6242.62,5198.66,6278.63,5216.4,0.769172,0.639042,148.66,-378.176,0.365846,-0.930675,416.667,9.57307e-009,-1.19625,2.8,1.1,7500,2000,2,2,0.5,9.1
Geran2,20,0,7718.16,6028.08,7757.53,6057.64,0.788169,0.615459,316.988,-254.237,0.780092,-0.625664,416.667,9.57307e-009,-0.675983,2.8,1.1,9000,5000,1,1,0.5,9.1
Geran2,24,0,6746.27,5960.56,6889.04,5873.8,0.760951,0.64881,75.9684,-399.186,0.186953,-0.982369,416.667,9.57307e-009,-1.38274,2.8,1.1,7500,2000,2,2,0.5,9.1
Geran2,25,0,5023.52,6514.29,5124.1,6416.27,0.624033,0.781398,195.441,-356.262,0.480967,-0.876739,416.667,9.57307e-009,-1.06904,2.8,1.1,7500,2000,2,2,0.5,9.1
Kalibr,27,1,7353.67,2240.17,7330.14,2326.57,0.953141,0.302525,424.5,-696.777,0.520282,-0.853994,857.5,0.453429,-1.02362,1.2,0.45,7500,2000,2,3,0.75,9.1
Geran2,35,0,3760.01,5403.5,3388.9,5400.15,0.531555,0.847024,-271.458,-302.371,-0.668046,-0.74412,416.667,9.57307e-009,-2.30238,2.8,1.1,2500,4000,0,0,0.5,9.1
Geran2,37,0,2872.88,4771.93,2896.03,4792.18,0.517215,0.855856,-176.743,-365.892,-0.43496,-0.90045,416.667,9.57307e-009,-2.02079,2.8,1.1,2500,4000,0,0,0.5,9.1
Geran2,39,0,2982.55,5288.37,2910.51,5293.93,0.481773,0.876296,-142.527,-380.531,-0.350751,-0.936469,416.667,9.57307e-009,-1.92917,2.8,1.1,2500,4000,0,0,0.5,9.1
Geran2,40,0,4066.49,6012.66,4172.41,6089.55,0.565226,0.824936,-249.582,-320.668,-0.614207,-0.789145,416.667,9.57307e-009,-2.23218,2.8,1.1,2500,4000,0,0,0.5,9.1
Geran2,41,0,3878.22,5845.94,3878.69,5850.03,0.552594,0.83345,-243.105,-325.607,-0.598265,-0.801298,416.667,9.57307e-009,-2.21213,2.8,1.1,2500,4000,0,0,0.5,9.1
Geran2,43,0,2690.79,5267.7,2630.62,5223.32,0.449805,0.893127,-60.4762,-401.823,-0.148828,-0.988863,416.667,9.57307e-009,-1.72018,2.8,1.1,2500,4000,0,0,0.5,9.1
Geran2,45,0,2712.74,5416.22,2694.83,5424.81,0.444891,0.895585,-60.3629,-401.841,-0.148549,-0.988905,416.667,9.57307e-009,-1.7199,2.8,1.1,2500,4000,0,0,0.5,9.1
Geran2,46,0,2996.56,5208.75,3019.91,5311.04,0.494291,0.869297,-154.408,-375.867,-0.37999,-0.92499,416.667,9.57307e-009,-1.96058,2.8,1.1,2500,4000,0,0,0.5,9.1
Geran2,50,0,3361.38,5154.39,3123.91,5140.67,0.519317,0.854581,-243.009,-325.671,-0.598039,-0.801467,416.667,9.57307e-009,-2.21185,2.8,1.1,2500,4000,0,0,0.5,9.1
Geran2,3,0,7118.56,6631.66,7221.25,6791.14,0.728468,0.68508,306.987,-266.23,0.755476,-0.655176,416.667,9.57307e-009,-0.714416,2.8,1.1,9000,5000,1,1,0.5,9.2
Geran2,10,0,3495.17,5149.25,3646.25,5140.92,0.57852,0.815668,-266.001,-307.185,-0.654613,-0.755964,416.667,9.57307e-009,-2.28447,2.8,1.1,2500,4000,0,0,0.5,9.2
Geran2,11,0,7358.81,6260.59,7537.87,6391.76,0.762709,0.646742,322.255,-247.523,0.793058,-0.609146,416.667,9.57307e-009,-0.654983,2.8,1.1,9000,5000,1,1,0.5,9.2
Kinzhal,12,2,9438.21,436.682,9661.59,513.285,0.998592,0.0530515,-269.637,-1132.46,-0.231624,-0.972805,1250,0.857143,-1.80454,2.4,0.12,9000,5000,1,3,1,9.2
Geran2,16,0,6257.48,5160.84,6275.65,5090.71,0.776614,0.629977,148.66,-378.176,0.365846,-0.930675,416.667,9.57307e-009,-1.19625,2.8,1.1,7500,2000,2,2,0.5,9.2
Geran2,20,0,7749.86,6002.66,7675.06,5807.4,0.797444,0.603393,316.988,-254.237,0.780092,-0.625664,416.667,9.57307e-009,-0.675983,2.8,1.1,9000,5000,1,1,0.5,9.2
Geran2,24,0,6753.87,5920.64,6890.01,5880.35,0.760639,0.649175,75.9684,-399.186,0.186953,-0.982369,416.667,9.57307e-009,-1.38274,2.8,1.1,7500,2000,2,2,0.5,9.2
Geran2,25,0,5043.07,6478.66,5010.42,6421.19,0.615177,0.788389,195.44,-356.262,0.480967,-0.876739,416.667,9.57307e-009,-1.06904,2.8,1.1,7500,2000,2,2,0.5,9.2
Kalibr,27,1,7396.12,2170.5,7538.1,2091.82,0.963587,0.267395,424.502,-696.775,0.520285,-0.853993,857.5,0.453429,-1.02361,1.2,0.45,7500,2000,2,3,0.75,9.2
Geran2,35,0,3732.87,5373.26,3763.78,5338.37,0.576225,0.817291,-271.458,-302.371,-0.668046,-0.74412,416.667,9.57307e-009,-2.30238,2.8,1.1,2500,4000,0,0,0.5,9.2
Geran2,37,0,2855.2,4735.34,2803.39,4580.84,0.521991,0.852951,-176.743,-365.892,-0.43496,-0.90045,416.667,9.57307e-009,-2.02079,2.8,1.1,2500,4000,0,0,0.5,9.2
Geran2,39,0,2968.3,5250.32,2800.12,5115.72,0.480137,0.877194,-142.527,-380.531,-0.350751,-0.936469,416.667,9.57307e-009,-1.92917,2.8,1.1,2500,4000,0,0,0.5,9.2
Geran2,40,0,4041.54,5980.6,4040.57,6017.1,0.557484,0.830188,-249.582,-320.668,-0.614207,-0.789145,416.667,9.57307e-009,-2.23218,2.8,1.1,2500,4000,0,0,0.5,9.2
Geran2,41,0,3853.91,5813.38,3845.92,5809.59,0.552001,0.833844,-243.105,-325.607,-0.598265,-0.801298,416.667,9.57307e-009,-2.21213,2.8,1.1,2500,4000,0,0,0.5,9.2
Geran2,43,0,2684.75,5227.52,2574.79,5226.73,0.44191,0.897059,-60.4762,-401.823,-0.148828,-0.988863,416.667,9.57307e-009,-1.72018,2.8,1.1,2500,4000,0,0,0.5,9.2
Geran2,45,0,2706.7,5376.04,2795.39,5208.58,0.472888,0.881122,-60.3628,-401.841,-0.148549,-0.988905,416.667,9.57307e-009,-1.7199,2.8,1.1,2500,4000,0,0,0.5,9.2
Geran2,46,0,2981.12,5171.16,2860.64,5223.89,0.480306,0.877101,-154.408,-375.867,-0.379991,-0.92499,416.667,9.57307e-009,-1.96058,2.8,1.1,2500,4000,0,0,0.5,9.2
Geran2,50,0,3337.08,5121.82,3297.52,5160.5,0.538451,0.842657,-243.009,-325.671,-0.598039,-0.801467,416.667,9.57307e-009,-2.21185,2.8,1.1,2500,4000,0,0,0.5,9.2
Geran2,3,0,7149.26,6605.03,7144.97,6566.63,0.736277,0.67668,306.987,-266.23,0.755476,-0.655176,416.667,9.57307e-009,-0.714416,2.8,1.1,9000,5000,1,1,0.5,9.3
Geran2,10,0,3468.57,5118.53,3464.91,4937.83,0.5744,0.818575,-266.001,-307.185,-0.654613,-0.755964,416.667,9.57307e-009,-2.28447,2.8,1.1,2500,4000,0,0,0.5,9.3
Geran2,11,0,7391.03,6235.84,7341.9,6114.65,0.768407,0.639962,322.255,-247.524,0.793058,-0.609146,416.667,9.57307e-009,-0.654983,2.8,1.1,9000,5000,1,1,0.5,9.3
Kinzhal,12,2,9409.78,323.796,9584.26,357.864,0.999304,0.0373127,-284.292,-1128.87,-0.244213,-0.969722,1250,0.857143,-1.8175,2.4,0.12,9000,5000,1,3,1,9.3
Geran2,16,0,6272.35,5123.03,6285.12,5237.22,0.768244,0.640157,148.66,-378.176,0.365846,-0.930675,416.667,9.57307e-009,-1.19625,2.8,1.1,7500,2000,2,2,0.5,9.3
Geran2,20,0,7781.56,5977.24,7871.42,5975.84,0.796476,0.60467,316.988,-254.237,0.780092,-0.625664,416.667,9.57307e-009,-0.675983,2.8,1.1,9000,5000,1,1,0.5,9.3
Geran2,24,0,6761.47,5880.72,6863,5874.18,0.759715,0.650256,75.9684,-399.185,0.186953,-0.982369,416.667,9.57307e-009,-1.38274,2.8,1.1,7500,2000,2,2,0.5,9.3
Geran2,25,0,5062.61,6443.04,4920.24,6604.59,0.597416,0.801931,195.44,-356.262,0.480967,-0.876739,416.667,9.57307e-009,-1.06904,2.8,1.1,7500,2000,2,2,0.5,9.3
Kalibr,27,1,7438.57,2100.82,7298.92,2022.12,0.9637,0.266987,424.504,-696.773,0.520288,-0.853991,857.5,0.453429,-1.02361,1.2,0.45,7500,2000,2,3,0.75,9.3
Geran2,35,0,3705.72,5343.02,3735.5,5274.72,0.577939,0.81608,-271.458,-302.371,-0.668046,-0.74412,416.667,9.57307e-009,-2.30238,2.8,1.1,2500,4000,0,0,0.5,9.3
Geran2,37,0,2837.53,4698.75,2959.61,4527.98,0.54712,0.837054,-176.743,-365.893,-0.43496,-0.90045,416.667,9.57307e-009,-2.02079,2.8,1.1,2500,4000,0,0,0.5,9.3
Geran2,39,0,2954.05,5212.26,3151.88,5239.02,0.515513,0.856882,-142.527,-380.531,-0.350751,-0.936469,416.667,9.57307e-009,-1.92917,2.8,1.1,2500,4000,0,0,0.5,9.3
Geran2,40,0,4016.58,5948.53,3886.21,5956.28,0.546433,0.837503,-249.582,-320.668,-0.614207,-0.789145,416.667,9.57307e-009,-2.23218,2.8,1.1,2500,4000,0,0,0.5,9.3
Geran2,41,0,3829.6,5780.82,3726.5,5653.14,0.550372,0.83492,-243.105,-325.607,-0.598265,-0.801298,416.667,9.57307e-009,-2.21213,2.8,1.1,2500,4000,0,0,0.5,9.3
Geran2,43,0,2678.7,5187.34,2659.85,5043.32,0.466498,0.884522,-60.4762,-401.823,-0.148828,-0.988863,416.667,9.57307e-009,-1.72018,2.8,1.1,2500,4000,0,0,0.5,9.3
Geran2,45,0,2700.67,5335.85,2673.01,5302.86,0.450118,0.892969,-60.3628,-401.841,-0.148549,-0.988905,416.667,9.57307e-009,-1.7199,2.8,1.1,2500,4000,0,0,0.5,9.3
Geran2,46,0,2965.68,5133.57,2946.38,5003.6,0.507415,0.861702,-154.408,-375.867,-0.379991,-0.92499,416.667,9.57307e-009,-1.96058,2.8,1.1,2500,4000,0,0,0.5,9.3
Geran2,50,0,3312.78,5089.26,3327.71,5123.5,0.544693,0.838635,-243.01,-325.671,-0.598039,-0.801467,416.667,9.57307e-009,-2.21185,2.8,1.1,2500,4000,0,0,0.5,9.3
Geran2,3,0,7179.95,6578.41,7043.89,6720.91,0.723499,0.690325,306.987,-266.23,0.755476,-0.655176,416.667,9.57307e-009,-0.714416,2.8,1.1,9000,5000,1,1,0.5,9.4
Geran2,10,0,3441.97,5087.81,3362.56,4895.34,0.566187,0.824277,-266.001,-307.185,-0.654613,-0.755964,416.667,9.57307e-009,-2.28447,2.8,1.1,2500,4000,0,0,0.5,9.4
Geran2,11,0,7423.26,6211.09,7495.19,6184.81,0.771309,0.636461,322.255,-247.524,0.793058,-0.609146,416.667,9.57307e-009,-0.654983,2.8,1.1,9000,5000,1,1,0.5,9.4
Kinzhal,12,2,9379.89,211.287,9380.65,156.931,0.99986,0.0167269,-298.898,-1125.09,-0.25676,-0.966475,1250,0.857143,-1.83046,2.4,0.12,9000,5000,1,3,1,9.4
Geran2,16,0,6287.21,5085.21,6319.96,4989.7,0.784867,0.619664,148.66,-378.176,0.365846,-0.930675,416.667,9.57307e-009,-1.19625,2.8,1.1,7500,2000,2,2,0.5,9.4
Geran2,20,0,7813.26,5951.81,7755.56,5988.57,0.7915,0.611169,316.988,-254.237,0.780092,-0.625664,416.667,9.57307e-009,-0.675983,2.8,1.1,9000,5000,1,1,0.5,9.4
Geran2,24,0,6769.06,5840.8,6768.2,5920.87,0.752649,0.658422,75.9683,-399.185,0.186953,-0.982369,416.667,9.57307e-009,-1.38274,2.8,1.1,7500,2000,2,2,0.5,9.4
Geran2,25,0,5082.16,6407.41,5153.55,6229.53,0.637427,0.770511,195.44,-356.262,0.480967,-0.876739,416.667,9.57307e-009,-1.06904,2.8,1.1,7500,2000,2,2,0.5,9.4
Geran2,35,0,3678.58,5312.79,3569.08,5371.6,0.553413,0.832907,-271.458,-302.371,-0.668046,-0.74412,416.667,9.57307e-009,-2.30238,2.8,1.1,2500,4000,0,0,0.5,9.4
Geran2,37,0,2819.86,4662.16,2812.6,4765.78,0.508255,0.861207,-176.743,-365.893,-0.43496,-0.90045,416.667,9.57307e-009,-2.02079,2.8,1.1,2500,4000,0,0,0.5,9.4
Geran2,39,0,2939.8,5174.21,2952.9,5030.73,0.50621,0.86241,-142.527,-380.531,-0.350751,-0.936469,416.667,9.57307e-009,-1.92917,2.8,1.1,2500,4000,0,0,0.5,9.4
Geran2,40,0,3991.62,5916.46,4010.31,5935.47,0.559844,0.828598,-249.582,-320.668,-0.614207,-0.789145,416.667,9.57307e-009,-2.23218,2.8,1.1,2500,4000,0,0,0.5,9.4
Geran2,41,0,3805.29,5748.26,3938.83,5716.9,0.567356,0.823472,-243.104,-325.607,-0.598265,-0.801298,416.667,9.57307e-009,-2.21213,2.8,1.1,2500,4000,0,0,0.5,9.4
Geran2,43,0,2672.65,5147.16,2568.93,5073.91,0.451705,0.892167,-60.4761,-401.823,-0.148828,-0.988863,416.667,9.57307e-009,-1.72018,2.8,1.1,2500,4000,0,0,0.5,9.4
Geran2,45,0,2694.63,5295.67,2667.6,5245.14,0.453324,0.891346,-60.3627,-401.84,-0.148549,-0.988905,416.667,9.57307e-009,-1.7199,2.8,1.1,2500,4000,0,0,0.5,9.4
Geran2,46,0,2950.24,5095.99,3015.94,5130.99,0.506735,0.862102,-154.408,-375.867,-0.379991,-0.92499,416.667,9.57307e-009,-1.96058,2.8,1.1,2500,4000,0,0,0.5,9.4
Geran2,50,0,3288.48,5056.69,3330.98,4933.26,0.559592,0.828768,-243.01,-325.672,-0.598039,-0.801467,416.667,9.57307e-009,-2.21185,2.8,1.1,2500,4000,0,0,0.5,9.4
Geran2,3,0,7210.65,6551.79,7178,6280.23,0.752604,0.658474,306.986,-266.23,0.755476,-0.655176,416.667,9.57307e-009,-0.714416,2.8,1.1,9000,5000,1,1,0.5,9.5
Geran2,10,0,3415.37,5057.09,3463.67,4834.67,0.582388,0.812911,-266.001,-307.185,-0.654613,-0.755964,416.667,9.57307e-009,-2.28447,2.8,1.1,2500,4000,0,0,0.5,9.5
Geran2,11,0,7455.49,6186.34,7481.82,6178.12,0.771089,0.636728,322.256,-247.524,0.793058,-0.609146,416.667,9.57307e-009,-0.654983,2.8,1.1,9000,5000,1,1,0.5,9.5
Kinzhal,12,2,9348.55,99.1754,9448.18,83.1811,0.999961,0.00880358,-313.454,-1121.12,-0.269264,-0.963066,1250,0.857143,-1.84343,2.4,0.12,9000,5000,1,3,1,9.5
Geran2,16,0,6302.08,5047.39,6256.79,5166.67,0.771081,0.636737,148.66,-378.176,0.365846,-0.930676,416.667,9.57307e-009,-1.19625,2.8,1.1,7500,2000,2,2,0.5,9.5
Geran2,20,0,7844.96,5926.39,7754.99,5959.29,0.792925,0.60932,316.988,-254.237,0.780093,-0.625664,416.667,9.57307e-009,-0.675983,2.8,1.1,9000,5000,1,1,0.5,9.5
Geran2,24,0,6776.66,5800.88,6743.52,5996.69,0.747275,0.664515,75.9683,-399.185,0.186953,-0.982369,416.667,9.57307e-009,-1.38274,2.8,1.1,7500,2000,2,2,0.5,9.5
Geran2,25,0,5101.7,6371.79,5137.34,6263.02,0.634203,0.773167,195.44,-356.262,0.480967,-0.876739,416.667,9.57307e-009,-1.06904,2.8,1.1,7500,2000,2,2,0.5,9.5
Geran2,35,0,3651.43,5282.55,3661.61,5345.2,0.565144,0.824992,-271.458,-302.371,-0.668046,-0.74412,416.667,9.57307e-009,-2.30238,2.8,1.1,2500,4000,0,0,0.5,9.5
Geran2,37,0,2802.18,4625.57,2774.93,4471.73,0.527277,0.849693,-176.744,-365.893,-0.43496,-0.90045,416.667,9.57307e-009,-2.02079,2.8,1.1,2500,4000,0,0,0.5,9.5
Geran2,39,0,2925.54,5136.16,2954.58,5112.88,0.500338,0.86583,-142.527,-380.531,-0.350751,-0.936469,416.667,9.57307e-009,-1.92917,2.8,1.1,2500,4000,0,0,0.5,9.5
Geran2,40,0,3966.66,5884.4,4041.63,5815.96,0.570659,0.821187,-249.582,-320.668,-0.614207,-0.789145,416.667,9.57307e-009,-2.23218,2.8,1.1,2500,4000,0,0,0.5,9.5
Geran2,41,0,3780.98,5715.7,3760.66,5659.84,0.553419,0.832903,-243.104,-325.606,-0.598265,-0.801298,416.667,9.57307e-009,-2.21213,2.8,1.1,2500,4000,0,0,0.5,9.5
Geran2,43,0,2666.6,5106.97,2748.82,5056.83,0.477586,0.878585,-60.4761,-401.823,-0.148828,-0.988863,416.667,9.57307e-009,-1.72018,2.8,1.1,2500,4000,0,0,0.5,9.5
Geran2,45,0,2688.59,5255.48,2694.88,5403.19,0.446324,0.894871,-60.3626,-401.84,-0.148549,-0.988905,416.667,9.57307e-009,-1.7199,2.8,1.1,2500,4000,0,0,0.5,9.5
Geran2,46,0,2934.8,5058.4,2966.87,5123.87,0.501089,0.865396,-154.408,-375.867,-0.379991,-0.92499,416.667,9.57307e-009,-1.96058,2.8,1.1,2500,4000,0,0,0.5,9.5
Geran2,50,0,3264.18,5024.12,3263.01,5042.44,0.543281,0.839551,-243.01,-325.672,-0.598039,-0.801467,416.667,9.57307e-009,-2.21185,2.8,1.1,2500,4000,0,0,0.5,9.5
Geran2,3,0,7241.35,6525.16,7239.87,6504.16,0.743892,0.668299,306.986,-266.23,0.755476,-0.655176,416.667,9.57307e-009,-0.714416,2.8,1.1,9000,5000,1,1,0.5,9.6
Geran2,10,0,3388.77,5026.37,3334.55,5037.86,0.551945,0.833881,-266.001,-307.185,-0.654613,-0.755964,416.667,9.57307e-009,-2.28447,2.8,1.1,2500,4000,0,0,0.5,9.6
Geran2,11,0,7487.71,6161.58,7615.61,6113.43,0.779822,0.626002,322.256,-247.524,0.793058,-0.609146,416.667,9.57307e-009,-0.654983,2.8,1.1,9000,5000,1,1,0.5,9.6
Geran2,16,0,6316.95,5009.58,6543.91,4961.67,0.796848,0.604179,148.66,-378.176,0.365846,-0.930676,416.667,9.57307e-009,-1.19625,2.8,1.1,7500,2000,2,2,0.5,9.6
Geran2,20,0,7876.66,5900.96,8086.9,5748.97,0.815037,0.579409,316.988,-254.236,0.780093,-0.625664,416.667,9.57307e-009,-0.675982,2.8,1.1,9000,5000,1,1,0.5,9.6
Geran2,24,0,6784.26,5760.96,6756.27,5822.4,0.757519,0.652813,75.9683,-399.185,0.186953,-0.982369,416.667,9.57307e-009,-1.38274,2.8,1.1,7500,2000,2,2,0.5,9.6
Geran2,25,0,5121.24,6336.16,5226.48,6332.61,0.636533,0.771249,195.44,-356.262,0.480967,-0.876739,416.667,9.57307e-009,-1.06904,2.8,1.1,7500,2000,2,2,0.5,9.6
Geran2,35,0,3624.29,5252.31,3484.89,5276.89,0.551078,0.834454,-271.459,-302.371,-0.668047,-0.74412,416.667,9.57307e-009,-2.30238,2.8,1.1,2500,4000,0,0,0.5,9.6
Geran2,37,0,2784.51,4588.98,2765.77,4673.54,0.509293,0.860593,-176.744,-365.893,-0.43496,-0.90045,416.667,9.57307e-009,-2.02079,2.8,1.1,2500,4000,0,0,0.5,9.6
Geran2,39,0,2911.29,5098.1,3047.86,5032.83,0.518011,0.855374,-142.527,-380.531,-0.350751,-0.936469,416.667,9.57307e-009,-1.92917,2.8,1.1,2500,4000,0,0,0.5,9.6
Geran2,40,0,3941.7,5852.33,4006.79,5920.57,0.560472,0.828173,-249.582,-320.668,-0.614207,-0.789145,416.667,9.57307e-009,-2.23218,2.8,1.1,2500,4000,0,0,0.5,9.6
Geran2,41,0,3756.67,5683.14,3674.98,5657.65,0.544728,0.838613,-243.104,-325.606,-0.598265,-0.801298,416.667,9.57307e-009,-2.21213,2.8,1.1,2500,4000,0,0,0.5,9.6
Geran2,43,0,2660.56,5066.79,2743.01,5102.62,0.47349,0.880799,-60.4761,-401.823,-0.148828,-0.988863,416.667,9.57307e-009,-1.72018,2.8,1.1,2500,4000,0,0,0.5,9.6
Geran2,45,0,2682.56,5215.3,2873.35,5281.49,0.477896,0.878417,-60.3626,-401.84,-0.148549,-0.988905,416.667,9.57307e-009,-1.7199,2.8,1.1,2500,4000,0,0,0.5,9.6
Geran2,46,0,2919.36,5020.81,3030.06,4980.73,0.519735,0.854328,-154.408,-375.867,-0.379991,-0.92499,416.667,9.57307e-009,-1.96058,2.8,1.1,2500,4000,0,0,0.5,9.6
Geran2,50,0,3239.88,4991.55,3172.31,5102.78,0.527972,0.849262,-243.01,-325.672,-0.598039,-0.801467,416.667,9.57307e-009,-2.21185,2.8,1.1,2500,4000,0,0,0.5,9.6
Geran2,3,0,7272.05,6498.54,7404.73,6496.3,0.751713,0.659491,306.986,-266.23,0.755476,-0.655176,416.667,9.57307e-009,-0.714416,2.8,1.1,9000,5000,1,1,0.5,9.7
Geran2,10,0,3362.17,4995.66,3347.42,4996.69,0.556574,0.830798,-266.001,-307.185,-0.654613,-0.755964,416.667,9.57307e-009,-2.28447,2.8,1.1,2500,4000,0,0,0.5,9.7
Geran2,11,0,7519.94,6136.83,7528.79,6231.93,0.770333,0.637641,322.256,-247.524,0.793058,-0.609146,416.667,9.57307e-009,-0.654983,2.8,1.1,9000,5000,1,1,0.5,9.7
Geran2,16,0,6331.81,4971.76,6490.91,5008.45,0.791713,0.610893,148.66,-378.176,0.365846,-0.930676,416.667,9.57307e-009,-1.19626,2.8,1.1,7500,2000,2,2,0.5,9.7
Geran2,20,0,7908.35,5875.54,7993.95,5726.1,0.812957,0.582324,316.988,-254.236,0.780093,-0.625664,416.667,9.57307e-009,-0.675982,2.8,1.1,9000,5000,1,1,0.5,9.7
Geran2,24,0,6791.85,5721.05,6890.59,5815.4,0.764212,0.644965,75.9683,-399.184,0.186953,-0.982369,416.667,9.57307e-009,-1.38274,2.8,1.1,7500,2000,2,2,0.5,9.7
Geran2,25,0,5140.79,6300.53,5250.97,6243.33,0.643665,0.765308,195.44,-356.261,0.480967,-0.876739,416.667,9.57307e-009,-1.06904,2.8,1.1,7500,2000,2,2,0.5,9.7
Geran2,35,0,3597.14,5222.07,3512.51,5126.28,0.565238,0.824928,-271.459,-302.371,-0.668047,-0.744119,416.667,9.57307e-009,-2.30238,2.8,1.1,2500,4000,0,0,0.5,9.7
Geran2,37,0,2766.83,4552.39,2925.49,4411.15,0.5527,0.83338,-176.744,-365.893,-0.43496,-0.90045,416.667,9.57307e-009,-2.02079,2.8,1.1,2500,4000,0,0,0.5,9.7
Geran2,39,0,2897.04,5060.05,2966.78,5009.41,0.509578,0.860424,-142.527,-380.531,-0.350751,-0.936469,416.667,9.57307e-009,-1.92917,2.8,1.1,2500,4000,0,0,0.5,9.7
Geran2,40,0,3916.74,5820.26,3705.58,5856.21,0.534707,0.845038,-249.582,-320.668,-0.614207,-0.789145,416.667,9.57307e-009,-2.23218,2.8,1.1,2500,4000,0,0,0.5,9.7
Geran2,41,0,3732.36,5650.58,3839.81,5691.48,0.559278,0.82898,-243.104,-325.606,-0.598265,-0.801298,416.667,9.57307e-009,-2.21213,2.8,1.1,2500,4000,0,0,0.5,9.7
Geran2,43,0,2654.51,5026.61,2627.06,5079.6,0.459379,0.88824,-60.4761,-401.823,-0.148828,-0.988863,416.667,9.57307e-009,-1.72018,2.8,1.1,2500,4000,0,0,0.5,9.7
Geran2,45,0,2676.52,5175.12,2669.4,5080.32,0.465139,0.885238,-60.3625,-401.84,-0.148549,-0.988905,416.667,9.57307e-009,-1.7199,2.8,1.1,2500,4000,0,0,0.5,9.7
Geran2,46,0,2903.91,4983.23,2754.38,4936.85,0.487222,0.873278,-154.408,-375.867,-0.379991,-0.92499,416.667,9.57307e-009,-1.96058,2.8,1.1,2500,4000,0,0,0.5,9.7
Geran2,50,0,3215.58,4958.99,3196.07,4957.5,0.54185,0.840475,-243.01,-325.672,-0.598039,-0.801467,416.667,9.57307e-009,-2.21185,2.8,1.1,2500,4000,0,0,0.5,9.7
Geran2,3,0,7302.75,6471.92,7293.65,6694.21,0.736733,0.676183,306.986,-266.23,0.755476,-0.655176,416.667,9.57307e-009,-0.714416,2.8,1.1,9000,5000,1,1,0.5,9.8
Geran2,10,0,3335.57,4964.94,3110.88,4865.28,0.538697,0.842499,-266.001,-307.185,-0.654613,-0.755964,416.667,9.57307e-009,-2.28447,2.8,1.1,2500,4000,0,0,0.5,9.8
Geran2,11,0,7552.16,6112.08,7624.06,6107.53,0.780455,0.625212,322.256,-247.524,0.793058,-0.609146,416.667,9.57307e-009,-0.654983,2.8,1.1,9000,5000,1,1,0.5,9.8
Geran2,16,0,6346.68,4933.94,6089.49,4803.8,0.785114,0.619351,148.66,-378.176,0.365846,-0.930676,416.667,9.57307e-009,-1.19626,2.8,1.1,7500,2000,2,2,0.5,9.8
Geran2,20,0,7940.05,5850.12,8014.29,5926.64,0.804031,0.594588,316.988,-254.236,0.780093,-0.625664,416.667,9.57307e-009,-0.675982,2.8,1.1,9000,5000,1,1,0.5,9.8
Geran2,24,0,6799.45,5681.13,6847.06,5677.52,0.769787,0.6383,75.9683,-399.184,0.186953,-0.982369,416.667,9.57307e-009,-1.38274,2.8,1.1,7500,2000,2,2,0.5,9.8
Geran2,25,0,5160.33,6264.91,5108.8,6349.9,0.626853,0.779138,195.44,-356.261,0.480967,-0.876739,416.667,9.57307e-009,-1.06904,2.8,1.1,7500,2000,2,2,0.5,9.8
Geran2,35,0,3569.99,5191.84,3723.73,5102.99,0.589462,0.807796,-271.459,-302.371,-0.668047,-0.744119,416.667,9.57307e-009,-2.30238,2.8,1.1,2500,4000,0,0,0.5,9.8
Geran2,37,0,2749.16,4515.8,2827.15,4528.33,0.529587,0.848255,-176.744,-365.893,-0.43496,-0.90045,416.667,9.57307e-009,-2.02079,2.8,1.1,2500,4000,0,0,0.5,9.8
Geran2,39,0,2882.79,5022,2877.96,5057.69,0.494565,0.869141,-142.527,-380.531,-0.350751,-0.936469,416.667,9.57307e-009,-1.92917,2.8,1.1,2500,4000,0,0,0.5,9.8
Geran2,40,0,3891.79,5788.19,3863.69,5991.26,0.541964,0.840401,-249.582,-320.667,-0.614207,-0.789145,416.667,9.57307e-009,-2.23218,2.8,1.1,2500,4000,0,0,0.5,9.8
Geran2,41,0,3708.05,5618.02,3797.02,5559.22,0.56401,0.825768,-243.104,-325.606,-0.598265,-0.801298,416.667,9.57307e-009,-2.21213,2.8,1.1,2500,4000,0,0,0.5,9.8
Geran2,43,0,2648.46,4986.43,2664.22,5054.98,0.466254,0.884651,-60.4761,-401.823,-0.148828,-0.988863,416.667,9.57307e-009,-1.72018,2.8,1.1,2500,4000,0,0,0.5,9.8
Geran2,45,0,2670.48,5134.93,2673.84,5091.82,0.46492,0.885353,-60.3625,-401.84,-0.148549,-0.988905,416.667,9.57307e-009,-1.7199,2.8,1.1,2500,4000,0,0,0.5,9.8
Geran2,46,0,2888.47,4945.64,3011.37,4878.56,0.525258,0.850943,-154.408,-375.867,-0.379991,-0.92499,416.667,9.57307e-009,-1.96058,2.8,1.1,2500,4000,0,0,0.5,9.8
Geran2,50,0,3191.28,4926.42,3241.93,4874.6,0.553777,0.832665,-243.01,-325.672,-0.598039,-0.801467,416.667,9.57307e-009,-2.21185,2.8,1.1,2500,4000,0,0,0.5,9.8
Geran2,3,0,7333.45,6445.29,7266.94,6458.82,0.747444,0.664325,306.986,-266.229,0.755476,-0.655176,416.667,9.57307e-009,-0.714416,2.8,1.1,9000,5000,1,1,0.5,9.9
Geran2,10,0,3308.97,4934.22,3336.74,5047.74,0.551445,0.834212,-266,-307.185,-0.654613,-0.755964,416.667,9.57307e-009,-2.28447,2.8,1.1,2500,4000,0,0,0.5,9.9
Geran2,11,0,7584.39,6087.33,7561.57,6136.48,0.776481,0.630141,322.256,-247.524,0.793058,-0.609146,416.667,9.57307e-009,-0.654983,2.8,1.1,9000,5000,1,1,0.5,9.9
Geran2,16,0,6361.54,4896.12,6292.32,4878.4,0.790303,0.612717,148.66,-378.176,0.365845,-0.930676,416.667,9.57307e-009,-1.19626,2.8,1.1,7500,2000,2,2,0.5,9.9
Geran2,20,0,7971.75,5824.69,8117.85,5748.66,0.816095,0.577918,316.988,-254.236,0.780093,-0.625664,416.667,9.57307e-009,-0.675982,2.8,1.1,9000,5000,1,1,0.5,9.9
Geran2,24,0,6807.05,5641.21,6791.89,5700.84,0.765946,0.642905,75.9683,-399.184,0.186953,-0.982369,416.667,9.57307e-009,-1.38274,2.8,1.1,7500,2000,2,2,0.5,9.9
Geran2,25,0,5179.88,6229.28,5133.25,6319.26,0.630508,0.776183,195.44,-356.261,0.480967,-0.876739,416.667,9.57307e-009,-1.06904,2.8,1.1,7500,2000,2,2,0.5,9.9
Geran2,35,0,3542.85,5161.6,3632.7,5104.45,0.579827,0.81474,-271.459,-302.371,-0.668047,-0.744119,416.667,9.57307e-009,-2.30238,2.8,1.1,2500,4000,0,0,0.5,9.9
Geran2,37,0,2731.48,4479.21,2660.71,4476.95,0.510896,0.859643,-176.744,-365.894,-0.43496,-0.90045,416.667,9.57307e-009,-2.02079,2.8,1.1,2500,4000,0,0,0.5,9.9
Geran2,39,0,2868.53,4983.94,2790.34,4900.11,0.494839,0.868985,-142.527,-380.531,-0.350751,-0.936469,416.667,9.57307e-009,-1.92917,2.8,1.1,2500,4000,0,0,0.5,9.9
Geran2,40,0,3866.83,5756.13,3839.52,5768.85,0.554063,0.832475,-249.582,-320.667,-0.614207,-0.789145,416.667,9.57307e-009,-2.23218,2.8,1.1,2500,4000,0,0,0.5,9.9
Geran2,41,0,3683.74,5585.46,3789.33,5805.33,0.546596,0.837396,-243.104,-325.606,-0.598265,-0.801298,416.667,9.57307e-009,-2.21213,2.8,1.1,2500,4000,0,0,0.5,9.9
Geran2,43,0,2642.41,4946.25,2687.15,5039.78,0.470488,0.882407,-60.476,-401.822,-0.148828,-0.988863,416.667,9.57307e-009,-1.72018,2.8,1.1,2500,4000,0,0,0.5,9.9
Geran2,45,0,2664.45,5094.75,2719,5108.05,0.469876,0.882733,-60.3625,-401.84,-0.148549,-0.988905,416.667,9.57307e-009,-1.7199,2.8,1.1,2500,4000,0,0,0.5,9.9
Geran2,46,0,2873.03,4908.05,2868.77,4855.36,0.508688,0.860951,-154.408,-375.867,-0.379991,-0.92499,416.667,9.57307e-009,-1.96058,2.8,1.1,2500,4000,0,0,0.5,9.9
Geran2,50,0,3166.97,4893.85,3396.75,4845.37,0.574028,0.818836,-243.01,-325.672,-0.598039,-0.801467,416.667,9.57307e-009,-2.21185,2.8,1.1,2500,4000,0,0,0.5,9.9
Geran2,3,0,7364.15,6418.67,7320.34,6575.29,0.743952,0.668234,306.986,-266.229,0.755476,-0.655176,416.667,9.57307e-009,-0.714416,2.8,1.1,9000,5000,1,1,0.5,10
Geran2,10,0,3282.37,4903.5,3248.2,4879.22,0.554154,0.832414,-266,-307.184,-0.654613,-0.755965,416.667,9.57307e-009,-2.28447,2.8,1.1,2500,4000,0,0,0.5,10
Geran2,11,0,7616.61,6062.58,7924.63,6028.28,0.795893,0.605437,322.256,-247.524,0.793058,-0.609146,416.667,9.57307e-009,-0.654983,2.8,1.1,9000,5000,1,1,0.5,10
Geran2,16,0,6376.41,4858.3,6221.92,4914.9,0.784708,0.619866,148.66,-378.176,0.365845,-0.930676,416.667,9.57307e-009,-1.19626,2.8,1.1,7500,2000,2,2,0.5,10
Geran2,20,0,8003.45,5799.27,8037.48,5916.27,0.805347,0.592804,316.988,-254.236,0.780093,-0.625664,416.667,9.57307e-009,-0.675982,2.8,1.1,9000,5000,1,1,0.5,10
Geran2,24,0,6814.64,5601.29,6779.38,5570.61,0.772623,0.634865,75.9682,-399.184,0.186953,-0.982369,416.667,9.57307e-009,-1.38274,2.8,1.1,7500,2000,2,2,0.5,10
Geran2,25,0,5199.42,6193.66,5116.43,6130.58,0.640747,0.767752,195.44,-356.261,0.480967,-0.876739,416.667,9.57307e-009,-1.06904,2.8,1.1,7500,2000,2,2,0.5,10
Geran2,35,0,3515.7,5131.36,3543.75,5141.02,0.56754,0.823346,-271.459,-302.371,-0.668047,-0.744119,416.667,9.57307e-009,-2.30238,2.8,1.1,2500,4000,0,0,0.5,10
Geran2,37,0,2713.81,4442.63,2904.72,4466.4,0.545193,0.83831,-176.744,-365.894,-0.43496,-0.90045,416.667,9.57307e-009,-2.02079,2.8,1.1,2500,4000,0,0,0.5,10
Geran2,39,0,2854.28,4945.89,2987.7,5010.2,0.512172,0.858883,-142.527,-380.531,-0.350751,-0.936469,416.667,9.57307e-009,-1.92917,2.8,1.1,2500,4000,0,0,0.5,10
Geran2,40,0,3841.87,5724.06,4014.18,5654.43,0.578878,0.815414,-249.582,-320.667,-0.614207,-0.789145,416.667,9.57307e-009,-2.23218,2.8,1.1,2500,4000,0,0,0.5,10
Geran2,41,0,3659.42,5552.9,3595.08,5605.87,0.539833,0.841772,-243.104,-325.606,-0.598265,-0.801298,416.667,9.57307e-009,-2.21213,2.8,1.1,2500,4000,0,0,0.5,10
Geran2,43,0,2636.37,4906.06,2617.33,4873.58,0.473131,0.880992,-60.476,-401.822,-0.148828,-0.988863,416.667,9.57307e-009,-1.72018,2.8,1.1,2500,4000,0,0,0.5,10
Geran2,45,0,2658.41,5054.56,2765.54,5148.88,0.473181,0.880965,-60.3625,-401.84,-0.148549,-0.988905,416.667,9.57307e-009,-1.7199,2.8,1.1,2500,4000,0,0,0.5,10
Geran2,46,0,2857.59,4870.47,2954.33,4891.87,0.516965,0.856007,-154.408,-375.867,-0.379991,-0.92499,416.667,9.57307e-009,-1.96058,2.8,1.1,2500,4000,0,0,0.5,10
Geran2,50,0,3142.67,4861.28,3238.27,4896.34,0.551635,0.834086,-243.01,-325.672,-0.598039,-0.801467,416.667,9.57307e-009,-2.21185,2.8,1.1,2500,4000,0,0,0.5,10
Geran2,3,0,7394.85,6392.05,7416.32,6291.2,0.762582,0.646892,306.986,-266.229,0.755476,-0.655176,416.667,9.57307e-009,-0.714416,2.8,1.1,9000,5000,1,1,0.5,10.1
Geran2,10,0,3255.77,4872.78,3295.3,4999.59,0.550326,0.83495,-266,-307.184,-0.654612,-0.755965,416.667,9.57307e-009,-2.28447,2.8,1.1,2500,4000,0,0,0.5,10.1
Geran2,11,0,7648.84,6037.82,7623.21,6129.6,0.779319,0.626627,322.256,-247.524,0.793058,-0.609146,416.667,9.57307e-009,-0.654983,2.8,1.1,9000,5000,1,1,0.5,10.1
Geran2,16,0,6391.28,4820.49,6204.44,4656.83,0.799783,0.600289,148.66,-378.177,0.365845,-0.930676,416.667,9.57307e-009,-1.19626,2.8,1.1,7500,2000,2,2,0.5,10.1
Geran2,20,0,8035.15,5773.85,8074.4,5635.88,0.820004,0.572358,316.988,-254.236,0.780093,-0.625663,416.667,9.57307e-009,-0.675982,2.8,1.1,9000,5000,1,1,0.5,10.1
Geran2,24,0,6822.24,5561.37,6818.93,5654.42,0.769775,0.638316,75.9682,-399.184,0.186954,-0.982369,416.667,9.57307e-009,-1.38274,2.8,1.1,7500,2000,2,2,0.5,10.1
Geran2,25,0,5218.96,6158.03,5130.37,6254.52,0.634202,0.773167,195.44,-356.261,0.480967,-0.876739,416.667,9.57307e-009,-1.06904,2.8,1.1,7500,2000,2,2,0.5,10.1
Geran2,35,0,3488.56,5101.13,3514.66,4868.13,0.585358,0.810775,-271.459,-302.371,-0.668047,-0.744119,416.667,9.57307e-009,-2.30238,2.8,1.1,2500,4000,0,0,0.5,10.1
Geran2,37,0,2696.14,4406.04,2722.76,4652.59,0.505082,0.863071,-176.744,-365.894,-0.43496,-0.90045,416.667,9.57307e-009,-2.02079,2.8,1.1,2500,4000,0,0,0.5,10.1
Geran2,39,0,2840.03,4907.84,3125.64,5094.65,0.52294,0.852369,-142.527,-380.531,-0.350751,-0.936469,416.667,9.57307e-009,-1.92917,2.8,1.1,2500,4000,0,0,0.5,10.1
Geran2,40,0,3816.91,5691.99,3899.18,5746.72,0.561464,0.827501,-249.581,-320.667,-0.614207,-0.789145,416.667,9.57307e-009,-2.23218,2.8,1.1,2500,4000,0,0,0.5,10.1
Geran2,41,0,3635.11,5520.34,3521.03,5321.15,0.551832,0.833955,-243.104,-325.606,-0.598265,-0.801298,416.667,9.57307e-009,-2.21213,2.8,1.1,2500,4000,0,0,0.5,10.1
Geran2,43,0,2630.32,4865.88,2688.57,4889.71,0.481813,0.876274,-60.476,-401.822,-0.148828,-0.988863,416.667,9.57307e-009,-1.72018,2.8,1.1,2500,4000,0,0,0.5,10.1
Geran2,45,0,2652.38,5014.38,2600.73,5008.1,0.460866,0.88747,-60.3625,-401.84,-0.148549,-0.988905,416.667,9.57307e-009,-1.7199,2.8,1.1,2500,4000,0,0,0.5,10.1
Geran2,46,0,2842.15,4832.88,2782.35,4775.3,0.503433,0.864034,-154.408,-375.867,-0.379991,-0.92499,416.667,9.57307e-009,-1.96058,2.8,1.1,2500,4000,0,0,0.5,10.1
Geran2,50,0,3118.37,4828.72,3108.41,5002.08,0.527812,0.849361,-243.01,-325.672,-0.598039,-0.801467,416.667,9.57307e-009,-2.21185,2.8,1.1,2500,4000,0,0,0.5,10.1
Geran2,3,0,7425.54,6365.42,7304.58,6363.11,0.754028,0.656843,306.986,-266.229,0.755476,-0.655176,416.667,9.57307e-009,-0.714416,2.8,1.1,9000,5000,1,1,0.5,10.2
Geran2,10,0,3229.17,4842.06,3241.07,5021.5,0.542292,0.84019,-266,-307.184,-0.654612,-0.755965,416.667,9.57307e-009,-2.28447,2.8,1.1,2500,4000,0,0,0.5,10.2
Geran2,11,0,7681.06,6013.07,7670.93,6095.62,0.782912,0.622133,322.256,-247.524,0.793058,-0.609146,416.667,9.57307e-009,-0.654983,2.8,1.1,9000,5000,1,1,0.5,10.2
Geran2,16,0,6406.14,4782.67,6362.45,4863.52,0.794471,0.607302,148.66,-378.177,0.365845,-0.930676,416.667,9.57307e-009,-1.19626,2.8,1.1,7500,2000,2,2,0.5,10.2
Geran2,20,0,8066.85,5748.42,7955.1,5863.71,0.804956,0.593334,316.988,-254.236,0.780093,-0.625663,416.667,9.57307e-009,-0.675982,2.8,1.1,9000,5000,1,1,0.5,10.2
Geran2,24,0,6829.84,5521.45,6859.02,5399.61,0.78574,0.618557,75.9682,-399.184,0.186954,-0.982369,416.667,9.57307e-009,-1.38274,2.8,1.1,7500,2000,2,2,0.5,10.2
Geran2,25,0,5238.51,6122.4,5425.91,6142.28,0.66205,0.749459,195.44,-356.261,0.480967,-0.876739,416.667,9.57307e-009,-1.06904,2.8,1.1,7500,2000,2,2,0.5,10.2
Geran2,35,0,3461.41,5070.89,3540.72,4869.08,0.588124,0.808771,-271.459,-302.371,-0.668046,-0.744119,416.667,9.57307e-009,-2.30238,2.8,1.1,2500,4000,0,0,0.5,10.2
Geran2,37,0,2678.46,4369.45,2737.32,4331.34,0.534235,0.845336,-176.744,-365.894,-0.43496,-0.90045,416.667,9.57307e-009,-2.02079,2.8,1.1,2500,4000,0,0,0.5,10.2
Geran2,39,0,2825.78,4869.79,2889.34,5008.44,0.499704,0.866196,-142.527,-380.531,-0.350751,-0.936469,416.667,9.57307e-009,-1.92917,2.8,1.1,2500,4000,0,0,0.5,10.2
Geran2,40,0,3791.95,5659.93,3910.01,5704.46,0.565369,0.824838,-249.581,-320.667,-0.614207,-0.789145,416.667,9.57307e-009,-2.23218,2.8,1.1,2500,4000,0,0,0.5,10.2
Geran2,41,0,3610.8,5487.78,3607.62,5524.02,0.546799,0.837264,-243.104,-325.606,-0.598265,-0.801298,416.667,9.57307e-009,-2.21213,2.8,1.1,2500,4000,0,0,0.5,10.2
Geran2,43,0,2624.27,4825.7,2495.39,4905.7,0.453386,0.891314,-60.476,-401.822,-0.148828,-0.988863,416.667,9.57307e-009,-1.72018,2.8,1.1,2500,4000,0,0,0.5,10.2
Geran2,45,0,2646.34,4974.19,2718.27,4737.48,0.497675,0.867364,-60.3625,-401.839,-0.148549,-0.988905,416.667,9.57307e-009,-1.7199,2.8,1.1,2500,4000,0,0,0.5,10.2
Geran2,46,0,2826.71,4795.29,2752.89,4780.7,0.499014,0.866594,-154.408,-375.867,-0.379991,-0.92499,416.667,9.57307e-009,-1.96058,2.8,1.1,2500,4000,0,0,0.5,10.2
Geran2,50,0,3094.07,4796.15,3217.97,4885.81,0.550049,0.835133,-243.011,-325.673,-0.598039,-0.801467,416.667,9.57307e-009,-2.21185,2.8,1.1,2500,4000,0,0,0.5,10.2
Geran2,3,0,7456.24,6338.8,7401.59,6458.81,0.753463,0.65749,306.986,-266.229,0.755476,-0.655176,416.667,9.57307e-009,-0.714416,2.8,1.1,9000,5000,1,1,0.5,10.3
Geran2,10,0,3202.57,4811.35,3122.76,4885.26,0.538588,0.842569,-266,-307.184,-0.654612,-0.755965,416.667,9.57307e-009,-2.28447,2.8,1.1,2500,4000,0,0,0.5,10.3
Geran2,11,0,7713.29,5988.32,7801.37,5984.29,0.793447,0.608639,322.256,-247.524,0.793058,-0.609146,416.667,9.57307e-009,-0.654983,2.8,1.1,9000,5000,1,1,0.5,10.3
Geran2,16,0,6421.01,4744.85,6263.7,4731.91,0.797908,0.602779,148.66,-378.177,0.365845,-0.930676,416.667,9.57307e-009,-1.19626,2.8,1.1,7500,2000,2,2,0.5,10.3
Geran2,20,0,8098.55,5723,8213.91,5803.94,0.816692,0.577074,316.988,-254.236,0.780093,-0.625663,416.667,9.57307e-009,-0.675981,2.8,1.1,9000,5000,1,1,0.5,10.3
Geran2,24,0,6837.43,5481.53,6710.34,5339.27,0.782516,0.622631,75.9682,-399.184,0.186954,-0.982369,416.667,9.57307e-009,-1.38274,2.8,1.1,7500,2000,2,2,0.5,10.3
Geran2,25,0,5258.05,6086.78,5326.28,6133.77,0.655657,0.755058,195.44,-356.261,0.480967,-0.876739,416.667,9.57307e-009,-1.06904,2.8,1.1,7500,2000,2,2,0.5,10.3
Geran2,35,0,3434.26,5040.65,3382.26,4978.03,0.561992,0.827142,-271.459,-302.371,-0.668046,-0.744119,416.667,9.57307e-009,-2.30238,2.8,1.1,2500,4000,0,0,0.5,10.3
Geran2,37,0,2660.79,4332.86,2628.01,4253.83,0.525587,0.85074,-176.744,-365.894,-0.43496,-0.90045,416.667,9.57307e-009,-2.02079,2.8,1.1,2500,4000,0,0,0.5,10.3
Geran2,39,0,2811.52,4831.73,2714.63,4619.31,0.506657,0.862148,-142.527,-380.531,-0.350751,-0.936469,416.667,9.57307e-009,-1.92917,2.8,1.1,2500,4000,0,0,0.5,10.3
Geran2,40,0,3767,5627.86,3660.14,5682.17,0.541523,0.840686,-249.581,-320.667,-0.614207,-0.789145,416.667,9.57307e-009,-2.23218,2.8,1.1,2500,4000,0,0,0.5,10.3
Geran2,41,0,3586.49,5455.22,3532.13,5538.38,0.53771,0.84313,-243.104,-325.606,-0.598265,-0.801298,416.667,9.57307e-009,-2.21213,2.8,1.1,2500,4000,0,0,0.5,10.3
Geran2,43,0,2618.22,4785.52,2473.88,4751.83,0.461783,0.886993,-60.476,-401.822,-0.148828,-0.988863,416.667,9.57307e-009,-1.72018,2.8,1.1,2500,4000,0,0,0.5,10.3
Geran2,45,0,2640.3,4934.01,2580.93,4747.28,0.47764,0.878556,-60.3626,-401.839,-0.148549,-0.988905,416.667,9.57307e-009,-1.7199,2.8,1.1,2500,4000,0,0,0.5,10.3
Geran2,46,0,2811.27,4757.71,2713.73,4576.89,0.510011,0.860168,-154.408,-375.867,-0.379991,-0.92499,416.667,9.57307e-009,-1.96058,2.8,1.1,2500,4000,0,0,0.5,10.3
Geran2,50,0,3069.77,4763.58,3042.1,4737.44,0.540331,0.841453,-243.011,-325.673,-0.598039,-0.801467,416.667,9.57307e-009,-2.21185,2.8,1.1,2500,4000,0,0,0.5,10.3
Geran2,3,0,7486.94,6312.18,7261.44,6282.52,0.756242,0.654292,306.986,-266.229,0.755476,-0.655176,416.667,9.57307e-009,-0.714416,2.8,1.1,9000,5000,1,1,0.5,10.4
Geran2,10,0,3175.97,4780.63,3344.96,4691.61,0.580526,0.814241,-266,-307.184,-0.654612,-0.755965,416.667,9.57307e-009,-2.28447,2.8,1.1,2500,4000,0,0,0.5,10.4
Geran2,11,0,7745.52,5963.57,7697.1,6029.52,0.787222,0.61667,322.256,-247.524,0.793058,-0.609146,416.667,9.57307e-009,-0.654983,2.8,1.1,9000,5000,1,1,0.5,10.4
Geran2,16,0,6435.88,4707.03,6403.3,4738.45,0.803842,0.594843,148.66,-378.177,0.365845,-0.930676,416.667,9.57307e-009,-1.19626,2.8,1.1,7500,2000,2,2,0.5,10.4
Geran2,20,0,8130.25,5697.57,8129.5,5740.91,0.816852,0.576847,316.988,-254.236,0.780093,-0.625663,416.667,9.57307e-009,-0.675981,2.8,1.1,9000,5000,1,1,0.5,10.4
Geran2,24,0,6845.03,5441.62,6698.72,5430.19,0.776824,0.629718,75.9682,-399.183,0.186954,-0.982369,416.667,9.57307e-009,-1.38274,2.8,1.1,7500,2000,2,2,0.5,10.4
Geran2,25,0,5277.59,6051.15,5271.66,6110.44,0.653227,0.757163,195.44,-356.261,0.480967,-0.876739,416.667,9.57307e-009,-1.06904,2.8,1.1,7500,2000,2,2,0.5,10.4
Geran2,35,0,3407.12,5010.42,3408.81,5087.25,0.556655,0.830744,-271.459,-302.371,-0.668046,-0.744119,416.667,9.57307e-009,-2.30238,2.8,1.1,2500,4000,0,0,0.5,10.4
Geran2,37,0,2643.11,4296.27,2702.84,4117.34,0.548776,0.835969,-176.744,-365.894,-0.434961,-0.90045,416.667,9.57307e-009,-2.02079,2.8,1.1,2500,4000,0,0,0.5,10.4
Geran2,39,0,2797.27,4793.68,2636.19,4844.87,0.477949,0.878388,-142.527,-380.531,-0.350751,-0.936469,416.667,9.57307e-009,-1.92917,2.8,1.1,2500,4000,0,0,0.5,10.4
Geran2,40,0,3742.04,5595.79,3637.29,5638.53,0.542077,0.840329,-249.581,-320.667,-0.614207,-0.789145,416.667,9.57307e-009,-2.23218,2.8,1.1,2500,4000,0,0,0.5,10.4
Geran2,41,0,3562.18,5422.66,3619.94,5453.03,0.553069,0.833135,-243.104,-325.606,-0.598265,-0.801298,416.667,9.57307e-009,-2.21213,2.8,1.1,2500,4000,0,0,0.5,10.4
Geran2,43,0,2612.18,4745.33,2777.39,4795.71,0.501162,0.865354,-60.4759,-401.822,-0.148828,-0.988863,416.667,9.57307e-009,-1.72018,2.8,1.1,2500,4000,0,0,0.5,10.4
Geran2,45,0,2634.27,4893.83,2672.3,4842.92,0.483125,0.875551,-60.3626,-401.839,-0.148549,-0.988905,416.667,9.57307e-009,-1.7199,2.8,1.1,2500,4000,0,0,0.5,10.4
Geran2,46,0,2795.83,4720.12,2918.92,4927.37,0.509673,0.860368,-154.408,-375.867,-0.379991,-0.92499,416.667,9.57307e-009,-1.96058,2.8,1.1,2500,4000,0,0,0.5,10.4
Geran2,50,0,3045.47,4731.01,2957.72,4831.66,0.522098,0.852886,-243.011,-325.673,-0.598039,-0.801467,416.667,9.57307e-009,-2.21185,2.8,1.1,2500,4000,0,0,0.5,10.4
Geran2,3,0,7517.64,6285.56,7495.82,6252.68,0.767911,0.640557,306.986,-266.229,0.755476,-0.655176,416.667,9.57307e-009,-0.714416,2.8,1.1,9000,5000,1,1,0.5,10.5
Geran2,10,0,3149.37,4749.91,3185.13,4872.81,0.547136,0.837044,-266,-307.184,-0.654612,-0.755965,416.667,9.57307e-009,-2.28447,2.8,1.1,2500,4000,0,0,0.5,10.5
Geran2,11,0,7777.74,5938.81,7795.26,5864.07,0.799132,0.601156,322.256,-247.524,0.793058,-0.609146,416.667,9.57307e-009,-0.654983,2.8,1.1,9000,5000,1,1,0.5,10.5
Geran2,16,0,6450.74,4669.21,6412.52,4472.76,0.820192,0.572088,148.66,-378.177,0.365845,-0.930676,416.667,9.57307e-009,-1.19626,2.8,1.1,7500,2000,2,2,0.5,10.5
Geran2,20,0,8161.94,5672.15,8126.79,5551.79,0.825716,0.564086,316.989,-254.236,0.780094,-0.625663,416.667,9.57307e-009,-0.675981,2.8,1.1,9000,5000,1,1,0.5,10.5
Geran2,24,0,6852.63,5401.7,6786.93,5481.71,0.777943,0.628335,75.9682,-399.183,0.186954,-0.982369,416.667,9.57307e-009,-1.38274,2.8,1.1,7500,2000,2,2,0.5,10.5
Geran2,25,0,5297.14,6015.53,5270.04,6133.46,0.651703,0.758475,195.44,-356.261,0.480967,-0.876739,416.667,9.57307e-009,-1.06904,2.8,1.1,7500,2000,2,2,0.5,10.5
Geran2,35,0,3379.97,4980.18,3407.95,4963.2,0.566049,0.824371,-271.459,-302.371,-0.668046,-0.744119,416.667,9.57307e-009,-2.30238,2.8,1.1,2500,4000,0,0,0.5,10.5
Geran2,37,0,2625.44,4259.68,2638.27,4159,0.535666,0.84443,-176.744,-365.894,-0.434961,-0.90045,416.667,9.57307e-009,-2.02079,2.8,1.1,2500,4000,0,0,0.5,10.5
Geran2,39,0,2783.02,4755.63,2626.82,4672.78,0.490032,0.871705,-142.527,-380.531,-0.350751,-0.936469,416.667,9.57307e-009,-1.92917,2.8,1.1,2500,4000,0,0,0.5,10.5
Geran2,40,0,3717.08,5563.73,3685.06,5371.93,0.56568,0.824625,-249.581,-320.667,-0.614207,-0.789145,416.667,9.57307e-009,-2.23218,2.8,1.1,2500,4000,0,0,0.5,10.5
Geran2,41,0,3537.87,5390.1,3724.48,5483.72,0.561851,0.827239,-243.104,-325.606,-0.598265,-0.801298,416.667,9.57307e-009,-2.21213,2.8,1.1,2500,4000,0,0,0.5,10.5
Geran2,43,0,2606.13,4705.15,2427.05,4789.11,0.452049,0.891993,-60.4759,-401.822,-0.148828,-0.988863,416.667,9.57307e-009,-1.72018,2.8,1.1,2500,4000,0,0,0.5,10.5
Geran2,45,0,2628.23,4853.64,2737.95,4834.14,0.492823,0.87013,-60.3626,-401.839,-0.148549,-0.988905,416.667,9.57307e-009,-1.7199,2.8,1.1,2500,4000,0,0,0.5,10.5
Geran2,46,0,2780.39,4682.53,2898.5,4667.78,0.527528,0.849537,-154.408,-375.867,-0.379991,-0.92499,416.667,9.57307e-009,-1.96058,2.8,1.1,2500,4000,0,0,0.5,10.5
Geran2,50,0,3021.17,4698.45,3050.73,4699.25,0.544513,0.838752,-243.011,-325.673,-0.598039,-0.801467,416.667,9.57307e-009,-2.21185,2.8,1.1,2500,4000,0,0,0.5,10.5
Geran2,3,0,7548.34,6258.93,7464.18,6207.71,0.768851,0.639428,306.986,-266.229,0.755476,-0.655176,416.667,9.57307e-009,-0.714416,2.8,1.1,9000,5000,1,1,0.5,10.6
Geran2,10,0,3122.77,4719.19,3160,4611.43,0.56527,0.824906,-266,-307.184,-0.654612,-0.755965,416.667,9.57307e-009,-2.28447,2.8,1.1,2500,4000,0,0,0.5,10.6
Geran2,11,0,7809.97,5914.06,7881.2,6013.07,0.795025,0.606576,322.256,-247.524,0.793058,-0.609146,416.667,9.57307e-009,-0.654983,2.8,1.1,9000,5000,1,1,0.5,10.6
Geran2,16,0,6465.61,4631.4,6355.12,4403.57,0.821958,0.569548,148.66,-378.177,0.365845,-0.930676,416.667,9.57307e-009,-1.19626,2.8,1.1,7500,2000,2,2,0.5,10.6
Geran2,20,0,8193.64,5646.73,8338.71,5512.51,0.834197,0.551466,316.989,-254.236,0.780094,-0.625663,416.667,9.57307e-009,-0.675981,2.8,1.1,9000,5000,1,1,0.5,10.6
Geran2,24,0,6860.22,5361.78,6866.68,5525.24,0.779101,0.626899,75.9682,-399.183,0.186954,-0.982369,416.667,9.57307e-009,-1.38274,2.8,1.1,7500,2000,2,2,0.5,10.6
Geran2,25,0,5316.68,5979.9,5275.15,6014.9,0.659362,0.751826,195.44,-356.261,0.480967,-0.876739,416.667,9.57307e-009,-1.06904,2.8,1.1,7500,2000,2,2,0.5,10.6
Geran2,35,0,3352.83,4949.94,3377.73,4906.56,0.567039,0.823691,-271.459,-302.371,-0.668046,-0.74412,416.667,9.57307e-009,-2.30238,2.8,1.1,2500,4000,0,0,0.5,10.6
Geran2,37,0,2607.76,4223.09,2602.53,4290.54,0.518623,0.855003,-176.744,-365.894,-0.434961,-0.90045,416.667,9.57307e-009,-2.02079,2.8,1.1,2500,4000,0,0,0.5,10.6
Geran2,39,0,2768.76,4717.57,2764.41,4596.56,0.515383,0.85696,-142.527,-380.531,-0.350751,-0.936469,416.667,9.57307e-009,-1.92917,2.8,1.1,2500,4000,0,0,0.5,10.6
Geran2,40,0,3692.12,5531.66,3775.14,5614.28,0.557999,0.829841,-249.581,-320.667,-0.614207,-0.789145,416.667,9.57307e-009,-2.23218,2.8,1.1,2500,4000,0,0,0.5,10.6
Geran2,41,0,3513.56,5357.54,3451.27,5275.41,0.547468,0.836827,-243.104,-325.606,-0.598265,-0.801298,416.667,9.57307e-009,-2.21213,2.8,1.1,2500,4000,0,0,0.5,10.6
Geran2,43,0,2600.08,4664.97,2665.11,4592.82,0.501897,0.864927,-60.4759,-401.822,-0.148828,-0.988863,416.667,9.57307e-009,-1.72018,2.8,1.1,2500,4000,0,0,0.5,10.6
Geran2,45,0,2622.19,4813.46,2614.85,4775.53,0.480269,0.877121,-60.3626,-401.839,-0.148549,-0.988905,416.667,9.57307e-009,-1.7199,2.8,1.1,2500,4000,0,0,0.5,10.6
Geran2,46,0,2764.95,4644.94,2796.27,4632.63,0.516763,0.856129,-154.408,-375.867,-0.379991,-0.92499,416.667,9.57307e-009,-1.96058,2.8,1.1,2500,4000,0,0,0.5,10.6
Geran2,50,0,2996.87,4665.88,2968.6,4664.32,0.536927,0.843629,-243.011,-325.673,-0.598039,-0.801467,416.667,9.57307e-009,-2.21185,2.8,1.1,2500,4000,0,0,0.5,10.6
Geran2,3,0,7579.04,6232.31,7751.23,6158.62,0.782952,0.622083,306.986,-266.229,0.755476,-0.655176,416.667,9.57307e-009,-0.714416,2.8,1.1,9000,5000,1,1,0.5,10.7
Geran2,10,0,3096.17,4688.47,3113.91,4674.21,0.554425,0.832234,-266,-307.184,-0.654612,-0.755965,416.667,9.57307e-009,-2.28447,2.8,1.1,2500,4000,0,0,0.5,10.7
Geran2,11,0,7842.19,5889.31,7730.51,5915.57,0.794159,0.607709,322.256,-247.524,0.793058,-0.609146,416.667,9.57307e-009,-0.654983,2.8,1.1,9000,5000,1,1,0.5,10.7
Geran2,16,0,6480.47,4593.58,6489.95,4742.58,0.807395,0.590011,148.66,-378.177,0.365845,-0.930676,416.667,9.57307e-009,-1.19626,2.8,1.1,7500,2000,2,2,0.5,10.7
Geran2,20,0,8225.34,5621.3,8195.38,5626.77,0.824396,0.566013,316.989,-254.236,0.780094,-0.625663,416.667,9.57307e-009,-0.675981,2.8,1.1,9000,5000,1,1,0.5,10.7
Geran2,24,0,6867.82,5321.86,6712.3,5155.23,0.793085,0.609111,75.9682,-399.183,0.186954,-0.982369,416.667,9.57307e-009,-1.38274,2.8,1.1,7500,2000,2,2,0.5,10.7
Geran2,25,0,5336.23,5944.27,5510.67,5748.27,0.69203,0.721868,195.44,-356.261,0.480967,-0.876739,416.667,9.57307e-009,-1.06904,2.8,1.1,7500,2000,2,2,0.5,10.7
Geran2,35,0,3325.68,4919.71,3321.71,4906.34,0.560624,0.828071,-271.459,-302.371,-0.668046,-0.74412,416.667,9.57307e-009,-2.30238,2.8,1.1,2500,4000,0,0,0.5,10.7
Geran2,37,0,2590.09,4186.5,2608,4263.36,0.52183,0.853049,-176.744,-365.894,-0.43496,-0.90045,416.667,9.57307e-009,-2.02079,2.8,1.1,2500,4000,0,0,0.5,10.7
Geran2,39,0,2754.51,4679.52,2767.29,4617,0.514099,0.857731,-142.527,-380.531,-0.350751,-0.936469,416.667,9.57307e-009,-1.92917,2.8,1.1,2500,4000,0,0,0.5,10.7
Geran2,40,0,3667.16,5499.59,3598.76,5383.32,0.555755,0.831346,-249.581,-320.667,-0.614207,-0.789145,416.667,9.57307e-009,-2.23218,2.8,1.1,2500,4000,0,0,0.5,10.7
Geran2,41,0,3489.25,5324.97,3556.77,5315.6,0.55611,0.831109,-243.104,-325.605,-0.598265,-0.801298,416.667,9.57307e-009,-2.21213,2.8,1.1,2500,4000,0,0,0.5,10.7
Geran2,43,0,2594.03,4624.79,2792.97,4643.46,0.515431,0.856931,-60.4759,-401.822,-0.148828,-0.988863,416.667,9.57307e-009,-1.72018,2.8,1.1,2500,4000,0,0,0.5,10.7
Geran2,45,0,2616.16,4773.27,2758.67,4803.92,0.497985,0.867186,-60.3625,-401.839,-0.148549,-0.988905,416.667,9.57307e-009,-1.7199,2.8,1.1,2500,4000,0,0,0.5,10.7
Geran2,46,0,2749.51,4607.36,2729.38,4777.23,0.496074,0.86828,-154.408,-375.867,-0.379991,-0.92499,416.667,9.57307e-009,-1.96058,2.8,1.1,2500,4000,0,0,0.5,10.7
Geran2,50,0,2972.57,4633.31,3010.98,4579.79,0.549357,0.835588,-243.011,-325.673,-0.59804,-0.801467,416.667,9.57307e-009,-2.21185,2.8,1.1,2500,4000,0,0,0.5,10.7
Geran2,3,0,7609.74,6205.69,7671.92,6247.33,0.775426,0.631438,306.986,-266.229,0.755476,-0.655176,416.667,9.57307e-009,-0.714416,2.8,1.1,9000,5000,1,1,0.5,10.8
Geran2,10,0,3069.57,4657.76,3030.82,4797.97,0.534059,0.845447,-266,-307.184,-0.654612,-0.755965,416.667,9.57307e-009,-2.28447,2.8,1.1,2500,4000,0,0,0.5,10.8
Geran2,11,0,7874.42,5864.56,7671.66,5921.66,0.791607,0.611031,322.256,-247.524,0.793058,-0.609146,416.667,9.57307e-009,-0.654983,2.8,1.1,9000,5000,1,1,0.5,10.8
Geran2,16,0,6495.34,4555.76,6374.39,4334.04,0.826959,0.562262,148.66,-378.177,0.365845,-0.930676,416.667,9.57307e-009,-1.19626,2.8,1.1,7500,2000,2,2,0.5,10.8
Geran2,20,0,8257.04,5595.88,8156.73,5371.38,0.835176,0.549982,316.989,-254.236,0.780094,-0.625662,416.667,9.57307e-009,-0.67598,2.8,1.1,9000,5000,1,1,0.5,10.8
Geran2,24,0,6875.42,5281.94,6894.65,5256.52,0.79524,0.606295,75.9682,-399.183,0.186954,-0.982369,416.667,9.57307e-009,-1.38274,2.8,1.1,7500,2000,2,2,0.5,10.8
Geran2,25,0,5355.77,5908.65,5515.1,5980.22,0.677942,0.735116,195.44,-356.261,0.480967,-0.876739,416.667,9.57307e-009,-1.06904,2.8,1.1,7500,2000,2,2,0.5,10.8
Geran2,35,0,3298.54,4889.47,3241.42,4893.82,0.552206,0.833708,-271.459,-302.371,-0.668046,-0.744119,416.667,9.57307e-009,-2.30238,2.8,1.1,2500,4000,0,0,0.5,10.8
Geran2,37,0,2572.41,4149.91,2503.39,4473.65,0.488328,0.87266,-176.744,-365.894,-0.43496,-0.90045,416.667,9.57307e-009,-2.02079,2.8,1.1,2500,4000,0,0,0.5,10.8
Geran2,39,0,2740.26,4641.47,2823.47,4775.49,0.508942,0.860801,-142.527,-380.531,-0.350751,-0.936469,416.667,9.57307e-009,-1.92917,2.8,1.1,2500,4000,0,0,0.5,10.8
Geran2,40,0,3642.2,5467.53,3547.8,5321.79,0.554694,0.832055,-249.581,-320.667,-0.614207,-0.789145,416.667,9.57307e-009,-2.23218,2.8,1.1,2500,4000,0,0,0.5,10.8
Geran2,41,0,3464.94,5292.41,3369.86,5173.29,0.545811,0.837909,-243.104,-325.605,-0.598265,-0.801298,416.667,9.57307e-009,-2.21213,2.8,1.1,2500,4000,0,0,0.5,10.8
Geran2,43,0,2587.99,4584.61,2626.04,4532.58,0.50131,0.865268,-60.4758,-401.822,-0.148828,-0.988863,416.667,9.57307e-009,-1.72018,2.8,1.1,2500,4000,0,0,0.5,10.8
Geran2,45,0,2610.12,4733.09,2546.89,4815.3,0.467545,0.883969,-60.3625,-401.839,-0.148549,-0.988905,416.667,9.57307e-009,-1.7199,2.8,1.1,2500,4000,0,0,0.5,10.8
Geran2,46,0,2734.06,4569.77,2708.21,4589.43,0.508212,0.861232,-154.408,-375.867,-0.379991,-0.92499,416.667,9.57307e-009,-1.96058,2.8,1.1,2500,4000,0,0,0.5,10.8
Geran2,50,0,2948.27,4600.74,2778.33,4718.81,0.507367,0.86173,-243.011,-325.673,-0.59804,-0.801467,416.667,9.57307e-009,-2.21185,2.8,1.1,2500,4000,0,0,0.5,10.8
Geran2,3,0,7640.44,6179.06,7768.76,6194.03,0.781898,0.623407,306.986,-266.229,0.755476,-0.655176,416.667,9.57307e-009,-0.714416,2.8,1.1,9000,5000,1,1,0.5,10.9
Geran2,10,0,3042.97,4627.04,3034.12,4726.92,0.540177,0.841551,-266,-307.185,-0.654611,-0.755965,416.667,9.57307e-009,-2.28446,2.8,1.1,2500,4000,0,0,0.5,10.9
Geran2,11,0,7906.64,5839.8,7810.97,5692.74,0.808143,0.588986,322.256,-247.524,0.793058,-0.609146,416.667,9.57307e-009,-0.654983,2.8,1.1,9000,5000,1,1,0.5,10.9
Geran2,16,0,6510.21,4517.94,6366.31,4387.45,0.823401,0.56746,148.66,-378.177,0.365845,-0.930676,416.667,9.57307e-009,-1.19626,2.8,1.1,7500,2000,2,2,0.5,10.9
Geran2,20,0,8288.74,5570.45,8116.15,5667.68,0.819878,0.572538,316.989,-254.236,0.780094,-0.625662,416.667,9.57307e-009,-0.67598,2.8,1.1,9000,5000,1,1,0.5,10.9
Geran2,24,0,6883.01,5242.02,6905.84,5410.57,0.787173,0.616732,75.9682,-399.183,0.186954,-0.982369,416.667,9.57307e-009,-1.38274,2.8,1.1,7500,2000,2,2,0.5,10.9
Geran2,25,0,5375.31,5873.02,5517.27,5967.95,0.678837,0.734289,195.44,-356.261,0.480967,-0.876739,416.667,9.57307e-009,-1.06904,2.8,1.1,7500,2000,2,2,0.5,10.9
Geran2,35,0,3271.39,4859.23,3234.71,4809.62,0.558075,0.829791,-271.459,-302.371,-0.668047,-0.744119,416.667,9.57307e-009,-2.30238,2.8,1.1,2500,4000,0,0,0.5,10.9
Geran2,37,0,2554.74,4113.32,2496.02,4190.3,0.511755,0.859131,-176.744,-365.894,-0.43496,-0.90045,416.667,9.57307e-009,-2.02079,2.8,1.1,2500,4000,0,0,0.5,10.9
Geran2,39,0,2726.01,4603.41,2437.03,4595.97,0.468469,0.88348,-142.527,-380.531,-0.350751,-0.936469,416.667,9.57307e-009,-1.92917,2.8,1.1,2500,4000,0,0,0.5,10.9
Geran2,40,0,3617.25,5435.46,3587.84,5620.77,0.538047,0.842915,-249.581,-320.667,-0.614207,-0.789145,416.667,9.57307e-009,-2.23218,2.8,1.1,2500,4000,0,0,0.5,10.9
Geran2,41,0,3440.63,5259.85,3567.22,5456.54,0.547194,0.837006,-243.104,-325.605,-0.598265,-0.801298,416.667,9.57307e-009,-2.21213,2.8,1.1,2500,4000,0,0,0.5,10.9
Geran2,43,0,2581.94,4544.42,2705.59,4633.36,0.50426,0.863552,-60.4758,-401.822,-0.148828,-0.988863,416.667,9.57307e-009,-1.72018,2.8,1.1,2500,4000,0,0,0.5,10.9
Geran2,45,0,2604.09,4692.91,2592.18,4665.75,0.485657,0.87415,-60.3625,-401.839,-0.148549,-0.988905,416.667,9.57307e-009,-1.7199,2.8,1.1,2500,4000,0,0,0.5,10.9
Geran2,46,0,2718.62,4532.18,2741.71,4623,0.510098,0.860116,-154.408,-375.867,-0.379991,-0.92499,416.667,9.57307e-009,-1.96058,2.8,1.1,2500,4000,0,0,0.5,10.9
Geran2,50,0,2923.96,4568.18,2967.96,4614.78,0.540927,0.841069,-243.011,-325.673,-0.59804,-0.801466,416.667,9.57307e-009,-2.21185,2.8,1.1,2500,4000,0,0,0.5,10.9
Geran2,3,0,7671.13,6152.44,7617.61,6117.33,0.779707,0.626144,306.986,-266.229,0.755476,-0.655176,416.667,9.57307e-009,-0.714416,2.8,1.1,9000,5000,1,1,0.5,11
Geran2,10,0,3016.37,4596.32,3039.24,4629.67,0.548786,0.835963,-266,-307.185,-0.654611,-0.755966,416.667,9.57307e-009,-2.28446,2.8,1.1,2500,4000,0,0,0.5,11
Geran2,11,0,7938.87,5815.05,8065.4,5905.17,0.806856,0.590748,322.256,-247.524,0.793058,-0.609146,416.667,9.57307e-009,-0.654983,2.8,1.1,9000,5000,1,1,0.5,11
Geran2,16,0,6525.07,4480.12,6405.13,4563.58,0.814425,0.580269,148.66,-378.177,0.365845,-0.930676,416.667,9.57307e-009,-1.19626,2.8,1.1,7500,2000,2,2,0.5,11
Geran2,20,0,8320.44,5545.03,8516.3,5513.68,0.839429,0.543469,316.989,-254.236,0.780094,-0.625662,416.667,9.57307e-009,-0.67598,2.8,1.1,9000,5000,1,1,0.5,11
Geran2,24,0,6890.61,5202.11,7096.67,5194.99,0.806906,0.59068,75.9682,-399.183,0.186954,-0.982369,416.667,9.57307e-009,-1.38274,2.8,1.1,7500,2000,2,2,0.5,11
Geran2,25,0,5394.86,5837.4,5512.13,5829.85,0.687029,0.72663,195.44,-356.26,0.480967,-0.876739,416.667,9.57307e-009,-1.06904,2.8,1.1,7500,2000,2,2,0.5,11
Geran2,35,0,3244.24,4828.99,3164.74,4874.34,0.544556,0.838725,-271.459,-302.371,-0.668046,-0.744119,416.667,9.57307e-009,-2.30238,2.8,1.1,2500,4000,0,0,0.5,11
Geran2,37,0,2537.07,4076.73,2656.05,4049.54,0.548445,0.836186,-176.744,-365.894,-0.43496,-0.90045,416.667,9.57307e-009,-2.02079,2.8,1.1,2500,4000,0,0,0.5,11
Geran2,39,0,2711.75,4565.36,2892.98,4704.01,0.523862,0.851803,-142.527,-380.531,-0.350751,-0.936469,416.667,9.57307e-009,-1.92917,2.8,1.1,2500,4000,0,0,0.5,11
Geran2,40,0,3592.29,5403.39,3643.6,5406.96,0.55883,0.829282,-249.581,-320.667,-0.614207,-0.789145,416.667,9.57307e-009,-2.23218,2.8,1.1,2500,4000,0,0,0.5,11
Geran2,41,0,3416.32,5227.29,3430.02,5127.11,0.55604,0.831155,-243.103,-325.605,-0.598265,-0.801298,416.667,9.57307e-009,-2.21213,2.8,1.1,2500,4000,0,0,0.5,11
Geran2,43,0,2575.89,4504.24,2618.19,4355.47,0.515205,0.857067,-60.4758,-401.822,-0.148828,-0.988863,416.667,9.57307e-009,-1.72018,2.8,1.1,2500,4000,0,0,0.5,11
Geran2,45,0,2598.05,4652.72,2538.21,4611.75,0.482173,0.876076,-60.3626,-401.839,-0.148549,-0.988905,416.667,9.57307e-009,-1.7199,2.8,1.1,2500,4000,0,0,0.5,11
Geran2,46,0,2703.18,4494.6,2774.16,4373.44,0.535647,0.844442,-154.408,-375.867,-0.379991,-0.92499,416.667,9.57307e-009,-1.96058,2.8,1.1,2500,4000,0,0,0.5,11
Geran2,50,0,2899.66,4535.61,2758.21,4497.02,0.522833,0.852435,-243.011,-325.673,-0.59804,-0.801466,416.667,9.57307e-009,-2.21185,2.8,1.1,2500,4000,0,0,0.5,11
Geran2,3,0,7701.83,6125.82,7742.87,6186.73,0.781241,0.62423,306.986,-266.229,0.755476,-0.655176,416.667,9.57307e-009,-0.714416,2.8,1.1,9000,5000,1,1,0.5,11.1
Geran2,10,0,2989.77,4565.6,3080.97,4669.06,0.550767,0.834659,-265.999,-307.185,-0.654611,-0.755966,416.667,9.57307e-009,-2.28446,2.8,1.1,2500,4000,0,0,0.5,11.1
Geran2,11,0,7971.1,5790.3,8089.04,5786.33,0.813331,0.581801,322.256,-247.524,0.793058,-0.609146,416.667,9.57307e-009,-0.654983,2.8,1.1,9000,5000,1,1,0.5,11.1
Geran2,16,0,6539.94,4442.31,6708.65,4303,0.841732,0.539895,148.66,-378.177,0.365845,-0.930676,416.667,9.57307e-009,-1.19626,2.8,1.1,7500,2000,2,2,0.5,11.1
Geran2,20,0,8352.14,5519.61,8193.87,5613.94,0.82495,0.565206,316.989,-254.236,0.780094,-0.625662,416.667,9.57307e-009,-0.67598,2.8,1.1,9000,5000,1,1,0.5,11.1
Geran2,24,0,6898.21,5162.19,6705.81,5013.37,0.800915,0.598778,75.9682,-399.183,0.186954,-0.982369,416.667,9.57307e-009,-1.38274,2.8,1.1,7500,2000,2,2,0.5,11.1
Geran2,25,0,5414.4,5801.77,5397.01,5847.91,0.678208,0.73487,195.44,-356.26,0.480967,-0.876739,416.667,9.57307e-009,-1.06904,2.8,1.1,7500,2000,2,2,0.5,11.1
Geran2,35,0,3217.1,4798.76,3281.34,4739.91,0.569194,0.822203,-271.459,-302.371,-0.668046,-0.744119,416.667,9.57307e-009,-2.30238,2.8,1.1,2500,4000,0,0,0.5,11.1
Geran2,39,0,2697.5,4527.31,2747.41,4584.99,0.514003,0.857789,-142.527,-380.531,-0.350751,-0.936469,416.667,9.57307e-009,-1.92917,2.8,1.1,2500,4000,0,0,0.5,11.1
Geran2,40,0,3567.33,5371.33,3638.38,5241.51,0.570231,0.821484,-249.581,-320.667,-0.614207,-0.789145,416.667,9.57307e-009,-2.23218,2.8,1.1,2500,4000,0,0,0.5,11.1
Geran2,41,0,3392.01,5194.73,3468.08,5353.78,0.543679,0.839293,-243.103,-325.605,-0.598265,-0.801298,416.667,9.57307e-009,-2.21213,2.8,1.1,2500,4000,0,0,0.5,11.1
Geran2,43,0,2569.84,4464.06,2602.9,4497.5,0.500904,0.865503,-60.4758,-401.822,-0.148828,-0.988863,416.667,9.57307e-009,-1.72018,2.8,1.1,2500,4000,0,0,0.5,11.1
Geran2,45,0,2592.01,4612.54,2582.45,4628.52,0.487235,0.873271,-60.3626,-401.839,-0.148549,-0.988905,416.667,9.57307e-009,-1.7199,2.8,1.1,2500,4000,0,0,0.5,11.1
Geran2,46,0,2687.74,4457.01,2659.62,4242.84,0.531125,0.847294,-154.408,-375.867,-0.379991,-0.92499,416.667,9.57307e-009,-1.96058,2.8,1.1,2500,4000,0,0,0.5,11.1
Geran2,50,0,2875.36,4503.04,2906.9,4605.9,0.533719,0.845662,-243.011,-325.673,-0.59804,-0.801466,416.667,9.57307e-009,-2.21185,2.8,1.1,2500,4000,0,0,0.5,11.1
Geran2,3,0,7732.53,6099.19,7582.42,6110.9,0.778612,0.627506,306.986,-266.229,0.755476,-0.655176,416.667,9.57307e-009,-0.714416,2.8,1.1,9000,5000,1,1,0.5,11.2
Geran2,10,0,2963.17,4534.88,3048.41,4596.92,0.552665,0.833404,-265.999,-307.185,-0.654611,-0.755966,416.667,9.57307e-009,-2.28446,2.8,1.1,2500,4000,0,0,0.5,11.2
Geran2,11,0,8003.32,5765.55,7985.06,5630.48,0.817259,0.576271,322.256,-247.524,0.793058,-0.609146,416.667,9.57307e-009,-0.654983,2.8,1.1,9000,5000,1,1,0.5,11.2
Geran2,16,0,6554.81,4404.49,6633.52,4328.24,0.837493,0.546447,148.66,-378.177,0.365845,-0.930676,416.667,9.57307e-009,-1.19626,2.8,1.1,7500,2000,2,2,0.5,11.2
Geran2,20,0,8383.84,5494.18,8354.38,5359.08,0.841709,0.539931,316.989,-254.236,0.780094,-0.625662,416.667,9.57307e-009,-0.67598,2.8,1.1,9000,5000,1,1,0.5,11.2
Geran2,24,0,6905.8,5122.27,6929.1,5104.71,0.805108,0.593128,75.9683,-399.183,0.186954,-0.982369,416.667,9.57307e-009,-1.38274,2.8,1.1,7500,2000,2,2,0.5,11.2
Geran2,25,0,5433.95,5766.14,5458.21,5724.26,0.690088,0.723726,195.44,-356.26,0.480967,-0.876739,416.667,9.57307e-009,-1.06904,2.8,1.1,7500,2000,2,2,0.5,11.2
Geran2,35,0,3189.95,4768.52,3038.15,4695.18,0.543263,0.839563,-271.459,-302.371,-0.668046,-0.744119,416.667,9.57307e-009,-2.30238,2.8,1.1,2500,4000,0,0,0.5,11.2
Geran2,39,0,2683.25,4489.25,2757.43,4483.47,0.523872,0.851797,-142.527,-380.531,-0.350751,-0.936469,416.667,9.57307e-009,-1.92917,2.8,1.1,2500,4000,0,0,0.5,11.2
Geran2,40,0,3542.37,5339.26,3694.83,5419.4,0.563314,0.826243,-249.581,-320.667,-0.614207,-0.789145,416.667,9.57307e-009,-2.23218,2.8,1.1,2500,4000,0,0,0.5,11.2
Geran2,41,0,3367.7,5162.17,3433.21,5264.8,0.546228,0.837637,-243.103,-325.605,-0.598265,-0.801298,416.667,9.57307e-009,-2.21213,2.8,1.1,2500,4000,0,0,0.5,11.2
Geran2,43,0,2563.8,4423.88,2443.68,4513.96,0.476074,0.879405,-60.4757,-401.822,-0.148828,-0.988863,416.667,9.57307e-009,-1.72018,2.8,1.1,2500,4000,0,0,0.5,11.2
Geran2,45,0,2585.98,4572.35,2823.95,4628.44,0.520841,0.853654,-60.3626,-401.839,-0.148549,-0.988905,416.667,9.57307e-009,-1.7199,2.8,1.1,2500,4000,0,0,0.5,11.2
Geran2,46,0,2672.3,4419.42,2890.33,4575.16,0.534093,0.845426,-154.408,-375.867,-0.379991,-0.92499,416.667,9.57307e-009,-1.96058,2.8,1.1,2500,4000,0,0,0.5,11.2
Geran2,50,0,2851.06,4470.48,2547.6,4421.73,0.499224,0.866473,-243.011,-325.673,-0.59804,-0.801466,416.667,9.57307e-009,-2.21185,2.8,1.1,2500,4000,0,0,0.5,11.2
Geran2,3,0,7763.23,6072.57,7718.13,5974.27,0.790776,0.612105,306.986,-266.229,0.755476,-0.655176,416.667,9.57307e-009,-0.714416,2.8,1.1,9000,5000,1,1,0.5,11.3
Geran2,10,0,2936.57,4504.16,3058.77,4561.31,0.556954,0.830544,-265.999,-307.185,-0.654611,-0.755966,416.667,9.57307e-009,-2.28446,2.8,1.1,2500,4000,0,0,0.5,11.3
Geran2,11,0,8035.55,5740.79,8013.22,5916.25,0.804491,0.593965,322.257,-247.524,0.793058,-0.609146,416.667,9.57307e-009,-0.654983,2.8,1.1,9000,5000,1,1,0.5,11.3
Geran2,16,0,6569.67,4366.67,6555.27,4456.72,0.826977,0.562236,148.66,-378.177,0.365845,-0.930676,416.667,9.57307e-009,-1.19626,2.8,1.1,7500,2000,2,2,0.5,11.3
Geran2,20,0,8415.54,5468.76,8343.89,5550.2,0.832621,0.553843,316.989,-254.236,0.780094,-0.625662,416.667,9.57307e-009,-0.67598,2.8,1.1,9000,5000,1,1,0.5,11.3
Geran2,24,0,6913.4,5082.35,6833.55,4893.97,0.813009,0.582251,75.9683,-399.183,0.186954,-0.982369,416.667,9.57307e-009,-1.38274,2.8,1.1,7500,2000,2,2,0.5,11.3
Geran2,25,0,5453.49,5730.52,5597.28,5792.29,0.694898,0.719108,195.439,-356.26,0.480967,-0.876739,416.667,9.57307e-009,-1.06904,2.8,1.1,7500,2000,2,2,0.5,11.3
Geran2,35,0,3162.81,4738.28,2936.63,4648.71,0.534071,0.84544,-271.459,-302.371,-0.668046,-0.74412,416.667,9.57307e-009,-2.30238,2.8,1.1,2500,4000,0,0,0.5,11.3
Geran2,39,0,2669,4451.2,2739.15,4526.41,0.517731,0.855544,-142.527,-380.531,-0.350751,-0.936469,416.667,9.57307e-009,-1.92917,2.8,1.1,2500,4000,0,0,0.5,11.3
Geran2,40,0,3517.41,5307.19,3503.77,5398.29,0.544429,0.838807,-249.581,-320.667,-0.614207,-0.789145,416.667,9.57307e-009,-2.23218,2.8,1.1,2500,4000,0,0,0.5,11.3
Geran2,41,0,3343.39,5129.61,3214.52,4905.36,0.548106,0.836409,-243.103,-325.605,-0.598265,-0.801298,416.667,9.57307e-009,-2.21213,2.8,1.1,2500,4000,0,0,0.5,11.3
Geran2,43,0,2557.75,4383.7,2613.99,4438.31,0.507484,0.861661,-60.4757,-401.822,-0.148828,-0.988863,416.667,9.57307e-009,-1.72018,2.8,1.1,2500,4000,0,0,0.5,11.3
Geran2,45,0,2579.94,4532.17,2569.51,4470.08,0.498356,0.866972,-60.3626,-401.839,-0.148549,-0.988905,416.667,9.57307e-009,-1.7199,2.8,1.1,2500,4000,0,0,0.5,11.3
Geran2,46,0,2656.86,4381.84,2813.45,4495.99,0.530467,0.847705,-154.408,-375.867,-0.379991,-0.92499,416.667,9.57307e-009,-1.96058,2.8,1.1,2500,4000,0,0,0.5,11.3
Geran2,50,0,2826.76,4437.91,2887.2,4425.89,0.546368,0.837545,-243.012,-325.673,-0.59804,-0.801466,416.667,9.57307e-009,-2.21185,2.8,1.1,2500,4000,0,0,0.5,11.3
Geran2,3,0,7793.93,6045.95,7765.58,5913.62,0.795581,0.605847,306.986,-266.229,0.755476,-0.655176,416.667,9.57307e-009,-0.714416,2.8,1.1,9000,5000,1,1,0.5,11.4
Geran2,10,0,2909.97,4473.45,2784.62,4647.33,0.513982,0.857801,-265.999,-307.185,-0.654611,-0.755966,416.667,9.57307e-009,-2.28446,2.8,1.1,2500,4000,0,0,0.5,11.4
Geran2,11,0,8067.77,5716.04,7994.08,5597.69,0.819144,0.573588,322.257,-247.524,0.793058,-0.609146,416.667,9.57307e-009,-0.654983,2.8,1.1,9000,5000,1,1,0.5,11.4
Geran2,16,0,6584.54,4328.85,6656.18,4235,0.843705,0.536808,148.66,-378.177,0.365845,-0.930676,416.667,9.57307e-009,-1.19626,2.8,1.1,7500,2000,2,2,0.5,11.4
Geran2,20,0,8447.24,5443.34,8416.65,5349.46,0.843961,0.536405,316.989,-254.236,0.780094,-0.625662,416.667,9.57307e-009,-0.67598,2.8,1.1,9000,5000,1,1,0.5,11.4
Geran2,24,0,6921,5042.43,6880.05,5088.77,0.80398,0.594656,75.9683,-399.183,0.186954,-0.982369,416.667,9.57307e-009,-1.38274,2.8,1.1,7500,2000,2,2,0.5,11.4
Geran2,25,0,5473.03,5694.89,5402.73,5800.56,0.681568,0.731755,195.439,-356.26,0.480967,-0.876739,416.667,9.57307e-009,-1.06904,2.8,1.1,7500,2000,2,2,0.5,11.4
Geran2,35,0,3135.66,4708.05,3072.61,4703.52,0.546904,0.837195,-271.458,-302.371,-0.668046,-0.74412,416.667,9.57307e-009,-2.30238,2.8,1.1,2500,4000,0,0,0.5,11.4
Geran2,39,0,2654.74,4413.15,2607.07,4390.87,0.510537,0.859856,-142.527,-380.531,-0.350752,-0.936469,416.667,9.57307e-009,-1.92917,2.8,1.1,2500,4000,0,0,0.5,11.4
Geran2,40,0,3492.46,5275.12,3499.15,5178.36,0.559886,0.82857,-249.581,-320.667,-0.614207,-0.789145,416.667,9.57307e-009,-2.23218,2.8,1.1,2500,4000,0,0,0.5,11.4
Geran2,41,0,3319.08,5097.05,3383.6,4909.04,0.567512,0.823365,-243.103,-325.605,-0.598265,-0.801298,416.667,9.57307e-009,-2.21213,2.8,1.1,2500,4000,0,0,0.5,11.4
Geran2,43,0,2551.7,4343.51,2467.9,4346.5,0.493752,0.869603,-60.4757,-401.822,-0.148828,-0.988863,416.667,9.57307e-009,-1.72018,2.8,1.1,2500,4000,0,0,0.5,11.4
Geran2,45,0,2573.9,4491.99,2476.8,4670.88,0.468476,0.883476,-60.3625,-401.839,-0.148549,-0.988905,416.667,9.57307e-009,-1.7199,2.8,1.1,2500,4000,0,0,0.5,11.4
Geran2,46,0,2641.42,4344.25,2685.11,4496.97,0.51266,0.858592,-154.408,-375.867,-0.379991,-0.92499,416.667,9.57307e-009,-1.96058,2.8,1.1,2500,4000,0,0,0.5,11.4
Geran2,50,0,2802.46,4405.34,2998.92,4296.07,0.572394,0.819979,-243.012,-325.673,-0.598041,-0.801466,416.667,9.57307e-009,-2.21185,2.8,1.1,2500,4000,0,0,0.5,11.4
Geran2,3,0,7824.63,6019.33,7905.43,5986.71,0.797201,0.603713,306.985,-266.229,0.755476,-0.655176,416.667,9.57307e-009,-0.714416,2.8,1.1,9000,5000,1,1,0.5,11.5
Geran2,10,0,2883.37,4442.73,3147.22,4589.78,0.565521,0.824734,-265.999,-307.185,-0.654611,-0.755966,416.667,9.57307e-009,-2.28446,2.8,1.1,2500,4000,0,0,0.5,11.5
Geran2,11,0,8100,5691.29,8115.8,5667.56,0.819872,0.572547,322.257,-247.524,0.793058,-0.609146,416.667,9.57307e-009,-0.654983,2.8,1.1,9000,5000,1,1,0.5,11.5
Geran2,16,0,6599.4,4291.04,6664.95,4097.94,0.851862,0.523767,148.66,-378.177,0.365845,-0.930676,416.667,9.57307e-009,-1.19626,2.8,1.1,7500,2000,2,2,0.5,11.5
Geran2,20,0,8478.94,5417.91,8329.28,5473.91,0.835688,0.549205,316.989,-254.236,0.780094,-0.625663,416.667,9.57307e-009,-0.675981,2.8,1.1,9000,5000,1,1,0.5,11.5
Geran2,24,0,6928.59,5002.51,6942.27,5169.24,0.802073,0.597227,75.9683,-399.183,0.186954,-0.982369,416.667,9.57307e-009,-1.38274,2.8,1.1,7500,2000,2,2,0.5,11.5
Geran2,25,0,5492.58,5659.27,5626.95,5646.73,0.705865,0.708347,195.439,-356.26,0.480967,-0.876739,416.667,9.57307e-009,-1.06904,2.8,1.1,7500,2000,2,2,0.5,11.5
Geran2,35,0,3108.52,4677.81,3208.47,4511.48,0.579561,0.814929,-271.459,-302.371,-0.668046,-0.74412,416.667,9.57307e-009,-2.30238,2.8,1.1,2500,4000,0,0,0.5,11.5
Geran2,39,0,2640.49,4375.09,2619.29,4218.36,0.527508,0.84955,-142.527,-380.531,-0.350752,-0.936468,416.667,9.57307e-009,-1.92917,2.8,1.1,2500,4000,0,0,0.5,11.5
Geran2,40,0,3467.5,5243.06,3441.96,5316.69,0.543446,0.839444,-249.581,-320.667,-0.614207,-0.789145,416.667,9.57307e-009,-2.23218,2.8,1.1,2500,4000,0,0,0.5,11.5
Geran2,41,0,3294.77,5064.49,3180.08,5090.92,0.52979,0.848129,-243.103,-325.605,-0.598265,-0.801298,416.667,9.57307e-009,-2.21213,2.8,1.1,2500,4000,0,0,0.5,11.5
Geran2,43,0,2545.65,4303.33,2414.95,4153.35,0.502653,0.864488,-60.4756,-401.822,-0.148827,-0.988863,416.667,9.57307e-009,-1.72018,2.8,1.1,2500,4000,0,0,0.5,11.5
Geran2,45,0,2567.87,4451.8,2600.57,4445.76,0.504916,0.863168,-60.3625,-401.839,-0.148549,-0.988905,416.667,9.57307e-009,-1.7199,2.8,1.1,2500,4000,0,0,0.5,11.5
Geran2,46,0,2625.98,4306.66,2736.71,4498.27,0.519757,0.854314,-154.408,-375.867,-0.379991,-0.92499,416.667,9.57307e-009,-1.96058,2.8,1.1,2500,4000,0,0,0.5,11.5
Geran2,50,0,2778.16,4372.77,2785.81,4293.81,0.544278,0.838905,-243.012,-325.673,-0.598041,-0.801466,416.667,9.57307e-009,-2.21185,2.8,1.1,2500,4000,0,0,0.5,11.5
Geran2,3,0,7855.33,5992.7,7800.33,6064.78,0.789457,0.613806,306.985,-266.229,0.755476,-0.655176,416.667,9.57307e-009,-0.714416,2.8,1.1,9000,5000,1,1,0.5,11.6
Geran2,10,0,2856.77,4412.01,2936.49,4303.01,0.56368,0.825993,-265.999,-307.185,-0.654611,-0.755966,416.667,9.57307e-009,-2.28446,2.8,1.1,2500,4000,0,0,0.5,11.6
Geran2,11,0,8132.22,5666.54,8021.86,5719.66,0.814225,0.58055,322.257,-247.524,0.793059,-0.609146,416.667,9.57307e-009,-0.654983,2.8,1.1,9000,5000,1,1,0.5,11.6
Geran2,16,0,6614.27,4253.22,6755,4189.84,0.849805,0.527097,148.66,-378.177,0.365845,-0.930676,416.667,9.57307e-009,-1.19626,2.8,1.1,7500,2000,2,2,0.5,11.6
Geran2,20,0,8510.63,5392.49,8671.34,5445.19,0.846873,0.531796,316.989,-254.236,0.780094,-0.625663,416.667,9.57307e-009,-0.675981,2.8,1.1,9000,5000,1,1,0.5,11.6
Geran2,24,0,6936.19,4962.59,7284.38,5048.59,0.821898,0.569634,75.9683,-399.183,0.186954,-0.982369,416.667,9.57307e-009,-1.38274,2.8,1.1,7500,2000,2,2,0.5,11.6
Geran2,25,0,5512.12,5623.64,5412.48,5597.89,0.695101,0.718912,195.439,-356.26,0.480967,-0.876739,416.667,9.57307e-009,-1.06904,2.8,1.1,7500,2000,2,2,0.5,11.6
Geran2,35,0,3081.37,4647.57,2997.79,4848.27,0.525907,0.850542,-271.459,-302.371,-0.668046,-0.744119,416.667,9.57307e-009,-2.30238,2.8,1.1,2500,4000,0,0,0.5,11.6
Geran2,39,0,2626.24,4337.04,2728.25,4430.81,0.52432,0.851521,-142.527,-380.531,-0.350752,-0.936468,416.667,9.57307e-009,-1.92917,2.8,1.1,2500,4000,0,0,0.5,11.6
Geran2,40,0,3442.54,5210.99,3378.37,5263.7,0.540143,0.841573,-249.581,-320.667,-0.614207,-0.789145,416.667,9.57307e-009,-2.23218,2.8,1.1,2500,4000,0,0,0.5,11.6
Geran2,41,0,3270.46,5031.93,3379.08,4910.06,0.566918,0.823774,-243.103,-325.605,-0.598265,-0.801298,416.667,9.57307e-009,-2.21213,2.8,1.1,2500,4000,0,0,0.5,11.6
Geran2,43,0,2539.6,4263.15,2472.07,4400.93,0.489742,0.871868,-60.4756,-401.822,-0.148827,-0.988863,416.667,9.57307e-009,-1.72018,2.8,1.1,2500,4000,0,0,0.5,11.6
Geran2,45,0,2561.83,4411.62,2697.61,4396.16,0.523012,0.852325,-60.3626,-401.839,-0.148549,-0.988905,416.667,9.57307e-009,-1.7199,2.8,1.1,2500,4000,0,0,0.5,11.6
Geran2,46,0,2610.54,4269.08,2624.27,4284.78,0.522289,0.852769,-154.408,-375.867,-0.379991,-0.92499,416.667,9.57307e-009,-1.96058,2.8,1.1,2500,4000,0,0,0.5,11.6
Geran2,50,0,2753.86,4340.21,2772.94,4264.38,0.54514,0.838345,-243.012,-325.673,-0.598041,-0.801466,416.667,9.57307e-009,-2.21185,2.8,1.1,2500,4000,0,0,0.5,11.6
Geran2,3,0,7886.03,5966.08,8001.07,6048.34,0.797719,0.603029,306.985,-266.229,0.755476,-0.655176,416.667,9.57307e-009,-0.714416,2.8,1.1,9000,5000,1,1,0.5,11.7
Geran2,10,0,2830.17,4381.29,2903.85,4537.78,0.539009,0.8423,-265.999,-307.185,-0.654611,-0.755966,416.667,9.57307e-009,-2.28446,2.8,1.1,2500,4000,0,0,0.5,11.7
Geran2,11,0,8164.45,5641.78,8117.6,5661.16,0.820235,0.572026,322.257,-247.524,0.793059,-0.609145,416.667,9.57307e-009,-0.654983,2.8,1.1,9000,5000,1,1,0.5,11.7
Geran2,16,0,6629.14,4215.4,6675.99,4252.93,0.8434,0.537286,148.66,-378.177,0.365845,-0.930676,416.667,9.57307e-009,-1.19626,2.8,1.1,7500,2000,2,2,0.5,11.7
Geran2,20,0,8542.33,5367.06,8714.45,5393.19,0.850329,0.526251,316.989,-254.236,0.780094,-0.625663,416.667,9.57307e-009,-0.675981,2.8,1.1,9000,5000,1,1,0.5,11.7
Geran2,24,0,6943.79,4922.68,6912.58,4857.02,0.818218,0.574908,75.9683,-399.183,0.186954,-0.982369,416.667,9.57307e-009,-1.38274,2.8,1.1,7500,2000,2,2,0.5,11.7
Geran2,25,0,5531.67,5588.01,5273.4,5632.03,0.683484,0.729966,195.439,-356.26,0.480967,-0.876739,416.667,9.57307e-009,-1.06904,2.8,1.1,7500,2000,2,2,0.5,11.7
Geran2,35,0,3054.22,4617.34,3027.54,4259.83,0.579311,0.815107,-271.459,-302.371,-0.668047,-0.744119,416.667,9.57307e-009,-2.30238,2.8,1.1,2500,4000,0,0,0.5,11.7
Geran2,39,0,2611.98,4298.99,2692.46,4200.49,0.539643,0.841894,-142.527,-380.531,-0.350752,-0.936468,416.667,9.57307e-009,-1.92917,2.8,1.1,2500,4000,0,0,0.5,11.7
Geran2,40,0,3417.58,5178.92,3546.91,5407.49,0.548467,0.836172,-249.581,-320.667,-0.614207,-0.789145,416.667,9.57307e-009,-2.23218,2.8,1.1,2500,4000,0,0,0.5,11.7
Geran2,41,0,3246.15,4999.37,3355.83,5131.25,0.547338,0.836912,-243.103,-325.605,-0.598265,-0.801298,416.667,9.57307e-009,-2.21213,2.8,1.1,2500,4000,0,0,0.5,11.7
Geran2,43,0,2533.56,4222.97,2469.67,4177.16,0.508935,0.860805,-60.4755,-401.822,-0.148827,-0.988863,416.667,9.57307e-009,-1.72018,2.8,1.1,2500,4000,0,0,0.5,11.7
Geran2,45,0,2555.8,4371.43,2716.01,4451.36,0.520854,0.853646,-60.3626,-401.839,-0.148549,-0.988905,416.667,9.57307e-009,-1.7199,2.8,1.1,2500,4000,0,0,0.5,11.7
Geran2,46,0,2595.1,4231.49,2747.56,4138.56,0.553099,0.833116,-154.408,-375.867,-0.379991,-0.92499,416.667,9.57307e-009,-1.96058,2.8,1.1,2500,4000,0,0,0.5,11.7
Geran2,50,0,2729.55,4307.64,2580.35,4280.19,0.516295,0.856411,-243.012,-325.673,-0.598041,-0.801466,416.667,9.57307e-009,-2.21185,2.8,1.1,2500,4000,0,0,0.5,11.7
Geran2,3,0,7916.72,5939.46,7931.82,5757.19,0.809289,0.58741,306.985,-266.229,0.755476,-0.655176,416.667,9.57307e-009,-0.714416,2.8,1.1,9000,5000,1,1,0.5,11.8
Geran2,10,0,2803.57,4350.57,2751.07,4451.63,0.525705,0.850667,-265.999,-307.185,-0.654611,-0.755966,416.667,9.57307e-009,-2.28446,2.8,1.1,2500,4000,0,0,0.5,11.8
Geran2,11,0,8196.67,5617.03,8037.84,5617.4,0.819667,0.57284,322.257,-247.524,0.793059,-0.609145,416.667,9.57307e-009,-0.654983,2.8,1.1,9000,5000,1,1,0.5,11.8
Geran2,16,0,6644,4177.58,6618.2,4085.7,0.850914,0.525305,148.66,-378.177,0.365845,-0.930676,416.667,9.57307e-009,-1.19626,2.8,1.1,7500,2000,2,2,0.5,11.8
Geran2,20,0,8574.03,5341.64,8579.79,5376.05,0.847391,0.53097,316.989,-254.236,0.780094,-0.625663,416.667,9.57307e-009,-0.675981,2.8,1.1,9000,5000,1,1,0.5,11.8
Geran2,24,0,6951.38,4882.76,6945.4,4917.38,0.816151,0.577839,75.9684,-399.183,0.186954,-0.982369,416.667,9.57307e-009,-1.38274,2.8,1.1,7500,2000,2,2,0.5,11.8
Geran2,25,0,5551.21,5552.39,5621.95,5451.38,0.717914,0.696132,195.439,-356.26,0.480967,-0.876739,416.667,9.57307e-009,-1.06904,2.8,1.1,7500,2000,2,2,0.5,11.8
Geran2,35,0,3027.08,4587.1,3160.02,4613.73,0.56508,0.825036,-271.459,-302.371,-0.668046,-0.744119,416.667,9.57307e-009,-2.30238,2.8,1.1,2500,4000,0,0,0.5,11.8
Geran2,39,0,2597.73,4260.93,2822.33,4215.75,0.556314,0.830972,-142.527,-380.531,-0.350752,-0.936468,416.667,9.57307e-009,-1.92917,2.8,1.1,2500,4000,0,0,0.5,11.8
Geran2,40,0,3392.62,5146.86,3583.05,5078.31,0.576507,0.817092,-249.581,-320.667,-0.614207,-0.789145,416.667,9.57307e-009,-2.23218,2.8,1.1,2500,4000,0,0,0.5,11.8
Geran2,41,0,3221.84,4966.81,3180.44,5003.9,0.536412,0.843957,-243.103,-325.605,-0.598265,-0.801298,416.667,9.57307e-009,-2.21213,2.8,1.1,2500,4000,0,0,0.5,11.8
Geran2,43,0,2527.51,4182.79,2432.36,3939.62,0.525347,0.850888,-60.4754,-401.822,-0.148827,-0.988863,416.667,9.57307e-009,-1.72018,2.8,1.1,2500,4000,0,0,0.5,11.8
Geran2,45,0,2549.76,4331.25,2525.11,4295.89,0.506738,0.8621,-60.3625,-401.839,-0.148549,-0.988905,416.667,9.57307e-009,-1.7199,2.8,1.1,2500,4000,0,0,0.5,11.8
Geran2,46,0,2579.66,4193.9,2485.05,4293.5,0.500936,0.865484,-154.408,-375.867,-0.379991,-0.92499,416.667,9.57307e-009,-1.96058,2.8,1.1,2500,4000,0,0,0.5,11.8
Geran2,50,0,2705.25,4275.07,2483.54,4589.48,0.475924,0.879487,-243.012,-325.673,-0.598041,-0.801466,416.667,9.57307e-009,-2.21185,2.8,1.1,2500,4000,0,0,0.5,11.8
Geran2,3,0,7947.42,5912.83,8050.17,6041.41,0.79982,0.600241,306.985,-266.229,0.755476,-0.655176,416.667,9.57307e-009,-0.714416,2.8,1.1,9000,5000,1,1,0.5,11.9
Geran2,10,0,2776.97,4319.85,2740.88,4309.78,0.536638,0.843813,-265.999,-307.185,-0.654611,-0.755966,416.667,9.57307e-009,-2.28446,2.8,1.1,2500,4000,0,0,0.5,11.9
Geran2,11,0,8228.9,5592.28,8275.81,5719.85,0.822637,0.568568,322.257,-247.524,0.793059,-0.609145,416.667,9.57307e-009,-0.654983,2.8,1.1,9000,5000,1,1,0.5,11.9
Geran2,16,0,6658.87,4139.76,6728.73,4294.76,0.842932,0.53802,148.66,-378.177,0.365844,-0.930676,416.667,9.57307e-009,-1.19626,2.8,1.1,7500,2000,2,2,0.5,11.9
Geran2,20,0,8605.73,5316.22,8691.06,5084.7,0.863133,0.504976,316.989,-254.236,0.780094,-0.625663,416.667,9.57307e-009,-0.675981,2.8,1.1,9000,5000,1,1,0.5,11.9
Geran2,24,0,6958.98,4842.84,6976.01,4645.49,0.832336,0.554272,75.9684,-399.183,0.186954,-0.982369,416.667,9.57307e-009,-1.38274,2.8,1.1,7500,2000,2,2,0.5,11.9
Geran2,25,0,5570.75,5516.76,5470.31,5379.76,0.712983,0.701181,195.439,-356.26,0.480967,-0.876739,416.667,9.57307e-009,-1.06904,2.8,1.1,7500,2000,2,2,0.5,11.9
Geran2,35,0,2999.93,4556.86,2845.56,4546.95,0.530496,0.847687,-271.459,-302.371,-0.668046,-0.744119,416.667,9.57307e-009,-2.30238,2.8,1.1,2500,4000,0,0,0.5,11.9
Geran2,39,0,2583.48,4222.88,2574.76,4157.42,0.526519,0.850163,-142.527,-380.531,-0.350752,-0.936468,416.667,9.57307e-009,-1.92917,2.8,1.1,2500,4000,0,0,0.5,11.9
Geran2,40,0,3367.66,5114.79,3099.76,5036.4,0.524152,0.851625,-249.581,-320.667,-0.614208,-0.789145,416.667,9.57307e-009,-2.23218,2.8,1.1,2500,4000,0,0,0.5,11.9
Geran2,41,0,3197.53,4934.25,3246.4,4876.82,0.554132,0.832429,-243.103,-325.605,-0.598266,-0.801298,416.667,9.57307e-009,-2.21213,2.8,1.1,2500,4000,0,0,0.5,11.9
Geran2,43,0,2521.46,4142.6,2559.43,4153.67,0.524592,0.851354,-60.4753,-401.822,-0.148827,-0.988863,416.667,9.57307e-009,-1.72018,2.8,1.1,2500,4000,0,0,0.5,11.9
Geran2,45,0,2543.72,4291.07,2613.83,4139.29,0.533925,0.845532,-60.3625,-401.839,-0.148549,-0.988905,416.667,9.57307e-009,-1.7199,2.8,1.1,2500,4000,0,0,0.5,11.9
Geran2,46,0,2564.21,4156.31,2637.54,3965.58,0.553801,0.832649,-154.408,-375.867,-0.379991,-0.92499,416.667,9.57307e-009,-1.96058,2.8,1.1,2500,4000,0,0,0.5,11.9
Geran2,50,0,2680.95,4242.5,2724.35,4218.2,0.542539,0.840031,-243.012,-325.673,-0.598041,-0.801466,416.667,9.57307e-009,-2.21185,2.8,1.1,2500,4000,0,0,0.5,11.9
Geran2,3,0,7978.12,5886.21,8135.69,5921.93,0.808496,0.588501,306.985,-266.229,0.755476,-0.655176,416.667,9.57307e-009,-0.714416,2.8,1.1,9000,5000,1,1,0.5,12
Geran2,10,0,2750.37,4289.14,2912.89,4411.37,0.551025,0.834489,-265.999,-307.185,-0.65461,-0.755966,416.667,9.57307e-009,-2.28446,2.8,1.1,2500,4000,0,0,0.5,12
Geran2,11,0,8261.13,5567.53,8303.14,5491.29,0.834091,0.551627,322.257,-247.524,0.793059,-0.609145,416.667,9.57307e-009,-0.654983,2.8,1.1,9000,5000,1,1,0.5,12
Geran2,16,0,6673.74,4101.95,6598.83,4243.2,0.841115,0.540856,148.66,-378.177,0.365844,-0.930676,416.667,9.57307e-009,-1.19626,2.8,1.1,7500,2000,2,2,0.5,12
Geran2,20,0,8637.43,5290.79,8623.71,5357.85,0.849411,0.527733,316.989,-254.236,0.780094,-0.625663,416.667,9.57307e-009,-0.675981,2.8,1.1,9000,5000,1,1,0.5,12
Geran2,24,0,6966.58,4802.92,6995.62,4962.79,0.815608,0.578604,75.9684,-399.183,0.186954,-0.982369,416.667,9.57307e-009,-1.38274,2.8,1.1,7500,2000,2,2,0.5,12
Geran2,25,0,5590.3,5481.14,5594.56,5552.27,0.709785,0.704419,195.439,-356.26,0.480967,-0.876739,416.667,9.57307e-009,-1.06904,2.8,1.1,7500,2000,2,2,0.5,12
Geran2,35,0,2972.79,4526.62,3036.59,4473.07,0.561665,0.827364,-271.459,-302.371,-0.668046,-0.74412,416.667,9.57307e-009,-2.30238,2.8,1.1,2500,4000,0,0,0.5,12
Geran2,39,0,2569.23,4184.83,2575.47,4217.82,0.521143,0.853469,-142.527,-380.531,-0.350752,-0.936468,416.667,9.57307e-009,-1.92917,2.8,1.1,2500,4000,0,0,0.5,12
Geran2,40,0,3342.71,5082.72,3268.63,5080.23,0.541082,0.84097,-249.581,-320.667,-0.614208,-0.789145,416.667,9.57307e-009,-2.23218,2.8,1.1,2500,4000,0,0,0.5,12
Geran2,41,0,3173.22,4901.69,3288.63,5046.55,0.545965,0.837808,-243.103,-325.605,-0.598266,-0.801298,416.667,9.57307e-009,-2.21213,2.8,1.1,2500,4000,0,0,0.5,12
Geran2,43,0,2515.41,4102.42,2659.92,4032.36,0.550634,0.834747,-60.4751,-401.822,-0.148826,-0.988863,416.667,9.57307e-009,-1.72018,2.8,1.1,2500,4000,0,0,0.5,12
Geran2,45,0,2537.69,4250.88,2603.52,4359.12,0.512764,0.85853,-60.3625,-401.839,-0.148549,-0.988905,416.667,9.57307e-009,-1.7199,2.8,1.1,2500,4000,0,0,0.5,12
Geran2,46,0,2548.77,4118.73,2625.09,4287.45,0.522172,0.85284,-154.408,-375.867,-0.379991,-0.92499,416.667,9.57307e-009,-1.96058,2.8,1.1,2500,4000,0,0,0.5,12
Geran2,50,0,2656.65,4209.94,2590.63,4206.34,0.524407,0.851467,-243.012,-325.673,-0.598041,-0.801466,416.667,9.57307e-009,-2.21185,2.8,1.1,2500,4000,0,0,0.5,12
Geran2,3,0,8008.82,5859.59,8194.71,5855.15,0.81365,0.581356,306.985,-266.229,0.755476,-0.655176,416.667,9.57307e-009,-0.714416,2.8,1.1,9000,5000,1,1,0.5,12.1
Geran2,10,0,2723.77,4258.42,2852,4362.73,0.547175,0.837018,-265.999,-307.185,-0.65461,-0.755967,416.667,9.57307e-009,-2.28446,2.8,1.1,2500,4000,0,0,0.5,12.1
Geran2,11,0,8293.35,5542.77,8109.53,5374.49,0.833559,0.552431,322.257,-247.524,0.793059,-0.609145,416.667,9.57307e-009,-0.654983,2.8,1.1,9000,5000,1,1,0.5,12.1
Geran2,16,0,6688.6,4064.13,6599.61,4008.64,0.854688,0.519143,148.66,-378.177,0.365844,-0.930676,416.667,9.57307e-009,-1.19626,2.8,1.1,7500,2000,2,2,0.5,12.1
Geran2,20,0,8669.13,5265.37,8585.13,5221.89,0.854368,0.519668,316.988,-254.236,0.780093,-0.625663,416.667,9.57307e-009,-0.675981,2.8,1.1,9000,5000,1,1,0.5,12.1
Geran2,24,0,6974.17,4763,6763.98,4632.25,0.825065,0.565038,75.9684,-399.183,0.186955,-0.982369,416.667,9.57307e-009,-1.38274,2.8,1.1,7500,2000,2,2,0.5,12.1
Geran2,25,0,5609.84,5445.51,5639.5,5406.58,0.721857,0.692043,195.439,-356.26,0.480967,-0.876739,416.667,9.57307e-009,-1.06904,2.8,1.1,7500,2000,2,2,0.5,12.1
Geran2,35,0,2945.64,4496.39,3057.83,4475.62,0.564126,0.825688,-271.459,-302.371,-0.668046,-0.744119,416.667,9.57307e-009,-2.30238,2.8,1.1,2500,4000,0,0,0.5,12.1
Geran2,39,0,2554.97,4146.77,2458.76,4261.64,0.499741,0.866175,-142.527,-380.531,-0.350752,-0.936468,416.667,9.57307e-009,-1.92917,2.8,1.1,2500,4000,0,0,0.5,12.1
Geran2,40,0,3317.75,5050.66,3371.74,5203.11,0.543822,0.839201,-249.581,-320.667,-0.614208,-0.789145,416.667,9.57307e-009,-2.23218,2.8,1.1,2500,4000,0,0,0.5,12.1
Geran2,41,0,3148.91,4869.13,3335.75,4810.84,0.569806,0.821779,-243.103,-325.605,-0.598266,-0.801298,416.667,9.57307e-009,-2.21213,2.8,1.1,2500,4000,0,0,0.5,12.1
Geran2,43,0,2509.37,4062.24,2451.27,3954.3,0.526879,0.84994,-60.4748,-401.822,-0.148825,-0.988864,416.667,9.57307e-009,-1.72018,2.8,1.1,2500,4000,0,0,0.5,12.1
Geran2,45,0,2531.65,4210.7,2460.14,4179.41,0.507276,0.861784,-60.3626,-401.839,-0.148549,-0.988905,416.667,9.57307e-009,-1.7199,2.8,1.1,2500,4000,0,0,0.5,12.1
Geran2,46,0,2533.33,4081.14,2710.55,4143.37,0.547451,0.836837,-154.408,-375.867,-0.379991,-0.92499,416.667,9.57307e-009,-1.96058,2.8,1.1,2500,4000,0,0,0.5,12.1
Geran2,50,0,2632.35,4177.37,2613.28,4264.98,0.522454,0.852668,-243.012,-325.673,-0.598041,-0.801466,416.667,9.57307e-009,-2.21185,2.8,1.1,2500,4000,0,0,0.5,12.1
Geran2,3,0,8039.52,5832.96,8024.59,5830.69,0.808994,0.587817,306.985,-266.229,0.755476,-0.655176,416.667,9.57307e-009,-0.714416,2.8,1.1,9000,5000,1,1,0.5,12.2
Geran2,10,0,2697.17,4227.7,2670.5,4187.66,0.537681,0.843148,-265.999,-307.185,-0.65461,-0.755967,416.667,9.57307e-009,-2.28446,2.8,1.1,2500,4000,0,0,0.5,12.2
Geran2,11,0,8325.58,5518.02,8315.35,5602.31,0.829336,0.55875,322.257,-247.524,0.793059,-0.609145,416.667,9.57307e-009,-0.654983,2.8,1.1,9000,5000,1,1,0.5,12.2
Geran2,16,0,6703.47,4026.31,6649.25,4027.58,0.855327,0.518088,148.66,-378.177,0.365844,-0.930676,416.667,9.57307e-009,-1.19626,2.8,1.1,7500,2000,2,2,0.5,12.2
Geran2,20,0,8700.83,5239.95,8678.51,5303.92,0.853265,0.521478,316.988,-254.236,0.780093,-0.625663,416.667,9.57307e-009,-0.675981,2.8,1.1,9000,5000,1,1,0.5,12.2
Geran2,24,0,6981.77,4723.08,6922.33,4772.87,0.823277,0.56764,75.9685,-399.183,0.186955,-0.982369,416.667,9.57307e-009,-1.38274,2.8,1.1,7500,2000,2,2,0.5,12.2
Geran2,25,0,5629.39,5409.88,5672.2,5448.84,0.721164,0.692765,195.439,-356.26,0.480967,-0.876739,416.667,9.57307e-009,-1.06904,2.8,1.1,7500,2000,2,2,0.5,12.2
Geran2,35,0,2918.5,4466.15,2957.89,4491.24,0.550022,0.83515,-271.459,-302.371,-0.668046,-0.744119,416.667,9.57307e-009,-2.30238,2.8,1.1,2500,4000,0,0,0.5,12.2
Geran2,39,0,2540.72,4108.72,2575.69,4071.55,0.534615,0.845096,-142.527,-380.531,-0.350753,-0.936468,416.667,9.57307e-009,-1.92917,2.8,1.1,2500,4000,0,0,0.5,12.2
Geran2,40,0,3292.79,5018.59,3347.87,4919.2,0.562633,0.826707,-249.581,-320.667,-0.614207,-0.789145,416.667,9.57307e-009,-2.23218,2.8,1.1,2500,4000,0,0,0.5,12.2
Geran2,41,0,3124.6,4836.57,2917.92,4805.31,0.519031,0.854755,-243.103,-325.605,-0.598266,-0.801298,416.667,9.57307e-009,-2.21213,2.8,1.1,2500,4000,0,0,0.5,12.2
Geran2,45,0,2525.61,4170.51,2447.31,4085.24,0.513905,0.857847,-60.3626,-401.839,-0.148549,-0.988905,416.667,9.57307e-009,-1.7199,2.8,1.1,2500,4000,0,0,0.5,12.2
Geran2,50,0,2608.05,4144.8,2621.82,4150.34,0.534073,0.845438,-243.012,-325.673,-0.598041,-0.801466,416.667,9.57307e-009,-2.21185,2.8,1.1,2500,4000,0,0,0.5,12.2
Geran2,3,0,8070.22,5806.34,7936.44,5744.05,0.810089,0.586307,306.985,-266.229,0.755476,-0.655176,416.667,9.57307e-009,-0.714416,2.8,1.1,9000,5000,1,1,0.5,12.3
Geran2,10,0,2670.57,4196.98,2700.77,4275.93,0.534019,0.845472,-265.999,-307.185,-0.65461,-0.755967,416.667,9.57307e-009,-2.28446,2.8,1.1,2500,4000,0,0,0.5,12.3
Geran2,11,0,8357.8,5493.27,8370.16,5374.54,0.841465,0.540311,322.257,-247.524,0.793059,-0.609145,416.667,9.57307e-009,-0.654982,2.8,1.1,9000,5000,1,1,0.5,12.3
Geran2,16,0,6718.33,3988.49,6655.24,3897.9,0.862893,0.505386,148.66,-378.177,0.365844,-0.930676,416.667,9.57307e-009,-1.19626,2.8,1.1,7500,2000,2,2,0.5,12.3
Geran2,20,0,8732.53,5214.52,8855.01,5320.96,0.857153,0.515062,316.988,-254.236,0.780093,-0.625663,416.667,9.57307e-009,-0.675981,2.8,1.1,9000,5000,1,1,0.5,12.3
Geran2,24,0,6989.37,4683.17,6935.02,4500.17,0.838863,0.544343,75.9685,-399.183,0.186955,-0.982369,416.667,9.57307e-009,-1.38274,2.8,1.1,7500,2000,2,2,0.5,12.3
Geran2,25,0,5648.93,5374.26,5730.61,5402.29,0.727643,0.685956,195.439,-356.26,0.480967,-0.876739,416.667,9.57307e-009,-1.06904,2.8,1.1,7500,2000,2,2,0.5,12.3
Geran2,35,0,2891.35,4435.91,2914.27,4520.15,0.54187,0.840462,-271.459,-302.371,-0.668046,-0.744119,416.667,9.57307e-009,-2.30238,2.8,1.1,2500,4000,0,0,0.5,12.3
Geran2,39,0,2526.47,4070.67,2474.93,4039.47,0.522428,0.852684,-142.527,-380.531,-0.350753,-0.936468,416.667,9.57307e-009,-1.92917,2.8,1.1,2500,4000,0,0,0.5,12.3
Geran2,40,0,3267.83,4986.52,3066.01,5068.94,0.517551,0.855652,-249.581,-320.667,-0.614207,-0.789145,416.667,9.57307e-009,-2.23218,2.8,1.1,2500,4000,0,0,0.5,12.3
Geran2,41,0,3100.29,4804.01,3218.49,4865.05,0.551743,0.834014,-243.103,-325.605,-0.598266,-0.801298,416.667,9.57307e-009,-2.21213,2.8,1.1,2500,4000,0,0,0.5,12.3
Geran2,45,0,2519.58,4130.33,2395.58,4231.2,0.492685,0.870208,-60.3626,-401.839,-0.148549,-0.988905,416.667,9.57307e-009,-1.7199,2.8,1.1,2500,4000,0,0,0.5,12.3
Geran2,50,0,2583.75,4112.23,2592.97,4162.31,0.528756,0.848774,-243.012,-325.673,-0.598041,-0.801466,416.667,9.57307e-009,-2.21185,2.8,1.1,2500,4000,0,0,0.5,12.3
Geran2,3,0,8100.92,5779.72,8155.6,5593.73,0.824667,0.565619,306.985,-266.229,0.755476,-0.655176,416.667,9.57307e-009,-0.714416,2.8,1.1,9000,5000,1,1,0.5,12.4
Geran2,10,0,2643.97,4166.26,2474.51,4150.33,0.512106,0.858922,-265.998,-307.185,-0.654609,-0.755967,416.667,9.57307e-009,-2.28446,2.8,1.1,2500,4000,0,0,0.5,12.4
Geran2,11,0,8390.03,5468.52,8502.58,5350.4,0.846371,0.532594,322.257,-247.524,0.793059,-0.609145,416.667,9.57307e-009,-0.654982,2.8,1.1,9000,5000,1,1,0.5,12.4
Geran2,16,0,6733.2,3950.68,6640.35,4114.96,0.850021,0.52675,148.66,-378.177,0.365844,-0.930676,416.667,9.57307e-009,-1.19626,2.8,1.1,7500,2000,2,2,0.5,12.4
Geran2,20,0,8764.23,5189.1,8802.29,5108,0.864917,0.501914,316.988,-254.236,0.780093,-0.625663,416.667,9.57307e-009,-0.675982,2.8,1.1,9000,5000,1,1,0.5,12.4
Geran2,24,0,6996.96,4643.25,7079.62,4758.4,0.829953,0.557834,75.9685,-399.182,0.186955,-0.982369,416.667,9.57307e-009,-1.38274,2.8,1.1,7500,2000,2,2,0.5,12.4
Geran2,25,0,5668.47,5338.63,5631.99,5434.7,0.719598,0.694391,195.439,-356.26,0.480967,-0.876739,416.667,9.57307e-009,-1.06904,2.8,1.1,7500,2000,2,2,0.5,12.4
Geran2,35,0,2864.2,4405.68,2940.75,4297.78,0.564705,0.825293,-271.459,-302.371,-0.668046,-0.74412,416.667,9.57307e-009,-2.30238,2.8,1.1,2500,4000,0,0,0.5,12.4
Geran2,40,0,3242.87,4954.46,3356.46,5013.13,0.556348,0.830949,-249.581,-320.667,-0.614207,-0.789145,416.667,9.57307e-009,-2.23218,2.8,1.1,2500,4000,0,0,0.5,12.4
Geran2,41,0,3075.98,4771.45,3113.12,4671.19,0.554576,0.832133,-243.103,-325.605,-0.598266,-0.801298,416.667,9.57307e-009,-2.21213,2.8,1.1,2500,4000,0,0,0.5,12.4
Geran2,45,0,2513.54,4090.15,2443.02,4270.55,0.496554,0.868006,-60.3625,-401.839,-0.148549,-0.988905,416.667,9.57307e-009,-1.7199,2.8,1.1,2500,4000,0,0,0.5,12.4
Geran2,50,0,2559.45,4079.67,2327.81,4284.44,0.477405,0.878684,-243.012,-325.673,-0.598041,-0.801466,416.667,9.57307e-009,-2.21185,2.8,1.1,2500,4000,0,0,0.5,12.4
Geran2,3,0,8131.62,5753.09,8164.16,5816.62,0.814437,0.580252,306.985,-266.229,0.755476,-0.655176,416.667,9.57307e-009,-0.714416,2.8,1.1,9000,5000,1,1,0.5,12.5
Geran2,10,0,2617.37,4135.54,2681.24,4218.76,0.536388,0.843972,-265.998,-307.185,-0.654609,-0.755968,416.667,9.57307e-009,-2.28446,2.8,1.1,2500,4000,0,0,0.5,12.5
Geran2,11,0,8422.25,5443.76,8433.09,5373.16,0.84336,0.537349,322.257,-247.524,0.793059,-0.609145,416.667,9.57307e-009,-0.654982,2.8,1.1,9000,5000,1,1,0.5,12.5
Geran2,16,0,6748.06,3912.86,6595.31,3856.13,0.863273,0.504737,148.66,-378.177,0.365844,-0.930676,416.667,9.57307e-009,-1.19626,2.8,1.1,7500,2000,2,2,0.5,12.5
Geran2,20,0,8795.93,5163.67,8833.93,5178.1,0.862715,0.50569,316.988,-254.236,0.780093,-0.625664,416.667,9.57307e-009,-0.675982,2.8,1.1,9000,5000,1,1,0.5,12.5
Geran2,24,0,7004.56,4603.33,7152.75,4670.1,0.837328,0.5467,75.9685,-399.182,0.186955,-0.982369,416.667,9.57307e-009,-1.38273,2.8,1.1,7500,2000,2,2,0.5,12.5
Geran2,25,0,5688.02,5303.01,5521.79,5326.82,0.719699,0.694287,195.439,-356.26,0.480967,-0.876739,416.667,9.57307e-009,-1.06904,2.8,1.1,7500,2000,2,2,0.5,12.5
Geran2,35,0,2837.06,4375.44,2855.51,4393.05,0.544992,0.838441,-271.458,-302.371,-0.668046,-0.74412,416.667,9.57307e-009,-2.30238,2.8,1.1,2500,4000,0,0,0.5,12.5
Geran2,40,0,3217.92,4922.39,3040.78,4916.83,0.525984,0.850495,-249.581,-320.667,-0.614207,-0.789145,416.667,9.57307e-009,-2.23218,2.8,1.1,2500,4000,0,0,0.5,12.5
Geran2,41,0,3051.67,4738.88,3248.06,4782.95,0.561796,0.827276,-243.103,-325.605,-0.598266,-0.801298,416.667,9.57307e-009,-2.21213,2.8,1.1,2500,4000,0,0,0.5,12.5
Geran2,3,0,8162.31,5726.47,7942.75,5654.99,0.814625,0.579988,306.985,-266.229,0.755476,-0.655176,416.667,9.57307e-009,-0.714416,2.8,1.1,9000,5000,1,1,0.5,12.6
Geran2,10,0,2590.77,4104.83,2585.06,4004.08,0.542391,0.840126,-265.998,-307.185,-0.654609,-0.755967,416.667,9.57307e-009,-2.28446,2.8,1.1,2500,4000,0,0,0.5,12.6
Geran2,11,0,8454.48,5419.01,8614.68,5700.62,0.833944,0.551849,322.257,-247.524,0.793059,-0.609145,416.667,9.57307e-009,-0.654982,2.8,1.1,9000,5000,1,1,0.5,12.6
Geran2,16,0,6762.93,3875.04,6858.93,3704.44,0.879872,0.47521,148.66,-378.177,0.365844,-0.930676,416.667,9.57307e-009,-1.19626,2.8,1.1,7500,2000,2,2,0.5,12.6
Geran2,20,0,8827.63,5138.25,8946.73,5027.08,0.871802,0.489858,316.988,-254.236,0.780093,-0.625664,416.667,9.57307e-009,-0.675982,2.8,1.1,9000,5000,1,1,0.5,12.6
Geran2,24,0,7012.16,4563.41,7093.18,4426.62,0.848354,0.529429,75.9686,-399.182,0.186955,-0.982368,416.667,9.57307e-009,-1.38273,2.8,1.1,7500,2000,2,2,0.5,12.6
Geran2,25,0,5707.56,5267.38,5681.39,5188.61,0.738404,0.674358,195.439,-356.26,0.480967,-0.876739,416.667,9.57307e-009,-1.06904,2.8,1.1,7500,2000,2,2,0.5,12.6
Geran2,35,0,2809.91,4345.2,2798.78,4219.47,0.552757,0.833342,-271.459,-302.371,-0.668046,-0.74412,416.667,9.57307e-009,-2.30238,2.8,1.1,2500,4000,0,0,0.5,12.6
Geran2,40,0,3192.96,4890.32,3148.31,4892.16,0.541165,0.840917,-249.581,-320.667,-0.614207,-0.789145,416.667,9.57307e-009,-2.23218,2.8,1.1,2500,4000,0,0,0.5,12.6
Geran2,41,0,3027.36,4706.32,3051.19,4654.23,0.548261,0.836307,-243.104,-325.605,-0.598266,-0.801298,416.667,9.57307e-009,-2.21213,2.8,1.1,2500,4000,0,0,0.5,12.6
Geran2,3,0,8193.01,5699.85,8240.1,5752.02,0.819981,0.57239,306.985,-266.229,0.755476,-0.655176,416.667,9.57307e-009,-0.714416,2.8,1.1,9000,5000,1,1,0.5,12.7
Geran2,10,0,2564.17,4074.11,2590.61,4026.73,0.541053,0.840989,-265.999,-307.185,-0.65461,-0.755967,416.667,9.57307e-009,-2.28446,2.8,1.1,2500,4000,0,0,0.5,12.7
Geran2,11,0,8486.71,5394.26,8494.87,5402.25,0.843822,0.536623,322.257,-247.524,0.793059,-0.609145,416.667,9.57307e-009,-0.654982,2.8,1.1,9000,5000,1,1,0.5,12.7
Geran2,16,0,6777.8,3837.22,6607.1,4089.2,0.850318,0.52627,148.66,-378.177,0.365844,-0.930676,416.667,9.57307e-009,-1.19626,2.8,1.1,7500,2000,2,2,0.5,12.7
Geran2,20,0,8859.33,5112.83,8848.39,5087.49,0.866921,0.498446,316.988,-254.237,0.780093,-0.625664,416.667,9.57307e-009,-0.675982,2.8,1.1,9000,5000,1,1,0.5,12.7
Geran2,24,0,7019.75,4523.49,7230.08,4510.82,0.848419,0.529325,75.9686,-399.182,0.186955,-0.982368,416.667,9.57307e-009,-1.38273,2.8,1.1,7500,2000,2,2,0.5,12.7
Geran2,25,0,5727.11,5231.75,5857.98,5206.48,0.747448,0.66432,195.439,-356.26,0.480967,-0.876739,416.667,9.57307e-009,-1.06904,2.8,1.1,7500,2000,2,2,0.5,12.7
Geran2,35,0,2782.77,4314.97,2932.21,4277.28,0.565426,0.824799,-271.459,-302.371,-0.668047,-0.744119,416.667,9.57307e-009,-2.30238,2.8,1.1,2500,4000,0,0,0.5,12.7
Geran2,40,0,3168,4858.26,3363.52,4682.78,0.583382,0.812198,-249.581,-320.667,-0.614207,-0.789145,416.667,9.57307e-009,-2.23218,2.8,1.1,2500,4000,0,0,0.5,12.7
Geran2,41,0,3003.05,4673.76,2962.77,4518.49,0.548334,0.836259,-243.104,-325.605,-0.598266,-0.801298,416.667,9.57307e-009,-2.21213,2.8,1.1,2500,4000,0,0,0.5,12.7
Geran2,3,0,8223.71,5673.23,8434.23,5654.81,0.830593,0.556879,306.985,-266.229,0.755476,-0.655176,416.667,9.57307e-009,-0.714416,2.8,1.1,9000,5000,1,1,0.5,12.8
Geran2,11,0,8518.93,5369.51,8541.41,5473.74,0.841947,0.53956,322.257,-247.524,0.793059,-0.609145,416.667,9.57307e-009,-0.654982,2.8,1.1,9000,5000,1,1,0.5,12.8
Geran2,16,0,6792.66,3799.41,6795.73,3815.31,0.871975,0.489551,148.66,-378.177,0.365844,-0.930676,416.667,9.57307e-009,-1.19626,2.8,1.1,7500,2000,2,2,0.5,12.8
Geran2,20,0,8891.03,5087.4,8962.56,5099.89,0.869143,0.494561,316.988,-254.237,0.780092,-0.625664,416.667,9.57307e-009,-0.675983,2.8,1.1,9000,5000,1,1,0.5,12.8
Geran2,24,0,7027.35,4483.57,7090.71,4512.19,0.843666,0.536869,75.9686,-399.182,0.186955,-0.982368,416.667,9.57307e-009,-1.38273,2.8,1.1,7500,2000,2,2,0.5,12.8
Geran2,25,0,5746.65,5196.13,5667.15,5250.03,0.733588,0.679594,195.439,-356.26,0.480967,-0.876739,416.667,9.57307e-009,-1.06904,2.8,1.1,7500,2000,2,2,0.5,12.8
Geran2,35,0,2755.62,4284.73,2708.4,4268.06,0.5358,0.844345,-271.459,-302.371,-0.668047,-0.744119,416.667,9.57307e-009,-2.30238,2.8,1.1,2500,4000,0,0,0.5,12.8
Geran2,40,0,3143.04,4826.19,3011.48,4668.32,0.542083,0.840325,-249.581,-320.667,-0.614207,-0.789145,416.667,9.57307e-009,-2.23218,2.8,1.1,2500,4000,0,0,0.5,12.8
Geran2,41,0,2978.74,4641.2,2927.98,4582.67,0.53841,0.842683,-243.104,-325.605,-0.598266,-0.801298,416.667,9.57307e-009,-2.21213,2.8,1.1,2500,4000,0,0,0.5,12.8
Geran2,3,0,8254.41,5646.6,8314.41,5682.98,0.825577,0.56429,306.985,-266.229,0.755476,-0.655176,416.667,9.57307e-009,-0.714416,2.8,1.1,9000,5000,1,1,0.5,12.9
Geran2,11,0,8551.16,5344.75,8557.17,5384.97,0.846361,0.53261,322.257,-247.524,0.793059,-0.609145,416.667,9.57307e-009,-0.654982,2.8,1.1,9000,5000,1,1,0.5,12.9
Geran2,16,0,6807.53,3761.59,6965.31,3906.27,0.872202,0.489146,148.66,-378.177,0.365844,-0.930676,416.667,9.57307e-009,-1.19626,2.8,1.1,7500,2000,2,2,0.5,12.9
Geran2,20,0,8922.72,5061.98,8698.29,4946.09,0.86929,0.494302,316.988,-254.237,0.780092,-0.625665,416.667,9.57307e-009,-0.675984,2.8,1.1,9000,5000,1,1,0.5,12.9
Geran2,24,0,7034.95,4443.65,6943.86,4402.05,0.844584,0.535423,75.9686,-399.182,0.186955,-0.982368,416.667,9.57307e-009,-1.38273,2.8,1.1,7500,2000,2,2,0.5,12.9
Geran2,25,0,5766.19,5160.5,6009.97,5024.99,0.767173,0.64144,195.439,-356.26,0.480967,-0.876739,416.667,9.57307e-009,-1.06904,2.8,1.1,7500,2000,2,2,0.5,12.9
Geran2,35,0,2728.48,4254.49,2574.4,4211.58,0.521547,0.853222,-271.459,-302.371,-0.668047,-0.744119,416.667,9.57307e-009,-2.30238,2.8,1.1,2500,4000,0,0,0.5,12.9
Geran2,40,0,3118.08,4794.12,3178.38,4665.66,0.563005,0.826454,-249.581,-320.667,-0.614207,-0.789145,416.667,9.57307e-009,-2.23218,2.8,1.1,2500,4000,0,0,0.5,12.9
Geran2,41,0,2954.43,4608.64,2846.13,4670.87,0.520345,0.853956,-243.104,-325.605,-0.598266,-0.801298,416.667,9.57307e-009,-2.21213,2.8,1.1,2500,4000,0,0,0.5,12.9
Geran2,3,0,8285.11,5619.98,8371.54,5535.19,0.834152,0.551534,306.986,-266.229,0.755476,-0.655176,416.667,9.57307e-009,-0.714416,2.8,1.1,9000,5000,1,1,0.5,13
Geran2,11,0,8583.38,5320,8496.18,5191.9,0.853291,0.521435,322.257,-247.524,0.793059,-0.609145,416.667,9.57307e-009,-0.654982,2.8,1.1,9000,5000,1,1,0.5,13
Geran2,16,0,6822.39,3723.77,6888.92,3680.35,0.88202,0.471212,148.66,-378.177,0.365844,-0.930676,416.667,9.57307e-009,-1.19626,2.8,1.1,7500,2000,2,2,0.5,13
Geran2,24,0,7042.54,4403.74,6998.47,4388.29,0.847222,0.531239,75.9687,-399.182,0.186955,-0.982368,416.667,9.57307e-009,-1.38273,2.8,1.1,7500,2000,2,2,0.5,13
Geran2,25,0,5785.74,5124.88,5760.99,5103.85,0.748507,0.663127,195.439,-356.26,0.480967,-0.876739,416.667,9.57307e-009,-1.06904,2.8,1.1,7500,2000,2,2,0.5,13
Geran2,35,0,2701.33,4224.26,2824.59,4150.58,0.562609,0.826723,-271.459,-302.371,-0.668047,-0.744119,416.667,9.57307e-009,-2.30238,2.8,1.1,2500,4000,0,0,0.5,13
Geran2,40,0,3093.13,4762.06,3008.31,4673.8,0.541231,0.840874,-249.581,-320.667,-0.614207,-0.789145,416.667,9.57307e-009,-2.23218,2.8,1.1,2500,4000,0,0,0.5,13
Geran2,41,0,2930.12,4576.08,2793.97,4588.86,0.52005,0.854136,-243.104,-325.605,-0.598266,-0.801297,416.667,9.57307e-009,-2.21213,2.8,1.1,2500,4000,0,0,0.5,13
Geran2,3,0,8315.81,5593.36,8293.53,5618.79,0.827892,0.560888,306.986,-266.229,0.755476,-0.655176,416.667,9.57307e-009,-0.714415,2.8,1.1,9000,5000,1,1,0.5,13.1
Geran2,11,0,8615.61,5295.25,8661.68,5386.24,0.8492,0.528072,322.257,-247.524,0.793059,-0.609145,416.667,9.57307e-009,-0.654982,2.8,1.1,9000,5000,1,1,0.5,13.1
Geran2,16,0,6837.26,3685.95,6947.8,3512.04,0.892459,0.451128,148.66,-378.177,0.365844,-0.930676,416.667,9.57307e-009,-1.19626,2.8,1.1,7500,2000,2,2,0.5,13.1
Geran2,24,0,7050.14,4363.82,7184.09,4410.88,0.852192,0.523229,75.9687,-399.182,0.186955,-0.982368,416.667,9.57307e-009,-1.38273,2.8,1.1,7500,2000,2,2,0.5,13.1
Geran2,25,0,5805.28,5089.25,5723.75,4967.64,0.755228,0.655462,195.439,-356.26,0.480967,-0.876739,416.667,9.57307e-009,-1.06904,2.8,1.1,7500,2000,2,2,0.5,13.1
Geran2,35,0,2674.18,4194.02,2653.52,4318.84,0.523492,0.85203,-271.459,-302.371,-0.668046,-0.744119,416.667,9.57307e-009,-2.30238,2.8,1.1,2500,4000,0,0,0.5,13.1
Geran2,40,0,3068.17,4729.99,2923.11,4770.49,0.522466,0.85266,-249.581,-320.667,-0.614207,-0.789145,416.667,9.57307e-009,-2.23218,2.8,1.1,2500,4000,0,0,0.5,13.1
Geran2,41,0,2905.81,4543.52,2761.4,4527.1,0.520741,0.853715,-243.104,-325.605,-0.598266,-0.801297,416.667,9.57307e-009,-2.21213,2.8,1.1,2500,4000,0,0,0.5,13.1
Geran2,3,0,8346.5,5566.73,8292.69,5562.47,0.830475,0.557056,306.986,-266.229,0.755477,-0.655176,416.667,9.57307e-009,-0.714415,2.8,1.1,9000,5000,1,1,0.5,13.2
Geran2,11,0,8647.83,5270.5,8563.96,5230.14,0.853432,0.521204,322.257,-247.524,0.793059,-0.609144,416.667,9.57307e-009,-0.654981,2.8,1.1,9000,5000,1,1,0.5,13.2
Geran2,16,0,6852.13,3648.13,7041.21,3737.1,0.8833,0.468808,148.66,-378.177,0.365844,-0.930676,416.667,9.57307e-009,-1.19626,2.8,1.1,7500,2000,2,2,0.5,13.2
Geran2,24,0,7057.74,4323.9,6981.09,4382.76,0.846929,0.531706,75.9687,-399.182,0.186955,-0.982368,416.667,9.57307e-009,-1.38273,2.8,1.1,7500,2000,2,2,0.5,13.2
Geran2,25,0,5824.83,5053.62,5691.15,5023.25,0.74973,0.661744,195.439,-356.26,0.480967,-0.876739,416.667,9.57307e-009,-1.06904,2.8,1.1,7500,2000,2,2,0.5,13.2
Geran2,35,0,2647.04,4163.78,2648.5,4201.4,0.533271,0.845944,-271.459,-302.371,-0.668046,-0.74412,416.667,9.57307e-009,-2.30238,2.8,1.1,2500,4000,0,0,0.5,13.2
Geran2,40,0,3043.21,4697.93,2980.01,4610.57,0.542828,0.839844,-249.581,-320.667,-0.614207,-0.789145,416.667,9.57307e-009,-2.23218,2.8,1.1,2500,4000,0,0,0.5,13.2
Geran2,41,0,2881.5,4510.96,2979.61,4764.81,0.530204,0.84787,-243.104,-325.605,-0.598266,-0.801297,416.667,9.57307e-009,-2.21213,2.8,1.1,2500,4000,0,0,0.5,13.2
Geran2,3,0,8377.2,5540.11,8432.66,5465.71,0.839149,0.543902,306.986,-266.229,0.755477,-0.655175,416.667,9.57307e-009,-0.714415,2.8,1.1,9000,5000,1,1,0.5,13.3
Geran2,11,0,8680.06,5245.74,8555.16,5210.82,0.854051,0.52019,322.257,-247.524,0.793059,-0.609144,416.667,9.57307e-009,-0.654981,2.8,1.1,9000,5000,1,1,0.5,13.3
Geran2,16,0,6866.99,3610.32,6894.57,3595.69,0.886663,0.462417,148.66,-378.177,0.365844,-0.930676,416.667,9.57307e-009,-1.19626,2.8,1.1,7500,2000,2,2,0.5,13.3
Geran2,24,0,7065.33,4283.98,7146.69,4528.11,0.844719,0.53521,75.9688,-399.182,0.186955,-0.982368,416.667,9.57307e-009,-1.38273,2.8,1.1,7500,2000,2,2,0.5,13.3
Geran2,25,0,5844.37,5018,5713.54,5034.41,0.75029,0.661109,195.439,-356.26,0.480967,-0.876739,416.667,9.57307e-009,-1.06904,2.8,1.1,7500,2000,2,2,0.5,13.3
Geran2,35,0,2619.89,4133.54,2526.13,4054.87,0.528769,0.848766,-271.458,-302.371,-0.668046,-0.74412,416.667,9.57307e-009,-2.30238,2.8,1.1,2500,4000,0,0,0.5,13.3
Geran2,40,0,3018.25,4665.86,3022.46,4832.59,0.530262,0.847834,-249.581,-320.667,-0.614207,-0.789145,416.667,9.57307e-009,-2.23218,2.8,1.1,2500,4000,0,0,0.5,13.3
Geran2,41,0,2857.18,4478.4,3049.09,4465.29,0.563914,0.825833,-243.104,-325.605,-0.598266,-0.801297,416.667,9.57307e-009,-2.21213,2.8,1.1,2500,4000,0,0,0.5,13.3
Geran2,3,0,8407.9,5513.49,8413.24,5442.05,0.839653,0.543123,306.986,-266.228,0.755477,-0.655175,416.667,9.57307e-009,-0.714414,2.8,1.1,9000,5000,1,1,0.5,13.4
Geran2,11,0,8712.28,5220.99,8675.59,5283,0.854102,0.520105,322.257,-247.524,0.79306,-0.609144,416.667,9.57307e-009,-0.654981,2.8,1.1,9000,5000,1,1,0.5,13.4
Geran2,16,0,6881.86,3572.5,6920.96,3583.37,0.888031,0.459783,148.66,-378.177,0.365844,-0.930676,416.667,9.57307e-009,-1.19626,2.8,1.1,7500,2000,2,2,0.5,13.4
Geran2,24,0,7072.93,4244.06,7073.77,4003.84,0.870266,0.492582,75.9688,-399.182,0.186956,-0.982368,416.667,9.57307e-009,-1.38273,2.8,1.1,7500,2000,2,2,0.5,13.4
Geran2,25,0,5863.91,4982.37,5835.04,5022.07,0.757933,0.652333,195.439,-356.26,0.480967,-0.876739,416.667,9.57307e-009,-1.06904,2.8,1.1,7500,2000,2,2,0.5,13.4
Geran2,35,0,2592.75,4103.31,2626.02,4148.22,0.53488,0.844928,-271.458,-302.371,-0.668046,-0.74412,416.667,9.57307e-009,-2.30238,2.8,1.1,2500,4000,0,0,0.5,13.4
Geran2,40,0,2993.29,4633.79,2933.69,4570.92,0.540138,0.841577,-249.581,-320.667,-0.614207,-0.789145,416.667,9.57307e-009,-2.23218,2.8,1.1,2500,4000,0,0,0.5,13.4
Geran2,41,0,2832.87,4445.84,2973.1,4367.1,0.56276,0.82662,-243.104,-325.605,-0.598267,-0.801297,416.667,9.57307e-009,-2.21213,2.8,1.1,2500,4000,0,0,0.5,13.4
Geran2,3,0,8438.6,5486.86,8425.09,5384.67,0.842607,0.538529,306.986,-266.228,0.755477,-0.655175,416.667,9.57307e-009,-0.714414,2.8,1.1,9000,5000,1,1,0.5,13.5
Geran2,11,0,8744.51,5196.24,8826.71,5122.41,0.864907,0.501932,322.257,-247.524,0.79306,-0.609144,416.667,9.57307e-009,-0.65498,2.8,1.1,9000,5000,1,1,0.5,13.5
Geran2,16,0,6896.72,3534.68,6781.79,3601.79,0.883171,0.46905,148.66,-378.177,0.365844,-0.930676,416.667,9.57307e-009,-1.19626,2.8,1.1,7500,2000,2,2,0.5,13.5
Geran2,24,0,7080.53,4204.14,7293.68,4277.32,0.86261,0.50587,75.9688,-399.182,0.186956,-0.982368,416.667,9.57307e-009,-1.38273,2.8,1.1,7500,2000,2,2,0.5,13.5
Geran2,25,0,5883.46,4946.75,5909.96,4821.77,0.774834,0.632165,195.439,-356.26,0.480967,-0.876739,416.667,9.57307e-009,-1.06904,2.8,1.1,7500,2000,2,2,0.5,13.5
Geran2,35,0,2565.6,4073.07,2493.07,4146.65,0.515267,0.85703,-271.459,-302.371,-0.668047,-0.744119,416.667,9.57307e-009,-2.30238,2.8,1.1,2500,4000,0,0,0.5,13.5
Geran2,40,0,2968.34,4601.73,2949.3,4626.74,0.537526,0.843247,-249.581,-320.667,-0.614207,-0.789145,416.667,9.57307e-009,-2.23218,2.8,1.1,2500,4000,0,0,0.5,13.5
Geran2,41,0,2808.56,4413.28,2936.86,4387.86,0.556222,0.831033,-243.104,-325.605,-0.598267,-0.801297,416.667,9.57307e-009,-2.21213,2.8,1.1,2500,4000,0,0,0.5,13.5
Geran2,3,0,8469.3,5460.24,8408.6,5335.24,0.844374,0.535754,306.986,-266.228,0.755478,-0.655175,416.667,9.57307e-009,-0.714414,2.8,1.1,9000,5000,1,1,0.5,13.6
Geran2,11,0,8776.74,5171.49,8812.33,5307.52,0.856629,0.515933,322.257,-247.523,0.79306,-0.609143,416.667,9.57307e-009,-0.65498,2.8,1.1,9000,5000,1,1,0.5,13.6
Geran2,16,0,6911.59,3496.86,6978.43,3281.14,0.90496,0.425497,148.66,-378.177,0.365844,-0.930676,416.667,9.57307e-009,-1.19626,2.8,1.1,7500,2000,2,2,0.5,13.6
Geran2,24,0,7088.12,4164.23,7039.4,4293.89,0.853711,0.520747,75.9689,-399.182,0.186956,-0.982368,416.667,9.57307e-009,-1.38273,2.8,1.1,7500,2000,2,2,0.5,13.6
Geran2,25,0,5903,4911.12,5969.5,5082.89,0.761384,0.648301,195.439,-356.26,0.480967,-0.876739,416.667,9.57307e-009,-1.06904,2.8,1.1,7500,2000,2,2,0.5,13.6
Geran2,40,0,2943.38,4569.66,3011.38,4736.12,0.536557,0.843864,-249.581,-320.667,-0.614207,-0.789145,416.667,9.57307e-009,-2.23218,2.8,1.1,2500,4000,0,0,0.5,13.6
Geran2,41,0,2784.25,4380.72,2725.23,4564.67,0.512617,0.858617,-243.104,-325.605,-0.598267,-0.801297,416.667,9.57307e-009,-2.21213,2.8,1.1,2500,4000,0,0,0.5,13.6
Geran2,3,0,8500,5433.62,8589.25,5280.71,0.851879,0.523739,306.986,-266.228,0.755478,-0.655174,416.667,9.57307e-009,-0.714413,2.8,1.1,9000,5000,1,1,0.5,13.7
Geran2,11,0,8808.96,5146.73,8861.72,5245.86,0.860527,0.509405,322.258,-247.523,0.79306,-0.609143,416.667,9.57307e-009,-0.65498,2.8,1.1,9000,5000,1,1,0.5,13.7
Geran2,16,0,6926.46,3459.05,6984.56,3347.75,0.901767,0.432224,148.66,-378.177,0.365844,-0.930676,416.667,9.57307e-009,-1.19626,2.8,1.1,7500,2000,2,2,0.5,13.7
Geran2,24,0,7095.72,4124.31,7073.09,4155.99,0.862182,0.506599,75.9689,-399.182,0.186956,-0.982368,416.667,9.57307e-009,-1.38273,2.8,1.1,7500,2000,2,2,0.5,13.7
Geran2,25,0,5922.54,4875.49,5820.28,4725.42,0.776346,0.630307,195.439,-356.26,0.480967,-0.876739,416.667,9.57307e-009,-1.06904,2.8,1.1,7500,2000,2,2,0.5,13.7
Geran2,40,0,2918.42,4537.59,2872.58,4428.59,0.544189,0.838963,-249.581,-320.667,-0.614207,-0.789145,416.667,9.57307e-009,-2.23218,2.8,1.1,2500,4000,0,0,0.5,13.7
Geran2,41,0,2759.94,4348.16,2692.1,4344.85,0.526698,0.850053,-243.104,-325.604,-0.598267,-0.801297,416.667,9.57307e-009,-2.21213,2.8,1.1,2500,4000,0,0,0.5,13.7
Geran2,3,0,8530.69,5407,8413.24,5327.41,0.844863,0.534982,306.986,-266.228,0.755478,-0.655174,416.667,9.57307e-009,-0.714413,2.8,1.1,9000,5000,1,1,0.5,13.8
Geran2,11,0,8841.19,5121.98,8877.33,5047.63,0.869301,0.494283,322.258,-247.523,0.793061,-0.609143,416.667,9.57307e-009,-0.654979,2.8,1.1,9000,5000,1,1,0.5,13.8
Geran2,16,0,6941.32,3421.23,6908.72,3258.71,0.904438,0.426606,148.66,-378.177,0.365844,-0.930676,416.667,9.57307e-009,-1.19626,2.8,1.1,7500,2000,2,2,0.5,13.8
Geran2,24,0,7103.32,4084.39,6999.56,4132.47,0.861122,0.508398,75.969,-399.182,0.186956,-0.982368,416.667,9.57307e-009,-1.38273,2.8,1.1,7500,2000,2,2,0.5,13.8
Geran2,25,0,5942.09,4839.87,5811.96,4704.06,0.777301,0.629129,195.439,-356.26,0.480967,-0.876739,416.667,9.57307e-009,-1.06904,2.8,1.1,7500,2000,2,2,0.5,13.8
Geran2,40,0,2893.46,4505.53,2879.97,4508.54,0.538325,0.842737,-249.581,-320.667,-0.614207,-0.789145,416.667,9.57307e-009,-2.23218,2.8,1.1,2500,4000,0,0,0.5,13.8
Geran2,41,0,2735.63,4315.6,2795.75,4318.85,0.543416,0.839464,-243.104,-325.604,-0.598267,-0.801297,416.667,9.57307e-009,-2.21213,2.8,1.1,2500,4000,0,0,0.5,13.8
Geran2,3,0,8561.39,5380.37,8691.1,5341.75,0.851948,0.523627,306.986,-266.228,0.755479,-0.655173,416.667,9.57307e-009,-0.714412,2.8,1.1,9000,5000,1,1,0.5,13.9
Geran2,11,0,8873.41,5097.23,8762.8,5155.87,0.861879,0.507114,322.258,-247.523,0.793061,-0.609142,416.667,9.57307e-009,-0.654978,2.8,1.1,9000,5000,1,1,0.5,13.9
Geran2,16,0,6956.19,3383.41,6909.41,3170.63,0.908875,0.41707,148.66,-378.177,0.365844,-0.930676,416.667,9.57307e-009,-1.19626,2.8,1.1,7500,2000,2,2,0.5,13.9
Geran2,24,0,7110.91,4044.47,6973.83,3969.28,0.869089,0.494657,75.969,-399.182,0.186956,-0.982368,416.667,9.57307e-009,-1.38273,2.8,1.1,7500,2000,2,2,0.5,13.9
Geran2,25,0,5961.63,4804.24,6054.24,4811.2,0.782896,0.622153,195.439,-356.26,0.480967,-0.876739,416.667,9.57307e-009,-1.06904,2.8,1.1,7500,2000,2,2,0.5,13.9
Geran2,40,0,2868.5,4473.46,2670.6,4375.76,0.520957,0.853583,-249.581,-320.667,-0.614207,-0.789145,416.667,9.57307e-009,-2.23218,2.8,1.1,2500,4000,0,0,0.5,13.9
Geran2,41,0,2711.32,4283.04,2604.16,4433.14,0.506505,0.862237,-243.104,-325.604,-0.598267,-0.801296,416.667,9.57307e-009,-2.21213,2.8,1.1,2500,4000,0,0,0.5,13.9
Geran2,3,0,8592.09,5353.75,8519.77,5369.92,0.845981,0.533213,306.986,-266.228,0.755479,-0.655173,416.667,9.57307e-009,-0.714412,2.8,1.1,9000,5000,1,1,0.5,14
Geran2,11,0,8905.64,5072.48,8937.23,5151.81,0.866365,0.499411,322.258,-247.523,0.793062,-0.609141,416.667,9.57307e-009,-0.654977,2.8,1.1,9000,5000,1,1,0.5,14
Geran2,16,0,6971.05,3345.59,7061.45,3523.34,0.894801,0.446464,148.66,-378.177,0.365844,-0.930676,416.667,9.57307e-009,-1.19626,2.8,1.1,7500,2000,2,2,0.5,14
Geran2,24,0,7118.51,4004.55,6968.23,4166.75,0.858263,0.51321,75.9691,-399.182,0.186956,-0.982368,416.667,9.57307e-009,-1.38273,2.8,1.1,7500,2000,2,2,0.5,14
Geran2,25,0,5981.18,4768.62,6160.82,4656.61,0.797757,0.602979,195.439,-356.26,0.480967,-0.876739,416.667,9.57307e-009,-1.06904,2.8,1.1,7500,2000,2,2,0.5,14
Geran2,40,0,2843.55,4441.39,2901.38,4437.54,0.547238,0.836977,-249.581,-320.667,-0.614207,-0.789145,416.667,9.57307e-009,-2.23218,2.8,1.1,2500,4000,0,0,0.5,14
Geran2,41,0,2687.01,4250.48,2658.81,4347.46,0.52174,0.853104,-243.104,-325.604,-0.598268,-0.801296,416.667,9.57307e-009,-2.21213,2.8,1.1,2500,4000,0,0,0.5,14
Geran2,3,0,8622.79,5327.13,8528.74,5294.48,0.849605,0.527419,306.987,-266.227,0.755479,-0.655173,416.667,9.57307e-009,-0.714411,2.8,1.1,9000,5000,1,1,0.5,14.1
Geran2,11,0,8937.86,5047.73,8999.05,5120.06,0.869168,0.494518,322.259,-247.522,0.793063,-0.60914,416.667,9.57307e-009,-0.654975,2.8,1.1,9000,5000,1,1,0.5,14.1
Geran2,16,0,6985.92,3307.78,7065.57,3409.35,0.900632,0.434582,148.66,-378.177,0.365844,-0.930676,416.667,9.57307e-009,-1.19626,2.8,1.1,7500,2000,2,2,0.5,14.1
Geran2,24,0,7126.11,3964.63,7111.08,3930.41,0.87521,0.483743,75.9691,-399.182,0.186956,-0.982368,416.667,9.57307e-009,-1.38273,2.8,1.1,7500,2000,2,2,0.5,14.1
Geran2,25,0,6000.72,4732.99,6091.89,4771.73,0.787244,0.616642,195.439,-356.26,0.480967,-0.876739,416.667,9.57307e-009,-1.06904,2.8,1.1,7500,2000,2,2,0.5,14.1
Geran2,40,0,2818.59,4409.33,2809.67,4364.23,0.541316,0.840819,-249.581,-320.667,-0.614207,-0.789145,416.667,9.57307e-009,-2.23218,2.8,1.1,2500,4000,0,0,0.5,14.1
Geran2,41,0,2662.7,4217.92,2664.71,4140.64,0.54117,0.840913,-243.104,-325.604,-0.598268,-0.801296,416.667,9.57307e-009,-2.21213,2.8,1.1,2500,4000,0,0,0.5,14.1
Geran2,3,0,8653.49,5300.51,8697.35,5195.81,0.858476,0.512854,306.987,-266.227,0.755479,-0.655173,416.667,9.57307e-009,-0.714411,2.8,1.1,9000,5000,1,1,0.5,14.2
Geran2,16,0,7000.79,3269.96,7069.57,3297.3,0.906273,0.422693,148.66,-378.177,0.365844,-0.930676,416.667,9.57307e-009,-1.19626,2.8,1.1,7500,2000,2,2,0.5,14.2
Geran2,24,0,7133.7,3924.72,7122.64,3895.92,0.877333,0.479882,75.9692,-399.182,0.186956,-0.982368,416.667,9.57307e-009,-1.38273,2.8,1.1,7500,2000,2,2,0.5,14.2
Geran2,25,0,6020.26,4697.36,5847.88,4812.87,0.772127,0.635469,195.439,-356.26,0.480967,-0.876739,416.667,9.57307e-009,-1.06904,2.8,1.1,7500,2000,2,2,0.5,14.2
Geran2,40,0,2793.63,4377.26,2874.53,4497.47,0.538541,0.842599,-249.581,-320.667,-0.614207,-0.789145,416.667,9.57307e-009,-2.23218,2.8,1.1,2500,4000,0,0,0.5,14.2
Geran2,41,0,2638.39,4185.36,2716.39,4311.93,0.53302,0.846103,-243.105,-325.604,-0.598268,-0.801296,416.667,9.57307e-009,-2.21213,2.8,1.1,2500,4000,0,0,0.5,14.2
Geran2,3,0,8684.18,5273.88,8511.25,5368.57,0.845801,0.533499,306.987,-266.227,0.75548,-0.655172,416.667,9.57307e-009,-0.714411,2.8,1.1,9000,5000,1,1,0.5,14.3
Geran2,16,0,7015.65,3232.14,7093.03,3147.71,0.914038,0.405628,148.66,-378.177,0.365844,-0.930676,416.667,9.57307e-009,-1.19626,2.8,1.1,7500,2000,2,2,0.5,14.3
Geran2,24,0,7141.3,3884.8,7064.74,3840.67,0.878565,0.477622,75.9692,-399.182,0.186957,-0.982368,416.667,9.57307e-009,-1.38273,2.8,1.1,7500,2000,2,2,0.5,14.3
Geran2,25,0,6039.81,4661.74,5841.02,4643.19,0.782802,0.622271,195.439,-356.26,0.480967,-0.876739,416.667,9.57307e-009,-1.06904,2.8,1.1,7500,2000,2,2,0.5,14.3
Geran2,40,0,2768.67,4345.19,2712.69,4215.52,0.541141,0.840932,-249.581,-320.667,-0.614207,-0.789145,416.667,9.57307e-009,-2.23218,2.8,1.1,2500,4000,0,0,0.5,14.3
Geran2,41,0,2614.08,4152.79,2710.82,4374.92,0.526711,0.850044,-243.105,-325.604,-0.598269,-0.801296,416.667,9.57307e-009,-2.21214,2.8,1.1,2500,4000,0,0,0.5,14.3
Geran2,3,0,8714.88,5247.26,8741.52,5238.47,0.857772,0.514031,306.987,-266.227,0.75548,-0.655172,416.667,9.57307e-009,-0.71441,2.8,1.1,9000,5000,1,1,0.5,14.4
Geran2,16,0,7030.52,3194.32,7074.8,3240.26,0.90918,0.416404,148.66,-378.177,0.365844,-0.930676,416.667,9.57307e-009,-1.19626,2.8,1.1,7500,2000,2,2,0.5,14.4
Geran2,24,0,7148.9,3844.88,7055.01,3891.9,0.875605,0.483029,75.9693,-399.182,0.186957,-0.982368,416.667,9.57307e-009,-1.38273,2.8,1.1,7500,2000,2,2,0.5,14.4
Geran2,25,0,6059.35,4626.11,5839.29,4692.5,0.779495,0.626409,195.439,-356.26,0.480967,-0.876739,416.667,9.57307e-009,-1.06904,2.8,1.1,7500,2000,2,2,0.5,14.4
Geran2,40,0,2743.71,4313.13,2760.14,4171.49,0.551811,0.833969,-249.581,-320.666,-0.614207,-0.789145,416.667,9.57307e-009,-2.23218,2.8,1.1,2500,4000,0,0,0.5,14.4
Geran2,41,0,2589.77,4120.23,2660.93,4143.44,0.540368,0.841429,-243.105,-325.604,-0.598269,-0.801295,416.667,9.57307e-009,-2.21214,2.8,1.1,2500,4000,0,0,0.5,14.4
Geran2,3,0,8745.58,5220.64,8862.73,5155,0.864412,0.502785,306.987,-266.227,0.75548,-0.655172,416.667,9.57307e-009,-0.71441,2.8,1.1,9000,5000,1,1,0.5,14.5
Geran2,16,0,7045.38,3156.51,7058.05,3146.27,0.913362,0.407149,148.66,-378.177,0.365844,-0.930676,416.667,9.57307e-009,-1.19626,2.8,1.1,7500,2000,2,2,0.5,14.5
Geran2,24,0,7156.49,3804.96,7290.58,3813.33,0.886108,0.463478,75.9693,-399.182,0.186957,-0.982368,416.667,9.57307e-009,-1.38273,2.8,1.1,7500,2000,2,2,0.5,14.5
Geran2,25,0,6078.9,4590.49,6193.16,4370.5,0.817039,0.576582,195.439,-356.26,0.480967,-0.876739,416.667,9.57307e-009,-1.06904,2.8,1.1,7500,2000,2,2,0.5,14.5
Geran2,40,0,2718.76,4281.06,2750.18,4142.03,0.553143,0.833086,-249.581,-320.666,-0.614208,-0.789145,416.667,9.57307e-009,-2.23218,2.8,1.1,2500,4000,0,0,0.5,14.5
Geran2,41,0,2565.46,4087.67,2365.58,4120.92,0.497847,0.867265,-243.105,-325.604,-0.598269,-0.801295,416.667,9.57307e-009,-2.21214,2.8,1.1,2500,4000,0,0,0.5,14.5
Geran2,3,0,8776.28,5194.02,8683.87,5067.27,0.863706,0.503996,306.987,-266.227,0.75548,-0.655171,416.667,9.57307e-009,-0.714409,2.8,1.1,9000,5000,1,1,0.5,14.6
Geran2,16,0,7060.25,3118.69,7136.72,3216.7,0.911674,0.410914,148.66,-378.177,0.365844,-0.930676,416.667,9.57307e-009,-1.19626,2.8,1.1,7500,2000,2,2,0.5,14.6
Geran2,24,0,7164.09,3765.04,7186.94,3979.02,0.874865,0.484366,75.9693,-399.182,0.186957,-0.982368,416.667,9.57307e-009,-1.38273,2.8,1.1,7500,2000,2,2,0.5,14.6
Geran2,25,0,6098.44,4554.86,6014.45,4540.19,0.798127,0.60249,195.439,-356.26,0.480966,-0.876739,416.667,9.57307e-009,-1.06904,2.8,1.1,7500,2000,2,2,0.5,14.6
Geran2,40,0,2693.8,4248.99,2799.72,4344.33,0.541708,0.840567,-249.581,-320.666,-0.614208,-0.789144,416.667,9.57307e-009,-2.23218,2.8,1.1,2500,4000,0,0,0.5,14.6
Geran2,41,0,2541.15,4055.11,2425.27,4011.81,0.517344,0.855778,-243.105,-325.604,-0.598269,-0.801295,416.667,9.57307e-009,-2.21214,2.8,1.1,2500,4000,0,0,0.5,14.6
Geran2,3,0,8806.98,5167.39,8743.97,5229.4,0.858227,0.513269,306.987,-266.227,0.755481,-0.655171,416.667,9.57307e-009,-0.714408,2.8,1.1,9000,5000,1,1,0.5,14.7
Geran2,16,0,7075.11,3080.87,6970.78,3197.56,0.908935,0.416937,148.66,-378.177,0.365844,-0.930676,416.667,9.57307e-009,-1.19626,2.8,1.1,7500,2000,2,2,0.5,14.7
Geran2,24,0,7171.69,3725.12,6997.87,3681.48,0.885002,0.465587,75.9693,-399.182,0.186957,-0.982368,416.667,9.57307e-009,-1.38273,2.8,1.1,7500,2000,2,2,0.5,14.7
Geran2,25,0,6117.98,4519.23,5918.24,4593.74,0.789956,0.613164,195.439,-356.26,0.480966,-0.876739,416.667,9.57307e-009,-1.06904,2.8,1.1,7500,2000,2,2,0.5,14.7
Geran2,40,0,2668.84,4216.93,2591.86,4168.55,0.528022,0.84923,-249.581,-320.666,-0.614208,-0.789145,416.667,9.57307e-009,-2.23218,2.8,1.1,2500,4000,0,0,0.5,14.7
Geran2,3,0,8837.68,5140.77,8763.02,4917.32,0.87208,0.489363,306.987,-266.227,0.755481,-0.655171,416.667,9.57307e-009,-0.714408,2.8,1.1,9000,5000,1,1,0.5,14.8
Geran2,16,0,7089.98,3043.05,6972.47,2933.93,0.921723,0.38785,148.66,-378.177,0.365844,-0.930676,416.667,9.57307e-009,-1.19626,2.8,1.1,7500,2000,2,2,0.5,14.8
Geran2,24,0,7179.28,3685.21,7172.14,3713.35,0.888034,0.459777,75.9692,-399.182,0.186957,-0.982368,416.667,9.57307e-009,-1.38273,2.8,1.1,7500,2000,2,2,0.5,14.8
Geran2,25,0,6137.53,4483.61,6369.56,4490.65,0.817301,0.576211,195.439,-356.26,0.480966,-0.876739,416.667,9.57307e-009,-1.06904,2.8,1.1,7500,2000,2,2,0.5,14.8
Geran2,40,0,2643.88,4184.86,2712.79,4118.98,0.550032,0.835144,-249.581,-320.666,-0.614207,-0.789145,416.667,9.57307e-009,-2.23218,2.8,1.1,2500,4000,0,0,0.5,14.8
Geran2,3,0,8868.38,5114.15,8773.27,5017.34,0.868071,0.496441,306.987,-266.227,0.755481,-0.655171,416.667,9.57307e-009,-0.714409,2.8,1.1,9000,5000,1,1,0.5,14.9
Geran2,16,0,7104.85,3005.24,7118.4,3038.35,0.919724,0.392566,148.66,-378.177,0.365844,-0.930676,416.667,9.57307e-009,-1.19626,2.8,1.1,7500,2000,2,2,0.5,14.9
Geran2,24,0,7186.88,3645.29,7172.2,3651.53,0.891152,0.453706,75.9692,-399.182,0.186957,-0.982368,416.667,9.57307e-009,-1.38273,2.8,1.1,7500,2000,2,2,0.5,14.9
Geran2,25,0,6157.07,4447.98,6083.97,4404.42,0.810019,0.586404,195.439,-356.26,0.480966,-0.876739,416.667,9.57307e-009,-1.06904,2.8,1.1,7500,2000,2,2,0.5,14.9
Geran2,40,0,2618.92,4152.79,2664.7,3949.82,0.559266,0.828988,-249.581,-320.667,-0.614207,-0.789145,416.667,9.57307e-009,-2.23218,2.8,1.1,2500,4000,0,0,0.5,14.9
Geran2,3,0,8899.07,5087.52,8917.32,5185.28,0.864474,0.502678,306.987,-266.227,0.755481,-0.655171,416.667,9.57307e-009,-0.714409,2.8,1.1,9000,5000,1,1,0.5,15
Geran2,16,0,7119.71,2967.42,7091.28,2983.51,0.921742,0.387804,148.66,-378.177,0.365844,-0.930676,416.667,9.57307e-009,-1.19626,2.8,1.1,7500,2000,2,2,0.5,15
Geran2,24,0,7194.48,3605.37,7261.6,3403.05,0.905499,0.424349,75.9692,-399.182,0.186957,-0.982368,416.667,9.57307e-009,-1.38273,2.8,1.1,7500,2000,2,2,0.5,15
Geran2,25,0,6176.62,4412.36,6152.41,4384.88,0.81434,0.580388,195.439,-356.26,0.480966,-0.876739,416.667,9.57307e-009,-1.06904,2.8,1.1,7500,2000,2,2,0.5,15
Geran2,40,0,2593.97,4120.73,2694.43,4211.98,0.538878,0.842384,-249.581,-320.667,-0.614207,-0.789145,416.667,9.57307e-009,-2.23218,2.8,1.1,2500,4000,0,0,0.5,15
Geran2,3,0,8929.77,5060.9,9078.57,4873.82,0.881063,0.472998,306.987,-266.226,0.755481,-0.65517,416.667,9.57307e-009,-0.714408,2.8,1.1,9000,5000,1,1,0.5,15.1
Geran2,16,0,7134.58,2929.6,7107.6,3056.06,0.918679,0.395005,148.66,-378.177,0.365844,-0.930676,416.667,9.57307e-009,-1.19626,2.8,1.1,7500,2000,2,2,0.5,15.1
Geran2,24,0,7202.08,3565.45,7098.41,3676.82,0.887951,0.459938,75.9692,-399.182,0.186957,-0.982368,416.667,9.57307e-009,-1.38273,2.8,1.1,7500,2000,2,2,0.5,15.1
Geran2,25,0,6196.16,4376.73,6205.58,4259.5,0.824466,0.565912,195.439,-356.26,0.480966,-0.876739,416.667,9.57307e-009,-1.06904,2.8,1.1,7500,2000,2,2,0.5,15.1
Geran2,40,0,2569.01,4088.66,2564.21,4238.41,0.517634,0.855602,-249.581,-320.667,-0.614207,-0.789145,416.667,9.57307e-009,-2.23218,2.8,1.1,2500,4000,0,0,0.5,15.1
Geran2,16,0,7149.44,2891.78,7035.32,2971.47,0.921203,0.389083,148.66,-378.177,0.365844,-0.930676,416.667,9.57307e-009,-1.19626,2.8,1.1,7500,2000,2,2,0.5,15.2
Geran2,24,0,7209.67,3525.53,7123.96,3558.74,0.89459,0.446888,75.9692,-399.182,0.186957,-0.982368,416.667,9.57307e-009,-1.38273,2.8,1.1,7500,2000,2,2,0.5,15.2
Geran2,25,0,6215.7,4341.1,6392.11,4426.66,0.822111,0.569327,195.439,-356.26,0.480966,-0.876739,416.667,9.57307e-009,-1.06904,2.8,1.1,7500,2000,2,2,0.5,15.2
Geran2,40,0,2544.05,4056.59,2693.08,3904.35,0.567795,0.82317,-249.581,-320.666,-0.614207,-0.789145,416.667,9.57307e-009,-2.23218,2.8,1.1,2500,4000,0,0,0.5,15.2
Geran2,16,0,7164.31,2853.96,7213.56,2853.79,0.929876,0.367873,148.66,-378.177,0.365844,-0.930676,416.667,9.57307e-009,-1.19626,2.8,1.1,7500,2000,2,2,0.5,15.3
Geran2,24,0,7217.27,3485.62,7265.53,3495.1,0.901153,0.433501,75.9692,-399.182,0.186957,-0.982368,416.667,9.57307e-009,-1.38273,2.8,1.1,7500,2000,2,2,0.5,15.3
Geran2,25,0,6235.25,4305.48,6156.29,4429.39,0.811731,0.584032,195.439,-356.26,0.480966,-0.876739,416.667,9.57307e-009,-1.06904,2.8,1.1,7500,2000,2,2,0.5,15.3
Geran2,16,0,7179.18,2816.15,7219.3,2700.21,0.936628,0.350324,148.66,-378.177,0.365844,-0.930676,416.667,9.57307e-009,-1.19626,2.8,1.1,7500,2000,2,2,0.5,15.4
Geran2,24,0,7224.87,3445.7,7200.66,3375.52,0.905449,0.424456,75.9692,-399.182,0.186957,-0.982368,416.667,9.57307e-009,-1.38273,2.8,1.1,7500,2000,2,2,0.5,15.4
Geran2,25,0,6254.79,4269.85,6160.27,4522.25,0.806111,0.591765,195.439,-356.26,0.480966,-0.876739,416.667,9.57307e-009,-1.06904,2.8,1.1,7500,2000,2,2,0.5,15.4
Geran2,16,0,7194.04,2778.33,7089.53,2893.67,0.925848,0.377896,148.66,-378.177,0.365844,-0.930676,416.667,9.57307e-009,-1.19626,2.8,1.1,7500,2000,2,2,0.5,15.5
Geran2,24,0,7232.46,3405.78,7284.98,3437.62,0.904369,0.426752,75.9692,-399.182,0.186957,-0.982368,416.667,9.57307e-009,-1.38273,2.8,1.1,7500,2000,2,2,0.5,15.5
Geran2,25,0,6274.34,4234.23,6464.07,4315.59,0.831681,0.555253,195.439,-356.26,0.480966,-0.876739,416.667,9.57307e-009,-1.06904,2.8,1.1,7500,2000,2,2,0.5,15.5
Geran2,16,0,7208.91,2740.51,7264.9,2796.35,0.933253,0.35922,148.66,-378.177,0.365844,-0.930676,416.667,9.57307e-009,-1.19626,2.8,1.1,7500,2000,2,2,0.5,15.6
Geran2,24,0,7240.06,3365.86,7117.13,3249.89,0.909651,0.415374,75.9692,-399.182,0.186957,-0.982368,416.667,9.57307e-009,-1.38273,2.8,1.1,7500,2000,2,2,0.5,15.6
Geran2,25,0,6293.88,4198.6,6497.34,4212.62,0.839072,0.544021,195.439,-356.26,0.480966,-0.876739,416.667,9.57307e-009,-1.06904,2.8,1.1,7500,2000,2,2,0.5,15.6
Geran2,16,0,7223.77,2702.69,7280.12,2566.44,0.943113,0.332472,148.66,-378.177,0.365844,-0.930676,416.667,9.57307e-009,-1.19626,2.8,1.1,7500,2000,2,2,0.5,15.7
Geran2,24,0,7247.66,3325.94,7170.56,3148.03,0.915645,0.401987,75.9692,-399.182,0.186957,-0.982368,416.667,9.57307e-009,-1.38273,2.8,1.1,7500,2000,2,2,0.5,15.7
Geran2,25,0,6313.42,4162.97,6303.83,4312.63,0.825339,0.564638,195.439,-356.26,0.480966,-0.876739,416.667,9.57307e-009,-1.06904,2.8,1.1,7500,2000,2,2,0.5,15.7
Geran2,16,0,7238.64,2664.88,7389.75,2778.25,0.936033,0.351911,148.66,-378.177,0.365844,-0.930676,416.667,9.57307e-009,-1.19626,2.8,1.1,7500,2000,2,2,0.5,15.8
Geran2,24,0,7255.25,3286.02,7292.3,3403.92,0.906143,0.422972,75.9692,-399.182,0.186957,-0.982368,416.667,9.57307e-009,-1.38273,2.8,1.1,7500,2000,2,2,0.5,15.8
Geran2,25,0,6332.97,4127.35,6323.29,4057.04,0.841658,0.540011,195.439,-356.26,0.480966,-0.876739,416.667,9.57307e-009,-1.06904,2.8,1.1,7500,2000,2,2,0.5,15.8
Geran2,16,0,7253.51,2627.06,7228.36,2628.72,0.939784,0.341769,148.66,-378.177,0.365844,-0.930676,416.667,9.57307e-009,-1.19626,2.8,1.1,7500,2000,2,2,0.5,15.9
Geran2,24,0,7262.85,3246.11,7335.26,3212.62,0.915999,0.40118,75.9693,-399.182,0.186957,-0.982368,416.667,9.57307e-009,-1.38273,2.8,1.1,7500,2000,2,2,0.5,15.9
Geran2,25,0,6352.51,4091.72,6417.69,4149.13,0.839779,0.542929,195.439,-356.26,0.480966,-0.876739,416.667,9.57307e-009,-1.06904,2.8,1.1,7500,2000,2,2,0.5,15.9
Geran2,16,0,7268.37,2589.24,7195.23,2501.7,0.944537,0.328405,148.66,-378.177,0.365844,-0.930676,416.667,9.57307e-009,-1.19626,2.8,1.1,7500,2000,2,2,0.5,16
Geran2,24,0,7270.45,3206.19,7255.08,3326.22,0.909018,0.416756,75.9693,-399.182,0.186957,-0.982368,416.667,9.57307e-009,-1.38273,2.8,1.1,7500,2000,2,2,0.5,16
Geran2,25,0,6372.06,4056.1,6453.16,4008.63,0.84945,0.527669,195.439,-356.26,0.480966,-0.876739,416.667,9.57307e-009,-1.06904,2.8,1.1,7500,2000,2,2,0.5,16
Geran2,16,0,7283.24,2551.42,7176.52,2679.55,0.936828,0.349791,148.66,-378.177,0.365844,-0.930676,416.667,9.57307e-009,-1.19626,2.8,1.1,7500,2000,2,2,0.5,16.1
Geran2,24,0,7278.04,3166.27,7173.85,3232.57,0.911715,0.410823,75.9693,-399.182,0.186957,-0.982368,416.667,9.57307e-009,-1.38273,2.8,1.1,7500,2000,2,2,0.5,16.1
Geran2,25,0,6391.6,4020.47,6503.02,4122.21,0.844606,0.535389,195.439,-356.26,0.480966,-0.876739,416.667,9.57307e-009,-1.06904,2.8,1.1,7500,2000,2,2,0.5,16.1
Geran2,16,0,7298.1,2513.61,7321.17,2384.1,0.950854,0.30964,148.66,-378.177,0.365844,-0.930676,416.667,9.57307e-009,-1.19626,2.8,1.1,7500,2000,2,2,0.5,16.2
Geran2,24,0,7285.64,3126.35,7273.36,3110.59,0.919445,0.393218,75.9692,-399.182,0.186957,-0.982368,416.667,9.57307e-009,-1.38273,2.8,1.1,7500,2000,2,2,0.5,16.2
Geran2,25,0,6411.14,3984.84,6311.07,4066.01,0.840639,0.541595,195.439,-356.26,0.480966,-0.876739,416.667,9.57307e-009,-1.06904,2.8,1.1,7500,2000,2,2,0.5,16.2
Geran2,16,0,7312.97,2475.79,7336.16,2287.72,0.954659,0.297702,148.66,-378.177,0.365844,-0.930676,416.667,9.57307e-009,-1.19626,2.8,1.1,7500,2000,2,2,0.5,16.3
Geran2,24,0,7293.24,3086.43,7232.65,3201.2,0.914435,0.404732,75.9692,-399.182,0.186957,-0.982368,416.667,9.57307e-009,-1.38273,2.8,1.1,7500,2000,2,2,0.5,16.3
Geran2,25,0,6430.69,3949.22,6416.09,3981.06,0.849719,0.527235,195.439,-356.26,0.480966,-0.876739,416.667,9.57307e-009,-1.06904,2.8,1.1,7500,2000,2,2,0.5,16.3
Geran2,16,0,7327.84,2437.97,7514.77,2573.99,0.946042,0.324043,148.66,-378.177,0.365844,-0.930676,416.667,9.57307e-009,-1.19626,2.8,1.1,7500,2000,2,2,0.5,16.4
Geran2,24,0,7300.83,3046.52,7346.13,3175.55,0.91791,0.396789,75.9692,-399.182,0.186957,-0.982368,416.667,9.57307e-009,-1.38273,2.8,1.1,7500,2000,2,2,0.5,16.4
Geran2,25,0,6450.23,3913.59,6529.13,3963.4,0.854829,0.51891,195.439,-356.26,0.480966,-0.876739,416.667,9.57307e-009,-1.06904,2.8,1.1,7500,2000,2,2,0.5,16.4
Geran2,16,0,7342.7,2400.15,7328.55,2292.46,0.954395,0.298546,148.66,-378.177,0.365844,-0.930676,416.667,9.57307e-009,-1.19626,2.8,1.1,7500,2000,2,2,0.5,16.5
Geran2,24,0,7308.43,3006.6,7249.23,2956.14,0.92597,0.377598,75.9693,-399.182,0.186957,-0.982368,416.667,9.57307e-009,-1.38273,2.8,1.1,7500,2000,2,2,0.5,16.5
Geran2,25,0,6469.78,3877.97,6425.92,3875.49,0.856319,0.516448,195.439,-356.26,0.480966,-0.876739,416.667,9.57307e-009,-1.06904,2.8,1.1,7500,2000,2,2,0.5,16.5
Geran2,16,0,7357.57,2362.34,7237.78,2464.96,0.946609,0.322385,148.66,-378.177,0.365844,-0.930676,416.667,9.57307e-009,-1.19626,2.8,1.1,7500,2000,2,2,0.5,16.6
Geran2,24,0,7316.03,2966.68,7303.86,2946.2,0.927393,0.374087,75.9693,-399.182,0.186957,-0.982368,416.667,9.57307e-009,-1.38273,2.8,1.1,7500,2000,2,2,0.5,16.6
Geran2,25,0,6489.32,3842.34,6570.99,3685.28,0.872193,0.489161,195.439,-356.26,0.480966,-0.876739,416.667,9.57307e-009,-1.06904,2.8,1.1,7500,2000,2,2,0.5,16.6
Geran2,16,0,7372.43,2324.52,7388.4,2518.1,0.946536,0.322597,148.66,-378.177,0.365844,-0.930676,416.667,9.57307e-009,-1.19626,2.8,1.1,7500,2000,2,2,0.5,16.7
Geran2,24,0,7323.63,2926.76,7460.5,2812.13,0.935732,0.352711,75.9692,-399.182,0.186957,-0.982368,416.667,9.57307e-009,-1.38273,2.8,1.1,7500,2000,2,2,0.5,16.7
Geran2,25,0,6508.86,3806.71,6449.28,3842.71,0.859067,0.511863,195.439,-356.26,0.480966,-0.876739,416.667,9.57307e-009,-1.06904,2.8,1.1,7500,2000,2,2,0.5,16.7
Geran2,16,0,7387.3,2286.7,7268.56,2323.48,0.952518,0.304484,148.66,-378.177,0.365844,-0.930676,416.667,9.57307e-009,-1.19626,2.8,1.1,7500,2000,2,2,0.5,16.8
Geran2,24,0,7331.22,2886.84,7285.76,2885.25,0.92975,0.368192,75.9692,-399.182,0.186957,-0.982368,416.667,9.57307e-009,-1.38273,2.8,1.1,7500,2000,2,2,0.5,16.8
Geran2,25,0,6528.41,3771.09,6498.4,3805.46,0.862927,0.505329,195.439,-356.26,0.480966,-0.876739,416.667,9.57307e-009,-1.06904,2.8,1.1,7500,2000,2,2,0.5,16.8
Geran2,16,0,7402.17,2248.88,7323.65,2147.26,0.959605,0.281352,148.66,-378.177,0.365844,-0.930676,416.667,9.57307e-009,-1.19626,2.8,1.1,7500,2000,2,2,0.5,16.9
Geran2,24,0,7338.82,2846.92,7423.24,2834.01,0.934232,0.356667,75.9692,-399.182,0.186957,-0.982368,416.667,9.57307e-009,-1.38273,2.8,1.1,7500,2000,2,2,0.5,16.9
Geran2,25,0,6547.95,3735.46,6420.66,3966.61,0.850744,0.52558,195.439,-356.26,0.480966,-0.876739,416.667,9.57307e-009,-1.06904,2.8,1.1,7500,2000,2,2,0.5,16.9
Geran2,16,0,7417.03,2211.06,7490.02,1960.21,0.967418,0.253183,148.66,-378.177,0.365844,-0.930676,416.667,9.57307e-009,-1.19626,2.8,1.1,7500,2000,2,2,0.5,17
Geran2,24,0,7346.42,2807.01,7349.24,2759.38,0.936186,0.351505,75.9692,-399.182,0.186957,-0.982368,416.667,9.57307e-009,-1.38273,2.8,1.1,7500,2000,2,2,0.5,17
Geran2,25,0,6567.5,3699.84,6701.5,3807.05,0.869491,0.493948,195.439,-356.26,0.480966,-0.876739,416.667,9.57307e-009,-1.06904,2.8,1.1,7500,2000,2,2,0.5,17
Geran2,16,0,7431.9,2173.25,7406.43,2102.75,0.961981,0.273115,148.66,-378.177,0.365844,-0.930676,416.667,9.57307e-009,-1.19626,2.8,1.1,7500,2000,2,2,0.5,17.1
Geran2,24,0,7354.01,2767.09,7276.72,2759.97,0.935004,0.354636,75.9692,-399.182,0.186957,-0.982368,416.667,9.57307e-009,-1.38273,2.8,1.1,7500,2000,2,2,0.5,17.1
Geran2,25,0,6587.04,3664.21,6793.52,3674.44,0.879584,0.475744,195.439,-356.26,0.480966,-0.876739,416.667,9.57307e-009,-1.06904,2.8,1.1,7500,2000,2,2,0.5,17.1
Geran2,16,0,7446.76,2135.43,7384.89,2235.35,0.957114,0.289712,148.66,-378.177,0.365844,-0.930676,416.667,9.57307e-009,-1.19626,2.8,1.1,7500,2000,2,2,0.5,17.2
Geran2,24,0,7361.61,2727.17,7392.9,2717.23,0.93861,0.344981,75.9693,-399.182,0.186957,-0.982368,416.667,9.57307e-009,-1.38273,2.8,1.1,7500,2000,2,2,0.5,17.2
Geran2,25,0,6606.58,3628.58,6624.01,3590.82,0.879135,0.476572,195.439,-356.26,0.480966,-0.876739,416.667,9.57307e-009,-1.06904,2.8,1.1,7500,2000,2,2,0.5,17.2
Geran2,16,0,7461.63,2097.61,7411.23,2136.18,0.960881,0.27696,148.66,-378.177,0.365844,-0.930676,416.667,9.57307e-009,-1.19626,2.8,1.1,7500,2000,2,2,0.5,17.3
Geran2,24,0,7369.21,2687.25,7302.08,2877.68,0.93036,0.366646,75.9692,-399.182,0.186957,-0.982368,416.667,9.57307e-009,-1.38273,2.8,1.1,7500,2000,2,2,0.5,17.3
Geran2,25,0,6626.13,3592.96,6645.33,3584.86,0.880106,0.474778,195.439,-356.26,0.480966,-0.876739,416.667,9.57307e-009,-1.06904,2.8,1.1,7500,2000,2,2,0.5,17.3
Geran2,16,0,7476.5,2059.79,7459.56,1917.93,0.9685,0.249012,148.66,-378.177,0.365845,-0.930676,416.667,9.57307e-009,-1.19626,2.8,1.1,7500,2000,2,2,0.5,17.4
Geran2,24,0,7376.8,2647.33,7522.31,2628.37,0.944032,0.329854,75.9692,-399.182,0.186956,-0.982368,416.667,9.57307e-009,-1.38273,2.8,1.1,7500,2000,2,2,0.5,17.4
Geran2,25,0,6645.67,3557.33,6655.29,3595.59,0.879809,0.475327,195.439,-356.26,0.480966,-0.876739,416.667,9.57307e-009,-1.06904,2.8,1.1,7500,2000,2,2,0.5,17.4
Geran2,24,0,7384.4,2607.42,7253.38,2450.01,0.947413,0.320012,75.9692,-399.182,0.186956,-0.982368,416.667,9.57307e-009,-1.38273,2.8,1.1,7500,2000,2,2,0.5,17.5
Geran2,25,0,6665.21,3521.71,6388.31,3430.45,0.881012,0.473093,195.439,-356.26,0.480966,-0.876739,416.667,9.57307e-009,-1.06904,2.8,1.1,7500,2000,2,2,0.5,17.5
Geran2,24,0,7392,2567.5,7487.32,2458.95,0.950076,0.31202,75.9692,-399.182,0.186957,-0.982368,416.667,9.57307e-009,-1.38273,2.8,1.1,7500,2000,2,2,0.5,17.6
Geran2,25,0,6684.76,3486.08,6616.78,3440.21,0.887245,0.461298,195.439,-356.26,0.480966,-0.876739,416.667,9.57307e-009,-1.06904,2.8,1.1,7500,2000,2,2,0.5,17.6
Geran2,24,0,7399.6,2527.58,7343.88,2306.27,0.954061,0.299613,75.9693,-399.182,0.186957,-0.982368,416.667,9.57307e-009,-1.38273,2.8,1.1,7500,2000,2,2,0.5,17.7
Geran2,25,0,6704.3,3450.46,6795.63,3517.75,0.88807,0.459709,195.439,-356.26,0.480966,-0.876739,416.667,9.57307e-009,-1.06904,2.8,1.1,7500,2000,2,2,0.5,17.7
Geran2,24,0,7407.19,2487.66,7290.8,2601.01,0.941858,0.33601,75.9693,-399.182,0.186957,-0.982368,416.667,9.57307e-009,-1.38273,2.8,1.1,7500,2000,2,2,0.5,17.8
Geran2,25,0,6723.85,3414.83,6770.05,3388.47,0.894245,0.447578,195.439,-356.26,0.480966,-0.876739,416.667,9.57307e-009,-1.06904,2.8,1.1,7500,2000,2,2,0.5,17.8
Geran2,24,0,7414.79,2447.74,7446.88,2502.15,0.947922,0.318501,75.9693,-399.182,0.186957,-0.982368,416.667,9.57307e-009,-1.38273,2.8,1.1,7500,2000,2,2,0.5,17.9
Geran2,25,0,6743.39,3379.2,6800.16,3356.28,0.896726,0.442587,195.439,-356.26,0.480966,-0.876739,416.667,9.57307e-009,-1.06904,2.8,1.1,7500,2000,2,2,0.5,17.9
Geran2,24,0,7422.39,2407.82,7515.07,2456.6,0.950505,0.31071,75.9692,-399.182,0.186956,-0.982368,416.667,9.57307e-009,-1.38273,2.8,1.1,7500,2000,2,2,0.5,18
Geran2,25,0,6762.93,3343.58,6705.5,3231.68,0.900838,0.434154,195.439,-356.26,0.480966,-0.876739,416.667,9.57307e-009,-1.06904,2.8,1.1,7500,2000,2,2,0.5,18
Geran2,24,0,7429.98,2367.91,7496.65,2474.66,0.9496,0.313465,75.9692,-399.182,0.186956,-0.982368,416.667,9.57307e-009,-1.38273,2.8,1.1,7500,2000,2,2,0.5,18.1
Geran2,25,0,6782.48,3307.95,6695.6,3313.83,0.896239,0.443572,195.439,-356.26,0.480966,-0.876739,416.667,9.57307e-009,-1.06904,2.8,1.1,7500,2000,2,2,0.5,18.1
Geran2,24,0,7437.58,2327.99,7356.89,2153.39,0.959732,0.280917,75.9692,-399.182,0.186957,-0.982368,416.667,9.57307e-009,-1.38273,2.8,1.1,7500,2000,2,2,0.5,18.2
Geran2,25,0,6802.02,3272.33,6872.83,3194.42,0.906834,0.421488,195.439,-356.26,0.480966,-0.876739,416.667,9.57307e-009,-1.06904,2.8,1.1,7500,2000,2,2,0.5,18.2
Geran2,24,0,7445.18,2288.07,7494.78,2165.16,0.960714,0.277539,75.9694,-399.182,0.186957,-0.982368,416.667,9.57307e-009,-1.38273,2.8,1.1,7500,2000,2,2,0.5,18.3
Geran2,25,0,6821.57,3236.7,6920.59,3323.21,0.901455,0.432872,195.439,-356.26,0.480966,-0.87674,416.667,9.57307e-009,-1.06904,2.8,1.1,7500,2000,2,2,0.5,18.3
Geran2,24,0,7452.77,2248.15,7715.79,2233.26,0.960573,0.278028,75.9694,-399.182,0.186957,-0.982368,416.667,9.57307e-009,-1.38273,2.8,1.1,7500,2000,2,2,0.5,18.4
Geran2,25,0,6841.11,3201.07,6983.16,3145.68,0.911762,0.410719,195.439,-356.26,0.480966,-0.87674,416.667,9.57307e-009,-1.06904,2.8,1.1,7500,2000,2,2,0.5,18.4
Geran2,24,0,7460.37,2208.23,7441.68,2091.26,0.962709,0.27054,75.9693,-399.182,0.186957,-0.982368,416.667,9.57307e-009,-1.38273,2.8,1.1,7500,2000,2,2,0.5,18.5
Geran2,25,0,6860.65,3165.45,6655.32,3186.05,0.901972,0.431794,195.439,-356.26,0.480966,-0.87674,416.667,9.57307e-009,-1.06904,2.8,1.1,7500,2000,2,2,0.5,18.5
Geran2,24,0,7467.97,2168.31,7486.38,2283.46,0.956496,0.291746,75.9691,-399.182,0.186956,-0.982368,416.667,9.57307e-009,-1.38273,2.8,1.1,7500,2000,2,2,0.5,18.6
Geran2,25,0,6880.2,3129.82,6988.46,3058.29,0.916117,0.400911,195.439,-356.26,0.480966,-0.87674,416.667,9.57307e-009,-1.06904,2.8,1.1,7500,2000,2,2,0.5,18.6
Geran2,24,0,7475.56,2128.4,7404.68,2208.51,0.958284,0.285817,75.9691,-399.182,0.186956,-0.982368,416.667,9.57307e-009,-1.38273,2.8,1.1,7500,2000,2,2,0.5,18.7
Geran2,25,0,6899.74,3094.2,6939.14,3259.71,0.905108,0.425181,195.439,-356.26,0.480965,-0.87674,416.667,9.57307e-009,-1.06904,2.8,1.1,7500,2000,2,2,0.5,18.7
Geran2,24,0,7483.16,2088.48,7360.86,2090.59,0.961955,0.273209,75.9692,-399.182,0.186957,-0.982368,416.667,9.57307e-009,-1.38273,2.8,1.1,7500,2000,2,2,0.5,18.8
Geran2,25,0,6919.29,3058.57,6975.42,3106.99,0.913481,0.406882,195.439,-356.26,0.480965,-0.87674,416.667,9.57307e-009,-1.06904,2.8,1.1,7500,2000,2,2,0.5,18.8
Geran2,25,0,6938.83,3022.94,6848.05,3036.86,0.914144,0.405389,195.439,-356.26,0.480965,-0.87674,416.667,9.57307e-009,-1.06904,2.8,1.1,7500,2000,2,2,0.5,18.9
Geran2,25,0,6958.37,2987.32,6988.1,2953.97,0.921087,0.389357,195.439,-356.26,0.480965,-0.87674,416.667,9.57307e-009,-1.06904,2.8,1.1,7500,2000,2,2,0.5,19
Geran2,25,0,6977.92,2951.69,6905.24,2989.47,0.917691,0.397294,195.439,-356.26,0.480965,-0.87674,416.667,9.57307e-009,-1.06904,2.8,1.1,7500,2000,2,2,0.5,19.1
Geran2,25,0,6997.46,2916.07,6915.56,2948.97,0.919858,0.392251,195.439,-356.26,0.480965,-0.87674,416.667,9.57307e-009,-1.06904,2.8,1.1,7500,2000,2,2,0.5,19.2
Geran2,25,0,7017.01,2880.44,7160.51,2797.7,0.93143,0.363922,195.439,-356.26,0.480965,-0.87674,416.667,9.57307e-009,-1.06904,2.8,1.1,7500,2000,2,2,0.5,19.3
Geran2,25,0,7036.55,2844.81,6813.19,2866.21,0.921756,0.38777,195.439,-356.26,0.480965,-0.87674,416.667,9.57307e-009,-1.06904,2.8,1.1,7500,2000,2,2,0.5,19.4
Geran2,25,0,7056.09,2809.19,7062.74,2850.83,0.927307,0.374301,195.439,-356.26,0.480965,-0.87674,416.667,9.57307e-009,-1.06904,2.8,1.1,7500,2000,2,2,0.5,19.5
Geran2,25,0,7075.64,2773.56,7050.51,2604.04,0.938063,0.346465,195.438,-356.261,0.480965,-0.87674,416.667,9.57307e-009,-1.06904,2.8,1.1,7500,2000,2,2,0.5,19.6
Geran2,25,0,7095.18,2737.94,7001.69,2953.41,0.921384,0.388653,195.438,-356.261,0.480965,-0.87674,416.667,9.57307e-009,-1.06904,2.8,1.1,7500,2000,2,2,0.5,19.7
Geran2,25,0,7114.73,2702.31,7137.97,2455.84,0.945599,0.325336,195.438,-356.261,0.480964,-0.87674,416.667,9.57307e-009,-1.06904,2.8,1.1,7500,2000,2,2,0.5,19.8
Geran2,25,0,7134.27,2666.68,6974.81,2670.76,0.933877,0.357596,195.438,-356.261,0.480964,-0.87674,416.667,9.57307e-009,-1.06904,2.8,1.1,7500,2000,2,2,0.5,19.9
Geran2,25,0,7153.81,2631.06,7139.6,2719.99,0.934481,0.356012,195.438,-356.261,0.480964,-0.87674,416.667,9.57307e-009,-1.06904,2.8,1.1,7500,2000,2,2,0.5,20
Geran2,25,0,7173.36,2595.43,7220.25,2578.74,0.941739,0.336345,195.438,-356.261,0.480964,-0.87674,416.667,9.57307e-009,-1.06904,2.8,1.1,7500,2000,2,2,0.5,20.1
Geran2,25,0,7192.9,2559.81,7265.28,2474.19,0.946614,0.322369,195.438,-356.261,0.480964,-0.87674,416.667,9.57307e-009,-1.06904,2.8,1.1,7500,2000,2,2,0.5,20.2
Geran2,25,0,7212.45,2524.18,7146.43,2593.83,0.939999,0.341177,195.438,-356.261,0.480964,-0.876741,416.667,9.57307e-009,-1.06904,2.8,1.1,7500,2000,2,2,0.5,20.3
Geran2,25,0,7231.99,2488.55,7295.35,2671.4,0.939024,0.343851,195.438,-356.261,0.480963,-0.876741,416.667,9.57307e-009,-1.06904,2.8,1.1,7500,2000,2,2,0.5,20.4
Geran2,25,0,7251.53,2452.93,7281.44,2400.82,0.949709,0.313135,195.438,-356.261,0.480963,-0.876741,416.667,9.57307e-009,-1.06904,2.8,1.1,7500,2000,2,2,0.5,20.5
Geran2,25,0,7271.08,2417.3,7083.59,2282.05,0.951825,0.30664,195.438,-356.261,0.480963,-0.876741,416.667,9.57307e-009,-1.06904,2.8,1.1,7500,2000,2,2,0.5,20.6
Geran2,25,0,7290.62,2381.68,7440.3,2495.25,0.948103,0.317965,195.438,-356.261,0.480963,-0.876741,416.667,9.57307e-009,-1.06904,2.8,1.1,7500,2000,2,2,0.5,20.7
Geran2,25,0,7310.17,2346.05,7410.04,2234.89,0.957403,0.288756,195.437,-356.261,0.480962,-0.876741,416.667,9.57307e-009,-1.06904,2.8,1.1,7500,2000,2,2,0.5,20.8
Geran2,25,0,7329.71,2310.42,7452.97,2351.21,0.953669,0.300857,195.437,-356.261,0.480962,-0.876742,416.667,9.57307e-009,-1.06904,2.8,1.1,7500,2000,2,2,0.5,20.9
Geran2,25,0,7349.25,2274.8,7432.92,2202.41,0.958796,0.284096,195.437,-356.261,0.480961,-0.876742,416.667,9.57307e-009,-1.06905,2.8,1.1,7500,2000,2,2,0.5,21
Geran2,25,0,7368.8,2239.17,7285.61,2326.55,0.952608,0.304201,195.437,-356.261,0.480961,-0.876742,416.667,9.57307e-009,-1.06905,2.8,1.1,7500,2000,2,2,0.5,21.1
Geran2,25,0,7388.34,2203.54,7473.5,2230.46,0.958234,0.285984,195.437,-356.261,0.480961,-0.876742,416.667,9.57307e-009,-1.06905,2.8,1.1,7500,2000,2,2,0.5,21.2
Geran2,25,0,7407.88,2167.92,7445.94,2024.4,0.964971,0.262357,195.437,-356.261,0.480961,-0.876742,416.667,9.57307e-009,-1.06905,2.8,1.1,7500,2000,2,2,0.5,21.3
Geran2,25,0,7427.43,2132.29,7383.79,2263.93,0.95607,0.293138,195.437,-356.261,0.480961,-0.876742,416.667,9.57307e-009,-1.06905,2.8,1.1,7500,2000,2,2,0.5,21.4
Geran2,25,0,7446.97,2096.67,7415.6,2036.92,0.964284,0.26487,195.437,-356.261,0.480962,-0.876742,416.667,9.57307e-009,-1.06905,2.8,1.1,7500,2000,2,2,0.5,21.5
Geran2,25,0,7466.52,2061.04,7369.08,1993.94,0.965287,0.26119,195.437,-356.261,0.480961,-0.876742,416.667,9.57307e-009,-1.06905,2.8,1.1,7500,2000,2,2,0.5,21.6
